Scene,Algorithm,RunFile,BestFitness,Feasible,Violation,MeanZ,MaxZ,MinZ,StdZ,HighThreshold,HighAltitudeFrac,VeryHighThreshold,VeryHighAltitudeFrac,PathLength,DetourRatio,BoundaryBand,MinBoundaryDist,MeanBoundaryDist,BoundaryHugFrac,ControlPointBoundaryHugFrac,NumControlPoints,HighAltitudeFlag,BoundaryHugFlag,ExcessiveDetourFlag,ControlPointEdgeFlag,VisualReviewFlag
1,AE,scene1_AE_run021.mat,353.434255988305,1,0,24.7834536941383,27.8878662192984,12,3.67280722889998,24,0.731818181818182,32,0,149.473384943886,1.17307113428453,8,9.09115914293273,29.4721335197498,0,0,8,1,0,0,0,1
1,AE,scene1_AE_run010.mat,354.79516955824,1,0,25.7137878853852,32.8022358293894,12,5.53543780417052,24,0.568181818181818,32,0.195454545454545,140.559079267334,1.10311142423128,8,13.0900967153791,28.8410019664537,0,0,8,1,0,0,0,1
1,AE,scene1_AE_run002.mat,361.45326724139,1,0,28.0889260085529,30.0656670492214,12,3.50294885134581,24,0.881818181818182,32,0,150.596437845427,1.18188488357887,8,8.82981208093786,33.948091097588,0,0.166666666666667,8,1,0,0,0,1
1,AE,scene1_AE_run017.mat,361.495343561219,1,0,24.2560945308182,27.4172068041835,12,3.40084614639119,24,0.731818181818182,32,0,147.982255025937,1.16136870669268,8,10.7832619528072,32.0543783330315,0,0,8,1,0,0,0,1
1,AE,scene1_AE_run006.mat,363.28776814809,1,0,29.9322240938027,32.8653995607314,12,4.27132099229255,24,0.886363636363636,32,0.559090909090909,149.547345032287,1.17365157504209,8,8.62375201540435,25.3630460637746,0,0.166666666666667,8,1,0,0,0,1
1,AE,scene1_AE_run012.mat,365.014410119469,1,0,25.8275672764536,28.9812239371046,12,3.11816727062001,24,0.854545454545454,32,0,152.100587793942,1.19368949271983,8,12.8980152117377,32.9119429192794,0,0,8,1,0,0,0,1
1,AE,scene1_AE_run029.mat,383.907270269253,1,0,24.2657288756564,28.0722666994141,12,3.64726006676298,24,0.618181818181818,32,0,145.620738276659,1.14283545990265,8,9.31186514011708,30.8409617081111,0,0,8,1,0,0,0,1
1,AE,scene1_AE_run025.mat,473.048009060274,1,0,23.9451632179168,28.8112126914042,12,3.30831176022716,24,0.545454545454545,32,0,159.487881378952,1.25166517092043,8,10.7441423926712,32.6851055531882,0,0,8,1,0,0,0,1
1,AE,scene1_AE_run004.mat,586.906851980242,1,0,24.562705803822,30.8945219125921,12,4.91186043520707,24,0.572727272727273,32,0,182.384148290655,1.43135568777783,8,13.160483118691,38.0165951159317,0,0,8,1,0,0,0,1
1,AE,scene1_AE_run008.mat,604.362371511353,0,1,24.6750676618119,28.7933505307008,12,4.62663976063499,24,0.7,32,0,156.30310570274,1.22667096598997,8,13.8268419771368,27.4620766817808,0,0,8,1,0,0,0,1
1,AE,scene1_AE_run024.mat,660.819614222831,0,1,26.4150733771692,31.0563764413064,12,4.0053633401831,24,0.786363636363636,32,0,167.113858239371,1.31151404186851,8,13.642185223534,33.4742672049464,0,0,8,1,0,0,0,1
1,AE,scene1_AE_run030.mat,761.602791335153,0,1,25.4785148992093,29.6634388047257,12,3.89202790742609,24,0.790909090909091,32,0,196.175220590299,1.53958839309602,8,15.3126599284622,37.1727438199816,0,0,8,1,0,0,0,1
1,AE,scene1_AE_run020.mat,802.643344599476,1,0,23.6744823902192,29.8290050609361,12,4.69136706284172,24,0.518181818181818,32,0,249.301495030222,1.95652481987827,8,14.1419236784928,31.9627703017224,0,0,8,1,0,1,0,1
1,AE,scene1_AE_run018.mat,981.829954874883,0,4,23.2657874196585,26.1151749612856,12,2.97905246032865,24,0.590909090909091,32,0,145.098938386625,1.13874036036969,8,12.0867814819005,37.5721739970189,0,0,8,1,0,0,0,1
1,AE,scene1_AE_run019.mat,1027.68597228588,0,3,25.2140599372673,31.3982063293254,12,4.08260376502249,24,0.572727272727273,32,0,177.96766846237,1.39669503562456,8,3.12733770664298,17.165446274119,0.135678391959799,0.166666666666667,8,1,0,0,0,1
1,AE,scene1_AE_run013.mat,1070.13197761793,0,4,24.1341004213088,28.0051993204463,12,3.1712680505587,24,0.531818181818182,32,0,149.497629746752,1.17326140814773,8,13.1237411023286,41.7870806795063,0,0,8,1,0,0,0,1
1,AE,scene1_AE_run022.mat,1071.06098892966,0,4,23.7196384226768,27.3317432051096,12,3.22907675150729,24,0.540909090909091,32,0,149.959268856174,1.17688436426077,8,15.8994175550314,40.7278183878315,0,0,8,1,0,0,0,1
1,AE,scene1_AE_run011.mat,1091.00970755465,0,3,25.1141697809449,29.9526855186347,12,4.38805609704194,24,0.7,32,0,188.49398326552,1.47930583654142,8,15.4989212289662,28.8601664398801,0,0,8,1,0,0,0,1
1,AE,scene1_AE_run009.mat,1119.92249850256,0,4,25.408433891828,30.4051331559101,12,3.25949300677013,24,0.795454545454545,32,0,167.154183449997,1.31183051520312,8,10.1654456515766,38.1906295968354,0,0,8,1,0,0,0,1
1,AE,scene1_AE_run003.mat,1131.47541718773,0,4,24.6761640153118,29.6181507939519,12,3.4254250654522,24,0.75,32,0,162.709322527565,1.27694712746174,8,15.4873330879112,39.2675973202963,0,0,8,1,0,0,0,1
1,AE,scene1_AE_run015.mat,1373.05865392838,0,5,23.8541730696556,25.2626258825965,12,2.32776129895564,24,0.772727272727273,32,0,180.102189218012,1.41344681176796,8,19.2801484850208,40.2727776974933,0,0,8,1,0,0,0,1
1,CPO,scene1_CPO_run006.mat,294.870060523621,1,0,28.5174734641481,30.324002797026,12,3.44677307792224,24,0.895454545454546,32,0,150.136945830655,1.17827877792223,8,6.82580548885068,15.805522925398,0.0402010050251256,0.166666666666667,8,1,0,0,0,1
1,CPO,scene1_CPO_run023.mat,295.818584019401,1,0,27.521179595959,30.240066109088,12,3.32182811999203,24,0.886363636363636,32,0,149.702561488148,1.17486971795098,8,6.07216940189605,15.0547450144751,0.085427135678392,0.166666666666667,8,1,0,0,0,1
1,CPO,scene1_CPO_run011.mat,296.596675602241,1,0,27.9005547511678,30.9661429366493,12,3.42848336358248,24,0.886363636363636,32,0,149.563088927777,1.17377513355619,8,5.83551946424727,13.4810410382144,0.14572864321608,0.166666666666667,8,1,0,0,0,1
1,CPO,scene1_CPO_run016.mat,296.670908454811,1,0,28.9252713506676,30.9889395778736,12,3.78631408004162,24,0.890909090909091,32,0,150.873589157648,1.18405997451106,8,5.92800095577024,14.7632002383278,0.0954773869346734,0.166666666666667,8,1,0,0,0,1
1,CPO,scene1_CPO_run017.mat,296.942495338755,1,0,27.1179013845793,30.4525276216089,12,3.41253812450174,24,0.859090909090909,32,0,147.881621473404,1.16057893187317,8,6.72963379664922,16.2094327504484,0.0402010050251256,0.166666666666667,8,1,0,0,0,1
1,CPO,scene1_CPO_run013.mat,297.036552944247,1,0,28.3662873205456,30.5197915443749,12,3.50203753698407,24,0.890909090909091,32,0,149.41781243106,1.17263499971328,8,7.21764092919049,15.9511463700729,0.0251256281407035,0,8,1,0,0,0,1
1,CPO,scene1_CPO_run027.mat,297.267616379381,1,0,28.8300574281088,30.7774379914889,12,3.58088681662615,24,0.9,32,0,150.418029893768,1.18048473318891,8,6.31229654834902,16.6761370410219,0.0653266331658292,0.166666666666667,8,1,0,0,0,1
1,CPO,scene1_CPO_run012.mat,297.277591747001,1,0,28.1115840086275,30.5660406813085,12,3.40833863445311,24,0.886363636363636,32,0,150.837257268708,1.18377484087215,8,5.82279245789104,14.1150333238336,0.170854271356784,0.333333333333333,8,1,0,0,0,1
1,CPO,scene1_CPO_run024.mat,297.381182535807,1,0,29.7044619961179,32.2360053207569,12,4.03193425442948,24,0.895454545454546,32,0.263636363636364,149.697762248116,1.17483205338648,8,7.3019736499111,17.5595842035771,0.0201005025125628,0,8,1,0,0,0,1
1,CPO,scene1_CPO_run004.mat,298.451798596018,1,0,27.3823072483878,30.3035738230841,12,3.74060277264985,24,0.831818181818182,32,0,149.128290184632,1.17036282135761,8,6.41036041204572,14.8367670247662,0.105527638190955,0.333333333333333,8,1,0,0,0,1
1,CPO,scene1_CPO_run022.mat,298.557070951666,1,0,24.5604025396049,26.9147295691633,12,2.90276043669898,24,0.659090909090909,32,0,140.336016947831,1.10136082516474,8,12.7528245330565,24.7077510988126,0,0,8,1,0,0,0,1
1,CPO,scene1_CPO_run029.mat,299.598594458047,1,0,30.690044266694,32.9977364068641,12,4.29681908451868,24,0.9,32,0.690909090909091,149.030573291875,1.16959593656225,8,8.9568958712512,19.0747086157779,0,0,8,1,0,0,0,1
1,CPO,scene1_CPO_run018.mat,300.340276847787,1,0,23.8781138838281,26.4187005246387,12,3.09937513125473,24,0.609090909090909,32,0,138.894450396026,1.0900473721998,8,10.3128348603973,26.2374259504147,0,0,8,1,0,0,0,1
1,CPO,scene1_CPO_run014.mat,300.379399092594,1,0,23.9405013953648,26.232761143342,12,2.77598083808035,24,0.595454545454545,32,0,138.949830057528,1.09048199326869,8,9.65961328227401,22.7000567027787,0,0,8,1,0,0,0,1
1,CPO,scene1_CPO_run019.mat,300.954697948443,1,0,23.7530067306669,26.5020530042571,12,3.29643050982338,24,0.609090909090909,32,0,139.348578907632,1.09361138493974,8,8.59864041246684,25.3150687575655,0,0,8,1,0,0,0,1
1,CPO,scene1_CPO_run008.mat,302.054605207353,1,0,27.6986310471153,29.6014785403501,12,3.48619531157221,24,0.872727272727273,32,0,140.687514886589,1.10411939041616,8,11.628384897015,25.8057689770642,0,0,8,1,0,0,0,1
1,CPO,scene1_CPO_run030.mat,302.393090027655,1,0,25.0749029419016,27.7979342708848,12,3.11611910828378,24,0.727272727272727,32,0,140.730956882263,1.10446032436343,8,10.092139108446,23.2457714740912,0,0,8,1,0,0,0,1
1,CPO,scene1_CPO_run005.mat,302.393697984643,1,0,23.105797744599,26.4077206915596,12,3.51408555297324,24,0.572727272727273,32,0,139.197039592952,1.09242210033347,8,7.95066464177345,21.4186867436055,0.0050251256281407,0,8,1,0,0,0,1
1,CPO,scene1_CPO_run007.mat,302.422509357073,1,0,24.5811657863075,29.3415878801463,12,4.20165665547227,24,0.559090909090909,32,0,139.887480843476,1.09784070178691,8,7.43996887797496,23.4847350632997,0.0100502512562814,0.166666666666667,8,1,0,0,0,1
1,CPO,scene1_CPO_run009.mat,305.04372361738,1,0,32.8675663540428,36.3936811933684,12,5.42140648573311,24,0.9,32,0.740909090909091,152.432348160165,1.19629315697258,8,5.08805906276419,17.9702117635269,0.0703517587939698,0.333333333333333,8,1,0,0,0,1
1,CPO,scene1_CPO_run015.mat,306.333716576613,1,0,24.042241689931,29.021564063498,11.9311513542689,5.55976810474596,24,0.631818181818182,32,0,140.323535107303,1.10126286734548,8,6.35225465295496,23.1064876069328,0.0653266331658292,0.166666666666667,8,1,0,0,0,1
1,CPO,scene1_CPO_run002.mat,308.77997820955,1,0,36.7378591014857,39.7053954689685,12,5.58551986271356,24,0.936363636363636,32,0.863636363636364,144.63714638136,1.13511620432598,8,11.7162821352675,29.7175071299995,0,0,8,1,0,0,0,1
1,CPO,scene1_CPO_run025.mat,310.937367368949,1,0,35.933169052706,39.0621310643359,12,5.61767521352748,24,0.931818181818182,32,0.840909090909091,143.048500550597,1.12264846923475,8,10.6914628393571,32.2148288387111,0,0,8,1,0,0,0,1
1,CPO,scene1_CPO_run001.mat,311.399081018645,1,0,35.6109632915085,38.6371051125601,12,5.5143886697691,24,0.931818181818182,32,0.836363636363636,143.006918123781,1.12232212923376,8,11.2951323295087,34.0598665602921,0,0,8,1,0,0,0,1
1,DBO,scene1_DBO_run008.mat,308.473365293057,1,3.81916720471054e-14,9.00303211338064,18,8,1.96789003909735,24,0,32,0,157.293954111029,1.23444717087523,8,0,3.541905553672,0.819095477386935,0.833333333333333,8,0,1,0,1,1
1,DBO,scene1_DBO_run001.mat,314.745078246187,1,0,25.2690263385153,33.6679455239498,12,4.85832205316675,24,0.75,32,0.0954545454545455,147.848417378577,1.16031834524635,8,4.49667991679474,15.6069644240817,0.14070351758794,0.333333333333333,8,1,0,0,0,1
1,DBO,scene1_DBO_run022.mat,315.431802557021,1,4.44089209850063e-14,8.72899958004311,18,8,1.74679831972043,24,0,32,0,160.10624059627,1.25651807064386,8,0,5.61486354779874,0.658291457286432,0.666666666666667,8,0,1,0,1,1
1,DBO,scene1_DBO_run028.mat,322.599693114599,1,0,33.481865480765,38.3445764054041,12,5.97416509625051,24,0.904545454545455,32,0.681818181818182,158.87663593062,1.2468681002468,8,0.788951076882114,12.6667311210181,0.306532663316583,0.333333333333333,8,1,0,0,0,1
1,DBO,scene1_DBO_run005.mat,334.008755328818,1,3.5527136788005e-14,34.2526738660129,40,12,7.84086641635328,24,0.854545454545454,32,0.722727272727273,150.946784764957,1.18463441560051,8,4.53214349136762,23.0527371233897,0.050251256281407,0.166666666666667,8,1,0,0,0,1
1,DBO,scene1_DBO_run011.mat,334.310578810287,1,1.84741111297626e-13,37.3964300712746,40,12,5.69035180863325,24,0.940909090909091,32,0.872727272727273,163.655928199454,1.28437611416502,8,0,5.20318283922313,0.728643216080402,0.666666666666667,8,1,1,0,1,1
1,DBO,scene1_DBO_run026.mat,334.989176822993,1,1.84741111297626e-13,37.3964300712746,40,12,5.69035180863325,24,0.940909090909091,32,0.872727272727273,164.024734878475,1.28727051887429,8,3.26031823760786e-07,10.3056227378062,0.472361809045226,0.666666666666667,8,1,0,0,1,1
1,DBO,scene1_DBO_run013.mat,336.69074644187,1,0,24.0632573210017,34.0603273764019,12,6.57712558231835,24,0.504545454545455,32,0.159090909090909,152.662505460013,1.19809943763517,8,1.37271106597161,10.6671945933084,0.522613065326633,0.666666666666667,8,1,0,0,1,1
1,DBO,scene1_DBO_run007.mat,337.655683241508,1,0,17.9559101130037,28.9125270757935,12,3.8415252490226,24,0.122727272727273,32,0,163.789012053969,1.28542055982489,8,0,4.04857673522383,0.723618090452261,0.833333333333333,8,0,1,0,1,1
1,DBO,scene1_DBO_run010.mat,338.123260610798,1,0,23.7295770363372,26.2838835500427,12,2.61891142613182,24,0.554545454545455,32,0,160.991373921959,1.26346462072532,8,0.804426405936283,9.08313820318338,0.49748743718593,0.666666666666667,8,1,0,0,1,1
1,DBO,scene1_DBO_run023.mat,339.162364746191,1,0,25.2747686866236,35.3197453871504,10.5259659484071,8.23482805549328,24,0.590909090909091,32,0.259090909090909,151.368096514145,1.18794088150876,8,1.28844361392014,15.7158671105098,0.231155778894472,0.333333333333333,8,1,0,0,0,1
1,DBO,scene1_DBO_run024.mat,341.0346380384,1,3.5527136788005e-14,35.3789048051138,40,12,6.74168977041866,24,0.895454545454546,32,0.768181818181818,155.707052988414,1.22199312830034,8,1.30777470456012,20.5508201566704,0.195979899497487,0.333333333333333,8,1,0,0,0,1
1,DBO,scene1_DBO_run012.mat,341.72017521668,1,0,21.4327335493551,32.0080793172565,12,6.28885219807148,24,0.436363636363636,32,0.00454545454545455,151.410759160022,1.18827569909792,8,1.29395588591146,11.3368133153386,0.562814070351759,0.833333333333333,8,0,0,0,1,1
1,DBO,scene1_DBO_run027.mat,343.6312197708,1,2.8421709430404e-14,8.92519714950087,18,8,1.78128776275031,24,0,32,0,160.08570229782,1.25635688552673,8,4.73222485197766e-07,9.19328268146453,0.467336683417085,0.666666666666667,8,0,0,0,1,1
1,DBO,scene1_DBO_run015.mat,344.06148113451,1,3.81916720471054e-14,8.80964623496649,18,8,1.79970461008274,24,0,32,0,166.507456068056,1.30675498136282,8,0,1.45715508280204,0.924623115577889,1,8,0,1,0,1,1
1,DBO,scene1_DBO_run002.mat,345.8651995538,1,4.44089209850063e-14,8.72899958004311,18,8,1.74679831972043,24,0,32,0,153.857963016195,1.20748142060121,8,0.0884313574903329,3.54704558994653,0.849246231155779,0.833333333333333,8,0,1,0,1,1
1,DBO,scene1_DBO_run009.mat,346.81332686783,1,1.06581410364015e-13,35.3036969458504,40,12,7.26527362831717,24,0.868181818181818,32,0.759090909090909,165.59600638159,1.29960189977611,8,0,2.6530734749267,0.874371859296482,0.833333333333333,8,1,1,0,1,1
1,DBO,scene1_DBO_run030.mat,348.305227687667,1,3.81916720471054e-14,11.9136239214148,29.1395379369787,8,6.68809888776342,24,0.118181818181818,32,0,169.390539766534,1.3293814995599,8,0,3.10865853718949,0.864321608040201,0.833333333333333,8,0,1,0,1,1
1,DBO,scene1_DBO_run018.mat,348.388648993319,1,0,37.3567124553549,39.9999999968345,12,5.67244788362733,24,0.940909090909091,32,0.872727272727273,160.009777855212,1.25576102846467,8,0.76338114880916,14.0839822309855,0.316582914572864,0.333333333333333,8,1,0,0,0,1
1,DBO,scene1_DBO_run029.mat,353.005093607394,1,0,35.2948847410297,39.9999994118993,12,6.16192069394593,24,0.918181818181818,32,0.795454545454545,169.435514063631,1.32973445904984,8,0.534477872611248,9.01152639922535,0.447236180904523,0.666666666666667,8,1,0,0,1,1
1,DBO,scene1_DBO_run006.mat,354.593334404857,1,1.13686837721616e-13,34.2118057299029,40,11.3703693230963,9.06616406654298,24,0.831818181818182,32,0.740909090909091,168.88698448988,1.32542958424212,8,1.34885614959965,11.6337292669508,0.376884422110553,0.666666666666667,8,1,0,0,1,1
1,DBO,scene1_DBO_run020.mat,358.589827997254,1,1.06581410364015e-13,36.0407030724152,40,12,6.49110042125205,24,0.909090909090909,32,0.8,168.927790922585,1.32574983422052,8,0,2.73814652748238,0.869346733668342,0.833333333333333,8,1,1,0,1,1
1,DBO,scene1_DBO_run016.mat,371.152099848598,1,3.81916720471054e-14,11.9136239214148,29.1395379369787,8,6.68809888776342,24,0.118181818181818,32,0,172.349180000071,1.35260098747073,8,0,3.81371643018672,0.763819095477387,1,8,0,1,0,1,1
1,DBO,scene1_DBO_run003.mat,375.056443812021,1,1.84741111297626e-13,37.3964300712746,40,12,5.69035180863325,24,0.940909090909091,32,0.872727272727273,176.489459685396,1.38509401349367,8,0,1.59035473920262,0.924623115577889,1,8,1,1,0,1,1
1,DBO,scene1_DBO_run025.mat,386.52955531959,1,1.06581410364015e-13,37.1278743288019,40,12,5.77062553830245,24,0.936363636363636,32,0.863636363636364,169.557876739309,1.33069476461063,8,1.76520828176763e-07,7.98411591115493,0.5678391959799,0.5,8,1,0,0,0,1
1,DBO,scene1_DBO_run019.mat,400.505002847441,1,0,9.31292812097417,18,8.00000004653982,1.63824260132806,24,0,32,0,165.270855642087,1.29705010805114,8,1.08247051843248e-06,3.41924874398936,0.899497487437186,0.833333333333333,8,0,1,0,1,1
1,DBO,scene1_DBO_run004.mat,411.125429778021,1,4.44089209850063e-14,8.72899958004311,18,8,1.74679831972043,24,0,32,0,163.380839407124,1.28221720994426,8,0,1.56251318687175,0.92964824120603,1,8,0,1,0,1,1
1,GWO,scene1_GWO_run029.mat,310.559939540028,1,0,15.0167833016293,18,12,1.13440704173952,24,0,32,0,151.50913152023,1.18904772801942,8,1.36159119386077,7.62657729778788,0.562814070351759,0.666666666666667,8,0,0,0,1,1
1,GWO,scene1_GWO_run021.mat,312.238564361339,1,0,13.555279163713,18,12,0.948841493549066,24,0,32,0,160.000950134273,1.25569174827395,8,1.11218747650022,9.91445944611447,0.407035175879397,0.666666666666667,8,0,0,0,1,1
1,GWO,scene1_GWO_run008.mat,312.441339141815,1,0,14.2375857906121,18.0069891065318,12,1.39981847815404,24,0,32,0,151.777692552689,1.19115540220563,8,0.383129083953076,5.64746044150392,0.773869346733668,0.833333333333333,8,0,1,0,1,1
1,GWO,scene1_GWO_run012.mat,313.360195989185,1,0,14.1481495367649,18,12,1.13196803035903,24,0,32,0,159.713858642982,1.2534386465498,8,1.23302006073353,9.22150267361696,0.4321608040201,0.666666666666667,8,0,0,0,1,1
1,GWO,scene1_GWO_run015.mat,313.421789376164,1,0,14.4779170915506,18,12,1.37746330110421,24,0,32,0,151.457531995511,1.1886427735654,8,0.596013900095689,7.83851865623251,0.613065326633166,0.666666666666667,8,0,0,0,1,1
1,GWO,scene1_GWO_run024.mat,313.87883827095,1,0,11.8260686941766,18,10.7612884417771,1.42301752887696,24,0,32,0,161.221792923891,1.26527295523289,8,1.12797601236463,11.4293318863857,0.366834170854271,0.666666666666667,8,0,0,0,1,1
1,GWO,scene1_GWO_run018.mat,316.33234956694,1,0,11.6906048824601,18,10.41724509621,1.18351256669804,24,0,32,0,158.675581544476,1.24529022003157,8,1.59940920357008,10.4395806920729,0.407035175879397,0.666666666666667,8,0,0,0,1,1
1,GWO,scene1_GWO_run016.mat,317.149380625347,1,0,14.2349411698961,18.0197262380584,12,1.47366551968605,24,0,32,0,151.850024299778,1.1917230636969,8,0.148249497746047,4.51684282528025,0.773869346733668,0.666666666666667,8,0,1,0,1,1
1,GWO,scene1_GWO_run022.mat,318.072601320549,1,0,14.8532295762742,18.2179828002836,12,1.4277640611351,24,0,32,0,152.323616512622,1.19543982808621,8,0.0611319801603885,5.41768112179277,0.738693467336683,0.666666666666667,8,0,1,0,1,1
1,GWO,scene1_GWO_run007.mat,318.23101425286,1,0,14.2472795062122,18.7213220488509,12,1.78345928343886,24,0,32,0,152.737204169563,1.19868567511132,8,0.123664243869021,3.74666975698828,0.834170854271357,1,8,0,1,0,1,1
1,GWO,scene1_GWO_run020.mat,319.353423415779,1,0,12.7085881314073,18.1160354138007,11.5499140728393,1.89808476570728,24,0,32,0,152.041939215428,1.19322921710255,8,0.245537033831841,4.69027083455875,0.773869346733668,0.666666666666667,8,0,1,0,1,1
1,GWO,scene1_GWO_run019.mat,326.016616185544,1,0,14.1276006288317,18.004847434593,12,1.52743377279591,24,0,32,0,151.739673792611,1.19085702995678,8,0.0924189160451864,4.6472258685874,0.763819095477387,0.666666666666667,8,0,1,0,1,1
1,GWO,scene1_GWO_run011.mat,327.89155114485,1,0,14.975685269308,18,12,1.13008493700759,24,0,32,0,153.580776184198,1.20530605090887,8,0.198739151585223,3.00275411197898,0.914572864321608,1,8,0,1,0,1,1
1,GWO,scene1_GWO_run025.mat,330.866189714377,1,0,13.2513134132537,18,11.1878920690004,1.85054191282015,24,0,32,0,157.054608844832,1.23256878280628,8,3.40299247122244,9.1832916466641,0.396984924623116,0.833333333333333,8,0,0,0,1,1
1,GWO,scene1_GWO_run026.mat,331.021220600857,1,0,12.3908051152985,18,11.530058971741,1.00999631671302,24,0,32,0,158.068550329954,1.24052622277793,8,2.3770533683063,8.65325684320942,0.49748743718593,0.666666666666667,8,0,0,0,1,1
1,GWO,scene1_GWO_run009.mat,331.205380435683,1,0,12.950243618895,18,10.3285859819048,2.08436000978259,24,0,32,0,162.126886290776,1.27237615225304,8,2.15567560154451,6.88609154562386,0.728643216080402,1,8,0,1,0,1,1
1,GWO,scene1_GWO_run003.mat,332.275105453707,1,0,12.4316044590576,18,11.3865905303272,1.26065529778015,24,0,32,0,157.444927893572,1.23563201717011,8,3.15327614424095,8.92877536579562,0.5678391959799,0.666666666666667,8,0,0,0,1,1
1,GWO,scene1_GWO_run030.mat,336.131151576697,1,0,15.9997848870377,18,12,1.38307629428627,24,0,32,0,159.417567814158,1.25111334817794,8,0.137524185087779,7.49157338880367,0.562814070351759,0.666666666666667,8,0,0,0,1,1
1,GWO,scene1_GWO_run027.mat,337.722150393067,1,0,12.3709576825748,18,11.8448191450999,1.11074766852993,24,0,32,0,154.645857983613,1.2136648414388,8,1.67624469520501,6.35194297805862,0.728643216080402,0.666666666666667,8,0,1,0,1,1
1,GWO,scene1_GWO_run028.mat,337.976909579213,1,0,13.850433114696,18,12,0.778513200692047,24,0,32,0,159.405914438359,1.2510218921721,8,0.196912554635127,8.08230380892173,0.522613065326633,0.666666666666667,8,0,0,0,1,1
1,GWO,scene1_GWO_run002.mat,348.827426065549,1,0,14.6397193498552,18,12,1.13359797584397,24,0,32,0,159.92466922879,1.25509309368168,8,0.739415825899662,7.30764194734802,0.718592964824121,0.833333333333333,8,0,1,0,1,1
1,GWO,scene1_GWO_run023.mat,356.751719522084,1,0,13.8579126745562,18,11.9652027760325,1.77461493716101,24,0,32,0,160.422987620193,1.25900390978354,8,4.73379210606975,8.75560730971175,0.50251256281407,0.833333333333333,8,0,0,0,1,1
1,GWO,scene1_GWO_run014.mat,359.689794504658,1,0,14.8496965396178,18,11.8741486127537,1.7051642800087,24,0,32,0,163.518420030087,1.28329694636352,8,1.98846099596169,9.03759691985629,0.492462311557789,1,8,0,0,0,1,1
1,GWO,scene1_GWO_run001.mat,409.158926059824,1,0,9.45271308707988,18,8.22951777599208,2.15748540475008,24,0,32,0,171.088409230504,1.34270642465418,8,0.368658768085822,5.48785981008884,0.718592964824121,0.833333333333333,8,0,1,0,1,1
1,HHO,scene1_HHO_run004.mat,305.615333879815,1,0,28.3504248360757,31.6442335511214,12,3.97420652288696,24,0.859090909090909,32,0,147.878940602867,1.16055789232928,8,8.01134876710849,18.6934386779745,0,0,8,1,0,0,0,1
1,HHO,scene1_HHO_run019.mat,310.965146357622,1,0,36.4758222081573,39.2383465867969,12,5.43850342876866,24,0.940909090909091,32,0.863636363636364,145.592309877023,1.14261235305978,8,11.0271922207479,31.0065730893758,0,0,8,1,0,0,0,1
1,HHO,scene1_HHO_run006.mat,315.1825302462,1,0,34.3753598790724,37.7366949919352,12,4.98446026516032,24,0.931818181818182,32,0.831818181818182,143.075747097018,1.12286230086188,8,10.2073916483224,30.5530641732379,0,0,8,1,0,0,0,1
1,HHO,scene1_HHO_run027.mat,319.346981368829,1,0,14.0516494785885,18.2473149864956,12,1.96513184011008,24,0,32,0,150.125954538639,1.17819251796767,8,3.75984306114755,8.22862604796837,0.623115577889447,0.666666666666667,8,0,0,0,1,1
1,HHO,scene1_HHO_run011.mat,337.619227350546,1,0,32.6618837843121,37.1342890415673,12,5.40347211362555,24,0.904545454545455,32,0.668181818181818,144.14686369624,1.13126845266257,8,8.43542817399467,24.7667958833394,0,0,8,1,0,0,0,1
1,HHO,scene1_HHO_run014.mat,339.178429652251,1,0,26.6681214751985,30.2515072871958,12,4.59557043877878,24,0.781818181818182,32,0,154.880509575873,1.21550639342879,8,1.85833480225119,11.6058229038148,0.311557788944724,0.5,8,1,0,0,0,1
1,HHO,scene1_HHO_run015.mat,343.15426966949,1,0,12.7949941439312,18,11.0354258906026,1.07817485235578,24,0,32,0,155.666178525834,1.22167234442166,8,3.21859672692138,10.6083751954732,0.437185929648241,0.666666666666667,8,0,0,0,1,1
1,HHO,scene1_HHO_run018.mat,344.559573980524,1,0,19.2549407470276,26.260132125948,12,2.83884635061291,24,0.118181818181818,32,0,152.498130175101,1.19680941599023,8,2.28200450437745,5.83060955153371,0.884422110552764,1,8,0,1,0,1,1
1,HHO,scene1_HHO_run026.mat,346.620793739143,1,0,13.1615162685532,18,12,0.816063361050333,24,0,32,0,162.958330125992,1.27890134577319,8,4.0747006312356,7.65517097152674,0.688442211055276,0.833333333333333,8,0,1,0,1,1
1,HHO,scene1_HHO_run024.mat,360.208106499737,1,0,20.5418547814783,22.0782670034238,12,1.69793917598872,24,0,32,0,158.363498555144,1.24284098436046,8,3.19769800820474,7.82893425724221,0.648241206030151,0.666666666666667,8,0,0,0,1,1
1,HHO,scene1_HHO_run009.mat,390.362535326051,1,0,23.649755452849,29.5139627525699,12,2.96412371893935,24,0.481818181818182,32,0,160.807326855135,1.26202021440829,8,1.06717964312081,4.24284381204451,0.909547738693467,1,8,0,1,0,1,1
1,HHO,scene1_HHO_run020.mat,396.30315097596,1,0,33.5756827224564,37.3494376654148,12,4.99108395301824,24,0.922727272727273,32,0.8,159.516828266628,1.25189234687133,8,6.89074923023512,18.4002755195155,0.0351758793969849,0.166666666666667,8,1,0,0,0,1
1,HHO,scene1_HHO_run025.mat,423.886160145567,1,0,19.472193720574,20.2091948098254,12,1.34360034916366,24,0,32,0,170.018825119189,1.3343122998597,8,0.529457575922953,3.53597565583489,0.894472361809045,1,8,0,1,0,1,1
1,HHO,scene1_HHO_run010.mat,587.226811506288,1,0,30.3578354721334,37.7598009414777,12,4.82801629361945,24,0.918181818181818,32,0.331818181818182,197.139742952817,1.54715799046793,8,5.27949069704428,13.3810448070914,0.100502512562814,0.333333333333333,8,1,0,0,0,1
1,HHO,scene1_HHO_run002.mat,686.839289275018,0,2,11.4685107751679,18,9.9656348333631,1.53568253668525,24,0,32,0,145.607031234645,1.14272788666926,8,2.13437423075215,7.31193970200225,0.773869346733668,0.666666666666667,8,0,1,0,1,1
1,HHO,scene1_HHO_run017.mat,718.936965300337,0,2,15.1964215346106,29.2274253663601,11.8463017256846,5.17117397214866,24,0.122727272727273,32,0,151.989455662279,1.1928173247697,8,4.12007968693671,7.69319984547133,0.919597989949749,0.666666666666667,8,0,1,0,1,1
1,HHO,scene1_HHO_run008.mat,739.639823060173,0,2,31.5760859003363,34.0621147460339,12,4.38617596475642,24,0.913636363636364,32,0.736363636363636,159.24996239079,1.24979797631975,8,0.0616982509688037,2.29475944529781,0.924623115577889,1,8,1,1,0,1,1
1,HHO,scene1_HHO_run028.mat,742.119198912936,0,2,25.5683225804919,29.6458604737791,12,2.85243826881,24,0.872727272727273,32,0,153.229393658052,1.20254839141873,8,0.132728311644458,3.06057764254913,0.919597989949749,1,8,1,1,0,1,1
1,HHO,scene1_HHO_run021.mat,746.238705445119,0,2,27.1030011192392,29.6564602678699,12,2.9320043946885,24,0.895454545454546,32,0,157.519394467567,1.2362164328402,8,0.977089147456529,4.21335578171629,0.919597989949749,1,8,1,1,0,1,1
1,HHO,scene1_HHO_run007.mat,1002.27273604355,0,4,12.558189876679,18,11.22251952379,0.943022759240245,24,0,32,0,158.004372699728,1.24002255501452,8,5.20479043477716,9.40112081969622,0.693467336683417,0.833333333333333,8,0,1,0,1,1
1,PSO,scene1_PSO_run011.mat,302.331957245292,1,0,32.8994350200255,35.4129522572892,12,4.53164995242895,24,0.927272727272727,32,0.813636363636364,143.322405252694,1.12479808068361,8,14.7438388967003,28.0347877994083,0,0,8,1,0,0,0,1
1,PSO,scene1_PSO_run028.mat,307.895406183949,1,0,28.8671089240932,35.4836170591938,12,5.29174217989107,24,0.827272727272727,32,0.436363636363636,149.433341545961,1.17275687262356,8,7.00204701849736,18.7136584804957,0.0703517587939698,0.166666666666667,8,1,0,0,0,1
1,PSO,scene1_PSO_run029.mat,309.846174113123,1,0,32.2694621414727,37.8800368576695,12,5.23239266785459,24,0.904545454545455,32,0.718181818181818,152.184657024815,1.19434927029866,8,5.34580576825149,16.7799462757983,0.0552763819095477,0.333333333333333,8,1,0,0,0,1
1,PSO,scene1_PSO_run004.mat,312.940700600416,1,0,25.5224547353481,27.5610454024888,12,2.81354963578924,24,0.840909090909091,32,0,137.787898375283,1.08136312226056,8,10.9746442781625,24.100785665414,0,0,8,1,0,0,0,1
1,PSO,scene1_PSO_run021.mat,313.243392871376,1,0,34.9919931360518,39.8197762688528,12,7.30911685207651,24,0.863636363636364,32,0.75,144.909112915975,1.13725060498445,8,6.21183499610167,19.1775126901248,0.0452261306532663,0.166666666666667,8,1,0,0,0,1
1,PSO,scene1_PSO_run017.mat,320.195360773249,1,0,13.973227419636,18,11.9089007590626,2.27213360877219,24,0,32,0,155.121924748141,1.2174010261761,8,2.02815804888496,8.57252693047155,0.537688442211055,0.833333333333333,8,0,0,0,1,1
1,PSO,scene1_PSO_run012.mat,321.58647232183,1,0,37.2272328453825,39.9902631187916,12,5.71009415248348,24,0.940909090909091,32,0.868181818181818,151.627031904938,1.18997301340099,8,2.61708751193805,9.76432710840481,0.291457286432161,0.166666666666667,8,1,0,0,0,1
1,PSO,scene1_PSO_run006.mat,330.224245538048,1,0,34.3175907313093,39.9357017798007,12,7.38568789590177,24,0.85,32,0.722727272727273,149.492228830004,1.17321902160822,8,7.17531110839269,22.2374474453159,0.115577889447236,0.333333333333333,8,1,0,0,0,1
1,PSO,scene1_PSO_run030.mat,331.411853837369,1,0,26.6256285270446,33.250045387498,12,4.2924632453015,24,0.809090909090909,32,0.113636363636364,144.372204298753,1.13303693175527,8,4.64421213289178,17.1570417492487,0.246231155778894,0.333333333333333,8,1,0,0,0,1
1,PSO,scene1_PSO_run019.mat,332.342831589366,1,0,36.9576032555623,39.8663499530785,12,5.50954938295456,24,0.940909090909091,32,0.872727272727273,151.885138622694,1.191998641845,8,12.7967427219533,28.2787630031573,0,0,8,1,0,0,0,1
1,PSO,scene1_PSO_run025.mat,338.369187147743,1,1.06581410364015e-13,35.0559688635333,40,12,7.56370465047956,24,0.854545454545454,32,0.754545454545455,149.761465083489,1.17533199494715,8,4.02917612305822,28.9499212845486,0.0603015075376884,0.333333333333333,8,1,0,0,0,1
1,PSO,scene1_PSO_run005.mat,341.254632769655,1,0,20.8389595095907,21.760305761311,12,1.77558493836703,24,0,32,0,159.422332613893,1.25115074245407,8,3.38534803745461e-07,8.73772940426186,0.537688442211055,0.666666666666667,8,0,0,0,1,1
1,PSO,scene1_PSO_run026.mat,344.905999762296,1,0,29.7472262631893,39.5430248589202,12,7.8138450959765,24,0.718181818181818,32,0.454545454545455,150.868195838679,1.18401764759914,8,5.80011394515597,24.7943381053788,0.0452261306532663,0.333333333333333,8,1,0,0,0,1
1,PSO,scene1_PSO_run013.mat,346.730744341142,1,0,28.0961188592472,35.4272900241574,12,4.81576502894509,24,0.85,32,0.245454545454545,147.714764463893,1.15926943358701,8,6.81737574863723,21.5447333685263,0.0452261306532663,0.166666666666667,8,1,0,0,0,1
1,PSO,scene1_PSO_run003.mat,358.023180077484,1,0,31.0057033142799,39.4896379015841,12,6.32690970947916,24,0.863636363636364,32,0.436363636363636,152.952647969466,1.2003764838317,8,3.1734475973492,20.6749664616632,0.14070351758794,0.166666666666667,8,1,0,0,0,1
1,PSO,scene1_PSO_run018.mat,364.457510368968,1,0,32.7765925172371,38.2906738306968,12,5.2579626350913,24,0.922727272727273,32,0.581818181818182,156.23172937277,1.22611080263788,8,2.45064333299599,21.0790389148322,0.366834170854271,0.5,8,1,0,0,0,1
1,PSO,scene1_PSO_run001.mat,366.695176246093,1,0,30.2565095895202,39.4500742953222,12,6.99763155155236,24,0.822727272727273,32,0.440909090909091,154.814720095418,1.21499007582154,8,1.01376178721519,19.6209409598,0.246231155778894,0.333333333333333,8,1,0,0,0,1
1,PSO,scene1_PSO_run002.mat,395.826796203383,1,0,34.1567741569073,38.1978576652023,12,4.60347544104919,24,0.940909090909091,32,0.859090909090909,173.868858408057,1.36452746437812,8,1.10196381412957,7.74739192259772,0.758793969849246,0.833333333333333,8,1,1,0,1,1
1,PSO,scene1_PSO_run007.mat,410.508479688738,1,0,20.0160045481188,24.711516533449,9.65975097503477,5.54501787333191,24,0.413636363636364,32,0,155.780673609881,1.2225709049123,8,1.65556457432103e-11,9.67978887857313,0.64321608040201,0.666666666666667,8,0,0,0,1,1
1,PSO,scene1_PSO_run024.mat,425.391840171516,1,0,22.8570067804322,26.2890588610395,12,4.45003097652682,24,0.631818181818182,32,0,163.02181677801,1.2793995907211,8,1.39526727460435,11.4592790718664,0.608040201005025,0.666666666666667,8,1,0,0,1,1
1,PSO,scene1_PSO_run023.mat,457.163800928268,0,1,19.846640059532,20.861354128561,12,1.52780376749173,24,0,32,0,142.661338441484,1.11961001061779,8,1.10940882200117,6.43675432468256,0.85427135678392,0.666666666666667,8,0,1,0,1,1
1,PSO,scene1_PSO_run027.mat,462.925694704446,1,0,32.4062981824255,39.9999998560988,11.3681208675283,8.36284419698196,24,0.827272727272727,32,0.722727272727273,177.106006925144,1.38993269276853,8,1.23296284984251e-07,9.40638017257462,0.57286432160804,1,8,1,0,0,1,1
1,WOA,scene1_WOA_run013.mat,375.186857285685,1,0,32.0271101409132,34.0093295473434,12,4.35121871774101,24,0.918181818181818,32,0.786363636363636,162.967952604202,1.27897686324029,8,9.1982679148155,15.6238501428831,0,0.166666666666667,8,1,0,0,0,1
1,WOA,scene1_WOA_run017.mat,380.542771441271,1,0,24.1372461772435,25.2269033788157,12,2.41083494048255,24,0.8,32,0,154.912317369217,1.21575602184411,8,8.15841003837047,15.1861839436905,0,0.166666666666667,8,1,0,0,0,1
1,WOA,scene1_WOA_run016.mat,386.683190634596,1,0,32.2573228262722,34.5783557744216,12,4.60430782059796,24,0.913636363636364,32,0.777272727272727,166.065865274899,1.30328936497358,8,10.7264076114605,15.5582743608832,0,0,8,1,0,0,0,1
1,WOA,scene1_WOA_run008.mat,401.430036812477,1,0,31.0614087212966,33.7405828643683,12,4.17127425745101,24,0.918181818181818,32,0.559090909090909,151.450173829826,1.18858502648374,8,10.7476899037162,16.2618176536761,0,0,8,1,0,0,0,1
1,WOA,scene1_WOA_run021.mat,404.104545196609,1,0,32.224054236016,34.410687138172,12,4.31249195377641,24,0.922727272727273,32,0.804545454545455,157.959399823254,1.23966960667367,8,10.2322745886513,15.2475646367067,0,0,8,1,0,0,0,1
1,WOA,scene1_WOA_run027.mat,413.851061587678,1,0,25.1783923957019,27.7029378628093,12,2.79474546483469,24,0.75,32,0,166.216077298353,1.3044682329627,8,9.59035980603781,15.1652611831235,0,0,8,1,0,0,0,1
1,WOA,scene1_WOA_run006.mat,427.874370602827,1,0,28.7100937996377,34.799321407886,12,4.81026624581519,24,0.868181818181818,32,0.327272727272727,161.097778386304,1.26429968581553,8,6.06510903767923,15.7175682742238,0.0201005025125628,0.166666666666667,8,1,0,0,0,1
1,WOA,scene1_WOA_run020.mat,449.984305662109,1,0,32.1305899095903,35.0924178934028,12,4.43558146900491,24,0.918181818181818,32,0.790909090909091,151.518443356189,1.1891208075578,8,10.7546640264228,16.3344500228547,0,0,8,1,0,0,0,1
1,WOA,scene1_WOA_run025.mat,466.530127967381,1,0,29.0397105243554,30.7809409902959,12,3.59546676834641,24,0.9,32,0,189.475218403913,1.48700659622667,8,0.460075017609638,6.62614265755505,0.753768844221106,0.833333333333333,8,1,1,0,1,1
1,WOA,scene1_WOA_run004.mat,473.331762922776,1,0,30.1929488000523,34.6242063631939,12,4.31244363710288,24,0.895454545454546,32,0.331818181818182,158.672368107591,1.24526500089271,8,8.97413400679247,13.7976554844418,0,0,8,1,0,0,0,1
1,WOA,scene1_WOA_run028.mat,478.259405047904,1,0,31.2672011470214,35.3189186367197,12,3.99124917993862,24,0.927272727272727,32,0.472727272727273,165.335037632382,1.2975538100325,8,5.5677996454726,10.6903689696543,0.386934673366834,0.5,8,1,0,0,0,1
1,WOA,scene1_WOA_run012.mat,510.473768876992,1,0,34.0018260457226,37.7207634298173,12,6.1798522631441,24,0.895454545454546,32,0.768181818181818,182.911698310271,1.43549591448197,8,0.110344655246159,3.02978625673155,0.919597989949749,1,8,1,1,0,1,1
1,WOA,scene1_WOA_run014.mat,516.583188543574,1,0,37.359643974164,39.999246137492,12,5.67724218392814,24,0.940909090909091,32,0.872727272727273,196.406446226725,1.54140305809273,8,13.2008672136494,26.7816667835449,0,0,8,1,0,0,0,1
1,WOA,scene1_WOA_run019.mat,545.069602756465,1,0,37.0088962298589,39.5674156102307,12,5.59359581923409,24,0.940909090909091,32,0.868181818181818,221.802866531427,1.74071484583867,8,12.1733177670433,23.0355386717599,0,0.166666666666667,8,1,0,0,0,1
1,WOA,scene1_WOA_run023.mat,547.619364995773,1,0,33.9109169003455,36.3933276094798,12,4.77706392680057,24,0.931818181818182,32,0.831818181818182,187.970028691404,1.47519382699,8,2.75967792505898e-07,2.53533510540314,0.92964824120603,1,8,1,1,0,1,1
1,WOA,scene1_WOA_run009.mat,610.417690287703,1,0,32.850547928328,34.92566211615,12,4.55767673580111,24,0.927272727272727,32,0.809090909090909,229.005261497445,1.79723943471798,8,10.1125343294644,12.7587231877984,0,0,8,1,0,0,0,1
1,WOA,scene1_WOA_run001.mat,633.932801585008,1,0,30.4937947259119,34.4747085444243,12,6.28965414130756,24,0.831818181818182,32,0.663636363636364,195.350190050391,1.53311353128947,8,10.0715143157214,18.4741408080881,0,0,8,1,0,0,0,1
1,WOA,scene1_WOA_run007.mat,638.357221289603,1,0,29.9842166654713,35.1331128604535,12,4.29383697322686,24,0.927272727272727,32,0.404545454545455,205.209913637423,1.6104929064626,8,10.0657585557474,14.233114454435,0,0,8,1,0,0,0,1
1,WOA,scene1_WOA_run011.mat,663.937759620584,1,0,31.4964078588023,36.8905655711927,12,5.88294068169062,24,0.845454545454545,32,0.704545454545455,251.540060405062,1.97409314098386,8,8.68956691896079,14.3627905510338,0,0.333333333333333,8,1,0,1,0,1
1,WOA,scene1_WOA_run010.mat,673.09344754989,1,0,33.6941127838994,36.0829685498119,12,4.744588947172,24,0.927272727272727,32,0.827272727272727,229.22755475278,1.79898399814831,8,8.58059417066266,16.5155399118745,0,0.166666666666667,8,1,0,0,0,1
1,WOA,scene1_WOA_run029.mat,709.565918984213,1,0,30.8673334657489,35.7451710629036,12,5.4816065256841,24,0.872727272727273,32,0.55,259.878536988656,2.03953372887042,8,12.3678523739816,25.8737202198343,0,0.333333333333333,8,1,0,1,0,1
1,WOA,scene1_WOA_run026.mat,714.771424055182,1,0,32.1207330882012,35.2087990196846,12,4.33470972414207,24,0.922727272727273,32,0.795454545454545,269.058687879559,2.11157979929651,8,8.97534269516683,22.1270552567765,0,0.166666666666667,8,1,0,1,0,1
1,WOA,scene1_WOA_run024.mat,921.113851220291,0,2,34.2932127247944,36.638778590085,12,4.90230676514749,24,0.931818181818182,32,0.836363636363636,204.238484363375,1.60286910346374,8,8.84230651581828,13.7993981569315,0,0,8,1,0,0,0,1
1,WOA,scene1_WOA_run030.mat,994.45681745094,0,3,36.3762965313029,38.8806596678592,12,5.43221375383152,24,0.940909090909091,32,0.863636363636364,145.086356809218,1.13864161981274,8,9.02353902333576,13.5261787718703,0,0,8,1,0,0,0,1
1,WOA,scene1_WOA_run022.mat,1000.09573394808,0,3,31.6311251754573,36.1288550653765,12,6.18763769879693,24,0.854545454545454,32,0.704545454545455,164.895594758375,1.29410505057036,8,10.0152263964212,14.0803994805646,0,0.166666666666667,8,1,0,0,0,1
1,WOA,scene1_WOA_run002.mat,1052.28855420653,0,3,36.3596638967103,38.8692370981941,12,5.42649699694064,24,0.940909090909091,32,0.863636363636364,168.142687069378,1.31958831812213,8,2.83562287575759,5.88190399990116,0.869346733668342,0.833333333333333,8,1,1,0,1,1
1,WOA,scene1_WOA_run003.mat,1076.41472931146,0,4,29.127587019144,34.805739988497,12,6.3874724325081,24,0.731818181818182,32,0.513636363636364,164.638815992843,1.29208984393102,8,8.49302472564852,12.4806936317572,0,0,8,1,0,0,0,1
1,WOA,scene1_WOA_run018.mat,1088.01655257136,0,3,37.248815992481,39.838700581718,12,5.65213961529714,24,0.940909090909091,32,0.868181818181818,147.043347758606,1.15400013727486,8,9.63165155090962,14.5439385207313,0,0,8,1,0,0,0,1
1,WOA,scene1_WOA_run005.mat,1177.70527220408,0,3,31.610448643552,37.1990350281917,12,4.53060686801307,24,0.936363636363636,32,0.559090909090909,254.126346601508,1.99439038442414,8,3.25642832630803,7.58764085685899,0.78391959798995,1,8,1,1,1,1,1
2,AE,scene2_AE_run012.mat,322.275359939477,1,0,25.0667708414857,30.2932637520625,12,3.96348940007431,24,0.563636363636364,32,0,149.308579055418,1.17177773325133,8,7.53785034437902,19.1851521047998,0.0150753768844221,0,8,1,0,0,0,1
2,AE,scene2_AE_run023.mat,1240.30691186024,0,4,24.0099113544755,29.5471355625445,12,3.99451907221914,24,0.527272727272727,32,0,176.658496915279,1.38642062220779,8,11.137340926667,40.8645100737713,0,0,8,1,0,0,0,1
2,AE,scene2_AE_run013.mat,1710.58757182901,0,6,27.9094805423189,33.0326312738837,12,5.06591903910019,24,0.818181818181818,32,0.159090909090909,225.832424597666,1.77233892562521,8,8.61536896624568,25.315815719177,0,0.166666666666667,8,1,0,0,0,1
2,AE,scene2_AE_run014.mat,1764.52354881552,0,6,26.1741097490337,32.1303142483811,12,4.33881768586814,24,0.777272727272727,32,0.0545454545454545,273.175714479456,2.14389033448131,8,5.30557241647541,13.5494094693109,0.527638190954774,0.5,8,1,0,1,0,1
2,AE,scene2_AE_run010.mat,2074.85564248282,0,10,24.2174160718589,27.7506036311956,12,3.22349422477083,24,0.613636363636364,32,0,153.84529284386,1.20738198474888,8,26.1635618686005,43.4244223494518,0,0,8,1,0,0,0,1
2,AE,scene2_AE_run020.mat,2082.21755405446,0,9,24.9395823612185,30.9698561567328,12,3.29920034033725,24,0.577272727272727,32,0,176.370630449409,1.38416143846235,8,29.9366989943151,39.4826996542349,0,0,8,1,0,0,0,1
2,AE,scene2_AE_run016.mat,2085.8431833135,0,9,23.3483413737604,26.0069727922314,12,3.06280861432082,24,0.6,32,0,163.374543847368,1.28216780222243,8,28.2414972410257,43.6384072523735,0,0,8,1,0,0,0,1
2,AE,scene2_AE_run024.mat,2133.50347124434,0,10,26.7032311236969,29.8936598645437,12,4.27422748736253,24,0.786363636363636,32,0,175.870462419428,1.38023610634732,8,26.1310230417935,41.3287389726999,0,0,8,1,0,0,0,1
2,AE,scene2_AE_run022.mat,2166.29317729665,0,10,24.1072315239155,28.181250242763,12,3.99536775418469,24,0.609090909090909,32,0,168.88997039284,1.32545301768864,8,26.1487036476044,41.1383339482643,0,0,8,1,0,0,0,1
2,AE,scene2_AE_run009.mat,2220.80920062921,0,11,24.0124027935833,26.5015302069484,12,2.42559512387962,24,0.645454545454546,32,0,147.706524519966,1.15920476628605,8,25.6000126288533,44.2177099613269,0,0,8,1,0,0,0,1
2,AE,scene2_AE_run008.mat,2255.56779390167,0,11,25.1457248987879,27.9950055738895,12,2.86324490090594,24,0.831818181818182,32,0,158.07936620198,1.2406111060317,8,25.3670609500689,41.6240232610664,0,0,8,1,0,0,0,1
2,AE,scene2_AE_run005.mat,2264.67996754943,0,11,25.3060911267972,31.3027504285608,12,3.70567556635344,24,0.613636363636364,32,0,164.638881962948,1.29209036166617,8,25.0758466669013,43.6891028954149,0,0,8,1,0,0,0,1
2,AE,scene2_AE_run011.mat,2295.16005590647,0,11,25.7206786443321,29.3866959574557,12,3.28379225347951,24,0.813636363636364,32,0,164.08114253152,1.28771320764837,8,22.1879864523123,40.0963329669058,0,0,8,1,0,0,0,1
2,AE,scene2_AE_run002.mat,2362.18759539568,0,12,26.0092197988391,28.1385455317319,12,2.8448097195541,24,0.868181818181818,32,0,152.389083124952,1.19595361181575,8,22.4798323267265,43.0062326705441,0,0,8,1,0,0,0,1
2,AE,scene2_AE_run025.mat,2429.73596593239,0,11,27.4283153620894,32.3486205153718,12,4.36748749635593,24,0.813636363636364,32,0.104545454545455,212.588950881754,1.6684037886801,8,8.87833474874991,15.943329303147,0,0.333333333333333,8,1,0,0,0,1
2,AE,scene2_AE_run003.mat,2432.94285943784,0,13,24.3214304388331,26.8832723063777,12,2.92409402752118,24,0.759090909090909,32,0,147.677508482409,1.15897704764502,8,22.5490438595948,41.5427716969827,0,0,8,1,0,0,0,1
2,AE,scene2_AE_run018.mat,2638.84984294201,0,14,23.9287350536232,26.3621017416223,12,2.77946996900154,24,0.718181818181818,32,0,153.735681825115,1.20652175453373,8,24.8224047933394,40.686846516238,0,0,8,1,0,0,0,1
2,AE,scene2_AE_run030.mat,2972.14168835824,0,16,25.3404408260186,28.8877185175036,12,3.13945848491011,24,0.790909090909091,32,0,166.544491266695,1.30704563459512,8,18.7799313158998,39.1206427215926,0,0,8,1,0,0,0,1
2,AE,scene2_AE_run001.mat,3040.80958956718,0,15,27.4785965528129,32.5713311183921,12,5.08017683486259,24,0.763636363636364,32,0.140909090909091,174.606378263961,1.37031553998936,8,12.6289025202272,27.0207189605786,0,0,8,1,0,0,0,1
2,AE,scene2_AE_run019.mat,3295.52705106907,0,16,24.8977675623324,29.7317407447918,12,3.14481184604413,24,0.686363636363636,32,0,200.748053806386,1.57547611083054,8,14.6364140380797,36.9861436560798,0,0,8,1,0,0,0,1
2,AE,scene2_AE_run004.mat,3411.60295323543,0,17,27.9223380613968,33.2393070772947,12,5.4570026734318,24,0.718181818181818,32,0.368181818181818,222.763942278023,1.74825739407639,8,31.2668458418151,37.7989899271677,0,0,8,1,0,0,0,1
2,CPO,scene2_CPO_run001.mat,288.465199963969,1,0,32.6406131212168,35.4422447250782,12,4.59817467279056,24,0.922727272727273,32,0.8,144.11961369647,1.13105459393346,8,10.8798535122824,23.8153515666817,0,0,8,1,0,0,0,1
2,CPO,scene2_CPO_run014.mat,289.181669384571,1,0,32.3966606136448,34.6050126521823,12,4.37056731035622,24,0.922727272727273,32,0.804545454545455,144.793093353516,1.13634008034634,8,11.3612894362173,26.3193693280932,0,0,8,1,0,0,0,1
2,CPO,scene2_CPO_run006.mat,289.476782190213,1,0,31.9259305327586,34.4858039726721,12,4.45521634405488,24,0.918181818181818,32,0.768181818181818,144.208916921202,1.13175544803648,8,10.4080444146884,27.7497843947271,0,0,8,1,0,0,0,1
2,CPO,scene2_CPO_run020.mat,290.223293623971,1,0,32.7986438609212,35.2368904973328,12,4.52366602878498,24,0.922727272727273,32,0.804545454545455,145.012099768657,1.13805884856666,8,11.5781350895195,27.6353669762418,0,0,8,1,0,0,0,1
2,CPO,scene2_CPO_run011.mat,290.65362665999,1,0,32.7378121753448,35.7206990157223,12,4.36083595993658,24,0.927272727272727,32,0.813636363636364,143.76388633979,1.12826283609675,8,11.0327515004071,29.2935130743314,0,0,8,1,0,0,0,1
2,CPO,scene2_CPO_run023.mat,290.67773917959,1,0,32.5981692953489,35.346234627996,12,4.99447074900833,24,0.909090909090909,32,0.772727272727273,143.887067283763,1.12922956344906,8,8.35315452651672,26.3168231692194,0,0,8,1,0,0,0,1
2,CPO,scene2_CPO_run017.mat,292.025745939165,1,0,32.2807316007232,35.0590151654668,12,4.79706457515083,24,0.909090909090909,32,0.768181818181818,144.465147596965,1.13376635325261,8,9.19178873188044,27.0697053554368,0,0,8,1,0,0,0,1
2,CPO,scene2_CPO_run008.mat,292.031863153054,1,0,32.4016372881658,35.1055022629863,12,4.73397356649836,24,0.918181818181818,32,0.781818181818182,143.230672787345,1.12407816183505,8,9.07140153807149,29.5262400950151,0,0,8,1,0,0,0,1
2,CPO,scene2_CPO_run025.mat,292.092981047689,1,0,32.669512981619,35.4857505288778,12,4.69789724989958,24,0.918181818181818,32,0.786363636363636,145.317861957527,1.14045847842621,8,10.2102995830556,26.3328651856064,0,0,8,1,0,0,0,1
2,CPO,scene2_CPO_run007.mat,292.196625733636,1,0,34.2181906456259,37.3180143326168,12,4.92368122741236,24,0.931818181818182,32,0.836363636363636,144.597397370817,1.13480425302507,8,10.8012842260516,29.8059835318261,0,0,8,1,0,0,0,1
2,CPO,scene2_CPO_run027.mat,292.256986031551,1,0,32.0407576817648,34.6153571531377,12,4.37579798905057,24,0.918181818181818,32,0.786363636363636,146.057976955717,1.14626692078371,8,11.9081838804605,24.0153975250438,0,0,8,1,0,0,0,1
2,CPO,scene2_CPO_run029.mat,292.756966420201,1,0,32.3473945352637,35.0406693359673,12,4.62573118724569,24,0.918181818181818,32,0.786363636363636,143.181821624144,1.12369477659595,8,9.43519775480359,28.0464641960105,0,0,8,1,0,0,0,1
2,CPO,scene2_CPO_run009.mat,293.445022309119,1,0,32.926499893638,36.0393935135752,12,4.65753371294181,24,0.922727272727273,32,0.804545454545455,144.554873095772,1.13447052137391,8,11.4841240101248,25.3297730272479,0,0,8,1,0,0,0,1
2,CPO,scene2_CPO_run026.mat,294.048035849682,1,0,32.2709280365683,34.8913227109671,12,4.4688262213301,24,0.922727272727273,32,0.786363636363636,142.780129463775,1.12054228574699,8,11.1244860510388,26.5531365374716,0,0,8,1,0,0,0,1
2,CPO,scene2_CPO_run003.mat,296.392167168741,1,0,27.9512706546306,32.6611892630713,12,4.3121625129197,24,0.854545454545454,32,0.159090909090909,148.112905799609,1.16239405746883,8,7.9406216938024,19.1867956369638,0.0050251256281407,0,8,1,0,0,0,1
2,CPO,scene2_CPO_run030.mat,296.858823610516,1,0,25.2555066383917,29.5251216657108,12,4.80037982955529,24,0.740909090909091,32,0,151.323611334575,1.18759176062629,8,6.52943539036454,18.1144651183041,0.0402010050251256,0.166666666666667,8,1,0,0,0,1
2,CPO,scene2_CPO_run002.mat,302.891323606939,1,0,31.662850490498,35.6516441588593,12,5.26433260671782,24,0.872727272727273,32,0.7,142.573680716858,1.11892207044373,8,8.40434238368326,24.1129268152052,0,0,8,1,0,0,0,1
2,CPO,scene2_CPO_run024.mat,304.988229851341,1,0,35.7821002476654,39.0213757645044,12,5.70148394598304,24,0.927272727272727,32,0.836363636363636,145.346851404748,1.14068598838557,8,9.94803392092934,25.9690886077054,0,0,8,1,0,0,0,1
2,CPO,scene2_CPO_run021.mat,308.631314658479,1,0,34.823849635177,38.2710373268383,12,5.13676776005763,24,0.931818181818182,32,0.840909090909091,146.230198542163,1.14761852041355,8,9.30282229063588,26.3010502768675,0,0,8,1,0,0,0,1
2,CPO,scene2_CPO_run005.mat,308.752291218005,1,0,33.9190619188396,38.0335784453547,12,5.64367151975107,24,0.913636363636364,32,0.763636363636364,145.022153630433,1.13813775154355,8,8.02817869769745,24.2999333616884,0,0.166666666666667,8,1,0,0,0,1
2,CPO,scene2_CPO_run015.mat,309.020733229728,1,0,34.796836908506,38.7951937681883,12,5.68989553330087,24,0.918181818181818,32,0.809090909090909,145.287396556818,1.14021938514429,8,9.39791422338045,27.5708988200185,0,0,8,1,0,0,0,1
2,CPO,scene2_CPO_run018.mat,314.824685610001,1,0,37.2161328820409,39.9188174560706,12,5.6430971189567,24,0.940909090909091,32,0.868181818181818,152.95272839566,1.20037711501863,8,7.08680587250015,17.2338861230966,0.0251256281407035,0.166666666666667,8,1,0,0,0,1
2,CPO,scene2_CPO_run019.mat,315.466725518151,1,0,34.7555052815042,37.5142302572297,12,5.2121848866305,24,0.931818181818182,32,0.831818181818182,151.407022429409,1.18824637313584,8,6.94472788139018,17.7821121833503,0.0301507537688442,0.166666666666667,8,1,0,0,0,1
2,CPO,scene2_CPO_run013.mat,315.876475768791,1,0,34.3501098010567,37.485333805859,12,4.88636347371555,24,0.931818181818182,32,0.840909090909091,150.782005887351,1.18334122654929,8,6.99524012617528,16.037308661497,0.0351758793969849,0.166666666666667,8,1,0,0,0,1
2,CPO,scene2_CPO_run010.mat,315.885559823156,1,0,36.2608157621628,39.4634866516427,12,5.60922476989728,24,0.936363636363636,32,0.85,152.137884089027,1.19398219504404,8,7.72184970724302,16.7928250013984,0.0100502512562814,0,8,1,0,0,0,1
2,CPO,scene2_CPO_run016.mat,316.373904024398,1,0,34.5759207574663,37.4590514830091,12,5.10125215109443,24,0.931818181818182,32,0.831818181818182,151.523557119396,1.1891609405086,8,6.71950254747256,16.7751976719772,0.0452261306532663,0.166666666666667,8,1,0,0,0,1
2,CPO,scene2_CPO_run022.mat,316.939520191787,1,0,35.7743741212459,38.9437009454152,12,5.49911040338902,24,0.936363636363636,32,0.845454545454545,151.750470411035,1.19094176210776,8,8.19144639726071,18.9334193536346,0,0,8,1,0,0,0,1
2,CPO,scene2_CPO_run028.mat,317.756391739262,1,0,36.3139104380194,39.324104599452,12,5.49177537978302,24,0.936363636363636,32,0.859090909090909,152.842700780901,1.19951361534678,8,8.67015673595611,18.0332155688273,0,0,8,1,0,0,0,1
2,CPO,scene2_CPO_run012.mat,317.767996528146,1,0,36.520517531061,39.2837910821162,12,5.46633932506464,24,0.940909090909091,32,0.863636363636364,152.844932443942,1.19953112949819,8,9.08550364508099,18.1191711337664,0,0,8,1,0,0,0,1
2,CPO,scene2_CPO_run004.mat,318.219016371471,1,0,35.9505984663249,39.5915569305583,12,5.72861896788317,24,0.931818181818182,32,0.836363636363636,153.283228126859,1.20297088577389,8,5.75866172501811,15.6846757979573,0.0703517587939698,0.166666666666667,8,1,0,0,0,1
2,CVF-AE,scene2_CVF-AE_run015.mat,305.569300966036,1,0,26.093736204221,32.5974360208153,12,5.68093619252029,24,0.640909090909091,32,0.154545454545455,148.312495094977,1.16396043961236,8,5.70330614747466,17.5693970486122,0.110552763819095,0.333333333333333,8,1,0,0,0,1
2,CVF-AE,scene2_CVF-AE_run003.mat,312.732142722856,1,0,24.943205685033,32.71629332713,12,6.49249985970506,24,0.581818181818182,32,0.159090909090909,149.361982328216,1.17219684356866,8,4.08893870160344,16.5426537980715,0.195979899497487,0.333333333333333,8,1,0,0,0,1
2,CVF-AE,scene2_CVF-AE_run005.mat,325.12818380767,1,0,14.9006866839661,18,11.9074354709333,1.59721688875802,24,0,32,0,154.78353508207,1.21474533500033,8,4.29366831985075,13.7786081320518,0.366834170854271,0.666666666666667,8,0,0,0,1,1
2,CVF-AE,scene2_CVF-AE_run028.mat,331.31628758299,1,0,15.0593039705543,18,12,1.44990827826933,24,0,32,0,164.507179905467,1.29105676038648,8,2.34626070448198,9.43883485498033,0.376884422110553,0.666666666666667,8,0,0,0,1,1
2,CVF-AE,scene2_CVF-AE_run011.mat,331.977846859238,1,0,14.2266362494095,18,11.7841868060852,1.91676002348443,24,0,32,0,164.633826573748,1.29205068683613,8,2.51444671113245,8.67500661976895,0.477386934673367,0.666666666666667,8,0,0,0,1,1
2,CVF-AE,scene2_CVF-AE_run022.mat,338.175487842243,1,0,13.1469189293251,18,11.9347094665788,1.14219436424658,24,0,32,0,156.309724754785,1.22672291248797,8,5.51679533824659,12.8389972689885,0.447236180904523,0.833333333333333,8,0,0,0,1,1
2,CVF-AE,scene2_CVF-AE_run020.mat,349.618504216474,1,0,11.2355239706485,18,9.36152828517093,1.52959265779803,24,0,32,0,167.605411607922,1.31537176588957,8,0.611191975624982,6.25900224879553,0.623115577889447,0.666666666666667,8,0,0,0,1,1
2,DBO,scene2_DBO_run018.mat,307.87129838252,1,0,31.5100032557951,37.1311096233144,12,5.28172274784331,24,0.909090909090909,32,0.536363636363636,149.768150928702,1.17538446563972,8,5.57671167801931,20.3010803191088,0.0351758793969849,0.166666666666667,8,1,0,0,0,1
2,DBO,scene2_DBO_run009.mat,312.347722440613,1,1.13686837721616e-13,36.5995315018601,40,12,6.18456544364771,24,0.927272727272727,32,0.836363636363636,155.523816545452,1.22055508378112,8,5.235353974072,23.9692420090619,0.0653266331658292,0.333333333333333,8,1,0,0,0,1
2,DBO,scene2_DBO_run029.mat,323.251773393391,1,7.8159700933611e-14,37.1857147654631,40,12,5.62628339387668,24,0.940909090909091,32,0.868181818181818,156.846022972267,1.2309317952836,8,3.39281482984418,21.6587629860915,0.130653266331658,0.333333333333333,8,1,0,0,0,1
2,DBO,scene2_DBO_run008.mat,326.98894675215,1,1.84741111297626e-13,37.3964300712746,40,12,5.69035180863325,24,0.940909090909091,32,0.872727272727273,154.782727586763,1.2147389977555,8,5.2355823401757,28.6217600566568,0.0301507537688442,0.166666666666667,8,1,0,0,0,1
2,DBO,scene2_DBO_run020.mat,327.965617549976,1,3.5527136788005e-14,35.4803860837907,40,12,6.70648808949308,24,0.895454545454546,32,0.772727272727273,154.628479233493,1.21352845254171,8,1.38952423984522,22.280680147146,0.185929648241206,0.333333333333333,8,1,0,0,0,1
2,DBO,scene2_DBO_run023.mat,331.548958369223,1,0,16.7220868405478,18.055039907708,12,0.912098757445804,24,0,32,0,167.223360886803,1.31237342158268,8,1.37214819215036,6.84980130223671,0.683417085427136,0.833333333333333,8,0,1,0,1,1
2,DBO,scene2_DBO_run027.mat,334.067410364247,1,4.44089209850063e-14,8.72899958004311,18,8,1.74679831972043,24,0,32,0,168.922898718759,1.32571144007367,8,1.36139030480869,7.3643388049598,0.597989949748744,0.833333333333333,8,0,0,0,1,1
2,DBO,scene2_DBO_run015.mat,334.757802981053,1,3.5527136788005e-14,34.8317599690048,40,12,7.62231661390146,24,0.85,32,0.740909090909091,153.192543969085,1.20225919407131,8,4.876888866483,20.9518420795333,0.0402010050251256,0.333333333333333,8,1,0,0,0,1
2,DBO,scene2_DBO_run007.mat,335.247592160547,1,3.5527136788005e-14,33.7826433100491,40,12,7.94389235776406,24,0.827272727272727,32,0.690909090909091,154.049835457977,1.20898724067081,8,5.20545882144202,21.8070109291777,0.165829145728643,0.5,8,1,0,0,0,1
2,DBO,scene2_DBO_run005.mat,335.485010395302,1,4.44089209850063e-14,8.72899958004311,18,8,1.74679831972043,24,0,32,0,167.299916759608,1.31297423412587,8,1.56173865968316,6.52158792212748,0.663316582914573,0.833333333333333,8,0,1,0,1,1
2,DBO,scene2_DBO_run016.mat,338.471126711819,1,7.105427357601e-14,36.6158544101668,40,12,5.50634412769018,24,0.940909090909091,32,0.868181818181818,157.189602837385,1.23362821928071,8,0.881946174675107,15.3004360671816,0.281407035175879,0.333333333333333,8,1,0,0,0,1
2,DBO,scene2_DBO_run028.mat,340.626936319067,1,0,21.8511710660335,38.5658215030131,8.59300885838501,10.3777836215037,24,0.413636363636364,32,0.245454545454545,160.663668085287,1.26089277652924,8,4.05276889598137,11.3096736298281,0.552763819095477,0.833333333333333,8,1,0,0,1,1
2,DBO,scene2_DBO_run024.mat,343.930101650992,1,0,18.5137564842309,37.8293477446943,8.38404774886955,10.2074757819519,24,0.3,32,0.181818181818182,163.092467184188,1.2799540570038,8,1.89442325650163,10.5872447520208,0.381909547738693,0.666666666666667,8,0,0,0,1,1
2,DBO,scene2_DBO_run030.mat,348.94201560825,1,3.5527136788005e-14,33.7316757362076,40,12,7.99409647270161,24,0.836363636363636,32,0.686363636363636,156.453713160728,1.22785293735993,8,1.40868727444571,20.94638482667,0.201005025125628,0.5,8,1,0,0,0,1
2,DBO,scene2_DBO_run002.mat,349.998405733985,1,3.5527136788005e-14,33.6698313962315,40,12,8.05213798557312,24,0.831818181818182,32,0.681818181818182,156.432804294068,1.22768884401356,8,1.41701695138801,21.028900880781,0.226130653266332,0.5,8,1,0,0,0,1
2,DBO,scene2_DBO_run014.mat,351.895728734243,1,1.84741111297626e-13,37.3964300712746,40,12,5.69035180863325,24,0.940909090909091,32,0.872727272727273,165.158471122964,1.29616811133064,8,0,2.48973888067945,0.884422110552764,0.833333333333333,8,1,1,0,1,1
2,DBO,scene2_DBO_run025.mat,352.497211741181,1,1.06581410364015e-13,36.156320834222,40,12,6.38791472930872,24,0.918181818181818,32,0.804545454545455,160.603341550945,1.26041933226962,8,1.39543954508707,23.623389139669,0.185929648241206,0.333333333333333,8,1,0,0,0,1
2,DBO,scene2_DBO_run012.mat,355.142850943599,1,1.84741111297626e-13,37.3964300712746,40,12,5.69035180863325,24,0.940909090909091,32,0.872727272727273,166.033485482779,1.30303524749651,8,0,3.30337210421352,0.819095477386935,1,8,1,1,0,1,1
2,DBO,scene2_DBO_run013.mat,362.476476959417,1,0,15.0647530342135,31.8556335704431,8.21295786972839,7.63862454525996,24,0.181818181818182,32,0,173.210642715505,1.359361769968,8,2.29746776649773,6.20305378041612,0.798994974874372,0.833333333333333,8,0,1,0,1,1
2,DBO,scene2_DBO_run010.mat,362.596602520999,1,1.13686837721616e-13,36.5213899737568,40,12,6.24991006139527,24,0.922727272727273,32,0.831818181818182,162.819450640584,1.27781141584662,8,0.931170415167443,17.478273889222,0.266331658291457,0.333333333333333,8,1,0,0,0,1
2,DBO,scene2_DBO_run026.mat,364.74247121895,1,0,26.8188469809843,34.455490040141,12,6.45841122569352,24,0.622727272727273,32,0.322727272727273,162.194427117167,1.27290621447017,8,4.88035993839731e-07,10.9047568007253,0.422110552763819,0.5,8,1,0,0,0,1
2,DBO,scene2_DBO_run021.mat,367.133684406389,1,0,9.43231836183474,18,8.00000037722319,1.72821818730253,24,0,32,0,171.579673106926,1.34656187673325,8,0,1.5967789202163,0.939698492462312,1,8,0,1,0,1,1
2,DBO,scene2_DBO_run017.mat,372.578657449392,1,0,23.5321221359588,33.9776374850261,10.8000589612656,6.60495851966017,24,0.427272727272727,32,0.145454545454545,159.472397581501,1.25154365366271,8,0.460763022489914,6.89501217981945,0.703517587939699,1,8,0,1,0,1,1
2,DBO,scene2_DBO_run019.mat,377.30817200516,1,1.84741111297626e-13,37.3964300712746,40,12,5.69035180863325,24,0.940909090909091,32,0.872727272727273,168.874659074293,1.32533285405,8,0,4.09876489059177,0.804020100502513,0.833333333333333,8,1,1,0,1,1
2,DBO,scene2_DBO_run011.mat,377.786138605916,1,1.84741111297626e-13,37.3964300712746,40,12,5.69035180863325,24,0.940909090909091,32,0.872727272727273,170.032753862915,1.33442161301406,8,0,4.02984923881365,0.804020100502513,1,8,1,1,0,1,1
2,DBO,scene2_DBO_run001.mat,379.242596985523,1,0,10.2611993958419,18,8.45165114193024,2.46732076586313,24,0,32,0,172.472661085426,1.35357007034066,8,0.564573527671826,6.55685496918654,0.653266331658292,0.833333333333333,8,0,1,0,1,1
2,DBO,scene2_DBO_run022.mat,389.32448208539,1,3.81916720471054e-14,11.9136239214148,29.1395379369787,8,6.68809888776342,24,0.118181818181818,32,0,182.811622902687,1.43471051999899,8,0,0.987404487062928,0.944723618090452,1,8,0,1,0,1,1
2,DBO,scene2_DBO_run004.mat,402.965751532768,1,7.105427357601e-14,32.5046862512589,40,12,7.97177717916493,24,0.736363636363636,32,0.590909090909091,176.732035360082,1.38699775389509,8,0,1.38054307087982,0.924623115577889,1,8,1,1,0,1,1
2,DBO,scene2_DBO_run006.mat,462.604099060018,1,1.06581410364015e-13,37.3947046614367,40,12,5.69073092654903,24,0.940909090909091,32,0.872727272727273,181.90395776984,1.42758713969058,8,0,4.06080540288627,0.738693467336683,0.833333333333333,8,1,1,0,1,1
2,GWO,scene2_GWO_run004.mat,306.517224932393,1,0,19.3672131603658,29.6080444624122,12,4.00272738258413,24,0.154545454545455,32,0,153.051786911207,1.20115452890563,8,0.0426971255514853,3.94938837147749,0.814070351758794,1,8,0,1,0,1,1
2,GWO,scene2_GWO_run018.mat,313.873803749334,1,0,13.7716518538422,18,12,0.954308486106719,24,0,32,0,165.332702202139,1.29753548151331,8,0.484045583297734,6.41884556289292,0.683417085427136,0.833333333333333,8,0,1,0,1,1
2,GWO,scene2_GWO_run030.mat,315.601666439564,1,0,12.6225137344551,18,11.4815750786744,1.19940918927679,24,0,32,0,165.169289447686,1.29625301383323,8,0.468681941428993,6.3563101172832,0.648241206030151,0.833333333333333,8,0,0,0,1,1
2,GWO,scene2_GWO_run024.mat,319.948690620325,1,0,12.7752939123802,18,12,1.16218841839782,24,0,32,0,165.694948369352,1.30037839914994,8,0.170388747827081,3.86630694317132,0.763819095477387,0.833333333333333,8,0,1,0,1,1
2,GWO,scene2_GWO_run005.mat,320.719334182575,1,0,13.009280349235,18,12,0.874955506917759,24,0,32,0,166.609543501847,1.30755616628145,8,0.1859316288376,2.72924050190659,0.894472361809045,1,8,0,1,0,1,1
2,GWO,scene2_GWO_run025.mat,320.941203610902,1,0,12.2889679254092,18,11.628986213369,1.24548396183906,24,0,32,0,167.313060653997,1.31307738776159,8,0.427547796735613,5.6706855113881,0.683417085427136,0.833333333333333,8,0,1,0,1,1
2,GWO,scene2_GWO_run011.mat,324.091875108343,1,0,13.0783542035045,18,12,1.41415870249139,24,0,32,0,167.000209095838,1.31062212034171,8,0.0582415923678126,3.34968802178862,0.778894472361809,0.833333333333333,8,0,1,0,1,1
2,GWO,scene2_GWO_run021.mat,325.024273118702,1,0,15.4224867862197,18.0452291263631,12,1.2354208678554,24,0,32,0,166.144072393465,1.30390313653778,8,0.0280006477724855,3.28907518004872,0.814070351758794,0.833333333333333,8,0,1,0,1,1
2,GWO,scene2_GWO_run009.mat,326.569387648291,1,0,12.148798784358,18,11.208915642334,1.46635008850989,24,0,32,0,166.191059026862,1.30427188889699,8,0.372939392919551,2.90382743403101,0.904522613065327,1,8,0,1,0,1,1
2,GWO,scene2_GWO_run008.mat,331.484141490508,1,0,14.9099493316308,18,12,1.10562811787499,24,0,32,0,167.336775215711,1.313263500278,8,0.285688884280728,3.1349526416356,0.919597989949749,0.833333333333333,8,0,1,0,1,1
2,GWO,scene2_GWO_run012.mat,333.29813746402,1,0,13.6737443305364,18,12,1.24931085482893,24,0,32,0,167.20553138858,1.3122334952024,8,0.300505985148758,3.65603952473171,0.919597989949749,0.833333333333333,8,0,1,0,1,1
2,GWO,scene2_GWO_run002.mat,341.362636332287,1,0,11.0151954895431,18,9.77505867788169,1.33804338864793,24,0,32,0,168.872709799184,1.32531755608666,8,0.480380980572369,3.58088208828778,0.874371859296482,0.833333333333333,8,0,1,0,1,1
2,GWO,scene2_GWO_run028.mat,344.64332133677,1,0,12.1638550980812,18,11.2321585906948,1.41939813079384,24,0,32,0,169.025716875265,1.32651835972377,8,0.0324738636286516,3.43989532608115,0.78894472361809,0.833333333333333,8,0,1,0,1,1
2,GWO,scene2_GWO_run019.mat,346.392608541752,1,0,11.8102486436863,18,11.0600919850725,1.44454471244593,24,0,32,0,170.174303493687,1.33553249831307,8,0.617491642357217,4.9972173733385,0.683417085427136,0.833333333333333,8,0,1,0,1,1
2,GWO,scene2_GWO_run001.mat,356.589216174238,1,0,14.9689743978424,18,12,1.29722426579255,24,0,32,0,171.684077000044,1.34738124128681,8,0.131550895629708,1.65469908553167,0.944723618090452,1,8,0,1,0,1,1
2,GWO,scene2_GWO_run013.mat,365.327976480902,1,0,28.3202629875907,37.1523630138339,12,9.27895043977937,24,0.654545454545455,32,0.518181818181818,156.257231681062,1.22631094543739,8,3.02292901208747,12.9907499664959,0.336683417085427,0.5,8,1,0,0,0,1
2,GWO,scene2_GWO_run007.mat,369.708154082041,1,0,26.4415810214676,32.7612420283704,12,4.04482138253697,24,0.704545454545455,32,0.0727272727272727,161.973625734548,1.27117335929694,8,0.111763705726445,7.25366193802355,0.703517587939699,0.666666666666667,8,1,1,0,1,1
2,GWO,scene2_GWO_run015.mat,371.570477510822,1,0,28.2781162955729,37.4821542569096,12,6.70799779984611,24,0.786363636363636,32,0.345454545454545,158.939579678933,1.24736208447187,8,0.0030292090200589,10.8480329641969,0.457286432160804,0.5,8,1,0,0,0,1
2,GWO,scene2_GWO_run029.mat,373.848597949039,1,0,27.8856339794818,35.1706641273007,12,4.37155921699459,24,0.890909090909091,32,0.204545454545455,158.626296471509,1.24490342945698,8,0.297097570888569,8.93556307192801,0.653266331658292,0.666666666666667,8,1,1,0,1,1
2,GWO,scene2_GWO_run027.mat,379.556237903213,1,0,11.596119680089,18,9.57593511517277,1.56971372187843,24,0,32,0,175.329893349147,1.37599370578436,8,0.0084728918429953,3.37419742666047,0.874371859296482,1,8,0,1,0,1,1
2,GWO,scene2_GWO_run003.mat,383.785322776224,1,0,14.7158751956034,18,12,1.18084201210779,24,0,32,0,172.307686066914,1.35227534197034,8,0.822784630661977,4.56429422133627,0.889447236180904,0.833333333333333,8,0,1,0,1,1
2,GWO,scene2_GWO_run020.mat,386.409180830771,1,0,10.6644515827417,18,9.85137768612586,1.35708990360736,24,0,32,0,174.196336336817,1.3670975199468,8,0.413594200299775,5.18758168781757,0.668341708542714,0.833333333333333,8,0,1,0,1,1
2,GWO,scene2_GWO_run022.mat,400.096899231865,1,0,11.2500080299159,18,10.0845683444941,1.10202061480881,24,0,32,0,176.116860651911,1.38216984628485,8,0.00851852872673594,2.45815566188816,0.899497487437186,1,8,0,1,0,1,1
2,GWO,scene2_GWO_run006.mat,405.519075347175,1,0,12.606353559674,18,11.7790436630883,1.04998897120091,24,0,32,0,175.723609036273,1.37908359705735,8,0.935739958521125,4.02236303008825,0.889447236180904,1,8,0,1,0,1,1
2,GWO,scene2_GWO_run016.mat,410.500262153964,1,0,12.2358344191875,18,11.487446963926,1.22703832482388,24,0,32,0,172.734467678019,1.35562473550162,8,2.55247315149595,5.5911274343588,0.758793969849246,0.833333333333333,8,0,1,0,1,1
2,GWO,scene2_GWO_run023.mat,413.744136239796,1,0,28.4028930396399,37.926869306216,12,7.60535655842843,24,0.595454545454545,32,0.413636363636364,161.07066711703,1.26408691584708,8,0.0500144753412808,13.1004509508794,0.412060301507538,0.666666666666667,8,1,0,0,1,1
2,GWO,scene2_GWO_run026.mat,419.452922197182,1,0,10.7730132753315,18,9.78549225808436,1.74235613419196,24,0,32,0,176.178953097153,1.38265714946059,8,0.0123408812542139,4.29763950156006,0.85929648241206,0.833333333333333,8,0,1,0,1,1
2,GWO,scene2_GWO_run014.mat,425.088944693528,1,0,12.0638688811348,18,10.9596187933784,0.906104594457583,24,0,32,0,174.039295985301,1.36586506305589,8,0.519412349317539,5.36047617612657,0.768844221105528,0.833333333333333,8,0,1,0,1,1
2,GWO,scene2_GWO_run010.mat,432.285740707218,1,0,10.2255396832037,18,9.45598771033074,1.35625964842193,24,0,32,0,177.160448141633,1.39035994889579,8,0.00724151607865867,3.44443452933517,0.914572864321608,1,8,0,1,0,1,1
2,GWO,scene2_GWO_run017.mat,443.885943733576,1,0,13.0787564454981,18,12,1.23890138187946,24,0,32,0,172.204133287139,1.35146265697712,8,5.31789008389098e-05,1.64550799189175,0.934673366834171,1,8,0,1,0,1,1
2,HHO,scene2_HHO_run020.mat,304.549075778147,1,0,30.3453400671789,36.0731803781865,12,5.07617056946711,24,0.886363636363636,32,0.409090909090909,143.486902286947,1.12608905782064,8,7.56777986782116,19.1739492496023,0.0100502512562814,0,8,1,0,0,0,1
2,HHO,scene2_HHO_run018.mat,311.871110719084,1,0,25.1588187701115,32.123745651787,12,4.44292362520559,24,0.563636363636364,32,0.0363636363636364,154.099038241398,1.20937338543484,8,3.7894789144877,10.3604090176116,0.49748743718593,0.5,8,1,0,0,0,1
2,HHO,scene2_HHO_run029.mat,314.201930386153,1,0,30.977328606009,34.9040730470165,12,3.95698944270015,24,0.922727272727273,32,0.777272727272727,146.181884967968,1.14723935418738,8,8.08341535780014,20.6630322270168,0,0,8,1,0,0,0,1
2,HHO,scene2_HHO_run002.mat,315.217413570829,1,0,31.4325557116009,36.0550179615941,12,4.685818431965,24,0.913636363636364,32,0.495454545454545,144.32506867862,1.13266701014418,8,10.1055727524659,23.8710049074762,0,0,8,1,0,0,0,1
2,HHO,scene2_HHO_run007.mat,316.663257277868,1,0,30.0614944996066,35.4088456126078,12,4.27322924634535,24,0.909090909090909,32,0.268181818181818,145.550367213954,1.14228318591501,8,5.87158686013297,15.9825852610549,0.201005025125628,0.333333333333333,8,1,0,0,0,1
2,HHO,scene2_HHO_run005.mat,320.379585567206,1,0,30.8441336663824,34.6376715725269,12,5.28343835027225,24,0.854545454545454,32,0.654545454545455,146.111865575163,1.14668984011455,8,8.31970712110049,22.1599268866345,0,0,8,1,0,0,0,1
2,HHO,scene2_HHO_run026.mat,320.62027064751,1,0,11.1590915498222,18,9.8133018616743,1.54061828470381,24,0,32,0,164.315681819541,1.28955387827169,8,1.693543492501,8.09863165784219,0.527638190954774,0.666666666666667,8,0,0,0,1,1
2,HHO,scene2_HHO_run010.mat,325.739774568568,1,0,35.1366133666647,39.3485500160866,12,5.59380231632779,24,0.927272727272727,32,0.831818181818182,153.447278340519,1.20425835625093,8,7.15573343287606,18.4907367035824,0.0150753768844221,0.166666666666667,8,1,0,0,0,1
2,HHO,scene2_HHO_run004.mat,326.908617345501,1,0,29.8271140936037,32.5865383137579,12,3.92909101286441,24,0.904545454545455,32,0.35,149.582639015819,1.17392856317152,8,6.3080218688099,17.6858743350844,0.0954773869346734,0.333333333333333,8,1,0,0,0,1
2,HHO,scene2_HHO_run014.mat,327.920181248027,1,0,32.2564411898565,35.9179276103215,12,4.92709328497294,24,0.909090909090909,32,0.736363636363636,152.925724480223,1.20016518756596,8,7.37821646969807,19.8397188074743,0.0201005025125628,0,8,1,0,0,0,1
2,HHO,scene2_HHO_run028.mat,333.944373391645,1,0,16.9019037124741,20.6644334807014,12,2.61950959855645,24,0,32,0,165.675393254073,1.30022493008071,8,5.16614005255217,8.88782346312619,0.507537688442211,0.666666666666667,8,0,0,0,1,1
2,HHO,scene2_HHO_run017.mat,340.795057975826,1,0,27.9149021168047,35.7808239120335,12,6.78129817433435,24,0.681818181818182,32,0.395454545454545,145.357440226018,1.14076908973891,8,5.26210877559121,17.1556923575224,0.14572864321608,0.5,8,1,0,0,0,1
2,HHO,scene2_HHO_run003.mat,342.873661916173,1,0,14.4123594562597,18.3203148520893,12,1.81256114813313,24,0,32,0,166.419141856112,1.30606188905868,8,5.4922776642231,7.40936045125402,0.653266331658292,0.833333333333333,8,0,1,0,1,1
2,HHO,scene2_HHO_run011.mat,375.873439957732,1,0,31.8677038960604,35.6267906335133,12,4.58998330005915,24,0.913636363636364,32,0.75,170.182614535037,1.33559772358851,8,0.49632741619473,3.70307936635244,0.889447236180904,0.833333333333333,8,1,1,0,1,1
2,HHO,scene2_HHO_run008.mat,386.09593948413,1,0,35.3936804359647,38.644791006893,12,5.16436137778687,24,0.936363636363636,32,0.854545454545454,164.058458513109,1.28753518286344,8,7.50181455612299,18.8515830093458,0.0100502512562814,0,8,1,0,0,0,1
2,HHO,scene2_HHO_run030.mat,386.381281200034,1,0,30.8136292018207,34.9829154521754,12,3.99862196597135,24,0.922727272727273,32,0.3,174.183953212665,1.36700033685631,8,1.04579217132927,4.68003557732304,0.904522613065327,1,8,1,1,0,1,1
2,HHO,scene2_HHO_run023.mat,386.551086977198,1,0,14.7900578643109,18,12,1.04365285613029,24,0,32,0,170.997997625888,1.3419968719561,8,0.784701685146018,6.68965512964818,0.49748743718593,1,8,0,0,0,1,1
2,HHO,scene2_HHO_run001.mat,389.452787363251,1,0,30.131951203703,33.258615452241,12,3.68975924174777,24,0.918181818181818,32,0.109090909090909,175.53078242532,1.37757028864251,8,1.64820525059671,5.45646122444336,0.899497487437186,1,8,1,1,0,1,1
2,HHO,scene2_HHO_run006.mat,403.497345359036,1,0,13.2180074239304,18,11.6210213783036,1.1963903050169,24,0,32,0,170.476870901685,1.33790705544664,8,3.25367120099069,8.1827769538963,0.402010050251256,0.666666666666667,8,0,0,0,1,1
2,HHO,scene2_HHO_run019.mat,417.360190379326,1,0,19.1959376381328,21.2438341253861,12,1.49607109397451,24,0,32,0,172.078645154113,1.35047782274323,8,2.33201535778256,6.41878527077254,0.688442211055276,0.833333333333333,8,0,1,0,1,1
2,HHO,scene2_HHO_run009.mat,418.0714627661,1,0,29.9025492042886,37.4487180968059,12,5.3343128060545,24,0.886363636363636,32,0.381818181818182,167.938665079545,1.31798714807355,8,5.69462631265479,16.3386270314656,0.125628140703518,0.166666666666667,8,1,0,0,0,1
2,HHO,scene2_HHO_run025.mat,419.14697853541,1,0,13.8137582721969,19.1199903204677,11.4408049638756,2.90646100187581,24,0,32,0,172.185539418896,1.35131673180042,8,3.41161340977129,8.91127167913701,0.246231155778894,0.833333333333333,8,0,0,0,1,1
2,HHO,scene2_HHO_run016.mat,423.26366964744,1,0,12.3397386434468,18,11.4296192336708,1.50570997609509,24,0,32,0,171.858879097458,1.34875309283594,8,5.28040290214202,8.22741774824032,0.492462311557789,0.833333333333333,8,0,0,0,1,1
2,HHO,scene2_HHO_run027.mat,460.300558452391,1,0,36.5119922833676,39.3305913021481,12,5.52192479303933,24,0.940909090909091,32,0.859090909090909,176.068481416787,1.38179016474995,8,3.99055574018573,13.575431896259,0.206030150753769,0.5,8,1,0,0,0,1
2,HHO,scene2_HHO_run021.mat,650.247712138881,1,0,33.565300942183,37.3599668900795,12,5.34941227681729,24,0.913636363636364,32,0.777272727272727,246.411898520616,1.93384718896477,8,5.16219625150614,23.7177971995161,0.110552763819095,0.5,8,1,0,1,0,1
2,HHO,scene2_HHO_run015.mat,833.606208056304,0,2,12.6922301100695,18,9.66775684698404,1.59459074307587,24,0,32,0,178.721071379314,1.40260776192487,8,1.343607088278,6.98216821493382,0.597989949748744,0.833333333333333,8,0,0,0,1,1
2,PSO,scene2_PSO_run012.mat,305.009510232587,1,0,34.1195041872556,39.3161604401828,12,6.94832579520939,24,0.872727272727273,32,0.745454545454545,148.778371893469,1.16761665322289,8,4.57932639900636,27.006780233213,0.0703517587939698,0.333333333333333,8,1,0,0,0,1
2,PSO,scene2_PSO_run005.mat,314.182979648671,1,0,33.6772116102729,39.9476040779916,12,7.66955083946046,24,0.85,32,0.672727272727273,150.379345713768,1.18018113870666,8,1.42724913541998,23.1173972710672,0.185929648241206,0.333333333333333,8,1,0,0,0,1
2,PSO,scene2_PSO_run014.mat,321.865392058094,1,0,27.9842246650977,36.1832224922269,12,7.25430883561066,24,0.727272727272727,32,0.459090909090909,153.153027082505,1.20194906448549,8,5.7510530749743,15.7349943896232,0.341708542713568,0.666666666666667,8,1,0,0,1,1
2,PSO,scene2_PSO_run020.mat,337.458733989994,1,1.13686837721616e-13,37.0172491514882,40,12,5.88416991859998,24,0.936363636363636,32,0.859090909090909,158.831438164155,1.24651338696327,8,4.06863373349315,26.9822341939905,0.0653266331658292,0.166666666666667,8,1,0,0,0,1
2,PSO,scene2_PSO_run016.mat,337.893464246556,1,1.13686837721616e-13,37.1798321731181,40,12,5.79132780317393,24,0.936363636363636,32,0.863636363636364,158.667665387439,1.24522809381882,8,4.27769887934915,28.4899362703951,0.0552763819095477,0.166666666666667,8,1,0,0,0,1
2,PSO,scene2_PSO_run015.mat,339.74410907975,1,0,36.0709764858687,39.9647118747641,12,5.74165306099697,24,0.931818181818182,32,0.845454545454545,158.155598282754,1.24120937744635,8,4.27546745949901,28.3559280494921,0.0552763819095477,0.166666666666667,8,1,0,0,0,1
2,PSO,scene2_PSO_run024.mat,357.739346786373,1,0,33.4556449491125,39.9999985955145,12,6.63477901017869,24,0.881818181818182,32,0.636363636363636,161.506818843295,1.26750984629347,8,1.47904395227215,14.8637257570492,0.271356783919598,0.5,8,1,0,0,0,1
2,PSO,scene2_PSO_run019.mat,359.760818092353,1,0,25.9582906729542,27.9545651776764,12,3.18747724457636,24,0.818181818181818,32,0,153.892830526482,1.20775506175717,8,3.73084892460854,24.9943482353543,0.110552763819095,0.333333333333333,8,1,0,0,0,1
2,PSO,scene2_PSO_run028.mat,361.556306930832,1,0,31.3145911036668,37.1786404332582,11.652672761137,7.33899341048013,24,0.831818181818182,32,0.722727272727273,164.721503889449,1.29273878076147,8,3.02901211768116,9.66984846592832,0.653266331658292,0.833333333333333,8,1,1,0,1,1
2,PSO,scene2_PSO_run004.mat,378.094480294006,1,0,35.0058965366657,39.8024227427924,12,7.33297305623039,24,0.877272727272727,32,0.763636363636364,167.748945192148,1.3164982213085,8,1.73787496617432,24.2582535434092,0.195979899497487,0.5,8,1,0,0,0,1
2,PSO,scene2_PSO_run008.mat,383.665116592454,1,0,35.1019488002095,39.951675355659,12,7.52917893121463,24,0.872727272727273,32,0.768181818181818,163.684377860194,1.28459938786561,8,3.96930577136011,25.0055589708683,0.0753768844221105,0.333333333333333,8,1,0,0,0,1
2,PSO,scene2_PSO_run001.mat,386.436158602477,1,0,12.9277666142851,18,8.79123128814852,3.02488457378659,24,0,32,0,186.844993102063,1.46636451750862,8,0,0.589077343000309,1,1,8,0,1,0,1,1
2,PSO,scene2_PSO_run027.mat,445.20856447936,1,0,35.30814329029,39.7447490705147,12,5.32337043675939,24,0.940909090909091,32,0.859090909090909,175.071836748351,1.3739684706596,8,2.63015175256212,7.69423357950008,0.763819095477387,0.833333333333333,8,1,1,0,1,1
2,PSO,scene2_PSO_run023.mat,453.066486233446,1,1.84741111297626e-13,37.3964300712746,40,12,5.69035180863325,24,0.940909090909091,32,0.872727272727273,197.239765569561,1.54794297064699,8,0.0613196022008538,0.46596921382265,1,1,8,1,1,0,1,1
2,PSO,scene2_PSO_run010.mat,462.695558279468,1,7.105427357601e-14,34.2115765022237,40,12,8.68826730424449,24,0.818181818181818,32,0.731818181818182,184.812515171354,1.45041357619235,8,0.0473440424775262,9.6804992985989,0.623115577889447,1,8,1,0,0,1,1
2,PSO,scene2_PSO_run030.mat,477.779646157766,1,0,34.8417074680653,39.1810851817583,12,6.34419640616459,24,0.904545454545455,32,0.795454545454545,204.050395141161,1.60139297420279,8,2.92343439630104e-07,12.8146576950322,0.487437185929648,0.666666666666667,8,1,0,0,1,1
2,PSO,scene2_PSO_run021.mat,669.325287278067,0,2,35.4932643171348,38.2092112508137,12,4.94508783183338,24,0.940909090909091,32,0.868181818181818,155.453467552086,1.22000298299425,8,0.48367160899925,7.07897840032908,0.738693467336683,0.666666666666667,8,1,1,0,1,1
2,PSO,scene2_PSO_run003.mat,859.997208186558,0,3,17.6156725810622,19.0660956363495,11.0621823053989,2.5402678418049,24,0,32,0,156.264010273526,1.22636414401287,8,0.1449958062082,5.09000146672829,0.728643216080402,0.833333333333333,8,0,1,0,1,1
2,PSO,scene2_PSO_run018.mat,940.689393907324,0,3,37.3883928899294,39.9999999998824,12,5.68773268105173,24,0.940909090909091,32,0.872727272727273,197.184972390587,1.54751295230872,8,0.33219045408021,10.5672364145735,0.638190954773869,1,8,1,0,0,1,1
2,PSO,scene2_PSO_run013.mat,956.648612549561,0,4,33.7480252761567,38.0111980210689,12,5.06429285702647,24,0.922727272727273,32,0.813636363636364,152.484260464041,1.19670056612582,8,3.73777724748536,25.2295528067864,0.085427135678392,0.166666666666667,8,1,0,0,0,1
2,PSO,scene2_PSO_run017.mat,1005.54698260904,0,3,37.3407928740537,39.9975007518147,12,5.67190276752788,24,0.940909090909091,32,0.872727272727273,184.44740763596,1.44754820246149,8,6.54687429503487,30.6710916318263,0.0150753768844221,0.166666666666667,8,1,0,0,0,1
2,PSO,scene2_PSO_run025.mat,1072.6106176189,0,5,31.7194211427257,34.3498176081927,12,4.0681723087204,24,0.927272727272727,32,0.795454545454545,141.072925624577,1.10714410422555,8,12.2799073352966,28.0149921018456,0,0,8,1,0,0,0,1
2,PSO,scene2_PSO_run011.mat,1081.41154782904,0,5,30.1523202798646,33.4129061002188,12,3.69939938468941,24,0.913636363636364,32,0.145454545454545,143.917163588242,1.12946576005387,8,4.45822666802266,29.3407201874221,0.050251256281407,0.166666666666667,8,1,0,0,0,1
2,PSO,scene2_PSO_run022.mat,1169.87863541158,0,5,34.4802338735587,39.7512766611964,12,7.48900692006788,24,0.85,32,0.740909090909091,159.137725936813,1.24891714161849,8,5.13873443708235e-06,12.3227832502848,0.618090452261307,0.666666666666667,8,1,0,0,1,1
2,PSO,scene2_PSO_run029.mat,1240.19854043353,0,4,36.347026327586,39.9999999999715,12,5.51937841769569,24,0.940909090909091,32,0.863636363636364,228.783356096192,1.7954979151769,8,2.90981586010722,22.8998219142996,0.231155778894472,0.5,8,1,0,0,0,1
2,PSO,scene2_PSO_run009.mat,1614.57984944821,0,7,23.2428250249904,33.4914641164889,12,7.79798560304289,24,0.522727272727273,32,0.136363636363636,206.973128640829,1.62433066510311,8,8.64519962792244e-07,6.09309391286155,0.839195979899497,1,8,1,1,0,1,1
2,PSO,scene2_PSO_run007.mat,1763.46996838721,0,7,30.3435122915948,39.397554533515,11.0977505691229,8.61702114768892,24,0.777272727272727,32,0.6,282.905209257238,2.2202476704664,8,1.17178489823959e-05,14.6863618832859,0.381909547738693,0.833333333333333,8,1,0,1,1,1
2,PSO,scene2_PSO_run006.mat,1935.03410252404,0,9,36.5601006634134,39.9008644085339,12,5.49495713619561,24,0.940909090909091,32,0.863636363636364,181.022061141551,1.42066599129713,8,28.0200191652269,40.786852590006,0,0,8,1,0,0,0,1
2,WOA,scene2_WOA_run014.mat,342.644453663456,1,0,34.1236061653099,36.3835045172745,12,4.87026098726636,24,0.931818181818182,32,0.831818181818182,156.414627739572,1.22754619392633,8,10.6675310942837,15.5405714143876,0,0,8,1,0,0,0,1
2,WOA,scene2_WOA_run008.mat,358.786671707491,1,0,30.4095328503373,32.2188232948748,12,3.9516198225817,24,0.909090909090909,32,0.686363636363636,155.247837736154,1.21838919468332,8,10.561151477643,19.0724094882119,0,0.166666666666667,8,1,0,0,0,1
2,WOA,scene2_WOA_run010.mat,363.341161007215,1,0,33.9979187688614,36.9461126836738,12,4.89749637959454,24,0.931818181818182,32,0.822727272727273,159.58048184417,1.25239190185523,8,14.5344647108042,30.308525180924,0,0,8,1,0,0,0,1
2,WOA,scene2_WOA_run025.mat,388.80044025988,1,0,34.8464534256995,37.2406242483244,12,5.04520624659563,24,0.931818181818182,32,0.845454545454545,155.88647224974,1.22340121547569,8,12.7197458725043,22.622691325287,0,0,8,1,0,0,0,1
2,WOA,scene2_WOA_run002.mat,389.526494583635,1,0,29.823183809043,31.5505792135584,12,3.80701595444917,24,0.909090909090909,32,0,154.453402117067,1.212154442636,8,11.380524588068,17.5561564543102,0,0,8,1,0,0,0,1
2,WOA,scene2_WOA_run018.mat,404.318788299241,1,0,30.2194719067201,32.0647689297433,12,3.89344630735211,24,0.909090909090909,32,0.409090909090909,159.473460476128,1.25155199528826,8,12.2085728435598,20.1746369148827,0,0,8,1,0,0,0,1
2,WOA,scene2_WOA_run007.mat,461.364422526727,1,0,33.1851885238148,35.3209594082016,12,4.63621385130562,24,0.927272727272727,32,0.818181818181818,176.512806682933,1.38527724135656,8,9.13394321081908,14.9688003883587,0,0,8,1,0,0,0,1
2,WOA,scene2_WOA_run023.mat,587.368268018679,1,0,33.36607222723,36.0155837683368,12,4.58139012532863,24,0.931818181818182,32,0.827272727272727,196.318229699244,1.54071073241888,8,8.2766772222225,11.9627935151295,0,0,8,1,0,0,0,1
2,WOA,scene2_WOA_run003.mat,596.711217480437,1,0,32.0070993616114,33.9841632209775,12,4.34823041603379,24,0.918181818181818,32,0.786363636363636,185.981456235238,1.45958745701559,8,12.0137628342241,16.8684522255832,0,0.166666666666667,8,1,0,0,0,1
2,WOA,scene2_WOA_run029.mat,603.416242920834,1,0,28.6227613949685,34.2814040548941,12,4.59726846401854,24,0.836363636363636,32,0.322727272727273,199.433348073705,1.56515826497681,8,7.94536095363713,11.8342802572129,0.0050251256281407,0,8,1,0,0,0,1
2,WOA,scene2_WOA_run021.mat,655.286474563528,1,0,33.6278607722739,36.1871387154268,12,4.85180947315564,24,0.927272727272727,32,0.822727272727273,248.176100776292,1.94769269558757,8,8.00403116327615,12.1210878245109,0,0.333333333333333,8,1,0,1,0,1
2,WOA,scene2_WOA_run011.mat,700.44793228129,1,0,36.1845877541926,38.9018141178131,12,5.35152644675886,24,0.940909090909091,32,0.859090909090909,242.957259493932,1.90673508922142,8,11.2282127748932,16.5065159281055,0,0,8,1,0,1,0,1
2,WOA,scene2_WOA_run022.mat,705.580110126936,0,0.663324999696867,34.4002929728209,36.6642282344162,12,4.94159738607897,24,0.931818181818182,32,0.836363636363636,231.217289043012,1.81459948622763,8,13.2497953257385,23.6325196215009,0,0.166666666666667,8,1,0,1,0,1
2,WOA,scene2_WOA_run004.mat,709.232986639836,1,0,33.063748635611,35.1636472622252,12,4.61066254247094,24,0.927272727272727,32,0.813636363636364,233.651546740292,1.83370360592868,8,9.1058437650118,12.8461437084414,0,0,8,1,0,1,0,1
2,WOA,scene2_WOA_run028.mat,776.225745449863,1,0,35.4747316452733,39.9999999319242,12,5.53180193990724,24,0.931818181818182,32,0.845454545454545,282.173667446876,2.21450651071693,8,9.02610450614387,21.3493218208982,0,0,8,1,0,1,0,1
2,WOA,scene2_WOA_run006.mat,816.380687910779,1,0,33.2597519888479,38.7078985562424,12,5.67702257572372,24,0.909090909090909,32,0.686363636363636,285.730622703873,2.24242159098015,8,3.58128294460172,7.39047784523373,0.723618090452261,1,8,1,1,1,1,1
2,WOA,scene2_WOA_run001.mat,865.178340912805,0,0.169807748203187,35.6258498739109,38.2653068125929,12,5.27194641450539,24,0.936363636363636,32,0.85,316.456382781963,2.48355818021368,8,6.24034458251592,15.6764889945548,0.135678391959799,1,8,1,0,1,1,1
2,WOA,scene2_WOA_run016.mat,1908.57887323026,0,8,35.2859143660531,37.6844045915589,12,5.16713239289849,24,0.931818181818182,32,0.85,149.541619076065,1.17360663758408,8,5.0143180808449,7.47818076808286,0.889447236180904,1,8,1,1,0,1,1
2,WOA,scene2_WOA_run027.mat,1918.70410324383,0,8,34.7193697661658,37.6108567679405,12,5.32506771326237,24,0.927272727272727,32,0.818181818181818,148.180116310958,1.16292152736465,8,5.55878604420411,7.77500338423774,0.889447236180904,1,8,1,1,0,1,1
2,WOA,scene2_WOA_run019.mat,1920.67764987845,0,8,35.0828067752986,37.4624848934446,12,5.1358747943349,24,0.931818181818182,32,0.845454545454545,148.173177318251,1.16286706996377,8,5.55347098922397,7.74882646118045,0.889447236180904,1,8,1,1,0,1,1
2,WOA,scene2_WOA_run020.mat,1921.53707846507,0,8,35.5327039191157,38.44413988026,12,5.2768709317588,24,0.936363636363636,32,0.85,149.974349065208,1.17700271414576,8,5.25462475873888,7.68158222373577,0.889447236180904,1,8,1,1,0,1,1
2,WOA,scene2_WOA_run017.mat,1926.18852395967,0,8,34.4333663844074,37.0428886015106,12,5.0604486427593,24,0.927272727272727,32,0.827272727272727,150.007331826117,1.17726156373805,8,5.54373004313922,7.7624262846066,0.889447236180904,1,8,1,1,0,1,1
2,WOA,scene2_WOA_run030.mat,1928.69592868302,0,8,35.1611230901913,37.8623414503348,12,5.16830490571091,24,0.931818181818182,32,0.845454545454545,150.844999276018,1.18383560035318,8,4.42538941539136,7.2668933699097,0.889447236180904,1,8,1,1,0,1,1
2,WOA,scene2_WOA_run024.mat,1934.23413879825,0,8,35.0937369032597,37.6173314337154,12,5.08503848978513,24,0.931818181818182,32,0.85,149.172520211527,1.17070993979504,8,5.55491528429368,7.78095635161843,0.889447236180904,1,8,1,1,0,1,1
2,WOA,scene2_WOA_run009.mat,1960.17809997116,0,8,36.5963744454715,39.3124896639368,12,5.3922820125822,24,0.940909090909091,32,0.868181818181818,163.110891643545,1.28009865265503,8,0.277300804401577,2.32342741082791,0.924623115577889,1,8,1,1,0,1,1
2,WOA,scene2_WOA_run005.mat,1980.02013685605,0,8,35.1828534353886,37.5739761532764,12,5.12476798743123,24,0.931818181818182,32,0.85,149.974482000336,1.17700375742421,8,5.55496551333681,7.78103956373003,0.889447236180904,1,8,1,1,0,1,1
2,WOA,scene2_WOA_run015.mat,1980.66756252271,0,8,35.2608413951674,37.6173407923071,12,5.15776454361284,24,0.931818181818182,32,0.85,148.179480150243,1.1629165347583,8,5.55492998330983,7.78257882220645,0.889447236180904,1,8,1,1,0,1,1
2,WOA,scene2_WOA_run013.mat,2189.95632342586,0,8,33.6215201476469,37.6178473530843,12,4.76939554138923,24,0.931818181818182,32,0.85,273.185761754988,2.14396918576919,8,5.55500501158032,7.78110499862669,0.889447236180904,1,8,1,1,1,1,1
2,WOA,scene2_WOA_run026.mat,2252.37605735473,0,8,35.6701193498471,38.0730068185714,12,5.25958559904342,24,0.936363636363636,32,0.854545454545454,308.412054441036,2.42042607562536,8,5.44541367538368,10.0055365307165,0.42713567839196,1,8,1,0,1,1,1
2,WOA,scene2_WOA_run012.mat,2297.98706079153,0,10,34.8754234848006,38.5814021376527,12,5.34983200668769,24,0.927272727272727,32,0.822727272727273,218.767430533986,1.71689266271288,8,0,2.48852202755851,0.92964824120603,1,8,1,1,0,1,1
4,CPO,scene4_CPO_run023.mat,334.748544505303,1,0,19.7090552365916,20.7898261958325,12,1.50603491066882,24,0,25,0,173.479844954104,1.3614744763572,8,1.54915274818541,4.89788432524006,0.909547738693467,1,8,0,1,0,1,1
4,CPO,scene4_CPO_run029.mat,335.068326811411,1,0,18.1696185009022,19.1620285859254,12,1.03421811578504,24,0,25,0,172.792298109915,1.3560785902823,8,0.356956907507694,3.77900350371509,0.944723618090452,0.833333333333333,8,0,1,0,1,1
4,CPO,scene4_CPO_run017.mat,335.178193092621,1,0,14.3806370009989,18,12,0.977674117452212,24,0,25,0,173.259799766198,1.35974755582035,8,0.293013868102761,3.60213369194603,0.954773869346734,1,8,0,1,0,1,1
4,CPO,scene4_CPO_run010.mat,335.456692233963,1,0,24.4597578156514,25.9372944257825,12,2.61072776983651,24,0.777272727272727,25,0.704545454545455,174.672046394684,1.37083090524066,8,2.11072773950204,5.82909368582438,0.798994974874372,0.833333333333333,8,1,1,0,1,1
4,CPO,scene4_CPO_run019.mat,335.46789706852,1,0,24.0885847906503,25.329943415055,12,2.42684062584532,24,0.786363636363636,25,0.663636363636364,174.473018388072,1.36926892810634,8,1.86705042669952,4.85346404580715,0.919597989949749,0.833333333333333,8,1,1,0,1,1
4,CPO,scene4_CPO_run028.mat,335.658820757331,1,0,19.419046838488,20.264390494317,12,1.58220148704843,24,0,25,0,173.284093351195,1.35993821252703,8,0.29026851338223,3.46252716093779,0.944723618090452,1,8,0,1,0,1,1
4,CPO,scene4_CPO_run001.mat,336.530072854343,1,0,20.4680306163374,22.2274175660958,12,1.38387312835528,24,0,25,0,173.807569844634,1.36404647008847,8,1.01077805105747,4.0715120195031,0.959798994974874,1,8,0,1,0,1,1
4,CPO,scene4_CPO_run020.mat,336.71602796998,1,0,21.005086399122,22.2892629754571,12,1.82065672179811,24,0,25,0,173.628114153886,1.36263809701403,8,0.331679593066909,3.42364925394481,0.954773869346734,1,8,0,1,0,1,1
4,CPO,scene4_CPO_run011.mat,336.913254018042,1,0,24.1165926451233,25.2629279701725,12,2.36766766111937,24,0.809090909090909,25,0.609090909090909,173.959512033237,1.36523891646009,8,0.796328505234627,3.76148816630578,0.944723618090452,1,8,1,1,0,1,1
4,CPO,scene4_CPO_run005.mat,337.060343832367,1,0,22.353907102926,24.0604127295323,12,1.85887104441497,24,0.0318181818181818,25,0,174.13767295271,1.36663712813483,8,0.311893973430259,3.4894623122729,0.954773869346734,1,8,0,1,0,1,1
4,CPO,scene4_CPO_run004.mat,337.099082972244,1,0,24.4280895981562,25.7349747706844,12,2.59781756235675,24,0.795454545454545,25,0.731818181818182,174.513256579771,1.36958471851409,8,0.26995630947313,3.39999712810284,0.949748743718593,1,8,1,1,0,1,1
4,CPO,scene4_CPO_run006.mat,337.339980979302,1,0,20.9803633112396,23.1258914721358,12,1.50558153326305,24,0,25,0,174.261267183914,1.36760709897642,8,0.511125819870898,3.84952660977221,0.944723618090452,1,8,0,1,0,1,1
4,CPO,scene4_CPO_run024.mat,338.186431880294,1,0,21.8651916784117,23.5049205588116,12,1.7018104750267,24,0,25,0,174.420433003551,1.36885623659815,8,0.371848882617414,3.87483408265589,0.954773869346734,0.833333333333333,8,0,1,0,1,1
4,CPO,scene4_CPO_run014.mat,338.321864273649,1,0,24.4374924371484,25.8901559336602,12,2.47882074940875,24,0.809090909090909,25,0.745454545454545,174.562230321076,1.36996906574944,8,0.447811159573092,4.23232385110508,0.924623115577889,1,8,1,1,0,1,1
4,CPO,scene4_CPO_run025.mat,338.601372041974,1,0,19.1975569387875,22.0567814544099,12,1.41598943410622,24,0,25,0,174.285836783177,1.36779992185045,8,0.490581649796908,3.7647628011453,0.949748743718593,1,8,0,1,0,1,1
4,CPO,scene4_CPO_run002.mat,338.631964745084,1,0,22.6467286606848,23.8789787578682,12,2.08755868659201,24,0,25,0,173.973628559906,1.36534970334003,8,0.37546822659543,3.26403046744277,0.959798994974874,0.833333333333333,8,0,1,0,1,1
4,CPO,scene4_CPO_run018.mat,338.871229797833,1,0,21.4320352035802,22.8173704584612,12,2.09497529553409,24,0,25,0,173.598489016151,1.36240559813847,8,1.13987721389191,4.09019923600669,0.934673366834171,1,8,0,1,0,1,1
4,CPO,scene4_CPO_run022.mat,338.881629971033,1,0,14.4275265635319,18,12,0.841535524769011,24,0,25,0,173.75172322086,1.36360818428715,8,1.81406265478999,5.46344990624636,0.904522613065327,0.833333333333333,8,0,1,0,1,1
4,CPO,scene4_CPO_run021.mat,340.402852145011,1,0,20.0834963875457,21.2685845332197,12,1.57535411873809,24,0,25,0,173.567119774547,1.36215941148896,8,0.141123755827053,2.86131170085488,0.944723618090452,1,8,0,1,0,1,1
4,CPO,scene4_CPO_run012.mat,342.735486637172,1,0,24.0581122987688,25.4902913216795,12,2.51929822341455,24,0.768181818181818,25,0.640909090909091,173.433869557812,1.36111366021392,8,1.03381090462611,4.34403284748605,0.92964824120603,0.833333333333333,8,1,1,0,1,1
4,CPO,scene4_CPO_run009.mat,342.828337918891,1,0,20.5921942334907,21.8537589668305,12,1.78919040449279,24,0,25,0,174.091168486707,1.36627215983827,8,0.684714928572077,3.64818751035727,0.949748743718593,1,8,0,1,0,1,1
4,CPO,scene4_CPO_run008.mat,368.875473287114,1,0,17.7243169116787,19.1670269775136,12,1.25429697841527,24,0,25,0,176.570931500775,1.38573340648604,8,0.50601314006301,4.31533471777636,0.959798994974874,1,8,0,1,0,1,1
4,CPO,scene4_CPO_run013.mat,400.103636173547,1,0,21.5751030734302,25.8948265325264,11.1433956177656,5.26756013475505,24,0.527272727272727,25,0.459090909090909,176.977002168426,1.38892025997758,8,4.55968442543463,7.62834063405657,0.618090452261307,0.666666666666667,8,1,0,0,1,1
4,CPO,scene4_CPO_run027.mat,401.463511103064,1,0,22.9106777415633,25.7559183128025,12,2.94054149846712,24,0.359090909090909,25,0.213636363636364,176.501062323117,1.38518507130572,8,5.5184415001732,8.41107701629684,0.487437185929648,0.666666666666667,8,1,0,0,1,1
4,CPO,scene4_CPO_run016.mat,846.558518510012,0,3,23.5086242396135,25.8333530631468,12,3.63157279078239,24,0.690909090909091,25,0.618181818181818,167.943958843301,1.3180286936735,8,1.93798405167776,5.7805631177034,0.778894472361809,1,8,1,1,0,1,1
4,CPO,scene4_CPO_run007.mat,856.932302894123,0,3,24.6489785829283,25.8779386641113,12,2.53686592607658,24,0.822727272727273,25,0.768181818181818,167.598760327284,1.31531956646072,8,2.20623169372382,5.17755962821459,0.798994974874372,1,8,1,1,0,1,1
4,CPO,scene4_CPO_run030.mat,1028.6262681984,0,4,23.0738107731754,25.06640253714,12,2.74585872711732,24,0.622727272727273,25,0.0727272727272727,144.757424204449,1.13606014790773,8,1.28209548226822,6.73920893960276,0.723618090452261,0.833333333333333,8,1,1,0,1,1
4,CPO,scene4_CPO_run015.mat,1034.23076191449,0,4,24.4276753161441,25.8834705317279,12,2.6097761528079,24,0.795454545454545,25,0.668181818181818,145.236574016837,1.13982052848733,8,1.94324266796718,6.9932405619306,0.864321608040201,0.833333333333333,8,1,1,0,1,1
4,CPO,scene4_CPO_run026.mat,1495.93152311838,0,6,19.6614409544872,21.4984519408551,12,1.73183702891683,24,0,25,0,261.48764419594,2.05216204539341,8,0.638962346456722,5.15867725466321,0.814070351758794,1,8,0,1,1,1,1
4,CVF-AE,scene4_CVF-AE_run023.mat,373.589598127216,1,0,16.7364432932106,18.9287302040073,12,2.02310828982549,24,0,25,0,174.758077530646,1.37150607990326,8,1.53862530970826,3.73558384473894,0.934673366834171,1,8,0,1,0,1,1
4,CVF-AE,scene4_CVF-AE_run024.mat,380.390670025626,1,0,17.385551175956,20.5776317888765,12,2.05481027525185,24,0,25,0,177.138762805333,1.39018976179485,8,1.47852245580043,4.24737777951322,0.979899497487437,0.833333333333333,8,0,1,0,1,1
4,CVF-AE,scene4_CVF-AE_run018.mat,381.35960221178,1,0,15.4274079426636,18,12,1.16258098033425,24,0,25,0,175.517138830738,1.37746321334627,8,1.18435066356045,3.48699062632888,0.949748743718593,1,8,0,1,0,1,1
4,CVF-AE,scene4_CVF-AE_run019.mat,381.620920063896,1,0,19.1419124600741,23.0840342490306,12,3.03137503520334,24,0,25,0,175.601541058971,1.37812560429732,8,1.3965323683687,4.3233691963898,0.939698492462312,0.833333333333333,8,0,1,0,1,1
4,CVF-AE,scene4_CVF-AE_run021.mat,390.459549464274,1,0,18.5321573917191,21.7477724275265,12,3.35493810338558,24,0,25,0,177.765135997187,1.39510555540539,8,0.384034646813802,3.2126851338059,0.989949748743719,1,8,0,1,0,1,1
4,CVF-AE,scene4_CVF-AE_run001.mat,393.127589648017,1,0,19.9497991179449,22.3612471336483,12,1.9162813917444,24,0,25,0,179.069418850661,1.40534160222354,8,8.67238725277275e-08,1.90922004536925,0.974874371859296,1,8,0,1,0,1,1
4,CVF-AE,scene4_CVF-AE_run030.mat,398.017111089387,1,0,16.9450381513479,18.2149255344815,12,1.43737973578202,24,0,25,0,176.60092520895,1.3859687979123,8,2.05725701368147,4.27677686987,0.984924623115578,0.833333333333333,8,0,1,0,1,1
4,DBO,scene4_DBO_run028.mat,359.769250643811,1,4.44089209850063e-14,8.72899958004311,18,8,1.74679831972043,24,0,25,0,177.821806967019,1.39555031069669,8,0,2.42205650580328,0.919597989949749,1,8,0,1,0,1,1
4,DBO,scene4_DBO_run012.mat,359.900106901406,1,1.59872115546023e-14,11.3494642698151,19.4995895586705,8,4.17065859873838,24,0,25,0,168.720885252798,1.32412603297431,8,1.20303750446827,8.85721586421361,0.582914572864322,0.833333333333333,8,0,0,0,1,1
4,DBO,scene4_DBO_run029.mat,360.026898641222,1,4.44089209850063e-14,8.72899958004311,18,8,1.74679831972043,24,0,25,0,178.830637523029,1.40346763995958,8,1.05052893523812,5.16816015079578,0.889447236180904,0.833333333333333,8,0,1,0,1,1
4,DBO,scene4_DBO_run009.mat,362.383948254814,1,2.8421709430404e-14,9.17851606492566,18,8,1.92999237331912,24,0,25,0,174.378433621098,1.36852662431813,8,0.417415469080264,3.52348642063006,0.959798994974874,0.833333333333333,8,0,1,0,1,1
4,DBO,scene4_DBO_run013.mat,362.531262536575,1,1.13686837721616e-13,24.8544292313608,26,12,2.59179557195544,24,0.827272727272727,25,0.781818181818182,175.815570829024,1.3798053156735,8,0,0.870030845089929,0.964824120603015,1,8,1,1,0,1,1
4,DBO,scene4_DBO_run020.mat,363.299494417179,1,1.59872115546023e-14,10.4323720420769,18,8,2.67194849140179,24,0,25,0,176.98748472548,1.38900252736651,8,0,1.16791885109625,0.964824120603015,1,8,0,1,0,1,1
4,DBO,scene4_DBO_run024.mat,363.502945439093,1,0,8.73995040694882,18,8.0000000008728,1.74232507988976,24,0,25,0,177.806893351214,1.39543326823983,8,0.450791156022717,3.49294796795154,0.974874371859296,1,8,0,1,0,1,1
4,DBO,scene4_DBO_run022.mat,363.781026652474,1,0,18.0851788628316,21.0730173129331,12,1.82621301196383,24,0,25,0,166.516858665183,1.30682877319728,8,0.589660611562365,8.5831450437348,0.5678391959799,0.666666666666667,8,0,0,0,1,1
4,DBO,scene4_DBO_run006.mat,365.072681780515,1,0,12.2511623598991,21.9552695032759,9.1310725191061,4.1706869003416,24,0,25,0,175.634208213822,1.3783819770048,8,1.33094664918085,6.48425406483994,0.64321608040201,0.833333333333333,8,0,0,0,1,1
4,DBO,scene4_DBO_run016.mat,365.895501592633,1,6.03961325396085e-14,23.0630780393392,26,11.0026447477921,4.74618477028405,24,0.672727272727273,25,0.618181818181818,177.476614744703,1.39284123287705,8,1.36000456567821,4.42129587532483,0.92964824120603,1,8,1,1,0,1,1
4,DBO,scene4_DBO_run011.mat,367.447849667522,1,3.81916720471054e-14,10.5203507720647,21.1927170373112,8,4.22411965444336,24,0,25,0,176.410237423603,1.38447227505818,8,1.21423353373545,4.78642284014367,0.92964824120603,1,8,0,1,0,1,1
4,DBO,scene4_DBO_run002.mat,368.548316933073,1,0,13.1035774175656,18,10.4424081261534,1.66542779289745,24,0,25,0,178.042966934648,1.3972859800547,8,0.59532316930985,5.81108835596321,0.673366834170854,0.5,8,0,1,0,0,1
4,DBO,scene4_DBO_run018.mat,369.146800260142,1,0,10.1747213235314,18,8.19945562097443,1.53566978070291,24,0,25,0,177.120895208098,1.39004953641249,8,3.24757439631959e-08,1.25207828549617,0.974874371859296,1,8,0,1,0,1,1
4,DBO,scene4_DBO_run025.mat,373.771322824686,1,0,12.9213180944121,20.4981515329088,8.24254166781122,4.25033069702604,24,0,25,0,176.832867957308,1.38778909082269,8,0,1.60732948856238,0.939698492462312,1,8,0,1,0,1,1
4,DBO,scene4_DBO_run010.mat,373.915126242651,1,0,12.1452825632819,18,9.48572050396362,2.02265558273139,24,0,25,0,175.81527318606,1.37980297976354,8,0.365343212597198,4.25713968159035,0.829145728643216,0.833333333333333,8,0,1,0,1,1
4,DBO,scene4_DBO_run027.mat,376.770801211613,1,0,16.2011229748351,21.1040419449283,9.25549286260209,3.74798819628652,24,0,25,0,177.437552959742,1.39253467494094,8,0.700178392808709,3.82250087111749,0.889447236180904,0.833333333333333,8,0,1,0,1,1
4,DBO,scene4_DBO_run007.mat,376.865789363864,1,0,11.5314230981038,18.7348447867077,8.07966167698022,3.5912854475457,24,0,25,0,177.274722734712,1.39125677896739,8,0,1.6504164424732,0.949748743718593,1,8,0,1,0,1,1
4,DBO,scene4_DBO_run019.mat,377.22450819848,1,0,11.954566076786,18,8.36591798006126,2.2213487178876,24,0,25,0,176.021383670481,1.38142054037366,8,0.180639352619721,2.98559577099834,0.934673366834171,1,8,0,1,0,1,1
4,DBO,scene4_DBO_run001.mat,380.93862293133,1,0,10.3209285375744,18,8.1054960085394,2.21592480072563,24,0,25,0,179.706441802744,1.41034097543802,8,5.26202453326224e-10,1.07161791064914,0.984924623115578,1,8,0,1,0,1,1
4,DBO,scene4_DBO_run017.mat,382.25769543662,1,0,20.1375339848283,23.3138886067711,12,1.88586000402465,24,0,25,0,180.358068270429,1.41545495743464,8,0.177254807321361,2.49151282137672,1,1,8,0,1,0,1,1
4,DBO,scene4_DBO_run008.mat,385.020930432759,1,0,9.0241559927679,18,8.02689169515918,1.9132940204553,24,0,25,0,182.653622398665,1.43347052780545,8,0.266074730310276,2.95205702998992,1,1,8,0,1,0,1,1
4,DBO,scene4_DBO_run005.mat,385.866408879089,1,0,20.3138585078111,25.9999997808838,10.988621313942,4.52961333398369,24,0.313636363636364,25,0.25,178.407858065378,1.40014965543595,8,0,1.86726470789635,0.924623115577889,1,8,1,1,0,1,1
4,DBO,scene4_DBO_run030.mat,386.279612455613,1,0,10.0828499845948,18,8.00000052783481,2.33583112309639,24,0,25,0,179.147760507296,1.40595642964613,8,0.492307078885521,4.686631890747,0.964824120603015,0.833333333333333,8,0,1,0,1,1
4,DBO,scene4_DBO_run014.mat,387.786830308712,1,0,11.5849233432127,21.6977122393695,8.14398316654804,4.27410486088666,24,0,25,0,179.560693539165,1.40919713915612,8,0,1.34221780009522,0.959798994974874,1,8,0,1,0,1,1
4,DBO,scene4_DBO_run015.mat,392.030768169589,1,0,9.0384310002646,18,8.00000002466206,1.65556666389063,24,0,25,0,177.607575349687,1.39386901521765,8,0,3.58575981211216,0.824120603015075,1,8,0,1,0,1,1
4,DBO,scene4_DBO_run023.mat,395.175310796827,1,0,12.8171182412519,18.7354505870668,9.80953490126202,2.77474552096048,24,0,25,0,176.080199538941,1.38188212888692,8,2.39776210180836,4.36816711118028,0.944723618090452,1,8,0,1,0,1,1
4,DBO,scene4_DBO_run003.mat,395.785223052229,1,4.2632564145606e-14,22.166701959802,26,12,4.03858535613289,24,0.495454545454545,25,0.436363636363636,181.541449991863,1.42474216892567,8,0,1.5373897470916,0.944723618090452,1,8,1,1,0,1,1
4,DBO,scene4_DBO_run026.mat,401.570947982584,1,0,21.5950151528963,25.9999998985591,12,3.48184420266287,24,0.354545454545455,25,0.277272727272727,177.119810818953,1.39004102609739,8,1.79533600430659e-07,2.90525265395703,0.919597989949749,1,8,1,1,0,1,1
4,DBO,scene4_DBO_run004.mat,405.915950583008,1,3.81916720471054e-14,8.78172371618681,18,8,1.78013154688675,24,0,25,0,180.384969592931,1.41566607973519,8,0.337947016976285,1.86417766667836,0.974874371859296,1,8,0,1,0,1,1
4,DBO,scene4_DBO_run021.mat,431.310671439287,1,0,12.0008347046044,18,9.93241105451743,1.53346569220292,24,0,25,0,181.487635729693,1.42431983315272,8,0.735628704771047,5.1553309410798,0.969849246231156,0.666666666666667,8,0,1,0,1,1
4,GWO,scene4_GWO_run001.mat,339.656913131032,1,0,14.1000503108648,18,12,1.24085928929584,24,0,25,0,172.976544816921,1.35752456338084,8,0.0403387294640611,2.64454444769242,0.949748743718593,0.833333333333333,8,0,1,0,1,1
4,GWO,scene4_GWO_run012.mat,344.037083410766,1,0,15.4589499468634,18,12,0.957002542066342,24,0,25,0,173.538640386049,1.36193590448414,8,0.160933663909071,2.1440534193024,0.964824120603015,1,8,0,1,0,1,1
4,GWO,scene4_GWO_run019.mat,344.954727939338,1,0,13.0297184298068,18,12,1.21547578380159,24,0,25,0,173.863707746733,1.3644870418499,8,0.0471458856628749,2.35547554709856,0.964824120603015,0.833333333333333,8,0,1,0,1,1
4,GWO,scene4_GWO_run009.mat,347.275153276076,1,0,11.9552733805516,18,11.528396004299,1.06723079722413,24,0,25,0,173.915660578866,1.36489476906998,8,0.0641397555395655,2.44521689838646,0.964824120603015,0.833333333333333,8,0,1,0,1,1
4,GWO,scene4_GWO_run016.mat,350.244132305545,1,0,11.3069320113756,18,10.4627156787281,1.16551907651396,24,0,25,0,174.543669520929,1.36982340009204,8,0.079481705602108,1.62368853827894,0.964824120603015,1,8,0,1,0,1,1
4,GWO,scene4_GWO_run024.mat,354.101172318652,1,0,11.4200709082531,18,10.705591153192,1.28664642953319,24,0,25,0,174.618791139133,1.37041295656665,8,0.0176701367641492,1.65741134368175,0.959798994974874,1,8,0,1,0,1,1
4,GWO,scene4_GWO_run022.mat,354.312335353114,1,0,12.4912191790191,18,11.9027585758538,1.23905890531258,24,0,25,0,174.713264803492,1.37115438841856,8,0.00738173790183135,1.42396461252862,0.959798994974874,1,8,0,1,0,1,1
4,GWO,scene4_GWO_run027.mat,355.329323389879,1,0,14.36436300383,18,12,1.78693013000574,24,0,25,0,175.62371955678,1.37829966174301,8,0.469526350466535,2.85384020363345,0.959798994974874,1,8,0,1,0,1,1
4,GWO,scene4_GWO_run002.mat,410.42136030172,1,0,10.6018554850899,18,8.9501812644716,1.55348479708388,24,0,25,0,179.52900360693,1.40894843571793,8,0.000685293148967158,1.92527222079924,0.964824120603015,1,8,0,1,0,1,1
4,GWO,scene4_GWO_run011.mat,412.421109396036,1,0,10.8540109830918,18,10.0044755666357,1.42683003685329,24,0,25,0,177.635890693673,1.39409123479673,8,0.0188843464179135,2.30442692266911,0.979899497487437,0.833333333333333,8,0,1,0,1,1
4,GWO,scene4_GWO_run030.mat,414.662913717644,1,0,15.0544356110453,18,12,1.26806737525146,24,0,25,0,176.134842651101,1.38231096949682,8,0.00236497828204642,2.13582067853531,0.969849246231156,1,8,0,1,0,1,1
4,GWO,scene4_GWO_run020.mat,420.294626973045,1,0,12.1659431127255,18,9.41936248468065,2.37356215888119,24,0,25,0,182.938857556883,1.43570906097786,8,0.0196956535143181,1.62183261519769,0.974874371859296,1,8,0,1,0,1,1
4,GWO,scene4_GWO_run029.mat,435.697683090229,1,0,13.5000026037171,18,12,1.2914548957704,24,0,25,0,179.284501633578,1.40702957767292,8,9.15408323476897e-05,2.89641343159956,0.974874371859296,1,8,0,1,0,1,1
4,GWO,scene4_GWO_run017.mat,448.439094274867,1,0,12.0300966244677,18,9.99464988928957,2.14080184934149,24,0,25,0,182.741149565937,1.4341574433619,8,0.806885934584341,4.2057898840511,0.949748743718593,1,8,0,1,0,1,1
4,GWO,scene4_GWO_run015.mat,475.815648974545,1,0,18.3301007486622,19.4345367111604,12,1.23625137412795,24,0,25,0,192.257873649476,1.50884494923153,8,0.413330833555997,3.68908133737791,0.984924623115578,1,8,0,1,0,1,1
4,GWO,scene4_GWO_run018.mat,697.237978643108,0,2,12.7831213080427,18,12,0.93556848059876,24,0,25,0,164.56057573576,1.29147581229483,8,0.0558385963803287,1.7487313768475,0.92964824120603,1,8,0,1,0,1,1
4,GWO,scene4_GWO_run028.mat,710.443399404566,0,2,13.5742857585124,18,12,1.09365307207805,24,0,25,0,163.990178686383,1.28699932095186,8,0.26150262254888,2.46413246967049,0.92964824120603,1,8,0,1,0,1,1
4,GWO,scene4_GWO_run004.mat,725.571256663704,0,2,9.90746219619259,18,8.44143203531613,2.21533073335913,24,0,25,0,168.069141102765,1.31901112740347,8,0.0110069916767291,1.4950001532295,0.92964824120603,1,8,0,1,0,1,1
4,GWO,scene4_GWO_run013.mat,915.521232004957,0,3,13.7954969118863,18,10.6915428483784,1.66624199548383,24,0,25,0,151.05521923419,1.18548541222354,8,0.00798723804817882,2.00547170170152,0.92964824120603,1,8,0,1,0,1,1
4,GWO,scene4_GWO_run007.mat,916.869383644905,0,3,14.0971114219018,18,12,1.23115379314273,24,0,25,0,149.192673515007,1.17086810346131,8,0.000530065309105887,2.01842615272203,0.92964824120603,1,8,0,1,0,1,1
4,GWO,scene4_GWO_run026.mat,929.722491166119,0,3,16.8891785233487,18.4776038373372,12,1.69960276826145,24,0,25,0,158.709459217298,1.24555609291656,8,0.119742942288419,2.59362945801856,0.92964824120603,1,8,0,1,0,1,1
4,GWO,scene4_GWO_run008.mat,943.898529648906,0,3,9.22746333430244,18,8.08565902686349,1.68669167626277,24,0,25,0,158.279534931287,1.24218203558832,8,0.0453657866198169,2.27658206344069,0.92964824120603,1,8,0,1,0,1,1
4,GWO,scene4_GWO_run005.mat,962.177357048615,0,3,19.4477788773327,21.7407096303707,12,1.69706977767347,24,0,25,0,161.061642946511,1.26401609391479,8,0.213649298984854,2.68258800425776,0.92964824120603,1,8,0,1,0,1,1
4,GWO,scene4_GWO_run006.mat,978.436592257799,0,3,13.8001698962465,18,12,1.10032771939213,24,0,25,0,157.486146317588,1.23595550046737,8,0.018229805448377,2.00236228865671,0.92964824120603,1,8,0,1,0,1,1
4,GWO,scene4_GWO_run010.mat,979.373953187869,0,3,10.4814942277825,18,9.46021553414902,1.42482589112959,24,0,25,0,157.498328257167,1.23605110465593,8,0.00215736705562148,1.91388480586074,0.92964824120603,1,8,0,1,0,1,1
4,GWO,scene4_GWO_run014.mat,1013.39210274469,0,3,9.91992720522199,18,8.33443711658512,1.4980353114491,24,0,25,0,166.297781256467,1.30510944781748,8,0.00524893940133526,3.83152942499044,0.85427135678392,1,8,0,1,0,1,1
4,GWO,scene4_GWO_run021.mat,1029.03206496185,0,3,13.2115996075584,18.7756536735857,10.4049888270885,2.94557901928463,24,0,25,0,167.297278983316,1.31295353278679,8,0.0435589530446085,1.93739680575778,0.92964824120603,1,8,0,1,0,1,1
4,GWO,scene4_GWO_run023.mat,1397.41948638042,0,6,15.4532361039262,21.3163076912426,12,2.70264026517015,24,0,25,0,161.671281394498,1.26880055280661,8,0.0277283755444104,2.75703926352213,0.924623115577889,1,8,0,1,0,1,1
4,GWO,scene4_GWO_run025.mat,1439.21863858169,0,4,14.088253719664,19.1991241706009,9.38276825003138,3.2474850346503,24,0,25,0,231.962487928328,1.82044782706766,8,2.84638646352118,13.2195777529402,0.391959798994975,0.666666666666667,8,0,0,1,1,1
4,GWO,scene4_GWO_run003.mat,1508.62820738804,0,7,9.40544595582466,18,8.511166850283,1.70845475786983,24,0,25,0,149.674586944989,1.17465017298592,8,0.077066370790074,2.57382509946939,0.924623115577889,1,8,0,1,0,1,1
4,HHO,scene4_HHO_run030.mat,337.070154186255,1,0,14.0949063818428,18,12,0.874283694727806,24,0,25,0,173.453072981599,1.36126436919889,8,0.19177024876783,3.66982127019133,0.924623115577889,1,8,0,1,0,1,1
4,HHO,scene4_HHO_run026.mat,347.188761754111,1,0,11.3167047503221,18,10.3176948400908,1.27577095635847,24,0,25,0,172.307878643242,1.35227685331453,8,4.04178764990695,7.25377981914956,0.527638190954774,0.833333333333333,8,0,0,0,1,1
4,HHO,scene4_HHO_run021.mat,366.955824397422,1,0,20.3655625324948,24.1915741671558,12,3.40510545012982,24,0.1,25,0,174.659473062054,1.37073222938892,8,5.07173675595413,7.90956542195464,0.50251256281407,0.666666666666667,8,0,0,0,1,1
4,HHO,scene4_HHO_run017.mat,387.384793631222,1,0,22.3210402248795,24.54387208424,12,2.40020488587564,24,0.140909090909091,25,0,180.410517830304,1.41586658298736,8,5.02147614759525,7.47649244044146,0.603015075376884,0.833333333333333,8,0,0,0,1,1
4,HHO,scene4_HHO_run012.mat,401.340648963764,1,0,20.1208826754202,22.3176466530549,12,2.25047122004316,24,0,25,0,183.28170993136,1.4383997756089,8,3.26822090099389,7.38529208699076,0.507537688442211,0.833333333333333,8,0,0,0,1,1
4,HHO,scene4_HHO_run028.mat,412.465147199305,1,0,10.164522899428,18,8.05117626008431,2.25432486469913,24,0,25,0,167.415046811428,1.31387777786063,8,0.634858014053196,3.04407559169654,0.924623115577889,1,8,0,1,0,1,1
4,HHO,scene4_HHO_run008.mat,426.6684746174,1,0,14.7603893483473,18.4076406727055,12,1.77552274693252,24,0,25,0,173.69116819765,1.36313294684076,8,3.70964232656729,6.43402976737248,0.949748743718593,0.833333333333333,8,0,1,0,1,1
4,HHO,scene4_HHO_run019.mat,462.384265959082,1,0,20.3911757945015,21.4632761429913,12,1.69884188354614,24,0,25,0,187.48261853761,1.47136861902948,8,2.10935572366106,5.8722143947223,0.934673366834171,1,8,0,1,0,1,1
4,HHO,scene4_HHO_run001.mat,472.911053116327,1,0,24.1572160538917,25.7235566140957,12,2.46413442910545,24,0.781818181818182,25,0.663636363636364,188.762376779898,1.48141219604123,8,2.87030049660517,5.43442550799812,0.934673366834171,1,8,1,1,0,1,1
4,HHO,scene4_HHO_run029.mat,485.923721663002,1,0,13.6781701716684,18,11.094684856108,2.11417082457367,24,0,25,0,177.740774031084,1.39491436204196,8,0.657545278115635,4.45771651348195,0.894472361809045,0.833333333333333,8,0,1,0,1,1
4,HHO,scene4_HHO_run002.mat,528.888931273043,0,1,9.42734621074156,18,8.43889300705758,1.5278654091719,24,0,25,0,164.039008336117,1.28738253735271,8,1.43207980715287,3.65817533205733,0.924623115577889,1,8,0,1,0,1,1
4,HHO,scene4_HHO_run015.mat,538.132176744319,0,1,8.94363760302755,18,8.0014595902627,1.70531645479431,24,0,25,0,165.078760223695,1.29554253805513,8,0.738572924825906,3.09930150981595,0.924623115577889,1,8,0,1,0,1,1
4,HHO,scene4_HHO_run020.mat,735.864541544023,0,2,11.0058985625935,18,8.67451349422844,1.959388908975,24,0,25,0,166.977907282269,1.31044709511063,8,4.82724360910564e-08,2.61654812245231,0.904522613065327,0.833333333333333,8,0,1,0,1,1
4,HHO,scene4_HHO_run027.mat,879.110428187261,0,3,9.30000010362154,18,8.08647544942258,1.83086772485304,24,0,25,0,154.50061268489,1.21252495243858,8,1.28688732708086,5.3864137789081,0.919597989949749,1,8,0,1,0,1,1
4,HHO,scene4_HHO_run010.mat,1049.76646081122,0,4,21.3289203268899,24.6734857685186,12,4.06497165625325,24,0.390909090909091,25,0,160.802777593424,1.26198451168036,8,1.27438592523286,5.89019987737487,0.92964824120603,1,8,0,1,0,1,1
4,HHO,scene4_HHO_run005.mat,1231.83877724321,0,5,9.09538466193247,18,8.12093709947786,1.62473311709081,24,0,25,0,156.509632626543,1.22829179482754,8,0.538962788132906,4.99332134134391,0.894472361809045,1,8,0,1,0,1,1
4,HHO,scene4_HHO_run022.mat,1232.77323915255,0,5,9.92358896684167,18,8.41051991061615,1.48076311045225,24,0,25,0,155.021678801098,1.21661429329486,8,0.792890730730313,5.70465491416765,0.85427135678392,1,8,0,1,0,1,1
4,HHO,scene4_HHO_run009.mat,1304.58143359211,0,6,9.59427139040548,18,8.30042237298033,2.19831901384172,24,0,25,0,144.590135346211,1.13474726046118,8,1.31384334514679,4.13397705952585,0.924623115577889,1,8,0,1,0,1,1
4,HHO,scene4_HHO_run007.mat,1342.73424808403,0,6,9.32219261194925,18,8.10205829107705,1.6540304869808,24,0,25,0,148.551289670905,1.16583450584931,8,0.0200091698954326,3.00711988911582,0.919597989949749,1,8,0,1,0,1,1
4,HHO,scene4_HHO_run018.mat,1359.78384102322,0,6,10.3898790097926,18,9.20828921545773,1.39678173640662,24,0,25,0,147.536616218744,1.1578713213807,8,0.400581411507998,3.35661889286574,0.924623115577889,1,8,0,1,0,1,1
4,HHO,scene4_HHO_run014.mat,1438.2826705897,0,6,10.1957996242483,18,8.64015996432054,1.91787563511544,24,0,25,0,165.877920908766,1.30181437254703,8,1.09996879357598,5.21465509319882,0.874371859296482,0.833333333333333,8,0,1,0,1,1
4,HHO,scene4_HHO_run003.mat,1463.93128255232,0,7,8.88335603896465,18,8.0264363302304,1.75781306477852,24,0,25,0,142.441151303986,1.11788197605674,8,0.599093008303343,3.05574249492228,0.919597989949749,1,8,0,1,0,1,1
4,HHO,scene4_HHO_run024.mat,1471.52090738897,0,7,8.80730719524113,18,8.0003333190657,1.7282589649842,24,0,25,0,143.783752496135,1.1284187462246,8,0.27169335162705,3.02217245582262,0.924623115577889,1,8,0,1,0,1,1
4,HHO,scene4_HHO_run013.mat,1471.79676567153,0,7,8.79810041250314,18,8.00000000054728,1.74335392786251,24,0,25,0,141.932549663532,1.11389045674051,8,0.946163698677646,3.89977040829455,0.924623115577889,1,8,0,1,0,1,1
4,HHO,scene4_HHO_run006.mat,1487.28780043183,0,7,12.2568621464452,18,10.2525369372822,1.95281995606286,24,0,25,0,145.313544698054,1.14042459645807,8,2.37420036734721,5.9838067083932,0.924623115577889,1,8,0,1,0,1,1
4,HHO,scene4_HHO_run004.mat,1487.369001114,0,7,8.73108801067318,18,8.00000000000001,1.74703580192881,24,0,25,0,144.206810914101,1.13173892003627,8,0.0878844853489137,2.12221008093288,0.924623115577889,1,8,0,1,0,1,1
4,HHO,scene4_HHO_run016.mat,1496.52402469172,0,7,9.00120466227998,18,8.01195205010395,1.75179065217969,24,0,25,0,142.592591071859,1.119070479417,8,0.0663641814985553,2.24253341391953,0.924623115577889,1,8,0,1,0,1,1
4,HHO,scene4_HHO_run011.mat,1498.56135029229,0,7,9.31176359156117,18,8.25852789961774,1.64135599251827,24,0,25,0,144.294383117097,1.13242618903429,8,1.49159077723138,4.31915575779502,0.924623115577889,1,8,0,1,0,1,1
4,HHO,scene4_HHO_run023.mat,1530.14681010054,0,7,8.79953308970627,18,8.00000004894497,1.73208870568763,24,0,25,0,151.651127363845,1.19016211520879,8,0.784178329263352,3.05515098853308,0.924623115577889,1,8,0,1,0,1,1
4,PSO,scene4_PSO_run004.mat,437.434026319242,1,0,17.953155323911,21.9893699663125,12,1.78768703352203,24,0,25,0,177.166231408214,1.39040533612703,8,1.55067105140155,12.7611720418362,0.582914572864322,0.833333333333333,8,0,0,0,1,1
4,PSO,scene4_PSO_run022.mat,1823.28515082734,0,7,23.0396090465131,25.9999999369157,12,2.60371024471788,24,0.404545454545455,25,0.313636363636364,208.129974751688,1.6334096244106,8,0.546132482523845,18.9600225747717,0.371859296482412,0.833333333333333,8,1,0,0,1,1
4,PSO,scene4_PSO_run011.mat,1976.2214167273,0,8,13.2281892559825,18.0201674828898,10.2636158382282,2.04877835584138,24,0,25,0,239.27021493756,1.87779906464738,8,5.87333663753387,29.5990367762039,0.0201005025125628,0.333333333333333,8,0,0,1,0,1
4,PSO,scene4_PSO_run016.mat,2443.48970121946,0,10,9.92376328281316,18,8.1058279041805,2.37641816336236,24,0,25,0,256.691610924501,2.01452264763771,8,5.01679191089063,23.7430355048208,0.085427135678392,0.333333333333333,8,0,0,1,0,1
4,WOA,scene4_WOA_run020.mat,764.80276085746,1,0,22.3839688050819,24.872299524358,12,1.97938128651724,24,0.159090909090909,25,0,297.579376701471,2.33541093016611,8,0.329684208009412,3.12874852638201,0.869346733668342,1,8,0,1,1,1,1
4,WOA,scene4_WOA_run022.mat,955.916628284813,0,2,11.2327940758519,18,8.13732144200885,2.57674405673665,24,0,25,0,186.671581071716,1.46500357524313,8,0.0867896776059671,1.71256004403849,0.92964824120603,1,8,0,1,0,1,1
4,WOA,scene4_WOA_run007.mat,1138.78622425745,0,2,19.2365584556438,22.9623693175047,12,2.36972038417879,24,0,25,0,313.276540633907,2.45860269374453,8,0,1.42787190112203,0.92964824120603,1,8,0,1,1,1,1
4,WOA,scene4_WOA_run004.mat,1151.37370435852,0,3,9.58611924901368,18,8.11855616134792,1.63317482117001,24,0,25,0,212.685778846592,1.66916369714531,8,0,3.91624977763144,0.85427135678392,1,8,0,1,0,1,1
4,WOA,scene4_WOA_run018.mat,1247.61715173484,0,5,22.7918787058654,23.9624467657438,12,2.12088617225236,24,0,25,0,142.453342448004,1.117977652482,8,4.13955295059374,7.63338171505292,0.889447236180904,0.833333333333333,8,0,1,0,1,1
4,WOA,scene4_WOA_run024.mat,1269.03276365209,0,4,24.8407599284621,25.9847416498352,12,2.58849836397973,24,0.827272727272727,25,0.781818181818182,235.344181774572,1.84698745107835,8,0.0586877305994449,4.68968011035018,0.814070351758794,1,8,1,1,1,1,1
4,WOA,scene4_WOA_run019.mat,1315.32014469416,0,4,19.6050823721959,22.6322810277438,12,2.28790176508783,24,0,25,0,249.708750349556,1.95972097054799,8,8.29768371343181,11.1433102595838,0,0.5,8,0,0,1,0,1
4,WOA,scene4_WOA_run015.mat,1415.2970702819,0,6,8.75581850715146,18,8.01371796913922,1.73884047566524,24,0,25,0,150.527427357861,1.18134328742143,8,1.30515391141715e-09,1.90647844023308,0.92964824120603,1,8,0,1,0,1,1
4,WOA,scene4_WOA_run021.mat,1455.28713101269,0,6,12.3184833869218,18,11.9996083902919,1.00612973864545,24,0,25,0,152.13213544879,1.19393707956126,8,0.908136589335951,4.31375546243855,0.92964824120603,1,8,0,1,0,1,1
4,WOA,scene4_WOA_run013.mat,1479.96327077517,0,7,23.2026855167386,24.2362845612404,12,2.20510894515686,24,0.695454545454545,25,0,146.252604449172,1.14779436257274,8,6.53858252357497,10.2264282720195,0.673366834170854,0.833333333333333,8,1,1,0,1,1
4,WOA,scene4_WOA_run017.mat,1500.6974943595,0,5,23.5309552118223,25.8278131380238,12,2.56539934614259,24,0.695454545454545,25,0.268181818181818,236.055359624222,1.85256879391795,8,1.04755546059401,7.94193276919266,0.49748743718593,0.833333333333333,8,1,0,1,1,1
4,WOA,scene4_WOA_run012.mat,1505.11060735816,0,6,10.1316058460729,18,8.18087590707174,2.08634533484759,24,0,25,0,160.609657770274,1.26046890212833,8,1.70067063189895,4.09778105068701,0.924623115577889,1,8,0,1,0,1,1
4,WOA,scene4_WOA_run008.mat,1516.72970599671,0,6,9.62698986549597,18,8.00000010872429,2.52098553232003,24,0,25,0,162.407507132543,1.27457847214617,8,0,1.84776069400876,0.92964824120603,1,8,0,1,0,1,1
4,WOA,scene4_WOA_run009.mat,1529.74098943584,0,6,12.2595071115793,18,11.9401116178808,1.0161666191221,24,0,25,0,163.074223975975,1.27981088381642,8,0.254890880006485,2.47122260102689,0.924623115577889,1,8,0,1,0,1,1
4,WOA,scene4_WOA_run003.mat,1596.26994230698,0,6,12.8036502833627,18,11.7782757381644,1.31106825148375,24,0,25,0,192.54946725778,1.51113338369076,8,0,1.88105098923589,0.92964824120603,1,8,0,1,0,1,1
4,WOA,scene4_WOA_run029.mat,1678.16652591465,0,7,9.05854228452435,18,8.00000002626496,1.6523011701779,24,0,25,0,153.486005019446,1.2045622842659,8,0,1.85289216644902,0.92964824120603,1,8,0,1,0,1,1
4,WOA,scene4_WOA_run030.mat,1705.48010161254,0,8.21886563818567,24.8525509020972,25.9979033162232,12,2.59134247280406,24,0.827272727272727,25,0.781818181818182,163.929429459548,1.28652255939022,8,0.00806416837251334,2.31064880283303,0.924623115577889,1,8,1,1,0,1,1
4,WOA,scene4_WOA_run025.mat,1771.20004660815,0,7,10.5872159696007,18,8.36339790268417,1.51342035824053,24,0,25,0,203.108143560272,1.59399815852246,8,0,1.84912391347034,0.92964824120603,1,8,0,1,0,1,1
4,WOA,scene4_WOA_run001.mat,1782.78461881136,0,7,23.7863896401081,25.9151778486476,12,2.35746111408283,24,0.536363636363636,25,0.318181818181818,193.35938353434,1.51748962835316,8,0.327258134226653,2.81394810178404,0.924623115577889,1,8,1,1,0,1,1
4,WOA,scene4_WOA_run002.mat,1797.1201388706,0,7,24.5047500561084,25.7469933929133,12,2.51913063957695,24,0.809090909090909,25,0.740909090909091,232.549326793423,1.8250533542214,8,1.29196680075482,6.5825428585964,0.78391959798995,1,8,1,1,1,1,1
4,WOA,scene4_WOA_run005.mat,1808.85451696235,0,9.45619933228726,8.8341667962957,18,8.11739283439137,1.72288196613761,24,0,25,0,138.917729861039,1.09023007006563,8,1.5158826619233,3.64232886821215,0.919597989949749,1,8,0,1,0,1,1
4,WOA,scene4_WOA_run014.mat,1942.85975565625,0,7,19.5456459335009,23.2605133306346,12,2.25692310580375,24,0,25,0,293.312980997052,2.30192814224258,8,0,1.84912391347034,0.92964824120603,1,8,0,1,1,1,1
4,WOA,scene4_WOA_run023.mat,2038.8881959421,0,9,12.0948684781594,18,11.5107159063945,1.09121892439579,24,0,25,0,163.669863375118,1.28448547779741,8,0.80861088791991,4.02021707377167,0.924623115577889,1,8,0,1,0,1,1
4,WOA,scene4_WOA_run028.mat,2051.26254082982,0,10,8.73357910181446,18,8.00438819543546,1.74576792476589,24,0,25,0,134.212384251666,1.0533023915143,8,3.75356162185961,5.53609298256197,0.914572864321608,1,8,0,1,0,1,1
4,WOA,scene4_WOA_run026.mat,2078.94775657683,0,10,24.3401033870556,25.4740232243467,12,2.47381641893667,24,0.804545454545455,25,0.731818181818182,150.070599059909,1.17775808668584,8,0,1.84912391347034,0.92964824120603,1,8,1,1,0,1,1
4,WOA,scene4_WOA_run027.mat,2084.93277592789,0,10,20.1256748051864,20.7953846654601,12,1.49730967813302,24,0,25,0,139.425448494821,1.09421465952183,8,3.02828271584854,4.76484496577796,0.914572864321608,1,8,0,1,0,1,1
4,WOA,scene4_WOA_run010.mat,2125.3269794386,0,10,9.32548684565937,18,8.35351464223098,1.63893539423659,24,0,25,0,150.002943803907,1.17722712642205,8,5.35707931756431e-08,2.22835973323839,0.92964824120603,1,8,0,1,0,1,1
