Scene,Algorithm,RunFile,BestFitness,Feasible,Violation,MeanZ,MaxZ,MinZ,StdZ,HighThreshold,HighAltitudeFrac,VeryHighThreshold,VeryHighAltitudeFrac,PathLength,DetourRatio,BoundaryBand,MinBoundaryDist,MeanBoundaryDist,BoundaryHugFrac,ControlPointBoundaryHugFrac,NumControlPoints,HighAltitudeFlag,BoundaryHugFlag,ExcessiveDetourFlag,ControlPointEdgeFlag,VisualReviewFlag
1,BASE_AE,scene1_BASE_AE_run001.mat,1102.11185599304,0,4,22.8314397657543,25.7926654916233,12,2.34035291569546,24,0.272727272727273,32,0,160.804834570482,1.26200065489149,8,11.868591543016,29.4501367685716,0,0,8,0,0,0,0,0
1,BASE_AE,scene1_BASE_AE_run002.mat,1695.9223226866,0,7,23.1957203250159,28.8533342479507,12,3.05038225771644,24,0.286363636363636,32,0,184.342099177126,1.44672173885193,8,35.7913034237325,42.3016954002411,0,0,8,0,0,0,0,0
1,BASE_AE,scene1_BASE_AE_run003.mat,1180.03983185017,0,4,23.3197341450369,27.4508500406387,12,3.0576924538576,24,0.395454545454545,32,0,172.800447664265,1.35614254820343,8,15.6089011136017,35.1846302455043,0,0,8,0,0,0,0,0
1,BASE_AE,scene1_BASE_AE_run004.mat,598.539665636858,1,0,24.2794222373021,31.8625830131269,12,4.18878166661469,24,0.5,32,0,175.895656223986,1.38043382800125,8,17.8059332870494,36.2360704055715,0,0,8,0,0,0,0,0
1,BASE_AE,scene1_BASE_AE_run005.mat,369.697138968983,1,0,21.2801086835597,26.0220394808056,12,2.68883119365256,24,0.222727272727273,32,0,146.456302419225,1.14939298970539,8,8.90366384926674,28.0567542859063,0,0,8,0,0,0,0,0
1,BASE_AE,scene1_BASE_AE_run006.mat,1006.40327019904,0,3,23.9733360501443,32.0227137393203,12,5.27218838892597,24,0.459090909090909,32,0.0227272727272727,162.890787938985,1.27837127287791,8,14.1650989424743,29.2027787291029,0,0,8,0,0,0,0,0
1,BASE_AE,scene1_BASE_AE_run007.mat,1258.54948270679,0,4,25.0468884776656,26.9436419720264,12,2.45181834133711,24,0.868181818181818,32,0,185.950870629987,1.4593474203652,8,17.127350797999,41.1657061783207,0,0,8,1,0,0,0,1
1,BASE_AE,scene1_BASE_AE_run008.mat,392.78903611447,1,0,24.9731215716525,31.2469429783599,12,3.67074286729388,24,0.490909090909091,32,0,146.243519428785,1.14772306308906,8,11.7667378804472,35.2426612225139,0,0,8,0,0,0,0,0
1,BASE_AE,scene1_BASE_AE_run009.mat,482.559323463985,0,1,25.3597938488949,28.7065012902667,12,3.19681949818295,24,0.786363636363636,32,0,138.006687654077,1.083080186389,8,11.1154499944275,28.0358554824545,0,0,8,1,0,0,0,1
1,BASE_AE,scene1_BASE_AE_run010.mat,804.324849450053,0,1,19.3849059882168,25.2871047009699,12,4.24632522517533,24,0.195454545454545,32,0,213.069309084226,1.67217365273749,8,14.0619715795352,27.9041343294914,0,0.166666666666667,8,0,0,0,0,0
1,BASE_AE,scene1_BASE_AE_run011.mat,442.295398634212,1,0,24.3973463949644,30.2773242815765,12,3.36932896850997,24,0.527272727272727,32,0,152.728474797709,1.19861716676687,8,12.5628348643643,24.0246776355349,0,0,8,1,0,0,0,1
1,BASE_AE,scene1_BASE_AE_run012.mat,403.174953120409,1,0,20.8725686887865,26.7196485555563,12,2.82169298948737,24,0.186363636363636,32,0,148.893210242397,1.16851790766553,8,10.904093680471,31.9981422501562,0,0,8,0,0,0,0,0
1,BASE_AE,scene1_BASE_AE_run013.mat,1532.96817979002,0,6,27.8967811442005,32.134967285639,12,3.73362157884155,24,0.877272727272727,32,0.0545454545454545,172.32720507458,1.35242852766605,8,17.9065130257237,40.0371803683661,0,0,8,1,0,0,0,1
1,BASE_AE,scene1_BASE_AE_run014.mat,388.508029627643,1,0,23.4815183830879,27.1625875319994,12,2.84463984762682,24,0.495454545454545,32,0,146.608932424005,1.15059083407682,8,14.0704155235494,31.2069001082626,0,0,8,0,0,0,0,0
1,BASE_AE,scene1_BASE_AE_run015.mat,540.269795338471,1,0,28.279509124887,36.4978897428756,12,6.92805253023572,24,0.727272727272727,32,0.377272727272727,180.229124798012,1.41444300560452,8,12.1923631672638,27.4276284389346,0,0,8,1,0,0,0,1
1,BASE_AE,scene1_BASE_AE_run016.mat,557.66112559308,1,0,26.1406359080606,32.539967947781,12,4.98283678389172,24,0.636363636363636,32,0.145454545454545,175.574700972739,1.37791496258065,8,10.6200851844881,30.363331059484,0,0,8,1,0,0,0,1
1,BASE_AE,scene1_BASE_AE_run017.mat,1040.14855945453,0,4,23.1199805135282,28.2107519212484,12,2.99926224792969,24,0.418181818181818,32,0,153.604816081109,1.20549471666463,8,11.9800140800085,38.8579962405029,0,0,8,0,0,0,0,0
1,BASE_AE,scene1_BASE_AE_run018.mat,356.931386959883,1,0,25.0660606489276,27.4358276005812,12,3.02630439615921,24,0.795454545454545,32,0,150.175990954386,1.17858520510056,8,11.4479521598828,33.4503905572655,0,0,8,1,0,0,0,1
1,BASE_AE,scene1_BASE_AE_run019.mat,542.998545397238,1,0,26.2292274473383,31.7517215429354,12,5.26382665176251,24,0.722727272727273,32,0,160.81548624628,1.26208424952885,8,16.99562830629,33.9445818626247,0,0,8,1,0,0,0,1
1,BASE_AE,scene1_BASE_AE_run020.mat,575.458923291388,1,0,22.4939725853986,26.8210083800557,12,3.32647962908437,24,0.390909090909091,32,0,181.513415687935,1.42452215495649,8,15.6140889503696,32.5239103856081,0,0,8,0,0,0,0,0
1,BASE_AE,scene1_BASE_AE_run021.mat,583.399294375177,1,0,24.4115799469459,30.1828145085156,12,3.9374691144947,24,0.672727272727273,32,0,213.893817715067,1.67864441858768,8,6.31947109992481,13.7599344891233,0.185929648241206,0.166666666666667,8,1,0,0,0,1
1,BASE_AE,scene1_BASE_AE_run022.mat,304.300558833919,1,0,24.0735437810132,26.3278604481164,12,2.66364047637045,24,0.622727272727273,32,0,139.510441947436,1.09488169041768,8,12.9146337750664,26.9694759590399,0,0,8,1,0,0,0,1
1,BASE_AE,scene1_BASE_AE_run023.mat,950.420021783767,0,3,24.4474008499974,27.2501063147949,12,2.74056084719909,24,0.790909090909091,32,0,168.484697208271,1.32227242286571,8,15.7790186027634,35.2879074243769,0,0,8,1,0,0,0,1
1,BASE_AE,scene1_BASE_AE_run024.mat,690.995955722211,0,1,27.0789294557788,30.4229246818669,12,3.75888354924428,24,0.840909090909091,32,0,169.76281761704,1.33230314611608,8,17.90756520887,34.701960490468,0,0,8,1,0,0,0,1
1,BASE_AE,scene1_BASE_AE_run025.mat,350.464494072814,1,0,18.0092326565774,22.0855495112531,11.8414023724264,3.01823969231831,24,0,32,0,141.203375050469,1.10816787481893,8,7.48860220677278,26.5659777432176,0.0150753768844221,0,8,0,0,0,0,0
1,BASE_AE,scene1_BASE_AE_run026.mat,535.769805046958,0,1,24.6752615427832,27.3926172428535,12,2.63461413220119,24,0.790909090909091,32,0,145.986253265178,1.14570403133656,8,12.1601236324294,31.7211103231892,0,0,8,1,0,0,0,1
1,BASE_AE,scene1_BASE_AE_run027.mat,386.218932253618,1,0,20.498396965398,21.9252519485794,12,1.74448669143148,24,0,32,0,144.258275375387,1.13214281450885,8,12.8819345216902,36.8745518504671,0,0,8,0,0,0,0,0
1,BASE_AE,scene1_BASE_AE_run028.mat,1144.5554284895,0,4,24.103452411228,29.4383764738594,12,3.6679729123434,24,0.472727272727273,32,0,156.495327301335,1.2281795262516,8,10.5718394364107,37.2564216709133,0,0,8,0,0,0,0,0
1,BASE_AE,scene1_BASE_AE_run029.mat,732.840009788377,1,0,20.8571722137784,23.8870305570559,12,2.65678085802405,24,0,32,0,192.758474337451,1.5127736768581,8,12.1993908048179,28.3462621938011,0,0,8,0,0,0,0,0
1,BASE_AE,scene1_BASE_AE_run030.mat,394.836104908644,1,0,26.1064522324064,30.1530263972004,12,3.54316346769182,24,0.704545454545455,32,0,147.991200487048,1.16143891091142,8,13.7440860774807,34.4359632206633,0,0,8,1,0,0,0,1
1,CVF_AE_W_O_CVF,scene1_CVF_AE_W_O_CVF_run001.mat,307.996259824089,1,0,15.6742465152463,18,12,0.874858146353341,24,0,32,0,133.43216981093,1.04717924765613,8,8.63808466858889,23.8596027872002,0,0,8,0,0,0,0,0
1,CVF_AE_W_O_CVF,scene1_CVF_AE_W_O_CVF_run002.mat,307.673182196991,1,0,15.5302428231619,18,12,1.1906797144368,24,0,32,0,137.307862169844,1.07759578524452,8,6.44711334678846,21.5062860363911,0.0351758793969849,0.166666666666667,8,0,0,0,0,0
1,CVF_AE_W_O_CVF,scene1_CVF_AE_W_O_CVF_run003.mat,308.044620356302,1,0,15.793801951729,18,12,0.945520895292564,24,0,32,0,133.818012924307,1.05020735475918,8,7.83302841075249,23.5060154399073,0.0050251256281407,0,8,0,0,0,0,0
1,CVF_AE_W_O_CVF,scene1_CVF_AE_W_O_CVF_run004.mat,307.38533348214,1,0,15.6627826182984,18,12,1.01642046181929,24,0,32,0,133.783884474612,1.04993951377056,8,8.58292629691095,23.6988936364014,0,0,8,0,0,0,0,0
1,CVF_AE_W_O_CVF,scene1_CVF_AE_W_O_CVF_run005.mat,296.547438055296,1,0,13.4678901252654,18,11.7359530905279,1.5173510146251,24,0,32,0,133.61446552829,1.04860990933559,8,8.93880865090387,25.1700956736786,0,0,8,0,0,0,0,0
1,CVF_AE_W_O_CVF,scene1_CVF_AE_W_O_CVF_run006.mat,307.573067616836,1,0,15.4989838923655,18,12,1.08863410446278,24,0,32,0,133.444085880845,1.04727276529244,8,9.14313610165664,24.0659379512557,0,0,8,0,0,0,0,0
1,CVF_AE_W_O_CVF,scene1_CVF_AE_W_O_CVF_run007.mat,305.450799526832,1,0,13.8261629599164,18,12,0.965977151201035,24,0,32,0,134.236643645466,1.05349277988754,8,8.7459332107332,25.3766742772563,0,0,8,0,0,0,0,0
1,CVF_AE_W_O_CVF,scene1_CVF_AE_W_O_CVF_run008.mat,303.326048501766,1,0,12.592839155343,18.0010248290028,9.76853878469073,2.20054785627496,24,0,32,0,135.924662989665,1.06674040097765,8,8.20074217811906,24.7617967241003,0,0.333333333333333,8,0,0,0,0,0
1,CVF_AE_W_O_CVF,scene1_CVF_AE_W_O_CVF_run009.mat,307.791657133681,1,0,13.7948057612395,18,11.509926571394,1.82676792312165,24,0,32,0,138.167415316407,1.08434158139408,8,5.00603121920835,23.2868911267326,0.0703517587939698,0.166666666666667,8,0,0,0,0,0
1,CVF_AE_W_O_CVF,scene1_CVF_AE_W_O_CVF_run010.mat,304.679575232896,1,0,14.2387212252865,18,12,1.14630391646915,24,0,32,0,136.386579386592,1.07036553325048,8,5.41084925904056,22.3998787578339,0.085427135678392,0.333333333333333,8,0,0,0,0,0
1,CVF_AE_W_O_CVF,scene1_CVF_AE_W_O_CVF_run011.mat,307.577658170723,1,0,15.9023484950141,18.7666134368976,12,1.35728219017079,24,0,32,0,136.769747507425,1.07337264694029,8,6.30466925820761,21.2303088549156,0.0552763819095477,0.166666666666667,8,0,0,0,0,0
1,CVF_AE_W_O_CVF,scene1_CVF_AE_W_O_CVF_run012.mat,303.838285384842,1,0,13.3672649354004,18.0261154858796,11.4960019121275,1.88688801216148,24,0,32,0,135.192358596606,1.06099325645872,8,6.11258561188882,20.6733158962271,0.0552763819095477,0.166666666666667,8,0,0,0,0,0
1,CVF_AE_W_O_CVF,scene1_CVF_AE_W_O_CVF_run013.mat,308.036438447691,1,0,15.5004695002453,18,12,1.42417662926697,24,0,32,0,133.43684507032,1.04721593921723,8,8.26856015927947,23.8229345951104,0,0,8,0,0,0,0,0
1,CVF_AE_W_O_CVF,scene1_CVF_AE_W_O_CVF_run014.mat,305.208039531595,1,0,14.8529704856396,18,12,1.21675278187192,24,0,32,0,134.132345944355,1.0526742487317,8,7.93302391896563,23.5000911835067,0.0050251256281407,0,8,0,0,0,0,0
1,CVF_AE_W_O_CVF,scene1_CVF_AE_W_O_CVF_run015.mat,310.561357839895,1,0,16.055529406816,18.1644727070876,12,1.58268768719751,24,0,32,0,134.738414189491,1.05743068857577,8,7.78941617808411,22.4230897954599,0.0050251256281407,0,8,0,0,0,0,0
1,CVF_AE_W_O_CVF,scene1_CVF_AE_W_O_CVF_run016.mat,309.179742338903,1,0,15.5210271696584,18,12,1.28960696601671,24,0,32,0,138.01974494843,1.08318266038531,8,7.09043857195671,23.0391990798773,0.0150753768844221,0.166666666666667,8,0,0,0,0,0
1,CVF_AE_W_O_CVF,scene1_CVF_AE_W_O_CVF_run017.mat,308.585789538311,1,0,15.7783233616137,18,12,1.15821265080339,24,0,32,0,133.914027197656,1.05096087735176,8,7.8525401994995,23.3264388598601,0.0050251256281407,0,8,0,0,0,0,0
1,CVF_AE_W_O_CVF,scene1_CVF_AE_W_O_CVF_run018.mat,298.117272801575,1,0,13.4696287431586,18,11.9700028099176,1.15754197409514,24,0,32,0,136.13603789021,1.06839927686673,8,7.05187685417937,22.7035644510086,0.0201005025125628,0.166666666666667,8,0,0,0,0,0
1,CVF_AE_W_O_CVF,scene1_CVF_AE_W_O_CVF_run019.mat,307.741463430003,1,0,14.8151713133773,18.0085249437936,12,1.46431513009152,24,0,32,0,135.486816461351,1.06330416967932,8,6.2962062099383,24.616022262046,0.0351758793969849,0.166666666666667,8,0,0,0,0,0
1,CVF_AE_W_O_CVF,scene1_CVF_AE_W_O_CVF_run020.mat,306.985605816098,1,0,15.4088572722382,18,12,0.934704735705375,24,0,32,0,133.532568104964,1.04796717616064,8,8.20077768815597,23.4462040316908,0,0,8,0,0,0,0,0
1,CVF_AE_W_O_CVF,scene1_CVF_AE_W_O_CVF_run021.mat,309.015479416141,1,0,15.8799418163299,18,12,0.931699905593791,24,0,32,0,133.371701937581,1.04670469416419,8,9.23665619355756,24.0697074171059,0,0,8,0,0,0,0,0
1,CVF_AE_W_O_CVF,scene1_CVF_AE_W_O_CVF_run022.mat,307.268388172337,1,0,15.1621685104802,18,12,0.928067726565235,24,0,32,0,133.828759496133,1.05029169414311,8,7.82776797376727,23.424224077857,0.0050251256281407,0,8,0,0,0,0,0
1,CVF_AE_W_O_CVF,scene1_CVF_AE_W_O_CVF_run023.mat,307.5029142244,1,0,15.5575762108448,18,12,1.25513514446721,24,0,32,0,133.419586508605,1.04708049356197,8,8.99421585126976,23.7893023892851,0,0,8,0,0,0,0,0
1,CVF_AE_W_O_CVF,scene1_CVF_AE_W_O_CVF_run024.mat,308.388573062677,1,0,15.4694648654768,18,12,1.27385800223452,24,0,32,0,133.900710772063,1.05085636968653,8,8.56030207989446,23.8226213966285,0,0,8,0,0,0,0,0
1,CVF_AE_W_O_CVF,scene1_CVF_AE_W_O_CVF_run025.mat,308.124692520427,1,0,15.3269559703133,18,12,1.43411667708879,24,0,32,0,133.813979500297,1.05017570033936,8,8.26463849906352,23.2891550877907,0,0,8,0,0,0,0,0
1,CVF_AE_W_O_CVF,scene1_CVF_AE_W_O_CVF_run026.mat,306.521331430585,1,0,15.3455826746953,18,12,0.973026857285421,24,0,32,0,136.734233553826,1.07309393247987,8,6.23012502211163,21.0374088799142,0.0452261306532663,0.166666666666667,8,0,0,0,0,0
1,CVF_AE_W_O_CVF,scene1_CVF_AE_W_O_CVF_run027.mat,308.637827533483,1,0,15.5007428504464,18,12,0.912543216870478,24,0,32,0,133.456802690118,1.04737256715271,8,8.94291142751975,23.9505923685374,0,0,8,0,0,0,0,0
1,CVF_AE_W_O_CVF,scene1_CVF_AE_W_O_CVF_run028.mat,308.483372433668,1,0,15.8515470379033,18,12,1.06795861399375,24,0,32,0,133.579821317809,1.0483380206425,8,8.19295839255879,23.5567273881165,0,0,8,0,0,0,0,0
1,CVF_AE_W_O_CVF,scene1_CVF_AE_W_O_CVF_run029.mat,307.783252646509,1,0,15.3221849964533,18,12,1.183434221063,24,0,32,0,133.471548140231,1.0474882898407,8,8.9956884889002,23.8983904400011,0,0,8,0,0,0,0,0
1,CVF_AE_W_O_CVF,scene1_CVF_AE_W_O_CVF_run030.mat,296.539656258916,1,0,14.3475206751571,18,12,1.37083770244699,24,0,32,0,135.959917505599,1.06701707936432,8,5.88456798499793,23.6021027438374,0.050251256281407,0.166666666666667,8,0,0,0,0,0
1,CVF_AE_W_O_INIT,scene1_CVF_AE_W_O_INIT_run001.mat,316.725053497936,1,0,25.0005552964814,28.3251288359949,12,3.2352565502591,24,0.704545454545455,32,0,141.353999030875,1.10934997585726,8,10.765589996363,21.6372561971778,0,0,8,1,0,0,0,1
1,CVF_AE_W_O_INIT,scene1_CVF_AE_W_O_INIT_run002.mat,315.910696728431,1,0,18.4602768489166,20.3307200912141,12,1.6226962137939,24,0,32,0,139.296664220782,1.09320395708486,8,7.36316400993938,23.5754030918374,0.0150753768844221,0.333333333333333,8,0,0,0,0,0
1,CVF_AE_W_O_INIT,scene1_CVF_AE_W_O_INIT_run003.mat,327.576551935082,1,0,21.0715399996279,23.7268105947562,12,2.17525644926035,24,0,32,0,143.355780902999,1.12506001368242,8,3.6035732365399,19.5352408614094,0.14070351758794,0.333333333333333,8,0,0,0,0,0
1,CVF_AE_W_O_INIT,scene1_CVF_AE_W_O_INIT_run004.mat,309.871208771461,1,0,16.9513286994074,18.6192219859273,12,1.15158155541047,24,0,32,0,136.292358320892,1.06962608379962,8,10.3755126945258,26.6497279105935,0,0,8,0,0,0,0,0
1,CVF_AE_W_O_INIT,scene1_CVF_AE_W_O_INIT_run005.mat,302.965917997017,1,0,16.7525211155766,18.361203907705,12,1.25927242702772,24,0,32,0,136.270918181033,1.06945782100693,8,10.0009546270917,24.0008377298277,0,0,8,0,0,0,0,0
1,CVF_AE_W_O_INIT,scene1_CVF_AE_W_O_INIT_run006.mat,328.348360806441,1,0,19.2159400212989,23.2425537242353,11.896998977552,2.96018580559265,24,0,32,0,140.945488930634,1.10614397763332,8,5.68882733618554,21.1127267339757,0.14572864321608,0.333333333333333,8,0,0,0,0,0
1,CVF_AE_W_O_INIT,scene1_CVF_AE_W_O_INIT_run007.mat,319.970620150414,1,0,25.3980227871316,31.1930791932595,12,4.72870536135486,24,0.627272727272727,32,0,154.798198767475,1.2148604159967,8,3.74949288939229,12.4606044523473,0.381909547738693,0.666666666666667,8,1,0,0,1,1
1,CVF_AE_W_O_INIT,scene1_CVF_AE_W_O_INIT_run008.mat,332.91282019656,1,0,24.5048008099623,31.2717964951155,12,4.40458255999412,24,0.45,32,0,144.19681133576,1.13166044307724,8,6.94361642769506,21.174101076878,0.0402010050251256,0.333333333333333,8,0,0,0,0,0
1,CVF_AE_W_O_INIT,scene1_CVF_AE_W_O_INIT_run009.mat,313.428400054082,1,0,17.5424409702403,19.9046782433953,12,1.76454345234673,24,0,32,0,137.550883103906,1.07950302005346,8,9.07903642468835,23.5587257556471,0,0,8,0,0,0,0,0
1,CVF_AE_W_O_INIT,scene1_CVF_AE_W_O_INIT_run010.mat,312.714719873248,1,0,23.2393798140299,26.3911988001373,12,2.89932227855419,24,0.472727272727273,32,0,139.163011998506,1.09215505085955,8,9.63343861859641,22.5229109290883,0,0,8,0,0,0,0,0
1,CVF_AE_W_O_INIT,scene1_CVF_AE_W_O_INIT_run011.mat,303.990587461379,1,0,25.8961030266648,27.8085907795722,12,3.07854686619685,24,0.827272727272727,32,0,140.945550747467,1.10614446277348,8,11.3646381293278,25.4992988905276,0,0,8,1,0,0,0,1
1,CVF_AE_W_O_INIT,scene1_CVF_AE_W_O_INIT_run012.mat,308.636119924041,1,0,19.875495393034,23.5967845496068,12,2.22352851813336,24,0,32,0,156.165969089937,1.22559471417436,8,3.62187340317229,10.8480567769348,0.376884422110553,0.5,8,0,0,0,0,0
1,CVF_AE_W_O_INIT,scene1_CVF_AE_W_O_INIT_run013.mat,317.717915582558,1,0,17.5323964529732,20.1050032882141,12,1.78786953250303,24,0,32,0,156.128710446158,1.22530230733861,8,2.76213912532301,11.4254986053507,0.336683417085427,0.5,8,0,0,0,0,0
1,CVF_AE_W_O_INIT,scene1_CVF_AE_W_O_INIT_run014.mat,299.78739695696,1,0,14.3450552645406,18,12,1.05717886880892,24,0,32,0,135.750640183501,1.06537466532716,8,7.61734591850913,23.8652501548614,0.0100502512562814,0.166666666666667,8,0,0,0,0,0
1,CVF_AE_W_O_INIT,scene1_CVF_AE_W_O_INIT_run015.mat,318.622601591879,1,0,19.892017154699,22.6869359199657,12,2.19842392055726,24,0,32,0,137.067753047987,1.07571140241587,8,9.03980469399785,24.8572766144547,0,0,8,0,0,0,0,0
1,CVF_AE_W_O_INIT,scene1_CVF_AE_W_O_INIT_run016.mat,335.000464898451,1,0,18.5870554550098,21.906179331939,12,2.2712712522347,24,0,32,0,136.982821719659,1.07504485907308,8,11.3511346660074,27.3431604876043,0,0,8,0,0,0,0,0
1,CVF_AE_W_O_INIT,scene1_CVF_AE_W_O_INIT_run017.mat,315.17904000934,1,0,20.1586758758912,21.4421112363357,12,1.40051037154779,24,0,32,0,138.721619673391,1.08869099205282,8,7.12883870621533,23.7661408238147,0.0150753768844221,0.166666666666667,8,0,0,0,0,0
1,CVF_AE_W_O_INIT,scene1_CVF_AE_W_O_INIT_run018.mat,327.913472440881,1,0,18.6292258786138,21.6633516333453,12,1.87533016537721,24,0,32,0,156.92245173973,1.23153161030066,8,4.25547703607115,11.7347529314433,0.221105527638191,0.5,8,0,0,0,0,0
1,CVF_AE_W_O_INIT,scene1_CVF_AE_W_O_INIT_run019.mat,341.938899548821,1,0,27.5653562874074,31.1485914581947,12,4.22266723889793,24,0.809090909090909,32,0,144.03830355803,1.13041646978604,8,5.31989176905453,22.8523454861125,0.0653266331658292,0.333333333333333,8,1,0,0,0,1
1,CVF_AE_W_O_INIT,scene1_CVF_AE_W_O_INIT_run020.mat,323.764643655768,1,0,16.7669080614675,19.1239098495766,12,1.61954338446089,24,0,32,0,140.336490320834,1.10136454020877,8,7.390504133685,22.3059844470485,0.0100502512562814,0.166666666666667,8,0,0,0,0,0
1,CVF_AE_W_O_INIT,scene1_CVF_AE_W_O_INIT_run021.mat,312.681015108709,1,0,17.8084251401468,18.7536960897941,12,0.999379632074442,24,0,32,0,137.361893017249,1.07801982078419,8,8.91945923912268,24.1712030517086,0,0,8,0,0,0,0,0
1,CVF_AE_W_O_INIT,scene1_CVF_AE_W_O_INIT_run022.mat,320.16530485319,1,0,16.6102482947956,19.7362699429999,12,2.41963596956567,24,0,32,0,140.718979983277,1.10436632933893,8,3.49672482186817,21.375843057848,0.0954773869346734,0.166666666666667,8,0,0,0,0,0
1,CVF_AE_W_O_INIT,scene1_CVF_AE_W_O_INIT_run023.mat,317.810578305858,1,0,18.0313486375297,19.9364933503034,12,1.65796373645653,24,0,32,0,135.548416056484,1.06378760495418,8,9.92503378351574,26.404011008642,0,0,8,0,0,0,0,0
1,CVF_AE_W_O_INIT,scene1_CVF_AE_W_O_INIT_run024.mat,304.404043918614,1,0,17.3093319337947,20.3574505585007,12,2.39092894656292,24,0,32,0,135.256395629489,1.06149582081042,8,9.46017280052891,25.0335760260877,0,0,8,0,0,0,0,0
1,CVF_AE_W_O_INIT,scene1_CVF_AE_W_O_INIT_run025.mat,305.943869151826,1,0,17.7109542476832,19.0417089290128,12,1.07451965015802,24,0,32,0,154.890275557002,1.21558303711063,8,4.32001834076215,11.4797567054596,0.236180904522613,0.333333333333333,8,0,0,0,0,0
1,CVF_AE_W_O_INIT,scene1_CVF_AE_W_O_INIT_run026.mat,314.115003962669,1,0,15.8971383115458,18.0782804290838,12,1.49506003827482,24,0,32,0,137.154238172054,1.07639013998929,8,9.02426213132829,24.8414726567747,0,0,8,0,0,0,0,0
1,CVF_AE_W_O_INIT,scene1_CVF_AE_W_O_INIT_run027.mat,318.68165779118,1,0,29.6914909402956,32.8203228732668,12,4.3347064038449,24,0.881818181818182,32,0.4,140.811477042998,1.10509224874463,8,8.51899397135224,25.5547278636568,0,0,8,1,0,0,0,1
1,CVF_AE_W_O_INIT,scene1_CVF_AE_W_O_INIT_run028.mat,315.551585423861,1,0,16.5676433836041,18.5231009345087,11.6904754043183,1.81993446153678,24,0,32,0,134.780078456661,1.05775767086207,8,9.25499479512122,24.0410863215252,0,0,8,0,0,0,0,0
1,CVF_AE_W_O_INIT,scene1_CVF_AE_W_O_INIT_run029.mat,305.324192909217,1,0,17.589021524094,18.5503177426223,12,1.05199408831681,24,0,32,0,137.991072612609,1.08295763912472,8,8.37385523403422,21.4345190494374,0,0,8,0,0,0,0,0
1,CVF_AE_W_O_INIT,scene1_CVF_AE_W_O_INIT_run030.mat,316.19402159401,1,0,17.6826642587355,20.5555520266094,12,1.80801233214236,24,0,32,0,140.352233087739,1.10148808986569,8,6.18612258585705,23.4365307792801,0.0351758793969849,0.333333333333333,8,0,0,0,0,0
1,CVF_AE_W_O_SPARSEPRESERVATION,scene1_CVF_AE_W_O_SPARSEPRESERVATION_run001.mat,308.853219012925,1,0,15.7480984446287,18,12,0.853029364869943,24,0,32,0,133.647469345725,1.04886892418007,8,8.33466687771177,23.7554338686791,0,0,8,0,0,0,0,0
1,CVF_AE_W_O_SPARSEPRESERVATION,scene1_CVF_AE_W_O_SPARSEPRESERVATION_run002.mat,308.025302594743,1,0,15.8708459713887,18,12,1.4068773283811,24,0,32,0,134.27959485482,1.05382986213061,8,7.32442895263322,22.7674135123165,0.0150753768844221,0.166666666666667,8,0,0,0,0,0
1,CVF_AE_W_O_SPARSEPRESERVATION,scene1_CVF_AE_W_O_SPARSEPRESERVATION_run003.mat,310.202178745917,1,0,14.3027987921114,18,12,1.5900275918393,24,0,32,0,136.692878729715,1.07276937871101,8,8.01683025031052,23.7283672080885,0,0,8,0,0,0,0,0
1,CVF_AE_W_O_SPARSEPRESERVATION,scene1_CVF_AE_W_O_SPARSEPRESERVATION_run004.mat,307.294847378741,1,0,15.6501429728519,18,12,1.03049891219733,24,0,32,0,133.468382660996,1.04746344707477,8,8.75148146624363,23.7563167636766,0,0,8,0,0,0,0,0
1,CVF_AE_W_O_SPARSEPRESERVATION,scene1_CVF_AE_W_O_SPARSEPRESERVATION_run005.mat,308.558771426661,1,0,15.5301455151765,18,12,0.908445221057589,24,0,32,0,133.945541392134,1.05120820159532,8,7.94101461104609,23.6360305554201,0.0050251256281407,0,8,0,0,0,0,0
1,CVF_AE_W_O_SPARSEPRESERVATION,scene1_CVF_AE_W_O_SPARSEPRESERVATION_run006.mat,308.991097801086,1,0,15.6957861858966,18,12,0.95967889041937,24,0,32,0,133.487510563387,1.04761356336579,8,8.67560335827221,23.8973627637277,0,0,8,0,0,0,0,0
1,CVF_AE_W_O_SPARSEPRESERVATION,scene1_CVF_AE_W_O_SPARSEPRESERVATION_run007.mat,308.270358298425,1,0,14.945364295894,18,12,1.19465138358749,24,0,32,0,135.409621133417,1.06269833867513,8,6.84056227143837,20.5867929722535,0.0251256281407035,0.166666666666667,8,0,0,0,0,0
1,CVF_AE_W_O_SPARSEPRESERVATION,scene1_CVF_AE_W_O_SPARSEPRESERVATION_run008.mat,310.233686934709,1,0,16.1419520418324,18,12,1.24786915384695,24,0,32,0,136.175177136607,1.06870644272227,8,8.4914994006279,23.1939273771337,0,0,8,0,0,0,0,0
1,CVF_AE_W_O_SPARSEPRESERVATION,scene1_CVF_AE_W_O_SPARSEPRESERVATION_run009.mat,307.348448382828,1,0,14.7707749579144,18,12,1.02109907913379,24,0,32,0,136.159431954122,1.0685828741078,8,6.68718572837072,21.5124235135238,0.0402010050251256,0.333333333333333,8,0,0,0,0,0
1,CVF_AE_W_O_SPARSEPRESERVATION,scene1_CVF_AE_W_O_SPARSEPRESERVATION_run010.mat,310.633844351355,1,0,15.856823874783,18,12,1.12155643611854,24,0,32,0,133.458443814049,1.04738544673735,8,8.0027506864173,23.7805175264941,0,0,8,0,0,0,0,0
1,CVF_AE_W_O_SPARSEPRESERVATION,scene1_CVF_AE_W_O_SPARSEPRESERVATION_run011.mat,312.00621253615,1,0,15.4352480675913,19.4474123217492,11.8245066108025,2.52591550036705,24,0,32,0,136.588945829482,1.07195371052225,8,5.38668964856035,20.0320517559195,0.0753768844221105,0.166666666666667,8,0,0,0,0,0
1,CVF_AE_W_O_SPARSEPRESERVATION,scene1_CVF_AE_W_O_SPARSEPRESERVATION_run012.mat,307.158408872734,1,0,14.4515703205898,18,12,1.48445492011046,24,0,32,0,135.537604851477,1.06370275832731,8,6.89936031707987,20.9772503837425,0.0301507537688442,0.166666666666667,8,0,0,0,0,0
1,CVF_AE_W_O_SPARSEPRESERVATION,scene1_CVF_AE_W_O_SPARSEPRESERVATION_run013.mat,300.961160614112,1,0,14.9580364221192,18,11.9030464211329,1.52597637382377,24,0,32,0,137.031260366996,1.07542500687662,8,5.85217202408253,20.9255614959612,0.105527638190955,0.166666666666667,8,0,0,0,0,0
1,CVF_AE_W_O_SPARSEPRESERVATION,scene1_CVF_AE_W_O_SPARSEPRESERVATION_run014.mat,308.654442553476,1,0,15.2246879657538,18,12,0.791447343767527,24,0,32,0,134.252180410001,1.05361471283235,8,7.92714353713252,23.1857382920116,0.0050251256281407,0,8,0,0,0,0,0
1,CVF_AE_W_O_SPARSEPRESERVATION,scene1_CVF_AE_W_O_SPARSEPRESERVATION_run015.mat,309.640351915201,1,0,15.2096623187502,18.0504249654913,11.3294907843423,1.75389124123393,24,0,32,0,135.065941920308,1.06000113499233,8,7.06372317653603,23.2777301278904,0.0201005025125628,0.166666666666667,8,0,0,0,0,0
1,CVF_AE_W_O_SPARSEPRESERVATION,scene1_CVF_AE_W_O_SPARSEPRESERVATION_run016.mat,309.81313504491,1,0,14.356775605821,18,12,1.09282303510846,24,0,32,0,135.424172892456,1.06281254127038,8,7.5378424736174,23.3378985003535,0.0150753768844221,0,8,0,0,0,0,0
1,CVF_AE_W_O_SPARSEPRESERVATION,scene1_CVF_AE_W_O_SPARSEPRESERVATION_run017.mat,305.959926395196,1,0,15.3587472336841,18,12,1.33446915564971,24,0,32,0,133.714238348972,1.04939292910846,8,8.59900094340784,23.4136043456819,0,0,8,0,0,0,0,0
1,CVF_AE_W_O_SPARSEPRESERVATION,scene1_CVF_AE_W_O_SPARSEPRESERVATION_run018.mat,307.96409953851,1,0,15.9511246412175,18,12,0.841086493517744,24,0,32,0,133.586666138423,1.04839173897827,8,8.29821272110698,23.8078068813472,0,0,8,0,0,0,0,0
1,CVF_AE_W_O_SPARSEPRESERVATION,scene1_CVF_AE_W_O_SPARSEPRESERVATION_run019.mat,302.917079070771,1,0,14.9637167900202,18,12,1.05276804761486,24,0,32,0,135.088874427386,1.06018110992299,8,8.18738552445062,23.9480555116586,0,0,8,0,0,0,0,0
1,CVF_AE_W_O_SPARSEPRESERVATION,scene1_CVF_AE_W_O_SPARSEPRESERVATION_run020.mat,311.308487366846,1,0,14.7556562722098,18,12,1.07879049619555,24,0,32,0,135.199051252928,1.06104578060505,8,6.92204159519162,23.4369999583683,0.0351758793969849,0.166666666666667,8,0,0,0,0,0
1,CVF_AE_W_O_SPARSEPRESERVATION,scene1_CVF_AE_W_O_SPARSEPRESERVATION_run021.mat,309.090249772265,1,0,15.3656940567541,18,12,0.670064370589432,24,0,32,0,137.426399835265,1.07852607202221,8,4.96518225885001,20.7742527753462,0.0703517587939698,0.166666666666667,8,0,0,0,0,0
1,CVF_AE_W_O_SPARSEPRESERVATION,scene1_CVF_AE_W_O_SPARSEPRESERVATION_run022.mat,308.958363270185,1,0,15.9208148704223,18,12,0.905087605599381,24,0,32,0,133.976551079367,1.05145156645247,8,7.9541840690281,23.5580527798116,0.0050251256281407,0,8,0,0,0,0,0
1,CVF_AE_W_O_SPARSEPRESERVATION,scene1_CVF_AE_W_O_SPARSEPRESERVATION_run023.mat,305.904696009814,1,0,14.8999547335318,18,12,0.962425610449797,24,0,32,0,133.187666598112,1.04526037988375,8,8.7603110844389,24.0174325965231,0,0,8,0,0,0,0,0
1,CVF_AE_W_O_SPARSEPRESERVATION,scene1_CVF_AE_W_O_SPARSEPRESERVATION_run024.mat,305.807472304296,1,0,15.2376735856146,18,12,0.727654131016463,24,0,32,0,133.753606835294,1.04970189404507,8,8.59549251599287,23.5838384798917,0,0,8,0,0,0,0,0
1,CVF_AE_W_O_SPARSEPRESERVATION,scene1_CVF_AE_W_O_SPARSEPRESERVATION_run025.mat,308.145135666501,1,0,15.3726992385627,18,12,1.04985314310306,24,0,32,0,133.761460472687,1.04976352960199,8,8.34960518507617,23.7113092413413,0,0,8,0,0,0,0,0
1,CVF_AE_W_O_SPARSEPRESERVATION,scene1_CVF_AE_W_O_SPARSEPRESERVATION_run026.mat,307.026209622916,1,0,15.3646001172462,18.5901756700392,12,1.5504682033737,24,0,32,0,135.266344473291,1.06157389960343,8,7.96374471564756,21.7259607982723,0.0050251256281407,0,8,0,0,0,0,0
1,CVF_AE_W_O_SPARSEPRESERVATION,scene1_CVF_AE_W_O_SPARSEPRESERVATION_run027.mat,291.84701876045,1,0,11.576186394013,18,10.2193639390662,1.53425202738044,24,0,32,0,135.610340798189,1.06427359198805,8,6.93612685816872,22.2102701478996,0.0251256281407035,0.166666666666667,8,0,0,0,0,0
1,CVF_AE_W_O_SPARSEPRESERVATION,scene1_CVF_AE_W_O_SPARSEPRESERVATION_run028.mat,295.954310649621,1,0,14.0363776262105,18,12,0.951333974066096,24,0,32,0,134.805252026982,1.05795523371716,8,8.59816494086297,23.6827250076847,0,0,8,0,0,0,0,0
1,CVF_AE_W_O_SPARSEPRESERVATION,scene1_CVF_AE_W_O_SPARSEPRESERVATION_run029.mat,305.198200829247,1,0,14.4328992761955,18,11.4974748859365,1.53036153597623,24,0,32,0,134.925119211781,1.0588959545986,8,7.06381267825309,24.6075121506653,0.0301507537688442,0.166666666666667,8,0,0,0,0,0
1,CVF_AE_W_O_SPARSEPRESERVATION,scene1_CVF_AE_W_O_SPARSEPRESERVATION_run030.mat,308.59305932083,1,0,16.1255086524692,18,12,1.04882977323208,24,0,32,0,133.798735618107,1.05005606594305,8,7.93097883618071,23.6712776328499,0.0050251256281407,0,8,0,0,0,0,0
1,CVF_AE_W_O_STATEADAPTIVECVF,scene1_CVF_AE_W_O_STATEADAPTIVECVF_run001.mat,298.770711150906,1,0,13.1560575391795,18,11.508870425852,1.86641660376221,24,0,32,0,135.639123706598,1.06449948102528,8,6.46348282413666,21.3046837264452,0.050251256281407,0.166666666666667,8,0,0,0,0,0
1,CVF_AE_W_O_STATEADAPTIVECVF,scene1_CVF_AE_W_O_STATEADAPTIVECVF_run002.mat,295.762812206493,1,0,12.5334096527851,18,11.482695003417,1.5981393845641,24,0,32,0,135.829164818165,1.06599092876623,8,6.87553920009989,21.9890314688044,0.0402010050251256,0.166666666666667,8,0,0,0,0,0
1,CVF_AE_W_O_STATEADAPTIVECVF,scene1_CVF_AE_W_O_STATEADAPTIVECVF_run003.mat,297.939989849149,1,0,13.7188499436343,18,12,1.20898510802537,24,0,32,0,135.34322829116,1.06217728586828,8,9.71629038317528,22.4150624941456,0,0,8,0,0,0,0,0
1,CVF_AE_W_O_STATEADAPTIVECVF,scene1_CVF_AE_W_O_STATEADAPTIVECVF_run004.mat,300.566844147469,1,0,14.3025380133,18,12,0.979992038506108,24,0,32,0,134.566690086491,1.05608299320937,8,7.93893090410337,23.3868152895615,0.0050251256281407,0,8,0,0,0,0,0
1,CVF_AE_W_O_STATEADAPTIVECVF,scene1_CVF_AE_W_O_STATEADAPTIVECVF_run005.mat,297.318927173878,1,0,13.0676246953554,18,11.8450016817793,1.65663253667305,24,0,32,0,135.430857107951,1.06286499917288,8,8.16625325387622,22.0716909937605,0,0,8,0,0,0,0,0
1,CVF_AE_W_O_STATEADAPTIVECVF,scene1_CVF_AE_W_O_STATEADAPTIVECVF_run006.mat,295.607165717768,1,0,12.962414135645,18,10.9097207183261,1.41034281704888,24,0,32,0,134.851644855881,1.05831932588273,8,9.9379177073771,24.3696171190218,0,0,8,0,0,0,0,0
1,CVF_AE_W_O_STATEADAPTIVECVF,scene1_CVF_AE_W_O_STATEADAPTIVECVF_run007.mat,294.836121187874,1,0,12.1451713599206,18,10.2338729472419,1.60791106102282,24,0,32,0,136.692673326884,1.07276776670409,8,8.39770818688417,21.1329268142587,0,0,8,0,0,0,0,0
1,CVF_AE_W_O_STATEADAPTIVECVF,scene1_CVF_AE_W_O_STATEADAPTIVECVF_run008.mat,297.373175456481,1,0,14.3973383896101,18,12,1.66809646639799,24,0,32,0,133.930958389747,1.05109375380143,8,7.76921560591121,24.544367840867,0.0050251256281407,0,8,0,0,0,0,0
1,CVF_AE_W_O_STATEADAPTIVECVF,scene1_CVF_AE_W_O_STATEADAPTIVECVF_run009.mat,299.943585580656,1,0,13.6933168496285,18,11.187521704514,2.01343299063155,24,0,32,0,139.066890694302,1.09140068828595,8,6.70551719177172,20.6579125811309,0.0703517587939698,0.333333333333333,8,0,0,0,0,0
1,CVF_AE_W_O_STATEADAPTIVECVF,scene1_CVF_AE_W_O_STATEADAPTIVECVF_run010.mat,299.003831455686,1,0,12.3111828614974,18,10.5465914025842,1.43871252924262,24,0,32,0,137.68260016437,1.08053673907695,8,6.01290795137618,22.1574706559592,0.0653266331658292,0.333333333333333,8,0,0,0,0,0
1,CVF_AE_W_O_STATEADAPTIVECVF,scene1_CVF_AE_W_O_STATEADAPTIVECVF_run011.mat,300.029920827975,1,0,14.2383926553999,18.0145890635205,12,1.62135045688116,24,0,32,0,136.434480677549,1.07074146386674,8,9.35402288648204,21.9949921714425,0,0,8,0,0,0,0,0
1,CVF_AE_W_O_STATEADAPTIVECVF,scene1_CVF_AE_W_O_STATEADAPTIVECVF_run012.mat,299.774108694841,1,0,15.2291929392922,18.0872459731699,12,1.553826228991,24,0,32,0,135.607576683089,1.06425189913861,8,8.36057901932472,22.0782481075035,0,0,8,0,0,0,0,0
1,CVF_AE_W_O_STATEADAPTIVECVF,scene1_CVF_AE_W_O_STATEADAPTIVECVF_run013.mat,300.77184804548,1,0,13.6895360684734,18,12,1.35986079161705,24,0,32,0,136.763914788647,1.07332687160687,8,6.11753911808537,21.9969474086653,0.0904522613065327,0.333333333333333,8,0,0,0,0,0
1,CVF_AE_W_O_STATEADAPTIVECVF,scene1_CVF_AE_W_O_STATEADAPTIVECVF_run014.mat,303.192657707477,1,0,12.7637991180485,18,10.0074214278882,2.01309679856876,24,0,32,0,137.163827279173,1.07646539555916,8,6.95981709822539,19.4050472236783,0.0402010050251256,0.166666666666667,8,0,0,0,0,0
1,CVF_AE_W_O_STATEADAPTIVECVF,scene1_CVF_AE_W_O_STATEADAPTIVECVF_run015.mat,300.148587933594,1,0,13.3224853705067,18,12,1.06733157791334,24,0,32,0,135.411547623286,1.06271345781929,8,6.71541806715355,23.3420348994941,0.0201005025125628,0.166666666666667,8,0,0,0,0,0
1,CVF_AE_W_O_STATEADAPTIVECVF,scene1_CVF_AE_W_O_STATEADAPTIVECVF_run016.mat,298.571005142525,1,0,14.4297165450943,18,12,0.908885485289118,24,0,32,0,135.777231206233,1.0655833523868,8,10.0642380061431,22.832876734739,0,0,8,0,0,0,0,0
1,CVF_AE_W_O_STATEADAPTIVECVF,scene1_CVF_AE_W_O_STATEADAPTIVECVF_run017.mat,288.925727165967,1,0,11.0167125819646,18,8.69130441619032,1.99780935240102,24,0,32,0,135.351505833169,1.06224224823999,8,8.7874320631143,21.161404926722,0,0,8,0,0,0,0,0
1,CVF_AE_W_O_STATEADAPTIVECVF,scene1_CVF_AE_W_O_STATEADAPTIVECVF_run018.mat,297.563533322686,1,0,14.3384801822602,18,12,0.921506195110312,24,0,32,0,137.428921413372,1.07854586143483,8,7.68269344783607,21.8621526107265,0.0100502512562814,0,8,0,0,0,0,0
1,CVF_AE_W_O_STATEADAPTIVECVF,scene1_CVF_AE_W_O_STATEADAPTIVECVF_run019.mat,298.500694112687,1,0,12.2126144726525,18,10.503932652293,1.40763388505531,24,0,32,0,138.419815185619,1.08632242233764,8,6.44663272119381,21.0920003519445,0.050251256281407,0.333333333333333,8,0,0,0,0,0
1,CVF_AE_W_O_STATEADAPTIVECVF,scene1_CVF_AE_W_O_STATEADAPTIVECVF_run020.mat,293.831008515585,1,0,12.4541082641701,18,10.9245678969385,1.59851219236232,24,0,32,0,134.951980419303,1.05910676207571,8,9.43646737382804,22.5738227254069,0,0,8,0,0,0,0,0
1,CVF_AE_W_O_STATEADAPTIVECVF,scene1_CVF_AE_W_O_STATEADAPTIVECVF_run021.mat,296.929027824452,1,0,12.6695846536891,18,10.5975045578702,1.83989131523036,24,0,32,0,137.736724244073,1.0809615063062,8,5.90738511526126,19.5729101710098,0.0552763819095477,0.166666666666667,8,0,0,0,0,0
1,CVF_AE_W_O_STATEADAPTIVECVF,scene1_CVF_AE_W_O_STATEADAPTIVECVF_run022.mat,296.45519585611,1,0,12.5649267668788,18,10.9643914262141,1.92958475517643,24,0,32,0,134.693106877517,1.05707511557615,8,7.42235059103314,23.9499687912657,0.0150753768844221,0.166666666666667,8,0,0,0,0,0
1,CVF_AE_W_O_STATEADAPTIVECVF,scene1_CVF_AE_W_O_STATEADAPTIVECVF_run023.mat,299.949776471529,1,0,12.9923771013176,18,11.8787160433286,1.5525027371858,24,0,32,0,135.511758992598,1.06349991933357,8,7.21327981822629,23.5283975099763,0.0150753768844221,0.166666666666667,8,0,0,0,0,0
1,CVF_AE_W_O_STATEADAPTIVECVF,scene1_CVF_AE_W_O_STATEADAPTIVECVF_run024.mat,299.413298080355,1,0,13.8792644690843,18,12,0.891520766601342,24,0,32,0,134.683483742819,1.05699959295692,8,8.67316079187886,25.5318627015343,0,0,8,0,0,0,0,0
1,CVF_AE_W_O_STATEADAPTIVECVF,scene1_CVF_AE_W_O_STATEADAPTIVECVF_run025.mat,295.556433304298,1,0,14.150356418583,18.001869300545,11.9977793967931,1.77090376653808,24,0,32,0,134.504779166138,1.05559711464583,8,6.24138053196529,23.6503765964615,0.0452261306532663,0.166666666666667,8,0,0,0,0,0
1,CVF_AE_W_O_STATEADAPTIVECVF,scene1_CVF_AE_W_O_STATEADAPTIVECVF_run026.mat,298.129252798124,1,0,14.0643773474448,18,12,1.20336640551536,24,0,32,0,134.832232305611,1.05816697566752,8,9.52277199401692,24.0722515231179,0,0,8,0,0,0,0,0
1,CVF_AE_W_O_STATEADAPTIVECVF,scene1_CVF_AE_W_O_STATEADAPTIVECVF_run027.mat,300.423654253231,1,0,15.0590814826422,18,12,1.1698951380022,24,0,32,0,135.711300900695,1.06506592958052,8,7.53468014140216,23.0670379252274,0.0100502512562814,0,8,0,0,0,0,0
1,CVF_AE_W_O_STATEADAPTIVECVF,scene1_CVF_AE_W_O_STATEADAPTIVECVF_run028.mat,298.380016383795,1,0,12.1735298037404,18,11.3146288311303,1.52389644940064,24,0,32,0,135.593893203505,1.06414451082382,8,8.62652211859101,23.33213374391,0,0,8,0,0,0,0,0
1,CVF_AE_W_O_STATEADAPTIVECVF,scene1_CVF_AE_W_O_STATEADAPTIVECVF_run029.mat,302.840599389683,1,0,14.9457514615939,18,12,0.960006339669604,24,0,32,0,137.172628303442,1.07653446623369,8,7.79177147381725,20.8111157533333,0.0050251256281407,0,8,0,0,0,0,0
1,CVF_AE_W_O_STATEADAPTIVECVF,scene1_CVF_AE_W_O_STATEADAPTIVECVF_run030.mat,297.460777475446,1,0,12.2212708956834,18,10.3014784248111,1.38295640211359,24,0,32,0,136.328706596461,1.06991134604124,8,7.38877530021938,22.6400010372973,0.0150753768844221,0.166666666666667,8,0,0,0,0,0
1,CVF_AE,scene1_CVF_AE_run001.mat,296.281409746657,1,0,13.8855115924806,18,11.9816157520141,1.12463977672509,24,0,32,0,135.747431535629,1.0653494837726,8,7.76389818978114,21.2403473871252,0.0100502512562814,0,8,0,0,0,0,0
1,CVF_AE,scene1_CVF_AE_run002.mat,305.896836873159,1,0,15.0358853717972,18,12,1.14401527022784,24,0,32,0,133.532855968756,1.0479694353234,8,8.67149126674106,23.7342537690732,0,0,8,0,0,0,0,0
1,CVF_AE,scene1_CVF_AE_run003.mat,298.983187856765,1,0,13.4791112789807,18,12,1.28324905503004,24,0,32,0,135.72032818466,1.06513677594721,8,7.10934580837329,22.63459275177,0.0251256281407035,0.166666666666667,8,0,0,0,0,0
1,CVF_AE,scene1_CVF_AE_run004.mat,308.236776134709,1,0,13.7644284645233,18,11.268571740741,1.28262446361638,24,0,32,0,138.624215309729,1.08792655999417,8,5.21821730026144,19.9840228035326,0.110552763819095,0.333333333333333,8,0,0,0,0,0
1,CVF_AE,scene1_CVF_AE_run005.mat,304.649291760273,1,0,14.5206790178269,18,12,1.28504975051739,24,0,32,0,137.869215320904,1.08200129983091,8,7.2540790467973,20.443041320566,0.0351758793969849,0,8,0,0,0,0,0
1,CVF_AE,scene1_CVF_AE_run006.mat,305.689346144714,1,0,14.8477690655828,18,12,1.21378266981361,24,0,32,0,137.828522455414,1.08168194113106,8,9.39096744901643,20.3000403160677,0,0,8,0,0,0,0,0
1,CVF_AE,scene1_CVF_AE_run007.mat,306.092896070854,1,0,15.0674424114812,18,12,1.31924667495728,24,0,32,0,134.410153102824,1.05485448676284,8,8.16636990195397,24.3536205409086,0,0,8,0,0,0,0,0
1,CVF_AE,scene1_CVF_AE_run008.mat,311.392925264149,1,0,15.1445094375065,18.4707145872804,12,1.49454699869223,24,0,32,0,134.291435422496,1.05392278722332,8,10.0784338281853,27.4273928029624,0,0,8,0,0,0,0,0
1,CVF_AE,scene1_CVF_AE_run009.mat,307.780619923099,1,0,15.5653934876288,18,12,0.896626970328931,24,0,32,0,134.053534478078,1.05205573423044,8,8.19375325490857,23.6302949341268,0,0,8,0,0,0,0,0
1,CVF_AE,scene1_CVF_AE_run010.mat,299.143165749299,1,0,12.9288366094012,18,11.0876611996601,1.76010871503402,24,0,32,0,135.302713287712,1.0618593230345,8,7.037923351112,22.7391511734454,0.0301507537688442,0.166666666666667,8,0,0,0,0,0
1,CVF_AE,scene1_CVF_AE_run011.mat,301.492044144886,1,0,14.1177413753672,18,11.9856366633318,1.07285201515631,24,0,32,0,134.452670076697,1.05518816111421,8,9.39932169634878,22.5245445658427,0,0,8,0,0,0,0,0
1,CVF_AE,scene1_CVF_AE_run012.mat,308.862693009877,1,0,15.5565193464795,18,12,1.03707577079185,24,0,32,0,133.835109581961,1.05034152978702,8,8.03632815709818,24.0653433471806,0,0,8,0,0,0,0,0
1,CVF_AE,scene1_CVF_AE_run013.mat,309.85698418633,1,0,15.3490450658625,18,12,1.29637888344116,24,0,32,0,138.417258562057,1.08630235788735,8,7.77658430878279,21.0153110089116,0.0100502512562814,0,8,0,0,0,0,0
1,CVF_AE,scene1_CVF_AE_run014.mat,309.305250342305,1,0,15.3184586069694,18,12,0.784675755023532,24,0,32,0,135.056769372364,1.05992914859003,8,7.30634318637839,22.7506873777194,0.0251256281407035,0,8,0,0,0,0,0
1,CVF_AE,scene1_CVF_AE_run015.mat,307.772286399292,1,0,15.7282003975234,18,12,1.61762505818263,24,0,32,0,134.462654882607,1.0552665221388,8,6.36441316566555,20.282772693574,0.0804020100502513,0.166666666666667,8,0,0,0,0,0
1,CVF_AE,scene1_CVF_AE_run016.mat,307.050288636225,1,0,13.5877491029421,18,11.2132817255981,1.67174336772103,24,0,32,0,136.566922728431,1.07178087263448,8,6.69925042495728,22.0047307977732,0.0301507537688442,0.166666666666667,8,0,0,0,0,0
1,CVF_AE,scene1_CVF_AE_run017.mat,297.271492915264,1,0,12.4626740261027,18,11.0669683339357,1.29637991990758,24,0,32,0,136.607629170407,1.07210033788296,8,6.90230238832089,19.8592422082537,0.0351758793969849,0.166666666666667,8,0,0,0,0,0
1,CVF_AE,scene1_CVF_AE_run018.mat,309.036456285689,1,0,16.2180390404882,18,12,0.96925268921335,24,0,32,0,133.275532821023,1.04594995635795,8,8.70821825131017,24.0160874580335,0,0,8,0,0,0,0,0
1,CVF_AE,scene1_CVF_AE_run019.mat,315.508853046179,1,0,15.2301864119104,18,11.8259087428366,1.78168990672688,24,0,32,0,134.882644059787,1.05856260846646,8,4.51089057495244,21.3544984451245,0.0703517587939698,0.166666666666667,8,0,0,0,0,0
1,CVF_AE,scene1_CVF_AE_run020.mat,308.083858210372,1,0,15.5976716726965,18,12,1.14495162866304,24,0,32,0,133.444396729491,1.04727520484096,8,8.76572131591757,23.7945890873747,0,0,8,0,0,0,0,0
1,CVF_AE,scene1_CVF_AE_run021.mat,307.211400791372,1,0,14.662850685181,18,11.9003440124225,1.36827753409505,24,0,32,0,135.012761440537,1.05958377316065,8,6.98851915257265,22.3058194190424,0.0251256281407035,0.166666666666667,8,0,0,0,0,0
1,CVF_AE,scene1_CVF_AE_run022.mat,307.508364816022,1,0,15.1036356973678,18,12,1.3261547494619,24,0,32,0,136.052713358504,1.06774534370694,8,7.12831255758972,22.3889953992871,0.0251256281407035,0.333333333333333,8,0,0,0,0,0
1,CVF_AE,scene1_CVF_AE_run023.mat,296.396219838909,1,0,14.1747847399264,18,12,1.29307415924423,24,0,32,0,137.431628764016,1.0785671087953,8,5.74346182762727,21.2628073836044,0.0653266331658292,0.166666666666667,8,0,0,0,0,0
1,CVF_AE,scene1_CVF_AE_run024.mat,307.198041765346,1,0,16.0551464794604,18,12,1.30655989581247,24,0,32,0,138.523965944836,1.08713980028955,8,6.00496346564168,20.6242346292884,0.0904522613065327,0.333333333333333,8,0,0,0,0,0
1,CVF_AE,scene1_CVF_AE_run025.mat,308.909668246397,1,0,15.5988357107192,18,12,0.836900775562537,24,0,32,0,133.882916777497,1.05071672193989,8,8.3254760800731,23.599637149892,0,0,8,0,0,0,0,0
1,CVF_AE,scene1_CVF_AE_run026.mat,307.594002087663,1,0,15.5178173158139,18,12,1.01966202346415,24,0,32,0,133.516719181892,1.04784279338727,8,8.66668406884216,23.6184510137023,0,0,8,0,0,0,0,0
1,CVF_AE,scene1_CVF_AE_run027.mat,294.413521571595,1,0,13.1937379651397,18,12,1.04372452448733,24,0,32,0,135.369398427784,1.06238266980245,8,10.0230412008792,22.3211552225292,0,0,8,0,0,0,0,0
1,CVF_AE,scene1_CVF_AE_run028.mat,309.060337931494,1,0,16.1532784131093,18,12,1.40238167608823,24,0,32,0,133.261900747734,1.04584297148113,8,9.23393867045399,23.9244976570455,0,0,8,0,0,0,0,0
1,CVF_AE,scene1_CVF_AE_run029.mat,313.310805526835,1,0,16.7291596641056,18,12,1.01293080502171,24,0,32,0,134.207503087335,1.05326408400571,8,9.78149381599322,23.8628602969044,0,0,8,0,0,0,0,0
1,CVF_AE,scene1_CVF_AE_run030.mat,305.655264760071,1,0,14.3656502525641,18,11.3176888645876,1.76833620610979,24,0,32,0,136.989587817959,1.07509795959402,8,8.10949706309346,25.2340532905669,0,0,8,0,0,0,0,0
2,BASE_AE,scene2_BASE_AE_run001.mat,1701.30437911393,0,8,19.9012870570032,22.4156340502692,12,1.93219351994145,24,0,31,0,157.708030641268,1.2376968545911,8,24.5892097727821,39.5863253130166,0,0,8,0,0,0,0,0
2,BASE_AE,scene2_BASE_AE_run002.mat,1781.73467360676,0,9,17.3934094145049,18.6041576571193,12,1.01692486545404,24,0,31,0,140.962519412694,1.10627763331333,8,27.5096645209657,42.2963620940041,0,0,8,0,0,0,0,0
2,BASE_AE,scene2_BASE_AE_run003.mat,858.271185892733,0,3,19.9118757251352,24.0486661448018,12,2.91186718769581,24,0.0318181818181818,31,0,156.025685527546,1.22449376501396,8,10.8619974394309,32.0521453601187,0,0,8,0,0,0,0,0
2,BASE_AE,scene2_BASE_AE_run004.mat,1630.06589108089,0,8,18.1008261573363,21.6964643170626,12,1.7601738780989,24,0,31,0,142.086155765678,1.11509596155025,8,20.2592669164983,39.7684979173748,0,0,8,0,0,0,0,0
2,BASE_AE,scene2_BASE_AE_run005.mat,1641.53584531513,0,7,23.3038964351161,26.5483463154766,12,3.21478673552125,24,0.55,31,0,193.634259867527,1.51964686518887,8,10.9335047406545,26.7889517002932,0,0.166666666666667,8,1,0,0,0,1
2,BASE_AE,scene2_BASE_AE_run006.mat,1168.94676900809,0,4,18.8053553293786,21.5870227189785,12,1.8082907832414,24,0,31,0,175.439179540877,1.37685138674838,8,10.0977274625015,29.546729377758,0,0,8,0,0,0,0,0
2,BASE_AE,scene2_BASE_AE_run007.mat,1660.47374123665,0,8,19.8559878664394,22.5539225704125,12,2.10781577765576,24,0,31,0,148.182281485584,1.1629385197132,8,23.8818981942885,39.7508310276798,0,0,8,0,0,0,0,0
2,BASE_AE,scene2_BASE_AE_run008.mat,1813.35685841101,0,9,23.1478442441475,26.8362957774883,12,3.52691802622504,24,0.554545454545455,31,0,156.133237578127,1.22533783639173,8,11.5592797818976,37.7814967199447,0,0,8,1,0,0,0,1
2,BASE_AE,scene2_BASE_AE_run009.mat,1748.70615756165,0,9,20.7675293573324,21.6749501520022,12,1.60366658815847,24,0,31,0,137.038284875502,1.07548013540779,8,21.1364174943932,40.053493589562,0,0,8,0,0,0,0,0
2,BASE_AE,scene2_BASE_AE_run010.mat,1143.11364414288,0,5,19.3884422567597,23.1713637743087,12,2.24862867070993,24,0,31,0,155.134092910308,1.21749652223916,8,9.14244196990103,21.718115643863,0,0.166666666666667,8,0,0,0,0,0
2,BASE_AE,scene2_BASE_AE_run011.mat,1388.07380050356,0,6,20.4139248588152,23.0650616274084,12,2.50017193336604,24,0,31,0,156.445832219485,1.22779108752166,8,22.512277420106,39.2413001670378,0,0,8,0,0,0,0,0
2,BASE_AE,scene2_BASE_AE_run012.mat,1503.87105123441,0,7,21.8431450160253,24.7962050673975,12,2.42076990512248,24,0.177272727272727,31,0,150.625130566558,1.18211006482392,8,22.075740952021,39.9199745086235,0,0,8,0,0,0,0,0
2,BASE_AE,scene2_BASE_AE_run013.mat,1128.47542793498,0,3,20.7723374711217,24.927693961169,12,2.40840168938725,24,0.122727272727273,31,0,241.165912538241,1.89267655026481,8,7.41064597090437,19.0832453857348,0.160804020100503,0.5,8,0,0,1,0,1
2,BASE_AE,scene2_BASE_AE_run014.mat,1993.39484854877,0,10,19.6549258501671,21.8070460948553,12,1.92121374782536,24,0,31,0,159.477686695895,1.25158516277435,8,20.8896302247967,38.6714541836239,0,0,8,0,0,0,0,0
2,BASE_AE,scene2_BASE_AE_run015.mat,1593.67615116428,0,8,20.2351132832586,22.6955926097354,12,2.22931152156825,24,0,31,0,143.520263784803,1.12635087975065,8,20.763887686715,39.9252442452315,0,0,8,0,0,0,0,0
2,BASE_AE,scene2_BASE_AE_run016.mat,1570.73787670446,0,7,21.4587814291641,23.2546982761375,12,1.74041466258376,24,0,31,0,151.471432371402,1.18875186408823,8,23.8387642433152,40.6850770938756,0,0,8,0,0,0,0,0
2,BASE_AE,scene2_BASE_AE_run017.mat,1726.74377507561,0,8,20.9224989365605,23.6002443149525,12,2.00809781014803,24,0,31,0,162.051231837415,1.27178241407382,8,31.0289968691623,37.4546063616055,0,0,8,0,0,0,0,0
2,BASE_AE,scene2_BASE_AE_run018.mat,1018.72096443824,0,4,22.1251707395468,24.0599054659217,12,2.14203830493659,24,0.05,31,0,158.443902750737,1.24347199864411,8,6.90959336319456,28.3746444245276,0.0201005025125628,0.166666666666667,8,0,0,0,0,0
2,BASE_AE,scene2_BASE_AE_run019.mat,1899.97052124887,0,9,20.1280355633797,23.6926322310161,12,2.97441566105416,24,0,31,0,156.268839593789,1.22640204464783,8,23.8689511000384,35.1773558511569,0,0,8,0,0,0,0,0
2,BASE_AE,scene2_BASE_AE_run020.mat,2015.37985367481,0,9,18.7841407456671,22.861900929551,12,2.53463949336789,24,0,31,0,200.042597586289,1.56993967149314,8,24.7804697361586,34.9030427504559,0,0,8,0,0,0,0,0
2,BASE_AE,scene2_BASE_AE_run021.mat,940.023689919902,0,3,18.1471762876814,20.6051286135396,12,2.02213253525591,24,0,31,0,166.55893622781,1.3071589990374,8,10.6477785349269,32.8113326633688,0,0,8,0,0,0,0,0
2,BASE_AE,scene2_BASE_AE_run022.mat,1351.47302607207,0,6,16.8777083497394,19.0918279545939,12,1.56599946865773,24,0,31,0,179.94639888218,1.41222416503367,8,7.07275832653627,17.4333248391649,0.0150753768844221,0.166666666666667,8,0,0,0,0,0
2,BASE_AE,scene2_BASE_AE_run023.mat,1181.66570499593,0,4,20.7819330255146,25.7475045440295,12,2.80892786523764,24,0.163636363636364,31,0,199.978100792891,1.56943349892859,8,5.42985753865096,28.8679453392808,0.0351758793969849,0.166666666666667,8,0,0,0,0,0
2,BASE_AE,scene2_BASE_AE_run024.mat,1581.74652884254,0,7,18.9444602695827,22.1849385977772,12,2.2071675720372,24,0,31,0,148.938797217844,1.16887567547159,8,24.6400629254314,39.1469660843714,0,0,8,0,0,0,0,0
2,BASE_AE,scene2_BASE_AE_run025.mat,1986.03363271302,0,9,19.1241877885556,22.8880976998614,12,2.12109372463066,24,0,31,0,160.895989798741,1.26271604356787,8,30.5884567367378,42.2691173026874,0,0,8,0,0,0,0,0
2,BASE_AE,scene2_BASE_AE_run026.mat,1447.61129319305,0,6,20.5254138115639,22.086257685665,12,1.58188051780033,24,0,31,0,170.079563987238,1.33478898012531,8,18.7379921878098,38.3065201848473,0,0,8,0,0,0,0,0
2,BASE_AE,scene2_BASE_AE_run027.mat,1753.32528205679,0,7,19.1356694525541,21.1726561362308,12,1.70136440169723,24,0,31,0,177.013311751219,1.38920521855725,8,29.2466965872713,39.3170454465965,0,0,8,0,0,0,0,0
2,BASE_AE,scene2_BASE_AE_run028.mat,2060.76389440252,0,9,19.8323367768394,22.2733993309711,12,2.0787698524367,24,0,31,0,183.812045188829,1.44256186093442,8,28.8010375104372,38.9458415585021,0,0,8,0,0,0,0,0
2,BASE_AE,scene2_BASE_AE_run029.mat,1869.15867389698,0,9,20.1622220691142,21.6302839259717,12,1.77237225944892,24,0,31,0,148.545592856588,1.16578979709775,8,29.5412212201806,40.3541312060052,0,0,8,0,0,0,0,0
2,BASE_AE,scene2_BASE_AE_run030.mat,2436.98113110107,0,12,19.4621643719185,20.6131682669513,12,1.38559719712898,24,0,31,0,170.480658299907,1.33793677904948,8,23.7998936178556,36.0379453405245,0,0,8,0,0,0,0,0
2,CVF_AE_W_O_CVF,scene2_CVF_AE_W_O_CVF_run001.mat,297.465770821251,1,0,15.8047534240132,18,12,1.08630964465543,24,0,31,0,145.531179001825,1.14213259631155,8,5.71046128586498,21.5665843478063,0.050251256281407,0.333333333333333,8,0,0,0,0,0
2,CVF_AE_W_O_CVF,scene2_CVF_AE_W_O_CVF_run002.mat,297.452841265064,1,0,14.3809474859806,18,12,1.30418653311592,24,0,31,0,145.548204757235,1.14226621489668,8,8.36266845790998,22.0331894566868,0,0.166666666666667,8,0,0,0,0,0
2,CVF_AE_W_O_CVF,scene2_CVF_AE_W_O_CVF_run003.mat,301.436134263721,1,0,16.353961481677,18.0563797037681,12,1.47551142437892,24,0,31,0,150.261641002758,1.17925738897753,8,4.90300109746586,14.3914918201332,0.14070351758794,0.333333333333333,8,0,0,0,0,0
2,CVF_AE_W_O_CVF,scene2_CVF_AE_W_O_CVF_run004.mat,305.287499568258,1,0,16.6661611365452,18,12,0.834251538009447,24,0,31,0,149.381003264692,1.17234612038831,8,4.82014690662162,14.1458464174772,0.21105527638191,0.333333333333333,8,0,0,0,0,0
2,CVF_AE_W_O_CVF,scene2_CVF_AE_W_O_CVF_run005.mat,298.801467045399,1,0,15.852995341339,18,12,1.45972016689771,24,0,31,0,148.050590841039,1.16190500800254,8,4.56217725945652,20.3928354334242,0.180904522613065,0.333333333333333,8,0,0,0,0,0
2,CVF_AE_W_O_CVF,scene2_CVF_AE_W_O_CVF_run006.mat,302.881869470791,1,0,15.2252210976855,18,12,1.00880054474149,24,0,31,0,146.115574632625,1.146718948897,8,4.8414546836571,20.4081811911701,0.100502512562814,0.333333333333333,8,0,0,0,0,0
2,CVF_AE_W_O_CVF,scene2_CVF_AE_W_O_CVF_run007.mat,298.156907751868,1,0,15.521536584829,18,11.8471501302192,1.43928909271326,24,0,31,0,145.851234272834,1.14464439866309,8,4.25467398792739,20.6366274580655,0.0954773869346734,0.166666666666667,8,0,0,0,0,0
2,CVF_AE_W_O_CVF,scene2_CVF_AE_W_O_CVF_run008.mat,300.87683485393,1,0,16.6514425782299,19.0847731887469,12,1.86218991306447,24,0,31,0,147.664784546244,1.15887718985271,8,4.30322922383311,18.6559727710399,0.185929648241206,0.5,8,0,0,0,0,0
2,CVF_AE_W_O_CVF,scene2_CVF_AE_W_O_CVF_run009.mat,304.175338533288,1,0,16.5735116260019,18,12,0.996693621713264,24,0,31,0,146.413384808781,1.14905617114747,8,6.69494597837074,20.9568084842994,0.0603015075376884,0.333333333333333,8,0,0,0,0,0
2,CVF_AE_W_O_CVF,scene2_CVF_AE_W_O_CVF_run010.mat,302.23343208663,1,0,15.6593869484718,18,12,1.30415327932408,24,0,31,0,147.167710527654,1.15497613962207,8,3.72003828592931,21.2089157131447,0.0804020100502513,0.166666666666667,8,0,0,0,0,0
2,CVF_AE_W_O_CVF,scene2_CVF_AE_W_O_CVF_run011.mat,318.650778816376,1,0,15.3797845459259,18,12,0.854331230142825,24,0,31,0,149.661240079143,1.17454542642476,8,4.57966471361233,18.7958434587416,0.120603015075377,0.5,8,0,0,0,0,0
2,CVF_AE_W_O_CVF,scene2_CVF_AE_W_O_CVF_run012.mat,301.856979779539,1,0,15.79662403593,18,12,0.917861351079205,24,0,31,0,152.24316446527,1.19480843826067,8,4.20129490646511,12.9274629184989,0.21105527638191,0.333333333333333,8,0,0,0,0,0
2,CVF_AE_W_O_CVF,scene2_CVF_AE_W_O_CVF_run013.mat,315.054515833706,1,0,17.0474536736158,19.7100137592864,12,1.56630247009751,24,0,31,0,147.627475701638,1.15858438903953,8,8.31120141310441,20.0755968669397,0,0.166666666666667,8,0,0,0,0,0
2,CVF_AE_W_O_CVF,scene2_CVF_AE_W_O_CVF_run014.mat,309.777355836156,1,0,15.7903362663833,18,12,1.23240420759835,24,0,31,0,150.26999948457,1.17932298656698,8,3.63160635124963,11.9264256139236,0.241206030150754,0.333333333333333,8,0,0,0,0,0
2,CVF_AE_W_O_CVF,scene2_CVF_AE_W_O_CVF_run015.mat,302.059089481382,1,0,15.2377947640129,18,12,1.36608392117195,24,0,31,0,148.094820216503,1.16225212132752,8,5.20462037771734,20.1950302688497,0.185929648241206,0.5,8,0,0,0,0,0
2,CVF_AE_W_O_CVF,scene2_CVF_AE_W_O_CVF_run016.mat,306.21468173687,1,0,15.3150258537191,18,12,0.840236283190322,24,0,31,0,146.733083615231,1.15156517595561,8,4.61572974432255,20.1809422841273,0.14070351758794,0.333333333333333,8,0,0,0,0,0
2,CVF_AE_W_O_CVF,scene2_CVF_AE_W_O_CVF_run017.mat,297.618874756631,1,0,16.9269096943083,18.6345260616183,12,1.7644123594209,24,0,31,0,148.14378771401,1.16263641956139,8,5.01347804814449,20.2757898574299,0.175879396984925,0.5,8,0,0,0,0,0
2,CVF_AE_W_O_CVF,scene2_CVF_AE_W_O_CVF_run018.mat,303.632561784622,1,0,15.4518442348637,18,12,1.02789066239366,24,0,31,0,147.64703525137,1.15873789291046,8,3.30319324884042,17.7279569655924,0.251256281407035,0.5,8,0,0,0,0,0
2,CVF_AE_W_O_CVF,scene2_CVF_AE_W_O_CVF_run019.mat,301.554173193628,1,0,15.1863936404525,18,12,1.73628044737045,24,0,31,0,146.902426309401,1.15289418196164,8,3.76776343339858,19.9419736898599,0.105527638190955,0.333333333333333,8,0,0,0,0,0
2,CVF_AE_W_O_CVF,scene2_CVF_AE_W_O_CVF_run020.mat,301.304684895077,1,0,14.9434374924581,18,12,1.39301043726938,24,0,31,0,147.62381807761,1.15855568390805,8,3.15418899796511,20.1343706071175,0.14572864321608,0.166666666666667,8,0,0,0,0,0
2,CVF_AE_W_O_CVF,scene2_CVF_AE_W_O_CVF_run021.mat,311.271562994274,1,0,16.321466186752,18.2953571414877,12,1.15927884362695,24,0,31,0,148.86275791112,1.16827891695286,8,6.23101820671494,14.0883615342507,0.085427135678392,0.333333333333333,8,0,0,0,0,0
2,CVF_AE_W_O_CVF,scene2_CVF_AE_W_O_CVF_run022.mat,300.161366547691,1,0,15.8748142268159,18.0507906736035,12,1.29025576634704,24,0,31,0,148.311060734604,1.16394918271368,8,4.18953401072224,19.1320663252053,0.175879396984925,0.333333333333333,8,0,0,0,0,0
2,CVF_AE_W_O_CVF,scene2_CVF_AE_W_O_CVF_run023.mat,304.366556824294,1,0,15.957047415014,18.4621248213432,11.9527395796087,1.64414410810263,24,0,31,0,146.874561144255,1.15267549539816,8,4.93043473926149,19.0117024669867,0.0954773869346734,0.333333333333333,8,0,0,0,0,0
2,CVF_AE_W_O_CVF,scene2_CVF_AE_W_O_CVF_run024.mat,301.323214791634,1,0,15.5191279464588,18,12,1.22621874178448,24,0,31,0,152.345378258711,1.19561061485322,8,3.74388729946785,12.6850501473035,0.28643216080402,0.333333333333333,8,0,0,0,0,0
2,CVF_AE_W_O_CVF,scene2_CVF_AE_W_O_CVF_run025.mat,301.907968478395,1,0,15.0538545873962,18,12,1.31961848353675,24,0,31,0,146.878713150533,1.15270808045479,8,4.35172452234792,19.8518379967591,0.150753768844221,0.333333333333333,8,0,0,0,0,0
2,CVF_AE_W_O_CVF,scene2_CVF_AE_W_O_CVF_run026.mat,300.256616602123,1,0,16.1000114174055,18,12,1.12275277900914,24,0,31,0,146.277667861563,1.14799106090544,8,5.76138346385545,21.0897620034142,0.0804020100502513,0.166666666666667,8,0,0,0,0,0
2,CVF_AE_W_O_CVF,scene2_CVF_AE_W_O_CVF_run027.mat,294.724610214297,1,0,15.2211341120552,18,12,1.0618957988235,24,0,31,0,145.014853744874,1.13808046184588,8,6.72193109352372,21.1483159222971,0.0301507537688442,0.166666666666667,8,0,0,0,0,0
2,CVF_AE_W_O_CVF,scene2_CVF_AE_W_O_CVF_run028.mat,307.169125235976,1,0,16.1832411118468,18.8824161880958,12,1.9408295793204,24,0,31,0,148.203461326314,1.16310473967134,8,2.81783022016526,17.8984032625733,0.21105527638191,0.333333333333333,8,0,0,0,0,0
2,CVF_AE_W_O_CVF,scene2_CVF_AE_W_O_CVF_run029.mat,305.77627365453,1,0,17.5892675971822,19.0184401633162,12,1.41075899088269,24,0,31,0,147.477671124459,1.1574087186997,8,3.95249395527662,18.4389132431149,0.165829145728643,0.5,8,0,0,0,0,0
2,CVF_AE_W_O_CVF,scene2_CVF_AE_W_O_CVF_run030.mat,303.258547812458,1,0,15.5232115109196,18,12,1.52636775858694,24,0,31,0,146.869171681152,1.15263319874717,8,4.27354527014897,19.6634793170196,0.120603015075377,0.333333333333333,8,0,0,0,0,0
2,CVF_AE_W_O_INIT,scene2_CVF_AE_W_O_INIT_run001.mat,323.931007142124,1,0,18.5140949158397,25.4410881428218,12,3.13751044931333,24,0.118181818181818,31,0,150.367196380076,1.18008579040998,8,7.53605826489793,21.2057595402101,0.0100502512562814,0,8,0,0,0,0,0
2,CVF_AE_W_O_INIT,scene2_CVF_AE_W_O_INIT_run002.mat,316.293732662778,1,0,21.156107424261,25.1863243573727,12,2.65818010996326,24,0.2,31,0,150.372284731107,1.18012572392535,8,6.55329841629903,24.1851493287441,0.050251256281407,0.333333333333333,8,0,0,0,0,0
2,CVF_AE_W_O_INIT,scene2_CVF_AE_W_O_INIT_run003.mat,287.380501834986,1,0,28.567613073792,31.5463960598835,12,3.33436360087421,24,0.904545454545455,31,0.109090909090909,145.558647401216,1.14234816904674,8,10.3223128603887,22.2758911398674,0,0,8,1,0,0,0,1
2,CVF_AE_W_O_INIT,scene2_CVF_AE_W_O_INIT_run004.mat,315.477017965448,1,0,19.9819406457785,23.3203187407712,12,2.65552404532083,24,0,31,0,151.120264197633,1.1859958868413,8,6.80363606415347,26.7662018802314,0.0301507537688442,0.333333333333333,8,0,0,0,0,0
2,CVF_AE_W_O_INIT,scene2_CVF_AE_W_O_INIT_run005.mat,316.338311759666,1,0,17.5148827343885,19.5898113142091,12,2.11452984973672,24,0,31,0,150.051966335092,1.17761185656169,8,7.60130667440447,22.2835619116048,0.0100502512562814,0.333333333333333,8,0,0,0,0,0
2,CVF_AE_W_O_INIT,scene2_CVF_AE_W_O_INIT_run006.mat,314.950753987849,1,0,19.0167983655023,20.9162825662988,12,1.88250831072863,24,0,31,0,152.551759492517,1.19723030031178,8,7.12495487172242,23.1039385398895,0.0251256281407035,0.333333333333333,8,0,0,0,0,0
2,CVF_AE_W_O_INIT,scene2_CVF_AE_W_O_INIT_run007.mat,324.29524640065,1,0,16.0890118844135,18.4862048805239,11.6228390338121,1.83749521378833,24,0,31,0,153.653287272013,1.20587511987096,8,4.88887905406767,23.8049112902164,0.105527638190955,0.333333333333333,8,0,0,0,0,0
2,CVF_AE_W_O_INIT,scene2_CVF_AE_W_O_INIT_run008.mat,310.740934842467,1,0,16.79899902356,18.6045839707446,12,1.50463783706171,24,0,31,0,150.955122202318,1.18469984803255,8,3.43316245327304,14.8550529662599,0.115577889447236,0.166666666666667,8,0,0,0,0,0
2,CVF_AE_W_O_INIT,scene2_CVF_AE_W_O_INIT_run009.mat,280.191058136765,1,0,27.5560754431619,29.5614019342999,12,3.3671133557914,24,0.877272727272727,31,0,141.086407883349,1.10724991335402,8,9.843267643774,22.1113200189233,0,0,8,1,0,0,0,1
2,CVF_AE_W_O_INIT,scene2_CVF_AE_W_O_INIT_run010.mat,303.118427776463,1,0,19.3679779301636,21.3047792974665,12,1.48769574851438,24,0,31,0,147.616487921358,1.15849815664517,8,7.93632981950502,21.1022336958813,0.0050251256281407,0,8,0,0,0,0,0
2,CVF_AE_W_O_INIT,scene2_CVF_AE_W_O_INIT_run011.mat,317.145908094859,1,0,17.7440274890042,18.7051833042253,12,0.966412842629854,24,0,31,0,148.682689220728,1.16686573304078,8,3.62313967539266,20.5552907945065,0.085427135678392,0.333333333333333,8,0,0,0,0,0
2,CVF_AE_W_O_INIT,scene2_CVF_AE_W_O_INIT_run012.mat,301.463443390904,1,0,17.9701521994051,19.5907745176093,12,1.6410429449542,24,0,31,0,146.943885916875,1.15321955807314,8,8.25916512466273,24.2429292150419,0,0,8,0,0,0,0,0
2,CVF_AE_W_O_INIT,scene2_CVF_AE_W_O_INIT_run013.mat,313.586622135076,1,0,19.7407732100635,23.1074784799042,12,2.71450808735319,24,0,31,0,150.460971362153,1.1808217389846,8,3.53738246366296,20.458884713543,0.105527638190955,0.166666666666667,8,0,0,0,0,0
2,CVF_AE_W_O_INIT,scene2_CVF_AE_W_O_INIT_run014.mat,317.023466828184,1,0,16.4548941960657,19.7539069740494,12,1.96191735040095,24,0,31,0,151.270291709206,1.18717330677623,8,3.77790023734198,22.0397813316557,0.0954773869346734,0.333333333333333,8,0,0,0,0,0
2,CVF_AE_W_O_INIT,scene2_CVF_AE_W_O_INIT_run015.mat,306.977515499268,1,0,16.1862905326463,18,12,1.25660793552263,24,0,31,0,144.819972921105,1.13655103191375,8,8.06041480232335,24.5995606605493,0,0,8,0,0,0,0,0
2,CVF_AE_W_O_INIT,scene2_CVF_AE_W_O_INIT_run016.mat,316.162523544018,1,0,26.8187076391344,30.4294526766823,12,3.94570448093264,24,0.827272727272727,31,0,151.271471282264,1.18718256409723,8,3.60152797641618,20.9402304129774,0.085427135678392,0.333333333333333,8,1,0,0,0,1
2,CVF_AE_W_O_INIT,scene2_CVF_AE_W_O_INIT_run017.mat,293.470645059887,1,0,16.5766877578722,18.2146013639361,12,1.1547150106364,24,0,31,0,146.028237528637,1.1460335249623,8,9.16623925598753,27.1327363362817,0,0,8,0,0,0,0,0
2,CVF_AE_W_O_INIT,scene2_CVF_AE_W_O_INIT_run018.mat,310.814328354136,1,0,17.0955607462571,18.1350338335113,12,0.964033903412882,24,0,31,0,150.480208460352,1.18097271224725,8,4.37508469100811,20.830204282936,0.0804020100502513,0.166666666666667,8,0,0,0,0,0
2,CVF_AE_W_O_INIT,scene2_CVF_AE_W_O_INIT_run019.mat,321.197697323441,1,0,17.2559117408016,19.7539444497968,12,1.43207594021338,24,0,31,0,150.511870626793,1.18122119777873,8,6.49010661861905,22.8341754482521,0.0351758793969849,0.166666666666667,8,0,0,0,0,0
2,CVF_AE_W_O_INIT,scene2_CVF_AE_W_O_INIT_run020.mat,312.707400886147,1,0,18.7798880324974,20.9779077482739,12,1.61080572971481,24,0,31,0,149.307602764133,1.17177007129114,8,3.75697103048662,21.877651575871,0.0804020100502513,0.166666666666667,8,0,0,0,0,0
2,CVF_AE_W_O_INIT,scene2_CVF_AE_W_O_INIT_run021.mat,313.200716618266,1,0,17.5822607225448,19.9331120152502,12,1.88076917760318,24,0,31,0,151.365451975184,1.18792012709607,8,7.32973433618586,23.4861962503785,0.0100502512562814,0.166666666666667,8,0,0,0,0,0
2,CVF_AE_W_O_INIT,scene2_CVF_AE_W_O_INIT_run022.mat,315.596558215066,1,0,18.0255426991559,20.0515107759111,12,1.94109809428049,24,0,31,0,152.193659504945,1.1944199220042,8,5.84639249200796,23.2792618505604,0.0603015075376884,0.333333333333333,8,0,0,0,0,0
2,CVF_AE_W_O_INIT,scene2_CVF_AE_W_O_INIT_run023.mat,300.422178370233,1,0,17.1936492630731,19.1730650208649,12,1.63068384277931,24,0,31,0,148.275867658474,1.16367298650825,8,5.69567289950191,22.7736157487645,0.0753768844221105,0.333333333333333,8,0,0,0,0,0
2,CVF_AE_W_O_INIT,scene2_CVF_AE_W_O_INIT_run024.mat,394.87959502856,1,0,21.7311065772869,27.135574072806,12,3.49010936671934,24,0.377272727272727,31,0,153.108876815067,1.20160257200242,8,8.89819341313535,31.0823958038975,0,0.166666666666667,8,0,0,0,0,0
2,CVF_AE_W_O_INIT,scene2_CVF_AE_W_O_INIT_run025.mat,291.94328814474,1,0,15.7533231344175,18.0092501403027,12,1.4247827906862,24,0,31,0,146.016715624495,1.14594310074955,8,7.07305839247516,24.3260266552842,0.0351758793969849,0.166666666666667,8,0,0,0,0,0
2,CVF_AE_W_O_INIT,scene2_CVF_AE_W_O_INIT_run026.mat,317.810952148256,1,0,15.0992311860332,18,12,1.27623756272467,24,0,31,0,149.040062152954,1.16967040539851,8,4.9772112777092,21.1406758056615,0.0552763819095477,0.166666666666667,8,0,0,0,0,0
2,CVF_AE_W_O_INIT,scene2_CVF_AE_W_O_INIT_run027.mat,307.950996671953,1,0,18.4269777928176,20.45565681068,12,1.61019036136019,24,0,31,0,146.608942231012,1.15059091104247,8,8.55639137258598,22.6862549874613,0,0,8,0,0,0,0,0
2,CVF_AE_W_O_INIT,scene2_CVF_AE_W_O_INIT_run028.mat,310.458032821181,1,0,17.6839180789552,20.2511407903346,12,1.71117065259701,24,0,31,0,148.156268929516,1.16273437247545,8,5.23993732901206,21.6433460917282,0.120603015075377,0.333333333333333,8,0,0,0,0,0
2,CVF_AE_W_O_INIT,scene2_CVF_AE_W_O_INIT_run029.mat,306.162662499518,1,0,16.6831277532247,18.986403812372,12,1.64108600819478,24,0,31,0,151.863368605075,1.1918277901628,8,4.89837454827362,23.011955524264,0.120603015075377,0.333333333333333,8,0,0,0,0,0
2,CVF_AE_W_O_INIT,scene2_CVF_AE_W_O_INIT_run030.mat,308.097128743266,1,0,21.2127059139785,23.1847270535985,12,2.11751889544653,24,0,31,0,149.728394803541,1.17507245850309,8,5.85346486071361,20.6574244663803,0.130653266331658,0.333333333333333,8,0,0,0,0,0
2,CVF_AE_W_O_SPARSEPRESERVATION,scene2_CVF_AE_W_O_SPARSEPRESERVATION_run001.mat,304.179617358208,1,0,15.8342390670859,18,12,1.69935606078036,24,0,31,0,145.256035673429,1.13997326409027,8,5.68550181445111,21.5673947473472,0.0804020100502513,0.166666666666667,8,0,0,0,0,0
2,CVF_AE_W_O_SPARSEPRESERVATION,scene2_CVF_AE_W_O_SPARSEPRESERVATION_run002.mat,298.693201447118,1,0,16.7935413721374,18,12,1.25689437567274,24,0,31,0,145.586872043888,1.14256967679948,8,5.9501592139692,20.9036896677651,0.0603015075376884,0.166666666666667,8,0,0,0,0,0
2,CVF_AE_W_O_SPARSEPRESERVATION,scene2_CVF_AE_W_O_SPARSEPRESERVATION_run003.mat,303.899321049887,1,0,15.2928383801138,18,12,1.28301004530023,24,0,31,0,146.255787910198,1.14781934646026,8,6.18127332705828,19.5504411458205,0.135678391959799,0.333333333333333,8,0,0,0,0,0
2,CVF_AE_W_O_SPARSEPRESERVATION,scene2_CVF_AE_W_O_SPARSEPRESERVATION_run004.mat,306.116214465406,1,0,16.0569634296951,18,12,1.38835019629153,24,0,31,0,151.495189471895,1.18893831045013,8,3.36394955690847,13.6871622840438,0.21608040201005,0.333333333333333,8,0,0,0,0,0
2,CVF_AE_W_O_SPARSEPRESERVATION,scene2_CVF_AE_W_O_SPARSEPRESERVATION_run005.mat,302.880178424878,1,0,15.7737161607892,18,12,1.38325889199132,24,0,31,0,151.269667567823,1.18716840849792,8,3.56979076747548,14.6127543368105,0.115577889447236,0.166666666666667,8,0,0,0,0,0
2,CVF_AE_W_O_SPARSEPRESERVATION,scene2_CVF_AE_W_O_SPARSEPRESERVATION_run006.mat,307.390000166368,1,0,15.232773823205,18,11.9878435936749,1.31529742801369,24,0,31,0,151.322161382321,1.18758038136211,8,5.10437946800816,14.6156879841618,0.14070351758794,0.333333333333333,8,0,0,0,0,0
2,CVF_AE_W_O_SPARSEPRESERVATION,scene2_CVF_AE_W_O_SPARSEPRESERVATION_run007.mat,304.339882380534,1,0,16.9962161342039,18.0146900549928,12,1.29894449733926,24,0,31,0,145.474006147999,1.1416839022212,8,6.2997122826191,20.2725015936842,0.0653266331658292,0.333333333333333,8,0,0,0,0,0
2,CVF_AE_W_O_SPARSEPRESERVATION,scene2_CVF_AE_W_O_SPARSEPRESERVATION_run008.mat,322.871023892822,1,0,15.5602223278409,18.2325507246797,12,1.18802522130141,24,0,31,0,149.982092374069,1.1770634838414,8,3.42269313050115,19.8565823346779,0.150753768844221,0.333333333333333,8,0,0,0,0,0
2,CVF_AE_W_O_SPARSEPRESERVATION,scene2_CVF_AE_W_O_SPARSEPRESERVATION_run009.mat,302.46932351241,1,0,14.8608469394311,18,12,1.4082057250446,24,0,31,0,147.549014480005,1.15796862326763,8,3.47438390550691,19.3559552715016,0.165829145728643,0.333333333333333,8,0,0,0,0,0
2,CVF_AE_W_O_SPARSEPRESERVATION,scene2_CVF_AE_W_O_SPARSEPRESERVATION_run010.mat,295.614710472061,1,0,15.610313306807,18,12,0.949032150388296,24,0,31,0,145.78109406788,1.14409393645329,8,6.4263796729584,21.1480648541741,0.0753768844221105,0.333333333333333,8,0,0,0,0,0
2,CVF_AE_W_O_SPARSEPRESERVATION,scene2_CVF_AE_W_O_SPARSEPRESERVATION_run011.mat,303.550817902476,1,0,16.0935060148613,18,12,0.846661297430296,24,0,31,0,148.060824349725,1.1619853208532,8,5.65714893288261,20.3132971030603,0.135678391959799,0.5,8,0,0,0,0,0
2,CVF_AE_W_O_SPARSEPRESERVATION,scene2_CVF_AE_W_O_SPARSEPRESERVATION_run012.mat,301.664992893053,1,0,15.5973804077223,18.6282649398175,12,1.89998887311978,24,0,31,0,146.529088552977,1.14996421723539,8,3.85654897751174,20.6813515023027,0.110552763819095,0.166666666666667,8,0,0,0,0,0
2,CVF_AE_W_O_SPARSEPRESERVATION,scene2_CVF_AE_W_O_SPARSEPRESERVATION_run013.mat,299.515272236546,1,0,16.0605674562166,18,12,1.66035187451473,24,0,31,0,146.146254477455,1.14695972514213,8,5.53524620534156,20.8107639214015,0.0653266331658292,0.166666666666667,8,0,0,0,0,0
2,CVF_AE_W_O_SPARSEPRESERVATION,scene2_CVF_AE_W_O_SPARSEPRESERVATION_run014.mat,300.842711604439,1,0,15.3651601086639,18,12,0.925805762521485,24,0,31,0,147.066132498835,1.15417895252732,8,4.91847554670433,20.360573486907,0.100502512562814,0.166666666666667,8,0,0,0,0,0
2,CVF_AE_W_O_SPARSEPRESERVATION,scene2_CVF_AE_W_O_SPARSEPRESERVATION_run015.mat,297.522950412514,1,0,16.2433410801867,18,12,1.0613083853316,24,0,31,0,146.009103920759,1.14588336389447,8,5.52930633211638,20.7305374578556,0.0653266331658292,0.166666666666667,8,0,0,0,0,0
2,CVF_AE_W_O_SPARSEPRESERVATION,scene2_CVF_AE_W_O_SPARSEPRESERVATION_run016.mat,300.7909650186,1,0,15.0545024897238,18,12,1.36214120241921,24,0,31,0,146.943500052452,1.1532165297988,8,6.08957115847298,20.4852300317416,0.125628140703518,0.333333333333333,8,0,0,0,0,0
2,CVF_AE_W_O_SPARSEPRESERVATION,scene2_CVF_AE_W_O_SPARSEPRESERVATION_run017.mat,298.721497181046,1,0,15.9158430844989,18,11.9944227831137,1.4799344457653,24,0,31,0,149.044667158868,1.16970654560844,8,3.68799165344836,20.6927036904404,0.115577889447236,0.333333333333333,8,0,0,0,0,0
2,CVF_AE_W_O_SPARSEPRESERVATION,scene2_CVF_AE_W_O_SPARSEPRESERVATION_run018.mat,305.262317377361,1,0,16.234867278554,18,12,1.6063277754871,24,0,31,0,152.22736546798,1.19468444730617,8,3.1593000623667,13.8406624343914,0.135678391959799,0.166666666666667,8,0,0,0,0,0
2,CVF_AE_W_O_SPARSEPRESERVATION,scene2_CVF_AE_W_O_SPARSEPRESERVATION_run019.mat,300.077180085158,1,0,15.9977550466883,18,12,1.03594754188857,24,0,31,0,146.193068972265,1.14732712655309,8,7.02016819186379,19.6397225812124,0.0703517587939698,0.333333333333333,8,0,0,0,0,0
2,CVF_AE_W_O_SPARSEPRESERVATION,scene2_CVF_AE_W_O_SPARSEPRESERVATION_run020.mat,297.073452597702,1,0,15.8734953350894,18,12,1.36572342552983,24,0,31,0,147.486007335179,1.15747414150503,8,5.19179083550191,20.7672739727597,0.125628140703518,0.333333333333333,8,0,0,0,0,0
2,CVF_AE_W_O_SPARSEPRESERVATION,scene2_CVF_AE_W_O_SPARSEPRESERVATION_run021.mat,301.612180591745,1,0,15.5568872039659,18,12,1.1276559983803,24,0,31,0,145.747018085784,1.14382650723179,8,5.26924584671005,20.5000627371919,0.0904522613065327,0.166666666666667,8,0,0,0,0,0
2,CVF_AE_W_O_SPARSEPRESERVATION,scene2_CVF_AE_W_O_SPARSEPRESERVATION_run022.mat,302.410000725382,1,0,14.9095998598394,18,11.9884341733012,1.28602919721135,24,0,31,0,150.140052089967,1.17830315592863,8,5.01430310556188,15.249783205261,0.130653266331658,0.333333333333333,8,0,0,0,0,0
2,CVF_AE_W_O_SPARSEPRESERVATION,scene2_CVF_AE_W_O_SPARSEPRESERVATION_run023.mat,316.256975259372,1,0,14.8505160068505,18,11.3992121018547,1.67184127944869,24,0,31,0,150.546944004707,1.18149645458936,8,3.26706707171524,13.9347458518591,0.21608040201005,0.333333333333333,8,0,0,0,0,0
2,CVF_AE_W_O_SPARSEPRESERVATION,scene2_CVF_AE_W_O_SPARSEPRESERVATION_run024.mat,303.109752595304,1,0,16.3967659932615,18,12,1.18004455917614,24,0,31,0,146.54995144135,1.15012794974293,8,4.4124443477155,19.8906711197121,0.14572864321608,0.333333333333333,8,0,0,0,0,0
2,CVF_AE_W_O_SPARSEPRESERVATION,scene2_CVF_AE_W_O_SPARSEPRESERVATION_run025.mat,299.943734949485,1,0,15.7684929144702,18.2949312578059,12,1.44942147898419,24,0,31,0,143.880981044435,1.12918179847957,8,6.94531844377055,20.5821153672081,0.0301507537688442,0.166666666666667,8,0,0,0,0,0
2,CVF_AE_W_O_SPARSEPRESERVATION,scene2_CVF_AE_W_O_SPARSEPRESERVATION_run026.mat,302.621518756506,1,0,16.0805830566846,18,12,0.970463609653697,24,0,31,0,145.457950638484,1.14155789815188,8,8.11293291925662,20.4256036928633,0,0.166666666666667,8,0,0,0,0,0
2,CVF_AE_W_O_SPARSEPRESERVATION,scene2_CVF_AE_W_O_SPARSEPRESERVATION_run027.mat,295.583706653113,1,0,15.7951995690653,18.6328601140523,12,1.7840433829379,24,0,31,0,147.852142179182,1.16034757758141,8,5.45594257415102,20.8868862526779,0.14070351758794,0.333333333333333,8,0,0,0,0,0
2,CVF_AE_W_O_SPARSEPRESERVATION,scene2_CVF_AE_W_O_SPARSEPRESERVATION_run028.mat,305.03469990823,1,0,16.3365680619117,18,12,1.29009300635551,24,0,31,0,145.913984189386,1.1451368616913,8,6.44366439898256,20.6381195927837,0.0603015075376884,0.166666666666667,8,0,0,0,0,0
2,CVF_AE_W_O_SPARSEPRESERVATION,scene2_CVF_AE_W_O_SPARSEPRESERVATION_run029.mat,296.505308381228,1,0,16.1758273220341,18,12,1.13313573774246,24,0,31,0,146.38626033036,1.14884329751328,8,5.78084693508563,20.5305431021475,0.050251256281407,0.333333333333333,8,0,0,0,0,0
2,CVF_AE_W_O_SPARSEPRESERVATION,scene2_CVF_AE_W_O_SPARSEPRESERVATION_run030.mat,303.419958162992,1,0,15.1656369852449,18,11.9697076595126,1.63670126648636,24,0,31,0,145.505665801781,1.14193236803327,8,7.21601227541035,20.4292690021372,0.050251256281407,0.166666666666667,8,0,0,0,0,0
2,CVF_AE_W_O_STATEADAPTIVECVF,scene2_CVF_AE_W_O_STATEADAPTIVECVF_run001.mat,298.388694260498,1,0,16.3063943080606,19.3364119139033,12,2.10575042065168,24,0,31,0,147.872940572951,1.16051080393357,8,6.50310694826942,21.1248280533881,0.0301507537688442,0.333333333333333,8,0,0,0,0,0
2,CVF_AE_W_O_STATEADAPTIVECVF,scene2_CVF_AE_W_O_STATEADAPTIVECVF_run002.mat,299.609045776921,1,0,16.2009818039815,18,12,1.59149884340251,24,0,31,0,147.759309155565,1.15961902152205,8,3.37631028176989,18.869747256141,0.115577889447236,0.333333333333333,8,0,0,0,0,0
2,CVF_AE_W_O_STATEADAPTIVECVF,scene2_CVF_AE_W_O_STATEADAPTIVECVF_run003.mat,297.532409346616,1,0,15.2815629305114,18.2274086472276,12,1.61746662864495,24,0,31,0,147.352269040226,1.15642455977904,8,3.93818630319072,22.343592943435,0.0703517587939698,0.166666666666667,8,0,0,0,0,0
2,CVF_AE_W_O_STATEADAPTIVECVF,scene2_CVF_AE_W_O_STATEADAPTIVECVF_run004.mat,307.149045609518,1,0,15.9742575858979,18,11.9993064826228,1.44765497971933,24,0,31,0,147.111902210057,1.15453815444865,8,5.5936728052111,19.5313934541025,0.165829145728643,0.5,8,0,0,0,0,0
2,CVF_AE_W_O_STATEADAPTIVECVF,scene2_CVF_AE_W_O_STATEADAPTIVECVF_run005.mat,298.170263682357,1,0,15.748296775338,18,12,1.72968668362967,24,0,31,0,147.548538007287,1.15796488389696,8,3.75210828018632,21.4896049447747,0.0904522613065327,0.166666666666667,8,0,0,0,0,0
2,CVF_AE_W_O_STATEADAPTIVECVF,scene2_CVF_AE_W_O_STATEADAPTIVECVF_run006.mat,302.109399357387,1,0,16.8841940357883,18.7374693959466,12,1.94203504540719,24,0,31,0,147.491373169957,1.15751625272029,8,4.95431408059542,21.0185902964993,0.0904522613065327,0.166666666666667,8,0,0,0,0,0
2,CVF_AE_W_O_STATEADAPTIVECVF,scene2_CVF_AE_W_O_STATEADAPTIVECVF_run007.mat,300.129147553411,1,0,14.4365649064196,18.1018949191409,11.2100929407788,2.06736743615207,24,0,31,0,150.635175435402,1.18218889722403,8,4.15568084593185,13.7484115662809,0.246231155778894,0.5,8,0,0,0,0,0
2,CVF_AE_W_O_STATEADAPTIVECVF,scene2_CVF_AE_W_O_STATEADAPTIVECVF_run008.mat,304.693820699673,1,0,17.5335559565828,19.7743228246205,12,1.57549523954821,24,0,31,0,149.25895696765,1.17138829777555,8,3.32854671510663,20.0569113820289,0.110552763819095,0.333333333333333,8,0,0,0,0,0
2,CVF_AE_W_O_STATEADAPTIVECVF,scene2_CVF_AE_W_O_STATEADAPTIVECVF_run009.mat,302.640511854155,1,0,16.1904831932836,18,12,1.04990201252388,24,0,31,0,145.601512218931,1.1426845732859,8,7.04075105860346,21.1556162572977,0.0603015075376884,0.166666666666667,8,0,0,0,0,0
2,CVF_AE_W_O_STATEADAPTIVECVF,scene2_CVF_AE_W_O_STATEADAPTIVECVF_run010.mat,300.270302400947,1,0,15.8518504478686,18.060042673793,12,1.08878333644578,24,0,31,0,147.926289027463,1.16092948403551,8,7.95738819205931,15.4730663005348,0.0050251256281407,0,8,0,0,0,0,0
2,CVF_AE_W_O_STATEADAPTIVECVF,scene2_CVF_AE_W_O_STATEADAPTIVECVF_run011.mat,305.732230043655,1,0,15.036394603433,18,12,1.28282738806747,24,0,31,0,149.35936019894,1.17217626502777,8,3.37585820436415,19.5093638932898,0.165829145728643,0.333333333333333,8,0,0,0,0,0
2,CVF_AE_W_O_STATEADAPTIVECVF,scene2_CVF_AE_W_O_STATEADAPTIVECVF_run012.mat,300.81828586694,1,0,17.4374585465452,19.075461183441,12,1.77261686592278,24,0,31,0,145.257422460781,1.13998414763461,8,7.27232037393812,22.1611937722719,0.0201005025125628,0,8,0,0,0,0,0
2,CVF_AE_W_O_STATEADAPTIVECVF,scene2_CVF_AE_W_O_STATEADAPTIVECVF_run013.mat,304.642527060454,1,0,16.8960605930627,19.3124268585776,12,1.86750031154395,24,0,31,0,146.481770147873,1.14959286112293,8,8.00642332847448,22.0482829790513,0,0.166666666666667,8,0,0,0,0,0
2,CVF_AE_W_O_STATEADAPTIVECVF,scene2_CVF_AE_W_O_STATEADAPTIVECVF_run014.mat,302.082117666572,1,0,16.5606557306336,18,12,1.06453053824432,24,0,31,0,145.88663315306,1.1449222100246,8,4.97226986519817,18.7625623022314,0.120603015075377,0.166666666666667,8,0,0,0,0,0
2,CVF_AE_W_O_STATEADAPTIVECVF,scene2_CVF_AE_W_O_STATEADAPTIVECVF_run015.mat,302.405635231212,1,0,15.4918493487591,18.10556364694,11.8486606754454,2.13157692824459,24,0,31,0,145.814970241019,1.14435979756872,8,6.68572428448471,19.9064093677658,0.0351758793969849,0.166666666666667,8,0,0,0,0,0
2,CVF_AE_W_O_STATEADAPTIVECVF,scene2_CVF_AE_W_O_STATEADAPTIVECVF_run016.mat,306.042853808919,1,0,17.5127758964769,18.5902641153746,12,1.4122159529575,24,0,31,0,146.698747651342,1.15129570639002,8,5.96470106283329,19.9349932938522,0.0703517587939698,0.333333333333333,8,0,0,0,0,0
2,CVF_AE_W_O_STATEADAPTIVECVF,scene2_CVF_AE_W_O_STATEADAPTIVECVF_run017.mat,299.753026034325,1,0,15.504432131296,18,12,1.1474649792929,24,0,31,0,149.942572056473,1.17675332732887,8,3.54366851750538,20.2960709292133,0.165829145728643,0.333333333333333,8,0,0,0,0,0
2,CVF_AE_W_O_STATEADAPTIVECVF,scene2_CVF_AE_W_O_STATEADAPTIVECVF_run018.mat,300.223663680927,1,0,15.0679076541163,18,12,1.0211854949976,24,0,31,0,146.585536672652,1.15040722359268,8,6.76509439962005,21.8380512693902,0.0603015075376884,0.166666666666667,8,0,0,0,0,0
2,CVF_AE_W_O_STATEADAPTIVECVF,scene2_CVF_AE_W_O_STATEADAPTIVECVF_run019.mat,303.573034721156,1,0,16.563356061938,18.3455907183773,12,1.57636673744176,24,0,31,0,148.527362334074,1.16564672346807,8,5.87356725096406,21.5236557741516,0.0552763819095477,0.166666666666667,8,0,0,0,0,0
2,CVF_AE_W_O_STATEADAPTIVECVF,scene2_CVF_AE_W_O_STATEADAPTIVECVF_run020.mat,301.290539261896,1,0,17.6827095426242,19.6501714273102,12,1.33740640643555,24,0,31,0,146.517202271935,1.14987093338295,8,6.28186409106498,22.0065035591291,0.0603015075376884,0.166666666666667,8,0,0,0,0,0
2,CVF_AE_W_O_STATEADAPTIVECVF,scene2_CVF_AE_W_O_STATEADAPTIVECVF_run021.mat,306.330054659866,1,0,16.178394218331,18,12,0.913012565618523,24,0,31,0,148.26070478177,1.16355398784517,8,6.19123720930216,20.1226555574585,0.0904522613065327,0.333333333333333,8,0,0,0,0,0
2,CVF_AE_W_O_STATEADAPTIVECVF,scene2_CVF_AE_W_O_STATEADAPTIVECVF_run022.mat,299.478675594948,1,0,16.0653534106698,18,12,1.28947812470662,24,0,31,0,147.648950045522,1.15875292026632,8,4.51202619006565,20.5562300489762,0.0804020100502513,0.333333333333333,8,0,0,0,0,0
2,CVF_AE_W_O_STATEADAPTIVECVF,scene2_CVF_AE_W_O_STATEADAPTIVECVF_run023.mat,299.101677337198,1,0,17.0082671004276,19.0779346439931,12,1.61439939659366,24,0,31,0,148.968930679485,1.16911216368681,8,4.26416796736123,19.5453496905033,0.115577889447236,0.333333333333333,8,0,0,0,0,0
2,CVF_AE_W_O_STATEADAPTIVECVF,scene2_CVF_AE_W_O_STATEADAPTIVECVF_run024.mat,296.903742186922,1,0,15.1119342654715,18,12,1.16775378150932,24,0,31,0,148.660269048731,1.16668977892958,8,3.84138693525034,19.3242743621376,0.21105527638191,0.5,8,0,0,0,0,0
2,CVF_AE_W_O_STATEADAPTIVECVF,scene2_CVF_AE_W_O_STATEADAPTIVECVF_run025.mat,297.291360977937,1,0,16.3349606659914,18,12,1.19432174926616,24,0,31,0,146.358382315526,1.14862451010511,8,7.96001966733054,22.7987109793639,0.0050251256281407,0,8,0,0,0,0,0
2,CVF_AE_W_O_STATEADAPTIVECVF,scene2_CVF_AE_W_O_STATEADAPTIVECVF_run026.mat,298.882384266305,1,0,15.9762850761939,19.1008426896159,12,1.89973083288232,24,0,31,0,150.924698207199,1.18446107970281,8,4.4400605781227,13.3095622745536,0.276381909547739,0.5,8,0,0,0,0,0
2,CVF_AE_W_O_STATEADAPTIVECVF,scene2_CVF_AE_W_O_STATEADAPTIVECVF_run027.mat,299.320345087014,1,0,15.9893836736706,18,12,0.933052708864177,24,0,31,0,146.854966958034,1.15252171969913,8,6.44354792996443,20.2616253778197,0.0703517587939698,0.333333333333333,8,0,0,0,0,0
2,CVF_AE_W_O_STATEADAPTIVECVF,scene2_CVF_AE_W_O_STATEADAPTIVECVF_run028.mat,299.535580252555,1,0,15.8991281209792,18,12,1.078420080934,24,0,31,0,147.239316737222,1.15553810707541,8,4.41545956031012,21.6660167580452,0.150753768844221,0.5,8,0,0,0,0,0
2,CVF_AE_W_O_STATEADAPTIVECVF,scene2_CVF_AE_W_O_STATEADAPTIVECVF_run029.mat,307.285371201248,1,0,16.4995990915134,18,12,0.87174150506252,24,0,31,0,147.240940159187,1.15555084773454,8,4.01547766352684,18.1555324883804,0.14070351758794,0.333333333333333,8,0,0,0,0,0
2,CVF_AE_W_O_STATEADAPTIVECVF,scene2_CVF_AE_W_O_STATEADAPTIVECVF_run030.mat,304.0064034123,1,0,15.0310193257172,18,12,1.13024605424394,24,0,31,0,146.456141567998,1.14939172734065,8,6.16242461878575,19.9853827592533,0.085427135678392,0.333333333333333,8,0,0,0,0,0
2,CVF_AE,scene2_CVF_AE_run001.mat,303.258556937045,1,0,15.5064197929806,18,11.9611724615672,1.5802621117201,24,0,31,0,147.786390356551,1.15983155551377,8,4.44332799677069,19.6730735641095,0.135678391959799,0.166666666666667,8,0,0,0,0,0
2,CVF_AE,scene2_CVF_AE_run002.mat,295.634185292453,1,0,16.5781174613447,18,12,1.53057875168178,24,0,31,0,145.152186517428,1.13915825312848,8,7.23094198905611,21.3650287819201,0.0201005025125628,0.166666666666667,8,0,0,0,0,0
2,CVF_AE,scene2_CVF_AE_run003.mat,294.553859007843,1,0,15.7005864447589,18.1446344710757,12,1.40395632574369,24,0,31,0,146.400426274646,1.148954472224,8,7.34698857181886,23.204859172413,0.0251256281407035,0.166666666666667,8,0,0,0,0,0
2,CVF_AE,scene2_CVF_AE_run004.mat,300.005493771715,1,0,16.4562361028803,18,12,1.04885571135232,24,0,31,0,147.804533953923,1.1599739469526,8,4.2040625815725,20.6049950590507,0.120603015075377,0.333333333333333,8,0,0,0,0,0
2,CVF_AE,scene2_CVF_AE_run005.mat,305.679568594557,1,0,17.2101141161918,18.3761669510634,12,1.40348366817619,24,0,31,0,150.929466425412,1.18449850080724,8,3.66230406103443,14.6808451367502,0.175879396984925,0.333333333333333,8,0,0,0,0,0
2,CVF_AE,scene2_CVF_AE_run006.mat,298.279425972151,1,0,16.154779459098,18.5494092942417,12,1.44987750899264,24,0,31,0,144.77085339857,1.1361655405834,8,6.9727703035804,20.2370826347436,0.0603015075376884,0.333333333333333,8,0,0,0,0,0
2,CVF_AE,scene2_CVF_AE_run007.mat,310.347005111048,1,0,14.672808514169,18,11.2810947954746,2.36178506648854,24,0,31,0,152.387298506428,1.19593960608171,8,2.5045707020404,18.8185294254847,0.256281407035176,0.5,8,0,0,0,0,0
2,CVF_AE,scene2_CVF_AE_run008.mat,299.651329902002,1,0,15.6175392458363,18,12,1.4723614042459,24,0,31,0,145.458253426518,1.14156027444049,8,4.95220800279162,20.2534690339468,0.0703517587939698,0.333333333333333,8,0,0,0,0,0
2,CVF_AE,scene2_CVF_AE_run009.mat,298.844873269376,1,0,15.8406369575255,18.0411756630442,12,1.46536159524794,24,0,31,0,145.991548787667,1.14574559073909,8,4.81726850099079,20.2619463580492,0.085427135678392,0.166666666666667,8,0,0,0,0,0
2,CVF_AE,scene2_CVF_AE_run010.mat,299.151577968435,1,0,14.7973321410733,18,12,0.778665758804492,24,0,31,0,146.550679174604,1.15013366101302,8,5.55403715095824,19.3608602870635,0.115577889447236,0.166666666666667,8,0,0,0,0,0
2,CVF_AE,scene2_CVF_AE_run011.mat,300.338635643321,1,0,14.9626388764565,18,12,1.6806314385547,24,0,31,0,147.308091390383,1.15607785239812,8,4.24843639893514,19.8210826056746,0.0954773869346734,0.333333333333333,8,0,0,0,0,0
2,CVF_AE,scene2_CVF_AE_run012.mat,297.965789180833,1,0,14.9024808309227,18.0155467663199,12,1.34693871463976,24,0,31,0,146.133469619307,1.14685938923247,8,6.91269618065965,19.9362868847635,0.0552763819095477,0.166666666666667,8,0,0,0,0,0
2,CVF_AE,scene2_CVF_AE_run013.mat,307.349845019804,1,0,16.6437460038276,18.7360973199472,12,1.72596088903168,24,0,31,0,149.321758232605,1.1718811637874,8,4.65969744460017,14.5908558712882,0.155778894472362,0.333333333333333,8,0,0,0,0,0
2,CVF_AE,scene2_CVF_AE_run014.mat,303.844222957373,1,0,15.9339581816444,18,12,0.95028214725761,24,0,31,0,151.071038825142,1.18560956479765,8,3.93716542160276,13.6963739862801,0.175879396984925,0.333333333333333,8,0,0,0,0,0
2,CVF_AE,scene2_CVF_AE_run015.mat,302.891921011808,1,0,16.6481528842047,18,12,0.97386595384233,24,0,31,0,145.986285133613,1.14570428144089,8,6.90473944320966,20.4631901562663,0.0251256281407035,0.333333333333333,8,0,0,0,0,0
2,CVF_AE,scene2_CVF_AE_run016.mat,305.198804999105,1,0,15.532320280379,18,12,1.17146708433825,24,0,31,0,146.628568216499,1.150744936303,8,5.22396477251466,20.8202023978548,0.110552763819095,0.333333333333333,8,0,0,0,0,0
2,CVF_AE,scene2_CVF_AE_run017.mat,313.677877343527,1,0,16.9569638978446,18.1996049369091,11.9970468562405,1.70872721296295,24,0,31,0,150.143292266716,1.17832858492267,8,4.51851018322869,20.7166106109276,0.175879396984925,0.5,8,0,0,0,0,0
2,CVF_AE,scene2_CVF_AE_run018.mat,314.961390813989,1,0,16.2627786034872,18,12,1.33479858700113,24,0,31,0,148.156679850391,1.1627375973935,8,6.32958930603366,14.9233290428786,0.0753768844221105,0.166666666666667,8,0,0,0,0,0
2,CVF_AE,scene2_CVF_AE_run019.mat,308.507360412081,1,0,14.620394758841,18,12,1.11810096828593,24,0,31,0,150.359781098784,1.1800275950835,8,5.091944357171,15.7319662977853,0.155778894472362,0.333333333333333,8,0,0,0,0,0
2,CVF_AE,scene2_CVF_AE_run020.mat,302.916676648312,1,0,16.5851439118367,18.3269188893519,12,1.35729688886453,24,0,31,0,145.762234135538,1.1439459231984,8,6.26282407084349,21.2117221069845,0.0653266331658292,0.166666666666667,8,0,0,0,0,0
2,CVF_AE,scene2_CVF_AE_run021.mat,300.40101908598,1,0,15.6321924897831,18.039964587445,12,1.26800290483262,24,0,31,0,150.239670924965,1.17908496721772,8,3.35377505377382,14.5624318908542,0.150753768844221,0.333333333333333,8,0,0,0,0,0
2,CVF_AE,scene2_CVF_AE_run022.mat,305.153851409292,1,0,15.8886335018514,18,12,1.04435760782364,24,0,31,0,148.240229468849,1.16339329704016,8,3.57396614052858,19.0153441379112,0.221105527638191,0.5,8,0,0,0,0,0
2,CVF_AE,scene2_CVF_AE_run023.mat,303.185947022498,1,0,15.5031483953923,18,12,1.12366512807583,24,0,31,0,146.800394608795,1.15209343443854,8,5.09923281483449,19.8996925485597,0.120603015075377,0.333333333333333,8,0,0,0,0,0
2,CVF_AE,scene2_CVF_AE_run024.mat,306.740745581783,1,0,15.6447566784272,18,12,0.883534456161083,24,0,31,0,147.693992051386,1.15910641113649,8,4.04014705009411,18.9035819390971,0.135678391959799,0.166666666666667,8,0,0,0,0,0
2,CVF_AE,scene2_CVF_AE_run025.mat,298.920425151038,1,0,17.027195002188,18,12,0.953935068039668,24,0,31,0,149.617748684209,1.17420410479078,8,6.14443158941138,15.8367322529524,0.0603015075376884,0.166666666666667,8,0,0,0,0,0
2,CVF_AE,scene2_CVF_AE_run026.mat,306.305828102613,1,0,16.0654873824177,18,12,1.29276632727264,24,0,31,0,146.600559727158,1.15052512492739,8,5.40423598527921,20.0655652698709,0.105527638190955,0.166666666666667,8,0,0,0,0,0
2,CVF_AE,scene2_CVF_AE_run027.mat,299.668771143241,1,0,15.5649556918499,18.3306958522751,12,1.48841486835751,24,0,31,0,147.583169454864,1.15823667242644,8,3.47691078258489,20.1020246767676,0.180904522613065,0.333333333333333,8,0,0,0,0,0
2,CVF_AE,scene2_CVF_AE_run028.mat,307.598128284382,1,0,13.227026837588,18.3851107333183,11.265260650281,2.16475376797313,24,0,31,0,152.039332079714,1.19320875623154,8,4.49407717582239,12.2683024872834,0.457286432160804,0.5,8,0,0,0,0,0
2,CVF_AE,scene2_CVF_AE_run029.mat,302.987659778861,1,0,15.1160050196535,18,12,1.40001111986594,24,0,31,0,151.425286206635,1.18838970774939,8,4.50733389913586,13.9249926983322,0.180904522613065,0.333333333333333,8,0,0,0,0,0
2,CVF_AE,scene2_CVF_AE_run030.mat,302.304123691714,1,0,15.5671980713165,18,12,0.804694721013557,24,0,31,0,149.957433220678,1.17686995814416,8,5.3126127527333,20.5423294754861,0.0603015075376884,0.333333333333333,8,0,0,0,0,0
4,BASE_AE,scene4_BASE_AE_run001.mat,1667.40396134484,0,8,16.1574621838786,18,12,1.3552271494253,24,0,25,0,147.416526851266,1.15692885680364,8,22.0045210760412,39.8281187651822,0,0,8,0,0,0,0,0
4,BASE_AE,scene4_BASE_AE_run002.mat,1837.78883200519,0,8,15.6066693512261,18,12,0.895254246569419,24,0,25,0,165.541484864256,1.29917401344567,8,23.9014687472224,43.8659999809721,0,0,8,0,0,0,0,0
4,BASE_AE,scene4_BASE_AE_run003.mat,2047.10064116923,0,9,18.4378324940639,20.1985120738401,12,1.46968600311104,24,0,25,0,204.625642368804,1.60590752987488,8,14.8848911244289,36.9699877351111,0,0,8,0,0,0,0,0
4,BASE_AE,scene4_BASE_AE_run004.mat,1639.20844906473,0,7,15.9808839925361,18.6797952919949,12,1.16647659126067,24,0,25,0,159.64579420445,1.25290447501054,8,26.9983881127499,42.7268313834535,0,0,8,0,0,0,0,0
4,BASE_AE,scene4_BASE_AE_run005.mat,1527.12895507969,0,7,17.6129299709656,19.9040831063669,12,1.74038698425617,24,0,25,0,156.541018200696,1.22853810965534,8,23.7994298206442,42.209850411694,0,0,8,0,0,0,0,0
4,BASE_AE,scene4_BASE_AE_run006.mat,1549.90696491613,0,7,17.0627290548972,19.0966004634381,12,1.20811847748396,24,0,25,0,159.561955834298,1.25224650923284,8,23.7945476372091,39.4813460273456,0,0,8,0,0,0,0,0
4,BASE_AE,scene4_BASE_AE_run007.mat,1563.23558079344,0,7,17.0555279342851,18.8176898441498,12,1.56687997745179,24,0,25,0,155.311078128383,1.21888550697779,8,30.0553877457889,43.2538002882633,0,0,8,0,0,0,0,0
4,BASE_AE,scene4_BASE_AE_run008.mat,1574.86111793752,0,7,17.2922459914639,19.2168003013812,12,1.65974560041643,24,0,25,0,155.537294292741,1.22066085750335,8,24.4094545569858,43.1087411213814,0,0,8,0,0,0,0,0
4,BASE_AE,scene4_BASE_AE_run009.mat,1845.94370877551,0,9,17.0306332959815,18.5078534484707,12,1.40413180921456,24,0,25,0,152.109475914238,1.19375924692632,8,20.3595649912892,41.3017269388913,0,0,8,0,0,0,0,0
4,BASE_AE,scene4_BASE_AE_run010.mat,1435.27297919022,0,6,16.7214839579445,18,12,0.974131035090802,24,0,25,0,165.839935729168,1.30151626383869,8,25.7241026599154,40.8590552559045,0,0,8,0,0,0,0,0
4,BASE_AE,scene4_BASE_AE_run011.mat,1830.19422106112,0,8,17.188139773416,19.2990483144602,12,1.54672966706185,24,0,25,0,168.404355224254,1.32164189682018,8,26.1845632083751,44.7515361143407,0,0,8,0,0,0,0,0
4,BASE_AE,scene4_BASE_AE_run012.mat,1745.6026265405,0,9,17.055365919085,18.6984424428107,12,1.28026543916273,24,0,25,0,142.707214924627,1.11997005048801,8,20.8528845119569,37.2244340859079,0,0,8,0,0,0,0,0
4,BASE_AE,scene4_BASE_AE_run013.mat,1542.33150609612,0,7,16.3902288935213,18,12,0.992305136408184,24,0,25,0,145.170106748057,1.13929889157913,8,26.0840293438097,45.251940829899,0,0,8,0,0,0,0,0
4,BASE_AE,scene4_BASE_AE_run014.mat,1525.02266378856,0,7,17.6838005288548,18.9664291650353,12,1.38236541024503,24,0,25,0,150.488443069999,1.18103733768463,8,25.5701587374683,38.3518904243678,0,0,8,0,0,0,0,0
4,BASE_AE,scene4_BASE_AE_run015.mat,1578.93433560828,0,7,17.5907634526709,19.1739678529434,12,1.28305190978737,24,0,25,0,162.983190183632,1.27909644817236,8,23.6268235019987,41.6688784403022,0,0,8,0,0,0,0,0
4,BASE_AE,scene4_BASE_AE_run016.mat,1601.57343413622,0,7,17.1001896949425,18.8874459716129,12,1.39322571743699,24,0,25,0,164.423342850023,1.29039880492665,8,23.6011881588812,43.4602741867027,0,0,8,0,0,0,0,0
4,BASE_AE,scene4_BASE_AE_run017.mat,1651.39121971062,0,8,15.7325053148142,18.6394768144381,12,1.80206328042674,24,0,25,0,147.843423682234,1.1602791545835,8,22.264487990157,37.8042705841676,0,0,8,0,0,0,0,0
4,BASE_AE,scene4_BASE_AE_run018.mat,1640.91744409459,0,7,18.392835677759,19.9395013296088,12,1.51035307291522,24,0,25,0,152.994855790674,1.20070773194465,8,28.1180113216116,45.040535976689,0,0,8,0,0,0,0,0
4,BASE_AE,scene4_BASE_AE_run019.mat,1223.20735554277,0,5,16.5379062614137,18.3095565503173,12,1.34123794840663,24,0,25,0,158.354304638828,1.24276883025861,8,25.1513971847198,42.2374429942212,0,0,8,0,0,0,0,0
4,BASE_AE,scene4_BASE_AE_run020.mat,2250.05999102424,0,11,17.2013306435579,18.6636341355271,12,1.30958605840737,24,0,25,0,157.460746074674,1.23575615867969,8,18.3368846425341,42.6150773566547,0,0,8,0,0,0,0,0
4,BASE_AE,scene4_BASE_AE_run021.mat,1319.39673782232,0,5,15.6860413167176,18,12,1.18718427988869,24,0,25,0,170.80164283031,1.34045587425368,8,26.8565344830429,39.3825072056641,0,0,8,0,0,0,0,0
4,BASE_AE,scene4_BASE_AE_run022.mat,1768.43528505512,0,9,15.6558857447559,18,12,1.1475597839308,24,0,25,0,140.484088874718,1.10252289761861,8,22.3690696570384,39.6120434832631,0,0,8,0,0,0,0,0
4,BASE_AE,scene4_BASE_AE_run023.mat,1535.09702143269,0,7,17.747912561575,19.6795064076207,12,1.63399763601424,24,0,25,0,147.736061455615,1.15943657294928,8,24.44145746279,42.7979084980854,0,0,8,0,0,0,0,0
4,BASE_AE,scene4_BASE_AE_run024.mat,1643.84670581971,0,8,16.7528039294704,18,12,1.14100157122318,24,0,25,0,144.60689123173,1.13487876110016,8,24.326562067048,42.5143826043973,0,0,8,0,0,0,0,0
4,BASE_AE,scene4_BASE_AE_run025.mat,1568.59975047175,0,7,17.9553186951592,18.824703794655,12,1.18378679444874,24,0,25,0,158.973261093518,1.24762641711695,8,27.0505855376255,38.3844138363568,0,0,8,0,0,0,0,0
4,BASE_AE,scene4_BASE_AE_run026.mat,1581.06362526665,0,7,17.873854405296,19.9352084920519,12,1.43705948643613,24,0,25,0,159.652910275805,1.25296032212942,8,30.6442417104535,44.2525481849848,0,0,8,0,0,0,0,0
4,BASE_AE,scene4_BASE_AE_run027.mat,1821.33757557673,0,9.17510804653808,16.6402329958231,18,12,1.29112418251432,24,0,25,0,153.033158957775,1.20100833622745,8,20.8044013225382,41.0625767197013,0,0,8,0,0,0,0,0
4,BASE_AE,scene4_BASE_AE_run028.mat,1499.60576335859,0,7,16.9375717741932,18.3376028022468,12,1.08800784787617,24,0,25,0,152.935929959171,1.20024528043849,8,26.3365136883118,43.5315360903287,0,0,8,0,0,0,0,0
4,BASE_AE,scene4_BASE_AE_run029.mat,1809.37408201655,0,8,16.2847801119696,18,12,1.07789093010943,24,0,25,0,177.557448448672,1.39347561795396,8,26.2982327442543,38.1288946909056,0,0,8,0,0,0,0,0
4,BASE_AE,scene4_BASE_AE_run030.mat,1568.57735077796,0,7,17.7635470255421,20.0609705377535,12,1.43091312109166,24,0,25,0,147.220975131176,1.1553941616592,8,26.4287583585015,45.1244960226793,0,0,8,0,0,0,0,0
4,CVF_AE_W_O_CVF,scene4_CVF_AE_W_O_CVF_run001.mat,374.149288743473,1,0,12.6625693961791,18,8.63556703801889,2.5872865315241,24,0,25,0,161.522196226342,1.26763052840809,8,3.23649575739121,16.6431385909822,0.366834170854271,0.5,8,0,0,0,0,0
4,CVF_AE_W_O_CVF,scene4_CVF_AE_W_O_CVF_run002.mat,362.901475775481,1,0,13.2232404771357,18.5626745072295,10.7400171643751,2.22149455562323,24,0,25,0,157.101839776806,1.23293945242726,8,1.82984142106365,21.8578087025255,0.21105527638191,0.5,8,0,0,0,0,0
4,CVF_AE_W_O_CVF,scene4_CVF_AE_W_O_CVF_run003.mat,351.578207304814,1,0,14.6046326361146,22.5218172813857,11.4960644116627,3.54460081166568,24,0,25,0,153.618217558332,1.20559989181733,8,3.50505648144208,26.7053899651803,0.085427135678392,0.166666666666667,8,0,0,0,0,0
4,CVF_AE_W_O_CVF,scene4_CVF_AE_W_O_CVF_run004.mat,355.312776758985,1,0,13.3340244951444,18,11.1448414310649,1.56411489745859,24,0,25,0,155.563359237054,1.22086541588544,8,2.97709810369368,19.6692748011944,0.261306532663317,0.5,8,0,0,0,0,0
4,CVF_AE_W_O_CVF,scene4_CVF_AE_W_O_CVF_run005.mat,322.411307125344,1,0,13.608872872325,18,11.5220833547761,1.40746244595279,24,0,25,0,149.317281101507,1.17184602714245,8,3.15505691226776,22.944704362054,0.115577889447236,0.333333333333333,8,0,0,0,0,0
4,CVF_AE_W_O_CVF,scene4_CVF_AE_W_O_CVF_run006.mat,336.79573686064,1,0,12.8396614812725,18.3924199910704,9.69351865442212,2.62347439167165,24,0,25,0,152.943064378509,1.20030127155282,8,2.72077381658301,21.6940080838637,0.195979899497487,0.5,8,0,0,0,0,0
4,CVF_AE_W_O_CVF,scene4_CVF_AE_W_O_CVF_run007.mat,341.366773399814,1,0,15.7209006465629,18.3794023303764,12,1.72104061535588,24,0,25,0,150.833306030459,1.1837438314484,8,2.76656689044594,20.1332361972449,0.185929648241206,0.333333333333333,8,0,0,0,0,0
4,CVF_AE_W_O_CVF,scene4_CVF_AE_W_O_CVF_run008.mat,331.042483395333,1,0,13.4940899126061,18.5780402384248,10.5172529379203,2.32819541889728,24,0,25,0,150.895382175846,1.18423100670242,8,4.4994436763233,24.4338303713022,0.0804020100502513,0.166666666666667,8,0,0,0,0,0
4,CVF_AE_W_O_CVF,scene4_CVF_AE_W_O_CVF_run009.mat,378.379779264905,1,0,15.3853355287284,18,12,1.24332375602621,24,0,25,0,175.084268327985,1.37406603403001,8,0.407498425936666,3.44896873002958,0.949748743718593,1,8,0,1,0,1,1
4,CVF_AE_W_O_CVF,scene4_CVF_AE_W_O_CVF_run010.mat,374.85891268096,1,0,15.115693922647,20.3115969526042,11.454474418469,2.89705923404574,24,0,25,0,175.572154098005,1.37789497463943,8,1.13469430899815,3.26446907123379,0.949748743718593,1,8,0,1,0,1,1
4,CVF_AE_W_O_CVF,scene4_CVF_AE_W_O_CVF_run011.mat,346.10675832886,1,0,16.7517913784548,20.0374287342777,11.9988098576458,2.60108426870419,24,0,25,0,150.955263517716,1.18470095707958,8,3.58046940793363,22.0961393294244,0.190954773869347,0.5,8,0,0,0,0,0
4,CVF_AE_W_O_CVF,scene4_CVF_AE_W_O_CVF_run012.mat,344.393241679767,1,0,14.0885759491552,18,12,1.57113879924864,24,0,25,0,153.54984707966,1.20506331846686,8,5.77970557327418,23.0220397752305,0.0653266331658292,0.333333333333333,8,0,0,0,0,0
4,CVF_AE_W_O_CVF,scene4_CVF_AE_W_O_CVF_run013.mat,376.572185845365,1,0,18.4941818525941,23.3767772978696,12,3.29207763098298,24,0,25,0,176.444832281549,1.38474377643126,8,1.43118541018339e-07,3.3411908936491,0.954773869346734,0.833333333333333,8,0,1,0,1,1
4,CVF_AE_W_O_CVF,scene4_CVF_AE_W_O_CVF_run014.mat,372.467193399666,1,0,12.7280494861873,18.0244512300211,8.79665385332059,2.61632134961926,24,0,25,0,158.174206767527,1.24135541733397,8,3.4149001421553,19.8987906885709,0.251256281407035,0.5,8,0,0,0,0,0
4,CVF_AE_W_O_CVF,scene4_CVF_AE_W_O_CVF_run015.mat,380.843689393035,1,0,15.5270759696342,20.1467690366439,10.2968340559324,3.11015603354431,24,0,25,0,175.362955009398,1.37625317458081,8,0.336324985864266,3.21784562708173,0.899497487437186,0.833333333333333,8,0,1,0,1,1
4,CVF_AE_W_O_CVF,scene4_CVF_AE_W_O_CVF_run016.mat,401.410949310756,1,0,19.7995504670968,23.6954465360414,12,3.18763218332434,24,0,25,0,175.534419911953,1.37759883573516,8,0.966430536555194,5.1443374828567,0.954773869346734,0.833333333333333,8,0,1,0,1,1
4,CVF_AE_W_O_CVF,scene4_CVF_AE_W_O_CVF_run017.mat,336.118798592702,1,0,11.4636764726212,18,9.40252025588454,2.16228928256287,24,0,25,0,151.569054296754,1.18951800357686,8,5.72945468005201,23.0231296824654,0.0904522613065327,0.333333333333333,8,0,0,0,0,0
4,CVF_AE_W_O_CVF,scene4_CVF_AE_W_O_CVF_run018.mat,349.246282654594,1,0,13.9713557488073,18,11.066041040527,2.28180101185032,24,0,25,0,153.527387330278,1.20488705375128,8,5.40129584933965,21.5694739504152,0.14572864321608,0.5,8,0,0,0,0,0
4,CVF_AE_W_O_CVF,scene4_CVF_AE_W_O_CVF_run019.mat,383.365891267156,1,0,15.0608660968646,20.0425825736249,11.0267491341914,2.39716314206443,24,0,25,0,178.146481176795,1.39809836260357,8,2.2880763943167,5.42622544541922,0.964824120603015,1,8,0,1,0,1,1
4,CVF_AE_W_O_CVF,scene4_CVF_AE_W_O_CVF_run020.mat,341.619498049351,1,0,14.9807961674062,18.2729643204828,11.8454228334954,2.13131010847184,24,0,25,0,151.36371161971,1.18790646873962,8,5.69405378284023,25.3188133838386,0.050251256281407,0.333333333333333,8,0,0,0,0,0
4,CVF_AE_W_O_CVF,scene4_CVF_AE_W_O_CVF_run021.mat,329.316225846928,1,0,14.948425753891,18,11.3517427467226,1.96101854521471,24,0,25,0,149.892573212549,1.17636093506066,8,3.0454314268923,23.1274385481579,0.130653266331658,0.333333333333333,8,0,0,0,0,0
4,CVF_AE_W_O_CVF,scene4_CVF_AE_W_O_CVF_run022.mat,339.293804365664,1,0,13.646157479181,18,11.2337656355102,1.75656079733464,24,0,25,0,151.843257984337,1.19166996147183,8,3.03233399947556,19.7132381666425,0.185929648241206,0.333333333333333,8,0,0,0,0,0
4,CVF_AE_W_O_CVF,scene4_CVF_AE_W_O_CVF_run023.mat,339.19058375701,1,0,15.095099614375,19.6321683893696,11.0815050013136,2.6721027869162,24,0,25,0,153.281000912457,1.20295340653553,8,4.78964417368728,23.0094548240978,0.0653266331658292,0.166666666666667,8,0,0,0,0,0
4,CVF_AE_W_O_CVF,scene4_CVF_AE_W_O_CVF_run024.mat,379.875768369542,1,0,14.7138918931356,19.313368901973,9.32412545652131,3.05716890673845,24,0,25,0,159.685614149868,1.25321698301026,8,1.16770316126363,19.5913504687504,0.246231155778894,0.5,8,0,0,0,0,0
4,CVF_AE_W_O_CVF,scene4_CVF_AE_W_O_CVF_run025.mat,349.578132478559,1,0,18.3072533965051,24.21427522639,12,4.19705424335122,24,0.0818181818181818,25,0,154.74983451755,1.21448085206604,8,4.58802874433147,23.7449070600491,0.0703517587939698,0.333333333333333,8,0,0,0,0,0
4,CVF_AE_W_O_CVF,scene4_CVF_AE_W_O_CVF_run026.mat,382.813702248072,1,0,15.0871409586448,18,12,1.15296670377851,24,0,25,0,174.986360886141,1.3732976538003,8,1.18477867089234,4.29688594391837,0.934673366834171,0.833333333333333,8,0,1,0,1,1
4,CVF_AE_W_O_CVF,scene4_CVF_AE_W_O_CVF_run027.mat,350.368372575058,1,0,12.7980733352143,18,10.2707251470745,1.90954718963062,24,0,25,0,158.72630728881,1.2456883170337,8,2.3562683201419,20.644784819627,0.206030150753769,0.5,8,0,0,0,0,0
4,CVF_AE_W_O_CVF,scene4_CVF_AE_W_O_CVF_run028.mat,328.293449851754,1,0,14.8119366606924,18.1807475121957,12,1.47479945856944,24,0,25,0,150.881241218268,1.18412002808806,8,3.96481510731393,24.9133228731847,0.085427135678392,0.166666666666667,8,0,0,0,0,0
4,CVF_AE_W_O_CVF,scene4_CVF_AE_W_O_CVF_run029.mat,355.765064174867,1,0,14.597854047275,19.6421549374858,10.3207194393718,3.30149857117014,24,0,25,0,156.329831178652,1.22688070824178,8,3.97796488810081,24.7089494627096,0.085427135678392,0.333333333333333,8,0,0,0,0,0
4,CVF_AE_W_O_CVF,scene4_CVF_AE_W_O_CVF_run030.mat,346.91695685814,1,0,14.7471407567229,20.0174275940619,12,2.30462600225005,24,0,25,0,154.648428625615,1.21368501590618,8,3.25839499639379,23.2946319701185,0.165829145728643,0.333333333333333,8,0,0,0,0,0
4,CVF_AE_W_O_INIT,scene4_CVF_AE_W_O_INIT_run001.mat,349.0176043406,1,0,14.9877979406152,18.2746677383918,11.5935582091428,2.09803742689096,24,0,25,0,157.002247776913,1.2321578517408,8,4.03460563449067,24.1558841270214,0.110552763819095,0.333333333333333,8,0,0,0,0,0
4,CVF_AE_W_O_INIT,scene4_CVF_AE_W_O_INIT_run002.mat,1085.04229516329,0,4,17.4376077202141,23.3471186482579,11.800827285143,3.87523334758456,24,0,25,0,175.92551513103,1.38066816150462,8,8.14989656161113,32.551687241155,0,0.166666666666667,8,0,0,0,0,0
4,CVF_AE_W_O_INIT,scene4_CVF_AE_W_O_INIT_run003.mat,1097.96545546964,0,4,14.1209597084147,18,12,0.86065438261513,24,0,25,0,175.83494102319,1.37995733347688,8,5.40246708596055,32.898884976036,0.0301507537688442,0.166666666666667,8,0,0,0,0,0
4,CVF_AE_W_O_INIT,scene4_CVF_AE_W_O_INIT_run004.mat,323.463465734722,1,0,10.8144665612704,18,9.06025181903282,2.17075787211757,24,0,25,0,150.496304274122,1.18109903262544,8,5.960680258117,28.3515994862616,0.0251256281407035,0.333333333333333,8,0,0,0,0,0
4,CVF_AE_W_O_INIT,scene4_CVF_AE_W_O_INIT_run005.mat,322.093214104667,1,0,9.90464562065814,18,8.22055999190731,2.09339092159955,24,0,25,0,153.422671430251,1.20406524055913,8,5.32817444356512,25.8625589389598,0.0703517587939698,0.333333333333333,8,0,0,0,0,0
4,CVF_AE_W_O_INIT,scene4_CVF_AE_W_O_INIT_run006.mat,321.401422853913,1,0,13.727478679554,19.1556287680663,11.6220743095224,2.15115103329208,24,0,25,0,148.864082024519,1.16828930863033,8,6.63889451167075,26.5834633014773,0.0251256281407035,0.166666666666667,8,0,0,0,0,0
4,CVF_AE_W_O_INIT,scene4_CVF_AE_W_O_INIT_run007.mat,357.743039029795,1,0,10.9374326355125,18,8.39196648648245,2.92161707925562,24,0,25,0,159.570896811626,1.25231667826273,8,4.07502306250922,26.6625572474643,0.0703517587939698,0.333333333333333,8,0,0,0,0,0
4,CVF_AE_W_O_INIT,scene4_CVF_AE_W_O_INIT_run008.mat,1249.44155483804,0,5,15.2753947768842,18,12,1.19657177483322,24,0,25,0,167.118882939822,1.31155347585242,8,11.4193246827595,27.9202409048491,0,0,8,0,0,0,0,0
4,CVF_AE_W_O_INIT,scene4_CVF_AE_W_O_INIT_run009.mat,357.211179463047,1,0,17.3803039007683,20.2158799149677,12,1.4226298071797,24,0,25,0,157.604240174388,1.23688230422311,8,4.00154133862051,23.486781350238,0.170854271356784,0.5,8,0,0,0,0,0
4,CVF_AE_W_O_INIT,scene4_CVF_AE_W_O_INIT_run010.mat,374.724087151198,1,0,15.146201719042,20.2963669382644,12,2.85086629311435,24,0,25,0,161.916448248393,1.27072462885196,8,4.3418803537139,24.0669753501014,0.150753768844221,0.333333333333333,8,0,0,0,0,0
4,CVF_AE_W_O_INIT,scene4_CVF_AE_W_O_INIT_run011.mat,1099.62778588242,0,5,12.9660505125183,18,9.39261623138834,2.31496114554342,24,0,25,0,148.035082477984,1.16178329795331,8,8.36855180228159,27.3505456899899,0,0.333333333333333,8,0,0,0,0,0
4,CVF_AE_W_O_INIT,scene4_CVF_AE_W_O_INIT_run012.mat,334.682734450626,1,0,12.7484241156266,18.9498072763425,9.80909798986518,2.93355905148392,24,0,25,0,154.059591892922,1.20906380943394,8,4.83635131882586,26.0798582267025,0.0402010050251256,0.333333333333333,8,0,0,0,0,0
4,CVF_AE_W_O_INIT,scene4_CVF_AE_W_O_INIT_run013.mat,323.915517076855,1,0,11.0528338836445,18,9.03136739457267,1.98474385860828,24,0,25,0,151.156712788915,1.18628193636333,8,7.75891820132341,26.1559904893335,0.0100502512562814,0.166666666666667,8,0,0,0,0,0
4,CVF_AE_W_O_INIT,scene4_CVF_AE_W_O_INIT_run014.mat,324.355134417174,1,0,12.4300625360001,18,9.84714366108367,2.10874912369191,24,0,25,0,153.452284312109,1.20429764325024,8,3.29530662495924,24.9393297922113,0.115577889447236,0.333333333333333,8,0,0,0,0,0
4,CVF_AE_W_O_INIT,scene4_CVF_AE_W_O_INIT_run015.mat,327.648445050474,1,0,12.2311156639897,18,10.7607479665987,1.37109815553055,24,0,25,0,152.531066537158,1.19706790144309,8,7.4154910117453,27.4558601205091,0.0201005025125628,0.333333333333333,8,0,0,0,0,0
4,CVF_AE_W_O_INIT,scene4_CVF_AE_W_O_INIT_run016.mat,324.403662383524,1,0,12.484098432512,18,9.51212996562431,1.91953085270934,24,0,25,0,152.286830939306,1.19515113392015,8,5.98904645435117,26.5715717971644,0.0552763819095477,0.333333333333333,8,0,0,0,0,0
4,CVF_AE_W_O_INIT,scene4_CVF_AE_W_O_INIT_run017.mat,1100.45548540595,0,4,12.5535970452706,21.4035321504773,9.48963041902106,3.53592809050924,24,0,25,0,168.324979413946,1.32101895333183,8,8.32656725671121,22.6651014891669,0,0.166666666666667,8,0,0,0,0,0
4,CVF_AE_W_O_INIT,scene4_CVF_AE_W_O_INIT_run018.mat,1039.92198433777,0,3,13.0180637166485,18,8.86584745725844,2.62625777353117,24,0,25,0,199.590280868102,1.56638987775656,8,9.34591082341635,30.5155824569499,0,0.333333333333333,8,0,0,0,0,0
4,CVF_AE_W_O_INIT,scene4_CVF_AE_W_O_INIT_run019.mat,319.778433098842,1,0,9.52623800168191,18,8.14072448552645,1.72161133041923,24,0,25,0,150.993782511833,1.18500325517859,8,8.03023684100447,26.1026817767281,0,0.166666666666667,8,0,0,0,0,0
4,CVF_AE_W_O_INIT,scene4_CVF_AE_W_O_INIT_run020.mat,321.629411697919,1,0,11.8579655659935,18,10.8073118098874,1.36969393615366,24,0,25,0,149.663049823331,1.17455962934569,8,6.99913554193358,23.8363234997428,0.0301507537688442,0.166666666666667,8,0,0,0,0,0
4,CVF_AE_W_O_INIT,scene4_CVF_AE_W_O_INIT_run021.mat,337.754319275449,1,0,11.7016480817498,18,9.34132149233898,2.21290260882312,24,0,25,0,153.861084142466,1.2075059152839,8,6.30449297663872,29.5111497373269,0.0201005025125628,0.333333333333333,8,0,0,0,0,0
4,CVF_AE_W_O_INIT,scene4_CVF_AE_W_O_INIT_run022.mat,334.081543851899,1,0,11.4321216126992,18,9.29912325063696,2.39524888186401,24,0,25,0,155.254533951188,1.21844174675851,8,4.11540402052094,26.3387816702534,0.0904522613065327,0.333333333333333,8,0,0,0,0,0
4,CVF_AE_W_O_INIT,scene4_CVF_AE_W_O_INIT_run023.mat,1060.04319474921,0,4,12.1692366413812,18,8.51794569761558,1.93325105269797,24,0,25,0,157.077380295246,1.23274749375992,8,2.44886434768212,26.9417114961504,0.130653266331658,0.333333333333333,8,0,0,0,0,0
4,CVF_AE_W_O_INIT,scene4_CVF_AE_W_O_INIT_run024.mat,1029.20241351145,0,3,14.4653220259048,18,10.7343441761813,1.86914305816228,24,0,25,0,197.924922065741,1.55332009720659,8,5.5665248279809,26.9910646151497,0.0954773869346734,0.333333333333333,8,0,0,0,0,0
4,CVF_AE_W_O_INIT,scene4_CVF_AE_W_O_INIT_run025.mat,1082.83908561202,0,4,12.3008470241912,21.3426748255886,9.61561630465252,3.49619379409584,24,0,25,0,159.88589776579,1.25478881420011,8,9.00629677577614,35.629970634088,0,0.166666666666667,8,0,0,0,0,0
4,CVF_AE_W_O_INIT,scene4_CVF_AE_W_O_INIT_run026.mat,328.506770776099,1,0,12.2914115629369,18,10.3179437925046,1.5561809682968,24,0,25,0,150.510653260912,1.18121164385864,8,5.67846484369005,26.2588619562998,0.0804020100502513,0.333333333333333,8,0,0,0,0,0
4,CVF_AE_W_O_INIT,scene4_CVF_AE_W_O_INIT_run027.mat,336.557169370303,1,0,13.7246372078122,19.4288196553066,10.2596227257298,3.02522181645742,24,0,25,0,152.435139161203,1.19631506082359,8,4.70612825572195,27.6851659408495,0.0452261306532663,0.333333333333333,8,0,0,0,0,0
4,CVF_AE_W_O_INIT,scene4_CVF_AE_W_O_INIT_run028.mat,1124.57164526773,0,4,12.5065751465624,18.5147927963608,9.26635550307576,2.3761924461239,24,0,25,0,174.730382087227,1.37128872532044,8,8.70559026849931,35.2493822096102,0,0.166666666666667,8,0,0,0,0,0
4,CVF_AE_W_O_INIT,scene4_CVF_AE_W_O_INIT_run029.mat,312.845912143409,1,0,10.9665716060737,18,9.28092612262717,2.20762965540238,24,0,25,0,148.689974697309,1.1669229096564,8,6.84109234585872,28.6859942599629,0.0201005025125628,0.333333333333333,8,0,0,0,0,0
4,CVF_AE_W_O_INIT,scene4_CVF_AE_W_O_INIT_run030.mat,316.001304550936,1,0,10.1811620651715,18,8.70560813826025,1.76061560819974,24,0,25,0,150.493502560884,1.1810770447048,8,5.08508370656493,27.8296658766877,0.0603015075376884,0.333333333333333,8,0,0,0,0,0
4,CVF_AE_W_O_SPARSEPRESERVATION,scene4_CVF_AE_W_O_SPARSEPRESERVATION_run001.mat,365.311440034342,1,0,15.3786645958144,18,12,1.19546905569367,24,0,25,0,158.140788878072,1.24109315284117,8,3.85905608465828,22.5292544544949,0.160804020100503,0.5,8,0,0,0,0,0
4,CVF_AE_W_O_SPARSEPRESERVATION,scene4_CVF_AE_W_O_SPARSEPRESERVATION_run002.mat,375.419307968787,1,0,15.1603924622783,18.1652462105894,12,1.55220535043466,24,0,25,0,175.947496652444,1.38084067307428,8,1.17789864996435,3.12473050622927,0.944723618090452,1,8,0,1,0,1,1
4,CVF_AE_W_O_SPARSEPRESERVATION,scene4_CVF_AE_W_O_SPARSEPRESERVATION_run003.mat,340.799838506208,1,0,14.6104424524406,18,12,1.3167802841505,24,0,25,0,152.566960657149,1.19734959945955,8,4.48355394682662,23.2873633260493,0.135678391959799,0.333333333333333,8,0,0,0,0,0
4,CVF_AE_W_O_SPARSEPRESERVATION,scene4_CVF_AE_W_O_SPARSEPRESERVATION_run004.mat,392.765938604665,1,0,16.1242221679916,19.2653808778149,12,1.56314451258934,24,0,25,0,175.923831744453,1.38065495024161,8,0.488175114491495,4.1627652342697,0.964824120603015,1,8,0,1,0,1,1
4,CVF_AE_W_O_SPARSEPRESERVATION,scene4_CVF_AE_W_O_SPARSEPRESERVATION_run005.mat,350.434213119914,1,0,14.6473172618408,18.3796591593683,11.1383575754351,2.628535618277,24,0,25,0,154.138175552585,1.2096805361028,8,4.27355222782263,24.3640288856889,0.110552763819095,0.333333333333333,8,0,0,0,0,0
4,CVF_AE_W_O_SPARSEPRESERVATION,scene4_CVF_AE_W_O_SPARSEPRESERVATION_run006.mat,368.722279066081,1,0,15.2872600549157,18,12,1.14869196035427,24,0,25,0,160.373225434572,1.25861337481604,8,2.468649843203,19.977028360361,0.256281407035176,0.5,8,0,0,0,0,0
4,CVF_AE_W_O_SPARSEPRESERVATION,scene4_CVF_AE_W_O_SPARSEPRESERVATION_run007.mat,385.791982837515,1,0,12.6205374484932,18,10.4334253453019,2.4027193526488,24,0,25,0,176.777175360009,1.38735201382528,8,1.03896147152227e-06,2.12656367130218,0.939698492462312,1,8,0,1,0,1,1
4,CVF_AE_W_O_SPARSEPRESERVATION,scene4_CVF_AE_W_O_SPARSEPRESERVATION_run008.mat,375.331853154616,1,0,16.1392389059965,20.6879315968671,12,3.02824753616914,24,0,25,0,173.173419716048,1.35906964286986,8,2.89465339441338,5.10745601204437,0.899497487437186,1,8,0,1,0,1,1
4,CVF_AE_W_O_SPARSEPRESERVATION,scene4_CVF_AE_W_O_SPARSEPRESERVATION_run009.mat,396.016314382015,1,0,15.8228551123604,18,11.6195240993121,2.27258039621031,24,0,25,0,176.221711375921,1.38299271757924,8,4.73386165822376e-08,2.0452312961647,0.969849246231156,1,8,0,1,0,1,1
4,CVF_AE_W_O_SPARSEPRESERVATION,scene4_CVF_AE_W_O_SPARSEPRESERVATION_run010.mat,388.842553321612,1,0,17.7988565177098,21.339762486743,12,3.03387547055917,24,0,25,0,173.995822828246,1.36552388455327,8,0.541698563213217,4.8577173435888,0.92964824120603,0.833333333333333,8,0,1,0,1,1
4,CVF_AE_W_O_SPARSEPRESERVATION,scene4_CVF_AE_W_O_SPARSEPRESERVATION_run011.mat,356.993462734469,1,0,14.5218729417598,18,11.2912299027735,2.04195918831322,24,0,25,0,153.638154172758,1.2057563549021,8,6.18309483909488,20.5337475054101,0.251256281407035,0.333333333333333,8,0,0,0,0,0
4,CVF_AE_W_O_SPARSEPRESERVATION,scene4_CVF_AE_W_O_SPARSEPRESERVATION_run012.mat,376.746303738141,1,0,15.2578015625597,18,12,1.23894154740348,24,0,25,0,176.344808410949,1.3839587864119,8,0.503744575598859,4.14243762799611,0.979899497487437,1,8,0,1,0,1,1
4,CVF_AE_W_O_SPARSEPRESERVATION,scene4_CVF_AE_W_O_SPARSEPRESERVATION_run013.mat,397.954657879234,1,0,17.1431806938037,20.5088991625173,12,1.90450228838892,24,0,25,0,181.481722092296,1.42427342276782,8,0.177773317602274,1.57579760394655,1,1,8,0,1,0,1,1
4,CVF_AE_W_O_SPARSEPRESERVATION,scene4_CVF_AE_W_O_SPARSEPRESERVATION_run014.mat,338.013931693983,1,0,15.7143211352015,18.7755478118714,12,1.73918238640751,24,0,25,0,150.360504741574,1.18003327425153,8,3.08005214253163,21.9277760175491,0.14070351758794,0.333333333333333,8,0,0,0,0,0
4,CVF_AE_W_O_SPARSEPRESERVATION,scene4_CVF_AE_W_O_SPARSEPRESERVATION_run015.mat,338.628977830906,1,0,15.659094417625,18,11.1450874413086,2.02684684718118,24,0,25,0,150.491214364243,1.18105908687618,8,4.19114450914673,22.7637115292328,0.185929648241206,0.5,8,0,0,0,0,0
4,CVF_AE_W_O_SPARSEPRESERVATION,scene4_CVF_AE_W_O_SPARSEPRESERVATION_run016.mat,386.180456588617,1,0,14.5367912313485,18,12,1.00251697106491,24,0,25,0,173.982708320884,1.36542096154772,8,2.38172550784084,5.29766153056358,0.894472361809045,1,8,0,1,0,1,1
4,CVF_AE_W_O_SPARSEPRESERVATION,scene4_CVF_AE_W_O_SPARSEPRESERVATION_run017.mat,390.445131815555,1,0,15.4478284875346,18.4647815622591,12,1.73244828436928,24,0,25,0,174.766604691391,1.3715730012895,8,3.28422685815042,5.18660330034659,0.954773869346734,0.833333333333333,8,0,1,0,1,1
4,CVF_AE_W_O_SPARSEPRESERVATION,scene4_CVF_AE_W_O_SPARSEPRESERVATION_run018.mat,396.832719744291,1,0,15.8064254667435,18,12,1.34872940441477,24,0,25,0,175.480439769717,1.37717519813102,8,1.0030388907509,3.73812429699797,0.949748743718593,1,8,0,1,0,1,1
4,CVF_AE_W_O_SPARSEPRESERVATION,scene4_CVF_AE_W_O_SPARSEPRESERVATION_run019.mat,378.852569855822,1,0,16.3367231302495,18,12,1.27086327402774,24,0,25,0,162.031698458571,1.27162911559273,8,1.62576420659855,19.9230134342468,0.21105527638191,0.5,8,0,0,0,0,0
4,CVF_AE_W_O_SPARSEPRESERVATION,scene4_CVF_AE_W_O_SPARSEPRESERVATION_run020.mat,349.227372409213,1,0,15.4816193867745,18.0138601480951,12,1.26460738466391,24,0,25,0,149.679798479113,1.17469107324551,8,3.67392118967956,20.39029786843,0.21105527638191,0.5,8,0,0,0,0,0
4,CVF_AE_W_O_SPARSEPRESERVATION,scene4_CVF_AE_W_O_SPARSEPRESERVATION_run021.mat,380.250768005936,1,0,17.2994926237897,19.7140356589339,12,1.5217758757783,24,0,25,0,175.756355273437,1.37934059040495,8,3.12898708089227,5.74158411212357,0.959798994974874,0.666666666666667,8,0,1,0,1,1
4,CVF_AE_W_O_SPARSEPRESERVATION,scene4_CVF_AE_W_O_SPARSEPRESERVATION_run022.mat,392.312431593308,1,0,15.2088824004386,18.3733905446178,12,1.83827461316883,24,0,25,0,174.947104279946,1.37298956690192,8,0.327650129602162,3.54809061988872,0.959798994974874,0.833333333333333,8,0,1,0,1,1
4,CVF_AE_W_O_SPARSEPRESERVATION,scene4_CVF_AE_W_O_SPARSEPRESERVATION_run023.mat,334.440713353088,1,0,14.6845444929526,18.2264400624207,11.9319256399599,2.19653255873776,24,0,25,0,148.792575184446,1.16772812103145,8,5.72483293370493,23.1499401945254,0.150753768844221,0.5,8,0,0,0,0,0
4,CVF_AE_W_O_SPARSEPRESERVATION,scene4_CVF_AE_W_O_SPARSEPRESERVATION_run024.mat,377.448986833549,1,0,16.0120530123019,18.0020077380884,12,1.41406754769396,24,0,25,0,173.541896764548,1.36196146062994,8,3.12892234672532,6.19899503745696,0.884422110552764,0.833333333333333,8,0,1,0,1,1
4,CVF_AE_W_O_SPARSEPRESERVATION,scene4_CVF_AE_W_O_SPARSEPRESERVATION_run025.mat,356.131343454868,1,0,13.937034067912,18,12,0.945239016226847,24,0,25,0,155.068750093196,1.21698371005781,8,3.51061213139778,25.0767105549836,0.105527638190955,0.333333333333333,8,0,0,0,0,0
4,CVF_AE_W_O_SPARSEPRESERVATION,scene4_CVF_AE_W_O_SPARSEPRESERVATION_run026.mat,371.145069021272,1,0,15.4540644261593,18.2264085345889,12,1.55716929507205,24,0,25,0,160.612780720317,1.26049341112404,8,5.3840468424331,22.0062180685296,0.135678391959799,0.5,8,0,0,0,0,0
4,CVF_AE_W_O_SPARSEPRESERVATION,scene4_CVF_AE_W_O_SPARSEPRESERVATION_run027.mat,332.16442245328,1,0,14.3051550026366,18,12,1.53963538929295,24,0,25,0,150.331731956845,1.17980746466522,8,3.60866770583745,22.1859445312469,0.165829145728643,0.333333333333333,8,0,0,0,0,0
4,CVF_AE_W_O_SPARSEPRESERVATION,scene4_CVF_AE_W_O_SPARSEPRESERVATION_run028.mat,362.588475847292,1,0,15.6279932468916,19.5733563785064,11.8865557115705,2.69473412146738,24,0,25,0,156.199413631242,1.22585718783158,8,2.43062726210821,22.0693965625095,0.170854271356784,0.5,8,0,0,0,0,0
4,CVF_AE_W_O_SPARSEPRESERVATION,scene4_CVF_AE_W_O_SPARSEPRESERVATION_run029.mat,372.268864569614,1,0,13.4104376073425,18.2975937923176,10.0279667689163,2.6159719070501,24,0,25,0,175.465065767321,1.37705454254784,8,0.31596911333105,3.00064500938924,0.924623115577889,1,8,0,1,0,1,1
4,CVF_AE_W_O_SPARSEPRESERVATION,scene4_CVF_AE_W_O_SPARSEPRESERVATION_run030.mat,363.258438094531,1,0,15.9714890619637,18.0185820824107,12,1.04348993304557,24,0,25,0,173.277082621499,1.35988319213233,8,1.10648705664264,4.07899499089143,0.934673366834171,1,8,0,1,0,1,1
4,CVF_AE_W_O_STATEADAPTIVECVF,scene4_CVF_AE_W_O_STATEADAPTIVECVF_run001.mat,328.205529283392,1,0,12.7971779281081,18,10.5821660577783,1.76310794616117,24,0,25,0,150.573404655424,1.18170411848593,8,3.17283912788849,22.8905660476898,0.115577889447236,0.166666666666667,8,0,0,0,0,0
4,CVF_AE_W_O_STATEADAPTIVECVF,scene4_CVF_AE_W_O_STATEADAPTIVECVF_run002.mat,336.251163112721,1,0,16.3216377540186,18.1961788107833,12,1.45372339876755,24,0,25,0,151.583215447345,1.18962914066653,8,4.72581468236259,22.2894582493571,0.120603015075377,0.166666666666667,8,0,0,0,0,0
4,CVF_AE_W_O_STATEADAPTIVECVF,scene4_CVF_AE_W_O_STATEADAPTIVECVF_run003.mat,391.16087808174,1,0,15.5265665586004,18,12,1.58333979716848,24,0,25,0,172.785908659018,1.35602844570028,8,4.01738756556864,6.28384150709847,0.844221105527638,0.666666666666667,8,0,1,0,1,1
4,CVF_AE_W_O_STATEADAPTIVECVF,scene4_CVF_AE_W_O_STATEADAPTIVECVF_run004.mat,328.3107524786,1,0,14.6459036982784,18.5239719477399,12,1.7268521635593,24,0,25,0,149.104728267249,1.17017790679801,8,4.36989203484321,25.5042058521645,0.0954773869346734,0.333333333333333,8,0,0,0,0,0
4,CVF_AE_W_O_STATEADAPTIVECVF,scene4_CVF_AE_W_O_STATEADAPTIVECVF_run005.mat,393.548085160983,1,0,15.197656657614,18.1345006649762,12,1.47630418575804,24,0,25,0,174.391846290589,1.36863188730806,8,3.17947635146915,5.52754053298988,0.934673366834171,0.666666666666667,8,0,1,0,1,1
4,CVF_AE_W_O_STATEADAPTIVECVF,scene4_CVF_AE_W_O_STATEADAPTIVECVF_run006.mat,389.57276684171,1,0,15.7865955221065,18,12,1.41984906253486,24,0,25,0,176.134302404481,1.38230672962685,8,1.40412899232424,4.69463007817472,0.969849246231156,0.833333333333333,8,0,1,0,1,1
4,CVF_AE_W_O_STATEADAPTIVECVF,scene4_CVF_AE_W_O_STATEADAPTIVECVF_run007.mat,320.287218542527,1,0,13.9487911154337,18.7482620349819,11.3750404157649,2.17395339938043,24,0,25,0,148.468125274645,1.16518182943678,8,6.53058142697121,24.6933731512325,0.0452261306532663,0.333333333333333,8,0,0,0,0,0
4,CVF_AE_W_O_STATEADAPTIVECVF,scene4_CVF_AE_W_O_STATEADAPTIVECVF_run008.mat,324.872273739245,1,0,14.7091830383312,18,11.3340868643786,1.92682958587228,24,0,25,0,148.072898518624,1.16208007925457,8,6.33412908174905,25.2181717631398,0.0753768844221105,0.5,8,0,0,0,0,0
4,CVF_AE_W_O_STATEADAPTIVECVF,scene4_CVF_AE_W_O_STATEADAPTIVECVF_run009.mat,391.672935073013,1,0,16.4809979575463,19.8182199739231,12,2.07429319518413,24,0,25,0,173.92888256351,1.36499853556012,8,4.37476277237877,6.16239964821247,0.914572864321608,1,8,0,1,0,1,1
4,CVF_AE_W_O_STATEADAPTIVECVF,scene4_CVF_AE_W_O_STATEADAPTIVECVF_run010.mat,390.124908616642,1,0,15.6674891582117,18,12,1.64580893071731,24,0,25,0,175.400291984549,1.37654619616326,8,1.97829731626777,4.84696055739677,0.949748743718593,0.833333333333333,8,0,1,0,1,1
4,CVF_AE_W_O_STATEADAPTIVECVF,scene4_CVF_AE_W_O_STATEADAPTIVECVF_run011.mat,323.786405889877,1,0,11.5884924700411,18,9.23735614964795,2.57723237688858,24,0,25,0,150.02639041825,1.17741113608031,8,3.63100235662198,25.2081741939051,0.0804020100502513,0.166666666666667,8,0,0,0,0,0
4,CVF_AE_W_O_STATEADAPTIVECVF,scene4_CVF_AE_W_O_STATEADAPTIVECVF_run012.mat,324.488607677959,1,0,12.153459258424,18,9.76866215642135,2.52449305166562,24,0,25,0,148.406993603022,1.16470206643819,8,5.33098706631069,24.1044606690384,0.0653266331658292,0.166666666666667,8,0,0,0,0,0
4,CVF_AE_W_O_STATEADAPTIVECVF,scene4_CVF_AE_W_O_STATEADAPTIVECVF_run013.mat,396.406062491036,1,0,15.8495890360321,18.0052355567735,12,1.47942069039584,24,0,25,0,175.192261134645,1.37491356447331,8,1.37537945350677,3.69792710573031,0.969849246231156,1,8,0,1,0,1,1
4,CVF_AE_W_O_STATEADAPTIVECVF,scene4_CVF_AE_W_O_STATEADAPTIVECVF_run014.mat,393.795202721885,1,0,14.7920666535351,18,11.8790711651009,1.82408057941007,24,0,25,0,176.209730429796,1.3828986907927,8,0.765767217526089,3.59746111602252,0.974874371859296,0.833333333333333,8,0,1,0,1,1
4,CVF_AE_W_O_STATEADAPTIVECVF,scene4_CVF_AE_W_O_STATEADAPTIVECVF_run015.mat,322.077843209931,1,0,13.7682839748745,18,11.6572061425289,1.51903521988434,24,0,25,0,146.584855599451,1.15040187851192,8,6.72833181685791,21.9710738051235,0.0603015075376884,0.166666666666667,8,0,0,0,0,0
4,CVF_AE_W_O_STATEADAPTIVECVF,scene4_CVF_AE_W_O_STATEADAPTIVECVF_run016.mat,387.954434675994,1,0,14.974113408244,18,12,1.53404645650999,24,0,25,0,173.082338867236,1.35835483792537,8,3.37487023930163,4.96830542539275,0.92964824120603,1,8,0,1,0,1,1
4,CVF_AE_W_O_STATEADAPTIVECVF,scene4_CVF_AE_W_O_STATEADAPTIVECVF_run017.mat,401.847842592651,1,0,18.1973459804481,22.7966804756093,12,2.95295772429505,24,0,25,0,176.527555144022,1.38539298767478,8,0.85838136170095,4.48915251546894,0.974874371859296,1,8,0,1,0,1,1
4,CVF_AE_W_O_STATEADAPTIVECVF,scene4_CVF_AE_W_O_STATEADAPTIVECVF_run018.mat,391.349246782403,1,0,16.3627413021385,18.39806624679,12,1.95676127716601,24,0,25,0,173.900015257909,1.36477198417147,8,3.00134237291493,4.89135814368639,0.939698492462312,0.833333333333333,8,0,1,0,1,1
4,CVF_AE_W_O_STATEADAPTIVECVF,scene4_CVF_AE_W_O_STATEADAPTIVECVF_run019.mat,385.022366600976,1,0,15.3589855074305,18,12,1.34134638127346,24,0,25,0,172.438328286695,1.35330062561533,8,2.8591293405932,5.63986265010969,0.904522613065327,1,8,0,1,0,1,1
4,CVF_AE_W_O_STATEADAPTIVECVF,scene4_CVF_AE_W_O_STATEADAPTIVECVF_run020.mat,321.395854538936,1,0,11.8402690505518,18,8.99097044979621,2.61167323004326,24,0,25,0,148.407984935976,1.16470984644579,8,7.05556425768903,23.6510718934851,0.0351758793969849,0.166666666666667,8,0,0,0,0,0
4,CVF_AE_W_O_STATEADAPTIVECVF,scene4_CVF_AE_W_O_STATEADAPTIVECVF_run021.mat,332.522622395673,1,0,14.3712022090178,20.4263321950892,11.0775957097143,2.66952565808562,24,0,25,0,150.599675941663,1.18191029624499,8,4.68638993750429,25.6486199951287,0.0753768844221105,0.333333333333333,8,0,0,0,0,0
4,CVF_AE_W_O_STATEADAPTIVECVF,scene4_CVF_AE_W_O_STATEADAPTIVECVF_run022.mat,319.37965079282,1,0,12.0591360757208,18,9.71157174262689,2.55801032175364,24,0,25,0,149.904433260644,1.17645401303623,8,4.45415789049494,26.0275951453888,0.0804020100502513,0.333333333333333,8,0,0,0,0,0
4,CVF_AE_W_O_STATEADAPTIVECVF,scene4_CVF_AE_W_O_STATEADAPTIVECVF_run023.mat,395.326720280524,1,0,15.0236463746998,18,12,1.6175775939942,24,0,25,0,173.211690266943,1.35936999117979,8,2.72790416109822,5.55691530390678,0.824120603015075,0.833333333333333,8,0,1,0,1,1
4,CVF_AE_W_O_STATEADAPTIVECVF,scene4_CVF_AE_W_O_STATEADAPTIVECVF_run024.mat,395.848720852924,1,0,15.6769065831439,18.2006749903826,12,1.65020109559704,24,0,25,0,177.448228920007,1.39261846016345,8,0.873148136100141,2.91127946647399,1,1,8,0,1,0,1,1
4,CVF_AE_W_O_STATEADAPTIVECVF,scene4_CVF_AE_W_O_STATEADAPTIVECVF_run025.mat,328.776883745596,1,0,13.1349496084255,18.1229470530818,10.1085756386012,2.23206190376222,24,0,25,0,149.263850300034,1.17142670077935,8,4.67001531150694,23.3897262345,0.135678391959799,0.5,8,0,0,0,0,0
4,CVF_AE_W_O_STATEADAPTIVECVF,scene4_CVF_AE_W_O_STATEADAPTIVECVF_run026.mat,390.360639064911,1,0,15.2089807296271,18,12,1.83360248577144,24,0,25,0,175.199978281301,1.37497412884726,8,0.961623449492976,3.60800873538896,0.954773869346734,1,8,0,1,0,1,1
4,CVF_AE_W_O_STATEADAPTIVECVF,scene4_CVF_AE_W_O_STATEADAPTIVECVF_run027.mat,334.698613870519,1,0,14.2036194450967,18,12,2.0371804388339,24,0,25,0,146.634517551947,1.15079162684717,8,4.79626279307777,23.9010597799224,0.0904522613065327,0.333333333333333,8,0,0,0,0,0
4,CVF_AE_W_O_STATEADAPTIVECVF,scene4_CVF_AE_W_O_STATEADAPTIVECVF_run028.mat,319.790556875046,1,0,12.3718023901708,18.9071263959393,9.71363888587722,2.78874521031951,24,0,25,0,149.718006170731,1.17499092823416,8,5.2945943518462,25.0657252091784,0.0703517587939698,0.333333333333333,8,0,0,0,0,0
4,CVF_AE_W_O_STATEADAPTIVECVF,scene4_CVF_AE_W_O_STATEADAPTIVECVF_run029.mat,318.729082826949,1,0,16.2193696104892,19.6437068218547,12,1.79645848807524,24,0,25,0,147.605552223031,1.15841233299138,8,4.03549728827254,26.7155760070645,0.0703517587939698,0.333333333333333,8,0,0,0,0,0
4,CVF_AE_W_O_STATEADAPTIVECVF,scene4_CVF_AE_W_O_STATEADAPTIVECVF_run030.mat,399.311822013046,1,0,15.7271016518966,18,12,1.66476511090094,24,0,25,0,177.916173006999,1.39629089790958,8,2.20071860339487,4.59536826192883,1,0.833333333333333,8,0,1,0,1,1
4,CVF_AE,scene4_CVF_AE_run001.mat,355.261766462318,1,0,15.4835132394043,18,12,1.44464902237916,24,0,25,0,152.969128314465,1.2005058220213,8,3.7868954332778,19.423470011134,0.206030150753769,0.5,8,0,0,0,0,0
4,CVF_AE,scene4_CVF_AE_run002.mat,348.158344764241,1,0,16.2584220619012,22.1393446107942,12,3.04600532318189,24,0,25,0,153.168113987521,1.20206746692072,8,4.4243960550293,25.6491228230045,0.100502512562814,0.333333333333333,8,0,0,0,0,0
4,CVF_AE,scene4_CVF_AE_run003.mat,381.419584112693,1,0,14.9966015928208,18,11.3483928229748,1.88996162614156,24,0,25,0,176.703718375258,1.38677552143865,8,8.384937189021e-08,3.21223806460698,0.974874371859296,0.833333333333333,8,0,1,0,1,1
4,CVF_AE,scene4_CVF_AE_run004.mat,322.919664779313,1,0,14.4336312101557,18,12,1.48407715101829,24,0,25,0,149.631970262429,1.17431571611811,8,3.45081951171417,23.6414254928946,0.120603015075377,0.333333333333333,8,0,0,0,0,0
4,CVF_AE,scene4_CVF_AE_run005.mat,346.502420058504,1,0,12.8185134566968,18,10.0700477408126,2.1011536075371,24,0,25,0,153.526468932623,1.20487984614185,8,1.52431421760588,21.6937756200902,0.175879396984925,0.333333333333333,8,0,0,0,0,0
4,CVF_AE,scene4_CVF_AE_run006.mat,343.41056925631,1,0,13.1735136810713,18,11.5504893047942,1.3119579972524,24,0,25,0,152.481421347416,1.19667828466239,8,4.28013019433548,22.4454821150088,0.135678391959799,0.333333333333333,8,0,0,0,0,0
4,CVF_AE,scene4_CVF_AE_run007.mat,333.011443993747,1,0,16.1205244978281,21.7319471343713,12,2.28719347932818,24,0,25,0,152.059512511021,1.19336713279773,8,6.15871938373012,28.1434095350549,0.0301507537688442,0.333333333333333,8,0,0,0,0,0
4,CVF_AE,scene4_CVF_AE_run008.mat,327.120516677822,1,0,14.7975251322436,18,12,2.22356702618788,24,0,25,0,149.480289299656,1.1731253198538,8,3.43794345169687,23.3941523945477,0.105527638190955,0.333333333333333,8,0,0,0,0,0
4,CVF_AE,scene4_CVF_AE_run009.mat,351.431424419503,1,0,17.2434061339097,21.3656118159007,11.9921618888942,3.2083183406503,24,0,25,0,152.388659492808,1.19595028713932,8,5.13770914291752,22.6268333917461,0.160804020100503,0.333333333333333,8,0,0,0,0,0
4,CVF_AE,scene4_CVF_AE_run010.mat,346.177857832159,1,0,15.9910812235918,20.176461315862,12,2.82751538884686,24,0,25,0,152.714052628391,1.19850398119523,8,2.44308868058756,23.0128638714632,0.14572864321608,0.333333333333333,8,0,0,0,0,0
4,CVF_AE,scene4_CVF_AE_run011.mat,332.459236930494,1,0,14.1766174849824,18,12,1.16859988513061,24,0,25,0,150.263726737815,1.1792737578822,8,4.14259682805375,24.4525083208765,0.100502512562814,0.333333333333333,8,0,0,0,0,0
4,CVF_AE,scene4_CVF_AE_run012.mat,376.080598140738,1,0,17.0095087055242,19.2247595361378,12,1.77431835167484,24,0,25,0,175.839955342009,1.37999668598546,8,0.149288733699436,2.31763635817882,0.959798994974874,1,8,0,1,0,1,1
4,CVF_AE,scene4_CVF_AE_run013.mat,376.010458892723,1,0,14.8163482270915,18,12,1.26053898905784,24,0,25,0,173.729703023886,1.36343536919066,8,2.13852216341942,3.98341059304355,0.934673366834171,1,8,0,1,0,1,1
4,CVF_AE,scene4_CVF_AE_run014.mat,339.109307999996,1,0,12.796849670849,18,10.212686628425,1.82772929741306,24,0,25,0,151.924969854387,1.1923112384197,8,6.19818524759376,26.0866432416506,0.0351758793969849,0.333333333333333,8,0,0,0,0,0
4,CVF_AE,scene4_CVF_AE_run015.mat,353.234513256039,1,0,14.9193669400084,19.0638039975681,12,1.97452239399465,24,0,25,0,153.576660473441,1.20527375070045,8,4.09308820273913,22.5325958514913,0.125628140703518,0.333333333333333,8,0,0,0,0,0
4,CVF_AE,scene4_CVF_AE_run016.mat,320.118760131152,1,0,13.8617797887975,19.7915806024747,10.189192567402,2.73636634706562,24,0,25,0,149.574611443028,1.17386556256494,8,5.70092587713216,25.6776883513537,0.0653266331658292,0.333333333333333,8,0,0,0,0,0
4,CVF_AE,scene4_CVF_AE_run017.mat,339.345062335975,1,0,15.070969434488,18.448730147869,12,1.89327584160099,24,0,25,0,150.062266056254,1.17769268904964,8,5.17033113474833,22.5634831448555,0.0904522613065327,0.166666666666667,8,0,0,0,0,0
4,CVF_AE,scene4_CVF_AE_run018.mat,335.755667123176,1,0,13.449419433852,18.5087894144414,11.2158462279256,2.64102644088184,24,0,25,0,151.84717492914,1.19170070175971,8,4.89277072115503,21.8779100205221,0.115577889447236,0.333333333333333,8,0,0,0,0,0
4,CVF_AE,scene4_CVF_AE_run019.mat,333.789147048709,1,0,12.5971808289632,18,9.5877033418805,3.0515473193589,24,0,25,0,151.737965705834,1.19084362484594,8,5.55878566976845,24.768613349163,0.0804020100502513,0.333333333333333,8,0,0,0,0,0
4,CVF_AE,scene4_CVF_AE_run020.mat,333.20447802954,1,0,15.9761259126664,18.5304045510717,12,2.20786156821048,24,0,25,0,149.310193042014,1.17179039986143,8,5.85598671831012,22.6555239589638,0.14070351758794,0.5,8,0,0,0,0,0
4,CVF_AE,scene4_CVF_AE_run021.mat,356.468727756726,1,0,15.7590876130636,20.6070087845795,12,2.4363567301688,24,0,25,0,153.848845000104,1.20740986216636,8,5.10114267956673,22.4480796988588,0.195979899497487,0.5,8,0,0,0,0,0
4,CVF_AE,scene4_CVF_AE_run022.mat,365.681989937874,1,0,16.1643638311503,18,11.8279348879259,1.65575293721117,24,0,25,0,175.365094450956,1.37626996497554,8,0.397232743705985,4.23806657643564,0.909547738693467,0.833333333333333,8,0,1,0,1,1
4,CVF_AE,scene4_CVF_AE_run023.mat,346.449445956361,1,0,15.3217110482001,21.9808413335154,11.357938682269,3.63933687921092,24,0,25,0,152.715290455116,1.19851369569256,8,5.33692088352606,25.6254997596337,0.0653266331658292,0.333333333333333,8,0,0,0,0,0
4,CVF_AE,scene4_CVF_AE_run024.mat,336.154936163636,1,0,13.8202108925563,18,11.5432790870988,1.58753210166616,24,0,25,0,152.279721406522,1.19509533811617,8,3.95772069170477,24.0853474771608,0.105527638190955,0.333333333333333,8,0,0,0,0,0
4,CVF_AE,scene4_CVF_AE_run025.mat,369.004663864695,1,0,16.685006636507,22.5062390294762,10.2143135087323,3.27500702976476,24,0,25,0,177.131144333905,1.39012997182673,8,1.40671494625398,3.6714559774718,0.939698492462312,1,8,0,1,0,1,1
4,CVF_AE,scene4_CVF_AE_run026.mat,380.570677813803,1,0,17.4100043100352,22.3254645365161,12,2.36386214004065,24,0,25,0,176.196624048305,1.3827958315592,8,1.21984463464513,3.58048395640462,0.959798994974874,1,8,0,1,0,1,1
4,CVF_AE,scene4_CVF_AE_run027.mat,392.460966421421,1,0,15.076677359366,18.4271115612053,10.8597224944208,2.4951353001226,24,0,25,0,176.659866418264,1.38643137010395,8,0.232826117807505,3.5185617082919,0.884422110552764,1,8,0,1,0,1,1
4,CVF_AE,scene4_CVF_AE_run028.mat,370.171826627938,1,0,15.1236974627705,18,12,1.67597502145553,24,0,25,0,174.191616181981,1.36706047604504,8,1.03230665406406,4.66624293980524,0.919597989949749,1,8,0,1,0,1,1
4,CVF_AE,scene4_CVF_AE_run029.mat,338.954513607429,1,0,14.467448335243,18.4375253711113,11.569327696168,2.393747527166,24,0,25,0,152.180793753172,1.19431895123919,8,3.22703350236864,22.1388823791246,0.14070351758794,0.333333333333333,8,0,0,0,0,0
4,CVF_AE,scene4_CVF_AE_run030.mat,329.775635010953,1,0,15.5956442566159,20.1972118120495,11.2209602489492,2.63141414704259,24,0,25,0,148.371245795501,1.16442151668591,8,4.6146485595971,21.2955599654561,0.0954773869346734,0.333333333333333,8,0,0,0,0,0
