Scene,Algorithm,RunFile,BestFitness,Feasible,Violation,MeanZ,MaxZ,MinZ,StdZ,HighThreshold,HighAltitudeFrac,VeryHighThreshold,VeryHighAltitudeFrac,PathLength,DetourRatio,BoundaryBand,MinBoundaryDist,MeanBoundaryDist,BoundaryHugFrac,ControlPointBoundaryHugFrac,NumControlPoints,HighAltitudeFlag,BoundaryHugFlag,ExcessiveDetourFlag,ControlPointEdgeFlag,VisualReviewFlag
1,BASE_AE,scene1_BASE_AE_run001.mat,598.539665636858,1,0,24.2794222373021,31.8625830131269,12,4.18878166661469,24,0.5,32,0,175.895656223986,1.38043382800125,8,17.8059332870494,36.2360704055715,0,0,8,0,0,0,0,0
1,BASE_AE,scene1_BASE_AE_run002.mat,369.697138968983,1,0,21.2801086835597,26.0220394808056,12,2.68883119365256,24,0.222727272727273,32,0,146.456302419225,1.14939298970539,8,8.90366384926674,28.0567542859063,0,0,8,0,0,0,0,0
1,BASE_AE,scene1_BASE_AE_run003.mat,1006.40327019904,0,3,23.9733360501443,32.0227137393203,12,5.27218838892597,24,0.459090909090909,32,0.0227272727272727,162.890787938985,1.27837127287791,8,14.1650989424743,29.2027787291029,0,0,8,0,0,0,0,0
1,BASE_AE,scene1_BASE_AE_run004.mat,1258.54948270679,0,4,25.0468884776656,26.9436419720264,12,2.45181834133711,24,0.868181818181818,32,0,185.950870629987,1.4593474203652,8,17.127350797999,41.1657061783207,0,0,8,1,0,0,0,1
1,BASE_AE,scene1_BASE_AE_run005.mat,392.78903611447,1,0,24.9731215716525,31.2469429783599,12,3.67074286729388,24,0.490909090909091,32,0,146.243519428785,1.14772306308906,8,11.7667378804472,35.2426612225139,0,0,8,0,0,0,0,0
1,BASE_AE,scene1_BASE_AE_run006.mat,482.559323463985,0,1,25.3597938488949,28.7065012902667,12,3.19681949818295,24,0.786363636363636,32,0,138.006687654077,1.083080186389,8,11.1154499944275,28.0358554824545,0,0,8,1,0,0,0,1
1,BASE_AE,scene1_BASE_AE_run007.mat,804.324849450053,0,1,19.3849059882168,25.2871047009699,12,4.24632522517533,24,0.195454545454545,32,0,213.069309084226,1.67217365273749,8,14.0619715795352,27.9041343294914,0,0.166666666666667,8,0,0,0,0,0
1,BASE_AE,scene1_BASE_AE_run008.mat,442.295398634212,1,0,24.3973463949644,30.2773242815765,12,3.36932896850997,24,0.527272727272727,32,0,152.728474797709,1.19861716676687,8,12.5628348643643,24.0246776355349,0,0,8,1,0,0,0,1
1,BASE_AE,scene1_BASE_AE_run009.mat,403.174953120409,1,0,20.8725686887865,26.7196485555563,12,2.82169298948737,24,0.186363636363636,32,0,148.893210242397,1.16851790766553,8,10.904093680471,31.9981422501562,0,0,8,0,0,0,0,0
1,BASE_AE,scene1_BASE_AE_run010.mat,1532.96817979002,0,6,27.8967811442005,32.134967285639,12,3.73362157884155,24,0.877272727272727,32,0.0545454545454545,172.32720507458,1.35242852766605,8,17.9065130257237,40.0371803683661,0,0,8,1,0,0,0,1
1,BASE_AE,scene1_BASE_AE_run011.mat,388.508029627643,1,0,23.4815183830879,27.1625875319994,12,2.84463984762682,24,0.495454545454545,32,0,146.608932424005,1.15059083407682,8,14.0704155235494,31.2069001082626,0,0,8,0,0,0,0,0
1,BASE_AE,scene1_BASE_AE_run012.mat,540.269795338471,1,0,28.279509124887,36.4978897428756,12,6.92805253023572,24,0.727272727272727,32,0.377272727272727,180.229124798012,1.41444300560452,8,12.1923631672638,27.4276284389346,0,0,8,1,0,0,0,1
1,BASE_AE,scene1_BASE_AE_run013.mat,557.66112559308,1,0,26.1406359080606,32.539967947781,12,4.98283678389172,24,0.636363636363636,32,0.145454545454545,175.574700972739,1.37791496258065,8,10.6200851844881,30.363331059484,0,0,8,1,0,0,0,1
1,BASE_AE,scene1_BASE_AE_run014.mat,1040.14855945453,0,4,23.1199805135282,28.2107519212484,12,2.99926224792969,24,0.418181818181818,32,0,153.604816081109,1.20549471666463,8,11.9800140800085,38.8579962405029,0,0,8,0,0,0,0,0
1,BASE_AE,scene1_BASE_AE_run015.mat,356.931386959883,1,0,25.0660606489276,27.4358276005812,12,3.02630439615921,24,0.795454545454545,32,0,150.175990954386,1.17858520510056,8,11.4479521598828,33.4503905572655,0,0,8,1,0,0,0,1
1,BASE_AE,scene1_BASE_AE_run016.mat,542.998545397238,1,0,26.2292274473383,31.7517215429354,12,5.26382665176251,24,0.722727272727273,32,0,160.81548624628,1.26208424952885,8,16.99562830629,33.9445818626247,0,0,8,1,0,0,0,1
1,BASE_AE,scene1_BASE_AE_run017.mat,575.458923291388,1,0,22.4939725853986,26.8210083800557,12,3.32647962908437,24,0.390909090909091,32,0,181.513415687935,1.42452215495649,8,15.6140889503696,32.5239103856081,0,0,8,0,0,0,0,0
1,BASE_AE,scene1_BASE_AE_run018.mat,583.399294375177,1,0,24.4115799469459,30.1828145085156,12,3.9374691144947,24,0.672727272727273,32,0,213.893817715067,1.67864441858768,8,6.31947109992481,13.7599344891233,0.185929648241206,0.166666666666667,8,1,0,0,0,1
1,BASE_AE,scene1_BASE_AE_run019.mat,304.300558833919,1,0,24.0735437810132,26.3278604481164,12,2.66364047637045,24,0.622727272727273,32,0,139.510441947436,1.09488169041768,8,12.9146337750664,26.9694759590399,0,0,8,1,0,0,0,1
1,BASE_AE,scene1_BASE_AE_run020.mat,950.420021783767,0,3,24.4474008499974,27.2501063147949,12,2.74056084719909,24,0.790909090909091,32,0,168.484697208271,1.32227242286571,8,15.7790186027634,35.2879074243769,0,0,8,1,0,0,0,1
1,BASE_AE,scene1_BASE_AE_run021.mat,690.995955722211,0,1,27.0789294557788,30.4229246818669,12,3.75888354924428,24,0.840909090909091,32,0,169.76281761704,1.33230314611608,8,17.90756520887,34.701960490468,0,0,8,1,0,0,0,1
1,BASE_AE,scene1_BASE_AE_run022.mat,350.464494072814,1,0,18.0092326565774,22.0855495112531,11.8414023724264,3.01823969231831,24,0,32,0,141.203375050469,1.10816787481893,8,7.48860220677278,26.5659777432176,0.0150753768844221,0,8,0,0,0,0,0
1,BASE_AE,scene1_BASE_AE_run023.mat,535.769805046958,0,1,24.6752615427832,27.3926172428535,12,2.63461413220119,24,0.790909090909091,32,0,145.986253265178,1.14570403133656,8,12.1601236324294,31.7211103231892,0,0,8,1,0,0,0,1
1,BASE_AE,scene1_BASE_AE_run024.mat,386.218932253618,1,0,20.498396965398,21.9252519485794,12,1.74448669143148,24,0,32,0,144.258275375387,1.13214281450885,8,12.8819345216902,36.8745518504671,0,0,8,0,0,0,0,0
1,BASE_AE,scene1_BASE_AE_run025.mat,1144.5554284895,0,4,24.103452411228,29.4383764738594,12,3.6679729123434,24,0.472727272727273,32,0,156.495327301335,1.2281795262516,8,10.5718394364107,37.2564216709133,0,0,8,0,0,0,0,0
1,BASE_AE,scene1_BASE_AE_run026.mat,732.840009788377,1,0,20.8571722137784,23.8870305570559,12,2.65678085802405,24,0,32,0,192.758474337451,1.5127736768581,8,12.1993908048179,28.3462621938011,0,0,8,0,0,0,0,0
1,BASE_AE,scene1_BASE_AE_run027.mat,394.836104908644,1,0,26.1064522324064,30.1530263972004,12,3.54316346769182,24,0.704545454545455,32,0,147.991200487048,1.16143891091142,8,13.7440860774807,34.4359632206633,0,0,8,1,0,0,0,1
1,BASE_AE,scene1_BASE_AE_run028.mat,1295.79030903267,0,4,24.2859583189726,27.2960971486433,12,2.80381151735149,24,0.677272727272727,32,0,189.967202224849,1.4908676984496,8,16.0804953300507,40.52838954113,0,0,8,1,0,0,0,1
1,BASE_AE,scene1_BASE_AE_run029.mat,600.878585192299,1,0,22.8875528550957,27.9621509329175,11.7088532572196,5.093684940776,24,0.568181818181818,32,0,208.097454229595,1.63315440248093,8,10.4042597427188,23.3346696194172,0,0,8,1,0,0,0,1
1,BASE_AE,scene1_BASE_AE_run030.mat,357.67846857869,1,0,21.8884009779589,24.9542558814689,12,2.31475384638697,24,0.2,32,0,144.013597563483,1.13022257647816,8,10.0510396781356,33.9654075508735,0,0.166666666666667,8,0,0,0,0,0
1,CVF_AE_W_O_CVF,scene1_CVF_AE_W_O_CVF_run001.mat,300.182926490854,1,0,14.2347777891946,18.653026020341,12,2.13257995630075,24,0,32,0,135.176455783396,1.0608684507541,8,6.683219635803,22.4314458221867,0.0301507537688442,0.166666666666667,8,0,0,0,0,0
1,CVF_AE_W_O_CVF,scene1_CVF_AE_W_O_CVF_run002.mat,297.929143289645,1,0,13.1824821121397,18,11.174446459724,1.28242973461032,24,0,32,0,135.25816454597,1.06150970331441,8,7.29772711677427,23.5790691528723,0.0150753768844221,0.166666666666667,8,0,0,0,0,0
1,CVF_AE_W_O_CVF,scene1_CVF_AE_W_O_CVF_run003.mat,301.774855870267,1,0,14.2807219932962,18,11.719468125193,1.06619750375434,24,0,32,0,136.084334745547,1.06799350920061,8,8.98513834830759,23.5152331854385,0,0,8,0,0,0,0,0
1,CVF_AE_W_O_CVF,scene1_CVF_AE_W_O_CVF_run004.mat,301.367371573587,1,0,14.4252826466448,18,12,1.130475858583,24,0,32,0,136.294433636376,1.06964237093121,8,7.55581656996532,22.4930740617193,0.0100502512562814,0.166666666666667,8,0,0,0,0,0
1,CVF_AE_W_O_CVF,scene1_CVF_AE_W_O_CVF_run005.mat,295.75154705453,1,0,12.0711930073572,18,10.6756298139051,1.5310228320205,24,0,32,0,134.603318017277,1.05637045019263,8,8.2350414260176,21.8665708155886,0,0,8,0,0,0,0,0
1,CVF_AE_W_O_CVF,scene1_CVF_AE_W_O_CVF_run006.mat,298.793790144085,1,0,13.6540025037397,18.2134756429261,12,1.71743266360816,24,0,32,0,137.892292099482,1.08218240700817,8,6.95302737225848,20.6319782093242,0.0351758793969849,0.166666666666667,8,0,0,0,0,0
1,CVF_AE_W_O_CVF,scene1_CVF_AE_W_O_CVF_run007.mat,296.098481024475,1,0,13.66875533044,18,12,1.48790392657236,24,0,32,0,136.330805826753,1.06992782085688,8,8.80908367985461,21.9143338667838,0,0,8,0,0,0,0,0
1,CVF_AE_W_O_CVF,scene1_CVF_AE_W_O_CVF_run008.mat,297.042876367896,1,0,12.507035028533,18,10.1230610697878,1.99463889636817,24,0,32,0,135.780753171149,1.06561099286193,8,7.15940939347659,22.2369089848376,0.0201005025125628,0.166666666666667,8,0,0,0,0,0
1,CVF_AE_W_O_CVF,scene1_CVF_AE_W_O_CVF_run009.mat,295.917878010366,1,0,11.6258516559282,18,10.1404447942893,1.77843787770386,24,0,32,0,138.514645344828,1.0870666519707,8,6.405097284486,20.0909263492318,0.0603015075376884,0.166666666666667,8,0,0,0,0,0
1,CVF_AE_W_O_CVF,scene1_CVF_AE_W_O_CVF_run010.mat,301.503076188059,1,0,13.0022940975842,18,10.5309881973481,1.97399753465976,24,0,32,0,135.26513363691,1.06156439692703,8,6.43899721097615,22.4045796191835,0.0301507537688442,0.166666666666667,8,0,0,0,0,0
1,CVF_AE_W_O_CVF,scene1_CVF_AE_W_O_CVF_run011.mat,294.775806152299,1,0,11.4979856128477,18,9.71636834845572,1.87714893003047,24,0,32,0,137.342468400163,1.07786737586828,8,7.51693358344518,23.3848684334348,0.0150753768844221,0,8,0,0,0,0,0
1,CVF_AE_W_O_CVF,scene1_CVF_AE_W_O_CVF_run012.mat,296.547819376671,1,0,10.3356340519392,18,8.65044738228825,1.45046656812451,24,0,32,0,138.341038551689,1.08570418120158,8,7.88842840962332,23.1090213021654,0.0050251256281407,0,8,0,0,0,0,0
1,CVF_AE_W_O_CVF,scene1_CVF_AE_W_O_CVF_run013.mat,296.793489190708,1,0,12.7526292205687,18,11.4778788402459,1.26357537301851,24,0,32,0,134.56803949528,1.05609358340573,8,7.93986968392017,22.7006088720203,0.0050251256281407,0,8,0,0,0,0,0
1,CVF_AE_W_O_CVF,scene1_CVF_AE_W_O_CVF_run014.mat,301.788262386481,1,0,13.9619265518756,18,12,1.47234193842991,24,0,32,0,135.209118219098,1.06112478642558,8,7.18841837602659,22.8323187695885,0.0301507537688442,0.333333333333333,8,0,0,0,0,0
1,CVF_AE_W_O_CVF,scene1_CVF_AE_W_O_CVF_run015.mat,300.883474539398,1,0,14.4384373777211,18,12,0.815280818925255,24,0,32,0,137.770507766165,1.08122664029374,8,8.05663847094513,21.2058260015941,0,0,8,0,0,0,0,0
1,CVF_AE_W_O_CVF,scene1_CVF_AE_W_O_CVF_run016.mat,293.656360410073,1,0,10.6609682818554,18,8.74320293509121,2.33567934470594,24,0,32,0,135.791791433166,1.06569762143831,8,8.62240330847956,22.6676514362482,0,0,8,0,0,0,0,0
1,CVF_AE_W_O_CVF,scene1_CVF_AE_W_O_CVF_run017.mat,299.438001377354,1,0,13.0012592403892,18,11.1581190485976,1.29658166517287,24,0,32,0,137.732553030348,1.08092877050901,8,5.75898048233492,21.2633207414519,0.085427135678392,0.333333333333333,8,0,0,0,0,0
1,CVF_AE_W_O_CVF,scene1_CVF_AE_W_O_CVF_run018.mat,298.909273222099,1,0,14.271665205268,18,12,0.949905055751619,24,0,32,0,137.162701645511,1.07645656155599,8,8.49073884993246,21.9470042182277,0,0,8,0,0,0,0,0
1,CVF_AE_W_O_CVF,scene1_CVF_AE_W_O_CVF_run019.mat,299.606277021374,1,0,14.0190059028711,18,12,0.895144960863308,24,0,32,0,136.487190263867,1.07115513011396,8,8.42385979889019,21.7728231315706,0,0,8,0,0,0,0,0
1,CVF_AE_W_O_CVF,scene1_CVF_AE_W_O_CVF_run020.mat,301.572189845013,1,0,12.583799828572,18,10.9284531344105,1.6227685523356,24,0,32,0,135.174980805025,1.06085687508428,8,9.22267980271991,24.3678133857087,0,0,8,0,0,0,0,0
1,CVF_AE_W_O_CVF,scene1_CVF_AE_W_O_CVF_run021.mat,295.08725366469,1,0,12.6377779076025,18,10.9868031180466,1.59080021631378,24,0,32,0,135.156517101324,1.06071197144239,8,9.65945350817737,23.7215410984926,0,0,8,0,0,0,0,0
1,CVF_AE_W_O_CVF,scene1_CVF_AE_W_O_CVF_run022.mat,296.934724942278,1,0,12.4215513048563,18,11.0242394288011,1.47756561334525,24,0,32,0,134.528246676324,1.05578128829523,8,8.2804680574487,25.5638255378095,0,0,8,0,0,0,0,0
1,CVF_AE_W_O_CVF,scene1_CVF_AE_W_O_CVF_run023.mat,297.32836810509,1,0,12.1280216457578,18,10.2696857638294,1.73340445237774,24,0,32,0,137.247278819917,1.0771203254893,8,6.80560838636322,20.0962914668673,0.0351758793969849,0.166666666666667,8,0,0,0,0,0
1,CVF_AE_W_O_CVF,scene1_CVF_AE_W_O_CVF_run024.mat,301.217478686634,1,0,15.5724223443173,18,12,1.24917605335499,24,0,32,0,136.86658483768,1.07413262890555,8,8.09095584313565,22.2083687142805,0,0.166666666666667,8,0,0,0,0,0
1,CVF_AE_W_O_CVF,scene1_CVF_AE_W_O_CVF_run025.mat,297.341296440671,1,0,12.2361278287964,18,10.4323288094511,1.58152030320792,24,0,32,0,135.759385550871,1.06544329920485,8,7.60293340587438,21.5501571225526,0.0150753768844221,0,8,0,0,0,0,0
1,CVF_AE_W_O_CVF,scene1_CVF_AE_W_O_CVF_run026.mat,299.466787291743,1,0,13.4654326504277,18,12,0.795902776960637,24,0,32,0,138.337672404813,1.0856777635906,8,5.70944898862888,19.4661724003351,0.100502512562814,0.166666666666667,8,0,0,0,0,0
1,CVF_AE_W_O_CVF,scene1_CVF_AE_W_O_CVF_run027.mat,296.689651271352,1,0,12.0302883263452,18,10.0729332314154,2.16832183925558,24,0,32,0,135.974278794562,1.06712978714531,8,5.83963031286804,22.6496467634744,0.050251256281407,0.166666666666667,8,0,0,0,0,0
1,CVF_AE_W_O_CVF,scene1_CVF_AE_W_O_CVF_run028.mat,299.77584686437,1,0,13.8352343068454,18,12,1.08236662258246,24,0,32,0,134.351092862149,1.05439098040988,8,8.82012172299549,23.6754925882533,0,0,8,0,0,0,0,0
1,CVF_AE_W_O_CVF,scene1_CVF_AE_W_O_CVF_run029.mat,298.198059190349,1,0,13.213146894188,18,12,1.21131001522102,24,0,32,0,135.062784381519,1.05997635454322,8,7.07027281014808,23.165046107042,0.0251256281407035,0.166666666666667,8,0,0,0,0,0
1,CVF_AE_W_O_CVF,scene1_CVF_AE_W_O_CVF_run030.mat,293.978262955959,1,0,11.7330274587269,18,9.59296186543645,2.06623633242347,24,0,32,0,135.623712780177,1.06437853566137,8,7.71721924975739,22.4759379711393,0.0050251256281407,0.166666666666667,8,0,0,0,0,0
1,CVF_AE_W_O_INIT,scene1_CVF_AE_W_O_INIT_run001.mat,301.669052862357,1,0,15.3404450238723,18,12,1.347316130319,24,0,32,0,134.713044432336,1.05723158604114,8,10.2070883914692,24.159277223581,0,0,8,0,0,0,0,0
1,CVF_AE_W_O_INIT,scene1_CVF_AE_W_O_INIT_run002.mat,304.889054115937,1,0,15.577557639621,18,12,1.21148482292735,24,0,32,0,135.965023745291,1.06705715327038,8,8.954002127298,24.8464474687562,0,0,8,0,0,0,0,0
1,CVF_AE_W_O_INIT,scene1_CVF_AE_W_O_INIT_run003.mat,306.490172766183,1,0,18.2791799924775,20.0369072888926,12,1.42101807391972,24,0,32,0,135.185156577349,1.06093673481841,8,8.84037212190334,24.0007707395039,0,0,8,0,0,0,0,0
1,CVF_AE_W_O_INIT,scene1_CVF_AE_W_O_INIT_run004.mat,310.054800608003,1,0,18.0323950662759,19.8667991974299,12,1.78769570950611,24,0,32,0,135.87938436471,1.06638505311453,8,9.10036301226259,23.6732400538386,0,0,8,0,0,0,0,0
1,CVF_AE_W_O_INIT,scene1_CVF_AE_W_O_INIT_run005.mat,323.341306971516,1,0,22.4722506446385,26.4593715545388,12,2.93960948685611,24,0.35,32,0,138.392492066966,1.08610798976958,8,8.566333216033,24.4427525077972,0,0,8,0,0,0,0,0
1,CVF_AE_W_O_INIT,scene1_CVF_AE_W_O_INIT_run006.mat,301.136259680442,1,0,16.3508555977792,18,12,1.28407536449476,24,0,32,0,135.071059942991,1.06004130137162,8,8.6772998143648,23.2692908502097,0,0,8,0,0,0,0,0
1,CVF_AE_W_O_INIT,scene1_CVF_AE_W_O_INIT_run007.mat,314.667539885224,1,0,27.5707329656072,32.4154960063885,12,4.16025901638258,24,0.863636363636364,32,0.0818181818181818,143.661958779603,1.12746290587045,8,8.7160217089009,21.4874247216573,0,0,8,1,0,0,0,1
1,CVF_AE_W_O_INIT,scene1_CVF_AE_W_O_INIT_run008.mat,306.694655905646,1,0,24.6036591743802,27.3192477512235,12,3.0306589682134,24,0.718181818181818,32,0,140.551166635351,1.10304932568324,8,9.21086579564128,22.031196499623,0,0,8,1,0,0,0,1
1,CVF_AE_W_O_INIT,scene1_CVF_AE_W_O_INIT_run009.mat,299.325228973717,1,0,13.8432320999588,18,11.8994106959612,1.23812859474246,24,0,32,0,153.835150575477,1.20730238795457,8,5.52393681423408,12.4146835349359,0.185929648241206,0.166666666666667,8,0,0,0,0,0
1,CVF_AE_W_O_INIT,scene1_CVF_AE_W_O_INIT_run010.mat,310.964822609022,1,0,17.4993132142859,19.6280117750846,12,1.4891093366842,24,0,32,0,136.355489333744,1.07012153768181,8,8.88825869403286,23.9241900787523,0,0,8,0,0,0,0,0
1,CVF_AE_W_O_INIT,scene1_CVF_AE_W_O_INIT_run011.mat,307.298540513835,1,0,14.3047498671502,18,12,1.12409370221274,24,0,32,0,135.382764757693,1.0624875691181,8,9.46048648467088,21.8802594731273,0,0,8,0,0,0,0,0
1,CVF_AE_W_O_INIT,scene1_CVF_AE_W_O_INIT_run012.mat,319.235682588749,1,0,24.0817779583717,28.1787357172088,12,3.47533113505364,24,0.559090909090909,32,0,138.193851973031,1.08454905698436,8,7.29024435766925,22.7136941251295,0.0201005025125628,0,8,1,0,0,0,1
1,CVF_AE_W_O_INIT,scene1_CVF_AE_W_O_INIT_run013.mat,305.499476923071,1,0,17.6485316978026,18.8417222881651,12,1.31579622426398,24,0,32,0,135.937265034929,1.06683930216691,8,10.2185201804496,24.7710050572412,0,0,8,0,0,0,0,0
1,CVF_AE_W_O_INIT,scene1_CVF_AE_W_O_INIT_run014.mat,311.734172356908,1,0,17.4028270267589,20.0440934557521,12,1.67195636137968,24,0,32,0,134.676056585536,1.05694130442735,8,9.3839865361695,24.6425232193596,0,0,8,0,0,0,0,0
1,CVF_AE_W_O_INIT,scene1_CVF_AE_W_O_INIT_run015.mat,304.687976434989,1,0,16.3056584931143,18.0625180974904,12,1.04918667074722,24,0,32,0,135.919462184502,1.06669958491924,8,9.07186553459206,24.285708767675,0,0,8,0,0,0,0,0
1,CVF_AE_W_O_INIT,scene1_CVF_AE_W_O_INIT_run016.mat,332.505088154728,1,0,18.94887498926,23.462959585036,12,2.92921001962865,24,0,32,0,145.637631303485,1.14296803683029,8,3.25969015913793,19.1667619277217,0.175879396984925,0.333333333333333,8,0,0,0,0,0
1,CVF_AE_W_O_INIT,scene1_CVF_AE_W_O_INIT_run017.mat,336.525720232709,1,0,17.6021812082789,20.007002151519,12,2.16955388413349,24,0,32,0,141.549772675512,1.11088641267151,8,5.95284873602988,25.1741733263204,0.0301507537688442,0.166666666666667,8,0,0,0,0,0
1,CVF_AE_W_O_INIT,scene1_CVF_AE_W_O_INIT_run018.mat,305.762713390526,1,0,17.4506989393514,18.34317484513,12,1.24637775490779,24,0,32,0,135.483278305472,1.06327640213708,8,7.6598580503607,25.2628101884053,0.0100502512562814,0.166666666666667,8,0,0,0,0,0
1,CVF_AE_W_O_INIT,scene1_CVF_AE_W_O_INIT_run019.mat,304.216678569977,1,0,17.20098830078,19.052415530225,12,1.58126688307045,24,0,32,0,134.039235431846,1.05194351493208,8,7.85601907171775,24.1207276785834,0.0050251256281407,0,8,0,0,0,0,0
1,CVF_AE_W_O_INIT,scene1_CVF_AE_W_O_INIT_run020.mat,316.953169305131,1,0,21.9304854035703,24.8682668598258,12,2.56605087999383,24,0.190909090909091,32,0,155.306968438952,1.21885325402491,8,5.6624846406647,11.747098540503,0.241206030150754,0.333333333333333,8,0,0,0,0,0
1,CVF_AE_W_O_INIT,scene1_CVF_AE_W_O_INIT_run021.mat,303.185892834706,1,0,14.5035023744129,18,12,0.793346416620403,24,0,32,0,136.848459050727,1.07399037724336,8,8.58484556244548,23.5603361382613,0,0,8,0,0,0,0,0
1,CVF_AE_W_O_INIT,scene1_CVF_AE_W_O_INIT_run022.mat,302.35131243386,1,0,15.1017455075292,18,12,1.30461975461054,24,0,32,0,135.326598684733,1.06204677627099,8,8.49430959898149,22.6087147136484,0,0,8,0,0,0,0,0
1,CVF_AE_W_O_INIT,scene1_CVF_AE_W_O_INIT_run023.mat,304.278550307923,1,0,15.7224441763493,18.4437905818081,12,1.43192913313385,24,0,32,0,135.960458561066,1.06702132558214,8,6.93770473290647,25.3765477779913,0.0201005025125628,0.166666666666667,8,0,0,0,0,0
1,CVF_AE_W_O_INIT,scene1_CVF_AE_W_O_INIT_run024.mat,329.376717121809,1,0,28.8156681540594,33.1241497117699,12,4.78789091185517,24,0.845454545454545,32,0.281818181818182,138.784311135415,1.08918299632832,8,9.17179730845893,27.0850369004062,0,0,8,1,0,0,0,1
1,CVF_AE_W_O_INIT,scene1_CVF_AE_W_O_INIT_run025.mat,300.700234938051,1,0,13.8885567979154,18.1151940731897,11.5457288641819,1.78371900320295,24,0,32,0,134.955976674059,1.05913812479023,8,5.45581812860991,23.5606374609318,0.0603015075376884,0.166666666666667,8,0,0,0,0,0
1,CVF_AE_W_O_INIT,scene1_CVF_AE_W_O_INIT_run026.mat,302.356339006046,1,0,15.3683312483357,18,12,0.91229320297454,24,0,32,0,135.340972076493,1.06215957903505,8,10.615117502305,25.5228658360376,0,0,8,0,0,0,0,0
1,CVF_AE_W_O_INIT,scene1_CVF_AE_W_O_INIT_run027.mat,305.490975363621,1,0,14.479633007193,18,12,1.41021685875882,24,0,32,0,136.087791160951,1.06802063524141,8,10.6977803759083,24.1722582671748,0,0,8,0,0,0,0,0
1,CVF_AE_W_O_INIT,scene1_CVF_AE_W_O_INIT_run028.mat,305.88250979133,1,0,16.8228340194083,18,12,1.07051434698652,24,0,32,0,136.718463801808,1.07297017104305,8,6.95762179050454,23.0431049119295,0.0150753768844221,0.166666666666667,8,0,0,0,0,0
1,CVF_AE_W_O_INIT,scene1_CVF_AE_W_O_INIT_run029.mat,306.849216388982,1,0,17.7903497709985,19.6481736210665,12,2.1259324561053,24,0,32,0,135.497896284759,1.06339112443062,8,8.02373840168856,25.2204574154746,0,0.166666666666667,8,0,0,0,0,0
1,CVF_AE_W_O_INIT,scene1_CVF_AE_W_O_INIT_run030.mat,314.329562167093,1,0,20.8748625935177,22.4136103419605,12,1.57192860240326,24,0,32,0,135.256772667609,1.0614987798157,8,11.5691048331753,26.5458081436863,0,0,8,0,0,0,0,0
1,CVF_AE_W_O_SPARSEPRESERVATION,scene1_CVF_AE_W_O_SPARSEPRESERVATION_run001.mat,299.47556144092,1,0,15.0458602801731,18,12,1.1638496243888,24,0,32,0,133.654023845575,1.04892036407069,8,9.18425474762262,25.6713334246909,0,0,8,0,0,0,0,0
1,CVF_AE_W_O_SPARSEPRESERVATION,scene1_CVF_AE_W_O_SPARSEPRESERVATION_run002.mat,302.374087126538,1,0,13.8253448645902,18,11.8363796109734,1.22970086810024,24,0,32,0,137.03651088084,1.0754662130501,8,8.0049578469921,21.4413500100085,0,0,8,0,0,0,0,0
1,CVF_AE_W_O_SPARSEPRESERVATION,scene1_CVF_AE_W_O_SPARSEPRESERVATION_run003.mat,303.601353654284,1,0,14.9773365755441,18,12,1.41062493552615,24,0,32,0,135.730223038969,1.06521443102923,8,6.82973412817169,23.6107139970611,0.0201005025125628,0.166666666666667,8,0,0,0,0,0
1,CVF_AE_W_O_SPARSEPRESERVATION,scene1_CVF_AE_W_O_SPARSEPRESERVATION_run004.mat,302.977938624242,1,0,15.218553623878,18,12,0.84603293345702,24,0,32,0,135.041042774329,1.05980572582683,8,6.95104196983951,21.3552921868238,0.0201005025125628,0.166666666666667,8,0,0,0,0,0
1,CVF_AE_W_O_SPARSEPRESERVATION,scene1_CVF_AE_W_O_SPARSEPRESERVATION_run005.mat,300.987335289409,1,0,14.4343043104591,18,12,0.932057221468757,24,0,32,0,135.944657110924,1.06689731537759,8,9.90771285020571,23.8500233291931,0,0,8,0,0,0,0,0
1,CVF_AE_W_O_SPARSEPRESERVATION,scene1_CVF_AE_W_O_SPARSEPRESERVATION_run006.mat,298.454338177491,1,0,14.089062946107,18,12,1.29805760293818,24,0,32,0,135.876603357088,1.06636322769212,8,6.68470579114503,21.5663919385594,0.0402010050251256,0.166666666666667,8,0,0,0,0,0
1,CVF_AE_W_O_SPARSEPRESERVATION,scene1_CVF_AE_W_O_SPARSEPRESERVATION_run007.mat,302.830583575279,1,0,13.9359474313414,18,11.9719120656535,1.15269712644895,24,0,32,0,136.471031851761,1.07102831846235,8,6.22738889244933,21.1723086122006,0.0603015075376884,0.333333333333333,8,0,0,0,0,0
1,CVF_AE_W_O_SPARSEPRESERVATION,scene1_CVF_AE_W_O_SPARSEPRESERVATION_run008.mat,299.375529154595,1,0,12.9745585928159,18,11.4643376798004,1.54956157035474,24,0,32,0,136.484125088509,1.07113107453554,8,6.76615297970952,21.3510049860828,0.0301507537688442,0.166666666666667,8,0,0,0,0,0
1,CVF_AE_W_O_SPARSEPRESERVATION,scene1_CVF_AE_W_O_SPARSEPRESERVATION_run009.mat,296.672633922401,1,0,13.3990256279073,18,12,1.04701460608851,24,0,32,0,135.137734774468,1.06056456723744,8,7.23542848135168,22.6595469428563,0.0251256281407035,0,8,0,0,0,0,0
1,CVF_AE_W_O_SPARSEPRESERVATION,scene1_CVF_AE_W_O_SPARSEPRESERVATION_run010.mat,299.796264969144,1,0,14.3838394464149,18,12,1.04119864594775,24,0,32,0,137.053276106808,1.07559778699318,8,8.19865607269928,20.738797005445,0,0,8,0,0,0,0,0
1,CVF_AE_W_O_SPARSEPRESERVATION,scene1_CVF_AE_W_O_SPARSEPRESERVATION_run011.mat,299.48767738758,1,0,13.7012228816428,18,12,1.28041463201299,24,0,32,0,137.525384527439,1.07930290654141,8,6.13577280531506,22.2086999144266,0.0251256281407035,0.166666666666667,8,0,0,0,0,0
1,CVF_AE_W_O_SPARSEPRESERVATION,scene1_CVF_AE_W_O_SPARSEPRESERVATION_run012.mat,302.630458761129,1,0,14.5802629199531,18.3810600603619,11.9993254390463,1.70014631680008,24,0,32,0,134.909567561421,1.05877390482944,8,7.75362646677529,24.0308558772172,0.0050251256281407,0.166666666666667,8,0,0,0,0,0
1,CVF_AE_W_O_SPARSEPRESERVATION,scene1_CVF_AE_W_O_SPARSEPRESERVATION_run013.mat,299.972241493065,1,0,13.6076684871806,18,12,1.17279067131143,24,0,32,0,135.677791983339,1.06480295069832,8,7.41496201891675,20.5976635132152,0.0201005025125628,0,8,0,0,0,0,0
1,CVF_AE_W_O_SPARSEPRESERVATION,scene1_CVF_AE_W_O_SPARSEPRESERVATION_run014.mat,299.949987876555,1,0,13.740963315112,18,11.636960824858,1.39363665982183,24,0,32,0,136.910065851748,1.07447386907022,8,5.99353324809758,21.8139984688294,0.0402010050251256,0.166666666666667,8,0,0,0,0,0
1,CVF_AE_W_O_SPARSEPRESERVATION,scene1_CVF_AE_W_O_SPARSEPRESERVATION_run015.mat,301.776169454347,1,0,15.054342037035,18,12,1.32959365804439,24,0,32,0,134.956559167832,1.05914269621698,8,8.54916724267211,22.7851278796333,0,0,8,0,0,0,0,0
1,CVF_AE_W_O_SPARSEPRESERVATION,scene1_CVF_AE_W_O_SPARSEPRESERVATION_run016.mat,300.651447042,1,0,13.3484310891246,18,11.7992529605732,1.54573825645765,24,0,32,0,135.840722704627,1.0660816353692,8,9.04940678019257,24.0373088988618,0,0,8,0,0,0,0,0
1,CVF_AE_W_O_SPARSEPRESERVATION,scene1_CVF_AE_W_O_SPARSEPRESERVATION_run017.mat,298.802249857455,1,0,13.073704893053,18,11.5507347909699,1.81590586671407,24,0,32,0,138.332577448674,1.08563777823817,8,8.05049785578156,21.1778294919447,0,0,8,0,0,0,0,0
1,CVF_AE_W_O_SPARSEPRESERVATION,scene1_CVF_AE_W_O_SPARSEPRESERVATION_run018.mat,302.22387399638,1,0,15.1935382438722,18,12,1.12228661559716,24,0,32,0,137.314151894993,1.07764514717619,8,8.25668652964347,22.7845814617807,0,0,8,0,0,0,0,0
1,CVF_AE_W_O_SPARSEPRESERVATION,scene1_CVF_AE_W_O_SPARSEPRESERVATION_run019.mat,300.935143832805,1,0,14.8134188962153,18.1981913887126,12,1.41115124329495,24,0,32,0,136.22639133688,1.0691083731397,8,6.44462866140245,21.2286062961799,0.0452261306532663,0.166666666666667,8,0,0,0,0,0
1,CVF_AE_W_O_SPARSEPRESERVATION,scene1_CVF_AE_W_O_SPARSEPRESERVATION_run020.mat,299.865826300108,1,0,14.3994520701432,18,12,1.13618157673782,24,0,32,0,135.733854994229,1.06524293471153,8,7.75611174035024,21.5484399083573,0.0100502512562814,0,8,0,0,0,0,0
1,CVF_AE_W_O_SPARSEPRESERVATION,scene1_CVF_AE_W_O_SPARSEPRESERVATION_run021.mat,303.557040416538,1,0,14.8257716944584,18,12,0.824643562411143,24,0,32,0,135.338314191029,1.06213871987865,8,7.82994406391605,24.6609068276596,0.0050251256281407,0.166666666666667,8,0,0,0,0,0
1,CVF_AE_W_O_SPARSEPRESERVATION,scene1_CVF_AE_W_O_SPARSEPRESERVATION_run022.mat,298.864594884722,1,0,13.534747262443,18,11.5475480386644,1.43229470263632,24,0,32,0,134.297695853679,1.05397191925517,8,7.70312600061027,22.3857706295165,0.0100502512562814,0,8,0,0,0,0,0
1,CVF_AE_W_O_SPARSEPRESERVATION,scene1_CVF_AE_W_O_SPARSEPRESERVATION_run023.mat,299.24881704352,1,0,14.2888403207475,18,12,1.12763833187909,24,0,32,0,135.340031234949,1.06215219528538,8,8.24216788419392,22.6486681064691,0,0,8,0,0,0,0,0
1,CVF_AE_W_O_SPARSEPRESERVATION,scene1_CVF_AE_W_O_SPARSEPRESERVATION_run024.mat,302.073141453658,1,0,13.4429859586996,18,11.9623947545809,1.53727904250933,24,0,32,0,135.160743364275,1.06074513926739,8,6.27008811366078,22.8358424251482,0.0402010050251256,0.166666666666667,8,0,0,0,0,0
1,CVF_AE_W_O_SPARSEPRESERVATION,scene1_CVF_AE_W_O_SPARSEPRESERVATION_run025.mat,302.443933225273,1,0,13.8712311306564,18,11.8839233710362,1.48750160947543,24,0,32,0,134.669962562607,1.05689347837195,8,7.89422379855708,21.6852077132887,0.0050251256281407,0,8,0,0,0,0,0
1,CVF_AE_W_O_SPARSEPRESERVATION,scene1_CVF_AE_W_O_SPARSEPRESERVATION_run026.mat,298.62166103491,1,0,12.7260228810884,18,11.4134468136216,1.43953970379343,24,0,32,0,135.553039638814,1.06382389095232,8,7.54199806687478,21.135773073399,0.0150753768844221,0,8,0,0,0,0,0
1,CVF_AE_W_O_SPARSEPRESERVATION,scene1_CVF_AE_W_O_SPARSEPRESERVATION_run027.mat,302.766409982704,1,0,13.5208845064161,18,12,0.978823463921333,24,0,32,0,135.270546893134,1.06160688030708,8,8.67342422645942,24.9999475730085,0,0,8,0,0,0,0,0
1,CVF_AE_W_O_SPARSEPRESERVATION,scene1_CVF_AE_W_O_SPARSEPRESERVATION_run028.mat,301.45183715179,1,0,15.2738956325179,18,12,1.18392720508466,24,0,32,0,134.168583107122,1.05295863895706,8,7.80960163952565,22.7233574270802,0.0050251256281407,0,8,0,0,0,0,0
1,CVF_AE_W_O_SPARSEPRESERVATION,scene1_CVF_AE_W_O_SPARSEPRESERVATION_run029.mat,299.558881119385,1,0,14.3754595400535,18,12,1.0318927417765,24,0,32,0,134.794239674576,1.0578688084801,8,10.5204020617662,24.6492729562785,0,0,8,0,0,0,0,0
1,CVF_AE_W_O_SPARSEPRESERVATION,scene1_CVF_AE_W_O_SPARSEPRESERVATION_run030.mat,301.870741353801,1,0,12.982672618265,18.1043303340983,11.1992578292891,2.24908941550754,24,0,32,0,135.175692188063,1.06086245803744,8,7.07717949612061,23.344835829684,0.0150753768844221,0.166666666666667,8,0,0,0,0,0
1,CVF_AE_W_O_STATEADAPTIVECVF,scene1_CVF_AE_W_O_STATEADAPTIVECVF_run001.mat,300.566844147469,1,0,14.3025380133,18,12,0.979992038506108,24,0,32,0,134.566690086491,1.05608299320937,8,7.93893090410337,23.3868152895615,0.0050251256281407,0,8,0,0,0,0,0
1,CVF_AE_W_O_STATEADAPTIVECVF,scene1_CVF_AE_W_O_STATEADAPTIVECVF_run002.mat,297.318927173878,1,0,13.0676246953554,18,11.8450016817793,1.65663253667305,24,0,32,0,135.430857107951,1.06286499917288,8,8.16625325387622,22.0716909937605,0,0,8,0,0,0,0,0
1,CVF_AE_W_O_STATEADAPTIVECVF,scene1_CVF_AE_W_O_STATEADAPTIVECVF_run003.mat,295.607165717768,1,0,12.962414135645,18,10.9097207183261,1.41034281704888,24,0,32,0,134.851644855881,1.05831932588273,8,9.9379177073771,24.3696171190218,0,0,8,0,0,0,0,0
1,CVF_AE_W_O_STATEADAPTIVECVF,scene1_CVF_AE_W_O_STATEADAPTIVECVF_run004.mat,294.836121187874,1,0,12.1451713599206,18,10.2338729472419,1.60791106102282,24,0,32,0,136.692673326884,1.07276776670409,8,8.39770818688417,21.1329268142587,0,0,8,0,0,0,0,0
1,CVF_AE_W_O_STATEADAPTIVECVF,scene1_CVF_AE_W_O_STATEADAPTIVECVF_run005.mat,297.373175456481,1,0,14.3973383896101,18,12,1.66809646639799,24,0,32,0,133.930958389747,1.05109375380143,8,7.76921560591121,24.544367840867,0.0050251256281407,0,8,0,0,0,0,0
1,CVF_AE_W_O_STATEADAPTIVECVF,scene1_CVF_AE_W_O_STATEADAPTIVECVF_run006.mat,299.943585580656,1,0,13.6933168496285,18,11.187521704514,2.01343299063155,24,0,32,0,139.066890694302,1.09140068828595,8,6.70551719177172,20.6579125811309,0.0703517587939698,0.333333333333333,8,0,0,0,0,0
1,CVF_AE_W_O_STATEADAPTIVECVF,scene1_CVF_AE_W_O_STATEADAPTIVECVF_run007.mat,299.003831455686,1,0,12.3111828614974,18,10.5465914025842,1.43871252924262,24,0,32,0,137.68260016437,1.08053673907695,8,6.01290795137618,22.1574706559592,0.0653266331658292,0.333333333333333,8,0,0,0,0,0
1,CVF_AE_W_O_STATEADAPTIVECVF,scene1_CVF_AE_W_O_STATEADAPTIVECVF_run008.mat,300.029920827975,1,0,14.2383926553999,18.0145890635205,12,1.62135045688116,24,0,32,0,136.434480677549,1.07074146386674,8,9.35402288648204,21.9949921714425,0,0,8,0,0,0,0,0
1,CVF_AE_W_O_STATEADAPTIVECVF,scene1_CVF_AE_W_O_STATEADAPTIVECVF_run009.mat,299.774108694841,1,0,15.2291929392922,18.0872459731699,12,1.553826228991,24,0,32,0,135.607576683089,1.06425189913861,8,8.36057901932472,22.0782481075035,0,0,8,0,0,0,0,0
1,CVF_AE_W_O_STATEADAPTIVECVF,scene1_CVF_AE_W_O_STATEADAPTIVECVF_run010.mat,300.77184804548,1,0,13.6895360684734,18,12,1.35986079161705,24,0,32,0,136.763914788647,1.07332687160687,8,6.11753911808537,21.9969474086653,0.0904522613065327,0.333333333333333,8,0,0,0,0,0
1,CVF_AE_W_O_STATEADAPTIVECVF,scene1_CVF_AE_W_O_STATEADAPTIVECVF_run011.mat,303.192657707477,1,0,12.7637991180485,18,10.0074214278882,2.01309679856876,24,0,32,0,137.163827279173,1.07646539555916,8,6.95981709822539,19.4050472236783,0.0402010050251256,0.166666666666667,8,0,0,0,0,0
1,CVF_AE_W_O_STATEADAPTIVECVF,scene1_CVF_AE_W_O_STATEADAPTIVECVF_run012.mat,300.148587933594,1,0,13.3224853705067,18,12,1.06733157791334,24,0,32,0,135.411547623286,1.06271345781929,8,6.71541806715355,23.3420348994941,0.0201005025125628,0.166666666666667,8,0,0,0,0,0
1,CVF_AE_W_O_STATEADAPTIVECVF,scene1_CVF_AE_W_O_STATEADAPTIVECVF_run013.mat,298.571005142525,1,0,14.4297165450943,18,12,0.908885485289118,24,0,32,0,135.777231206233,1.0655833523868,8,10.0642380061431,22.832876734739,0,0,8,0,0,0,0,0
1,CVF_AE_W_O_STATEADAPTIVECVF,scene1_CVF_AE_W_O_STATEADAPTIVECVF_run014.mat,288.925727165967,1,0,11.0167125819646,18,8.69130441619032,1.99780935240102,24,0,32,0,135.351505833169,1.06224224823999,8,8.7874320631143,21.161404926722,0,0,8,0,0,0,0,0
1,CVF_AE_W_O_STATEADAPTIVECVF,scene1_CVF_AE_W_O_STATEADAPTIVECVF_run015.mat,297.563533322686,1,0,14.3384801822602,18,12,0.921506195110312,24,0,32,0,137.428921413372,1.07854586143483,8,7.68269344783607,21.8621526107265,0.0100502512562814,0,8,0,0,0,0,0
1,CVF_AE_W_O_STATEADAPTIVECVF,scene1_CVF_AE_W_O_STATEADAPTIVECVF_run016.mat,298.500694112687,1,0,12.2126144726525,18,10.503932652293,1.40763388505531,24,0,32,0,138.419815185619,1.08632242233764,8,6.44663272119381,21.0920003519445,0.050251256281407,0.333333333333333,8,0,0,0,0,0
1,CVF_AE_W_O_STATEADAPTIVECVF,scene1_CVF_AE_W_O_STATEADAPTIVECVF_run017.mat,293.831008515585,1,0,12.4541082641701,18,10.9245678969385,1.59851219236232,24,0,32,0,134.951980419303,1.05910676207571,8,9.43646737382804,22.5738227254069,0,0,8,0,0,0,0,0
1,CVF_AE_W_O_STATEADAPTIVECVF,scene1_CVF_AE_W_O_STATEADAPTIVECVF_run018.mat,296.929027824452,1,0,12.6695846536891,18,10.5975045578702,1.83989131523036,24,0,32,0,137.736724244073,1.0809615063062,8,5.90738511526126,19.5729101710098,0.0552763819095477,0.166666666666667,8,0,0,0,0,0
1,CVF_AE_W_O_STATEADAPTIVECVF,scene1_CVF_AE_W_O_STATEADAPTIVECVF_run019.mat,296.45519585611,1,0,12.5649267668788,18,10.9643914262141,1.92958475517643,24,0,32,0,134.693106877517,1.05707511557615,8,7.42235059103314,23.9499687912657,0.0150753768844221,0.166666666666667,8,0,0,0,0,0
1,CVF_AE_W_O_STATEADAPTIVECVF,scene1_CVF_AE_W_O_STATEADAPTIVECVF_run020.mat,299.949776471529,1,0,12.9923771013176,18,11.8787160433286,1.5525027371858,24,0,32,0,135.511758992598,1.06349991933357,8,7.21327981822629,23.5283975099763,0.0150753768844221,0.166666666666667,8,0,0,0,0,0
1,CVF_AE_W_O_STATEADAPTIVECVF,scene1_CVF_AE_W_O_STATEADAPTIVECVF_run021.mat,299.413298080355,1,0,13.8792644690843,18,12,0.891520766601342,24,0,32,0,134.683483742819,1.05699959295692,8,8.67316079187886,25.5318627015343,0,0,8,0,0,0,0,0
1,CVF_AE_W_O_STATEADAPTIVECVF,scene1_CVF_AE_W_O_STATEADAPTIVECVF_run022.mat,295.556433304298,1,0,14.150356418583,18.001869300545,11.9977793967931,1.77090376653808,24,0,32,0,134.504779166138,1.05559711464583,8,6.24138053196529,23.6503765964615,0.0452261306532663,0.166666666666667,8,0,0,0,0,0
1,CVF_AE_W_O_STATEADAPTIVECVF,scene1_CVF_AE_W_O_STATEADAPTIVECVF_run023.mat,298.129252798124,1,0,14.0643773474448,18,12,1.20336640551536,24,0,32,0,134.832232305611,1.05816697566752,8,9.52277199401692,24.0722515231179,0,0,8,0,0,0,0,0
1,CVF_AE_W_O_STATEADAPTIVECVF,scene1_CVF_AE_W_O_STATEADAPTIVECVF_run024.mat,300.423654253231,1,0,15.0590814826422,18,12,1.1698951380022,24,0,32,0,135.711300900695,1.06506592958052,8,7.53468014140216,23.0670379252274,0.0100502512562814,0,8,0,0,0,0,0
1,CVF_AE_W_O_STATEADAPTIVECVF,scene1_CVF_AE_W_O_STATEADAPTIVECVF_run025.mat,298.380016383795,1,0,12.1735298037404,18,11.3146288311303,1.52389644940064,24,0,32,0,135.593893203505,1.06414451082382,8,8.62652211859101,23.33213374391,0,0,8,0,0,0,0,0
1,CVF_AE_W_O_STATEADAPTIVECVF,scene1_CVF_AE_W_O_STATEADAPTIVECVF_run026.mat,302.840599389683,1,0,14.9457514615939,18,12,0.960006339669604,24,0,32,0,137.172628303442,1.07653446623369,8,7.79177147381725,20.8111157533333,0.0050251256281407,0,8,0,0,0,0,0
1,CVF_AE_W_O_STATEADAPTIVECVF,scene1_CVF_AE_W_O_STATEADAPTIVECVF_run027.mat,297.460777475446,1,0,12.2212708956834,18,10.3014784248111,1.38295640211359,24,0,32,0,136.328706596461,1.06991134604124,8,7.38877530021938,22.6400010372973,0.0150753768844221,0.166666666666667,8,0,0,0,0,0
1,CVF_AE_W_O_STATEADAPTIVECVF,scene1_CVF_AE_W_O_STATEADAPTIVECVF_run028.mat,303.314117046207,1,0,13.3330985111033,18,12,1.06459997441472,24,0,32,0,134.875334072447,1.05850523948975,8,7.74564946334152,21.599585891069,0.0050251256281407,0.166666666666667,8,0,0,0,0,0
1,CVF_AE_W_O_STATEADAPTIVECVF,scene1_CVF_AE_W_O_STATEADAPTIVECVF_run029.mat,302.297013573767,1,0,14.5065424841119,18,12,1.47373812015272,24,0,32,0,135.909899778086,1.0666245388972,8,7.22924004880349,23.1076934547948,0.0201005025125628,0.166666666666667,8,0,0,0,0,0
1,CVF_AE_W_O_STATEADAPTIVECVF,scene1_CVF_AE_W_O_STATEADAPTIVECVF_run030.mat,292.002640977834,1,0,11.1621007713159,18,8.53230567962215,2.48721278838158,24,0,32,0,135.193133799379,1.06099934027088,8,6.85257099821985,22.6971706100244,0.0301507537688442,0.166666666666667,8,0,0,0,0,0
1,CVF_AE,scene1_CVF_AE_run001.mat,295.986175168084,1,0,12.4201429922808,18,11.1169246024289,1.50183485194913,24,0,32,0,135.938125516046,1.06684605524579,8,6.82263790616794,21.3474313599268,0.0301507537688442,0.166666666666667,8,0,0,0,0,0
1,CVF_AE,scene1_CVF_AE_run002.mat,301.69738155454,1,0,14.5216201616205,18,12,1.33833081307814,24,0,32,0,134.570619978094,1.05611383510407,8,7.67710580931377,22.6604104669955,0.0100502512562814,0,8,0,0,0,0,0
1,CVF_AE,scene1_CVF_AE_run003.mat,293.861687076687,1,0,12.1522348789583,18,10.6487110733492,1.53760069629397,24,0,32,0,136.047343012879,1.06770319709042,8,8.14029009839697,21.8720556248051,0,0,8,0,0,0,0,0
1,CVF_AE,scene1_CVF_AE_run004.mat,298.601998241259,1,0,13.3126578735905,18,10.9614701437906,2.23408855736402,24,0,32,0,136.701584998294,1.07283770574034,8,5.32772360229461,19.198742493596,0.125628140703518,0.333333333333333,8,0,0,0,0,0
1,CVF_AE,scene1_CVF_AE_run005.mat,301.212341102434,1,0,14.7220653278284,18,12,1.25176886474911,24,0,32,0,135.050760422159,1.05988199018765,8,9.55961693425336,22.5945974000476,0,0,8,0,0,0,0,0
1,CVF_AE,scene1_CVF_AE_run006.mat,300.605332149654,1,0,13.792547614437,18,12,1.27736357956388,24,0,32,0,135.859772342163,1.06623113743553,8,5.92543235306741,21.4149881096443,0.0703517587939698,0.166666666666667,8,0,0,0,0,0
1,CVF_AE,scene1_CVF_AE_run007.mat,299.324210635215,1,0,14.4821993660967,18,12,1.05854835473327,24,0,32,0,135.826086285409,1.06596676835859,8,8.59352850615906,23.7447577991826,0,0,8,0,0,0,0,0
1,CVF_AE,scene1_CVF_AE_run008.mat,293.961026164123,1,0,12.5295360378755,18,11.4072672842215,1.38849599686398,24,0,32,0,135.328185703525,1.06205923123704,8,7.9409263020703,23.1794471243378,0.0050251256281407,0,8,0,0,0,0,0
1,CVF_AE,scene1_CVF_AE_run009.mat,300.226547010922,1,0,13.9747984735176,18,11.8793239868617,1.35486445173849,24,0,32,0,136.699341702104,1.07282010029167,8,8.01090849356218,22.6655389141479,0,0,8,0,0,0,0,0
1,CVF_AE,scene1_CVF_AE_run010.mat,298.533401984794,1,0,13.4659753540776,18,11.3609812903015,1.45414413268308,24,0,32,0,134.727989102491,1.05734887221337,8,8.57861091763786,22.3813010087915,0,0,8,0,0,0,0,0
1,CVF_AE,scene1_CVF_AE_run011.mat,295.138967747613,1,0,13.5537219502841,18,12,1.15452366898858,24,0,32,0,135.065208093328,1.05999537589851,8,7.52283711580768,23.7317430686891,0.0150753768844221,0,8,0,0,0,0,0
1,CVF_AE,scene1_CVF_AE_run012.mat,293.310510433772,1,0,13.9433780876943,18,11.9065279516548,1.62493696528003,24,0,32,0,133.6774192851,1.04910397210761,8,10.5760070517684,23.6869080885871,0,0,8,0,0,0,0,0
1,CVF_AE,scene1_CVF_AE_run013.mat,296.964588413922,1,0,13.4469343037248,18,12,1.10946292502192,24,0,32,0,134.112093999645,1.05251531092641,8,8.63430377467031,22.5092038742382,0,0,8,0,0,0,0,0
1,CVF_AE,scene1_CVF_AE_run014.mat,292.269521896342,1,0,11.1036869540904,18,9.52074683918301,1.68510410756268,24,0,32,0,136.132676799652,1.06837289893788,8,7.90801127729017,22.6345369590263,0.0050251256281407,0,8,0,0,0,0,0
1,CVF_AE,scene1_CVF_AE_run015.mat,303.798361959917,1,0,15.1303219290444,18,12,0.974108472072078,24,0,32,0,135.228899881201,1.06128003344035,8,7.76567607619127,21.8566481621567,0.0050251256281407,0,8,0,0,0,0,0
1,CVF_AE,scene1_CVF_AE_run016.mat,298.710402277993,1,0,12.8025428932832,18,11.2287966348651,1.41444102504525,24,0,32,0,135.772168186317,1.0655436176707,8,8.16503044614129,22.5624423435505,0,0,8,0,0,0,0,0
1,CVF_AE,scene1_CVF_AE_run017.mat,299.079060642989,1,0,12.9426179871379,18,11.3304301933457,1.34807981938481,24,0,32,0,134.750806943571,1.0575279472422,8,9.43498106481118,25.9329391733035,0,0,8,0,0,0,0,0
1,CVF_AE,scene1_CVF_AE_run018.mat,291.01458473005,1,0,11.2094882784348,18,9.17907317081869,2.20678360741522,24,0,32,0,135.612215014623,1.0642883008889,8,7.16966757143481,21.8183117538518,0.0201005025125628,0.166666666666667,8,0,0,0,0,0
1,CVF_AE,scene1_CVF_AE_run019.mat,299.457805377918,1,0,14.3100584726398,18,12,1.20298309231729,24,0,32,0,135.871174458771,1.06632062155251,8,6.97017755615119,21.5726545680705,0.0251256281407035,0.166666666666667,8,0,0,0,0,0
1,CVF_AE,scene1_CVF_AE_run020.mat,296.627831491294,1,0,14.1928696835324,18,11.9201143237717,1.62369661549587,24,0,32,0,135.390826583506,1.06255083854332,8,7.2761797300202,23.6640830183733,0.0201005025125628,0.166666666666667,8,0,0,0,0,0
1,CVF_AE,scene1_CVF_AE_run021.mat,298.842960295115,1,0,12.9943840142619,18,11.9539055825124,1.18675945839678,24,0,32,0,137.010168941136,1.07525948080075,8,7.43042177810514,23.3522344631104,0.0201005025125628,0,8,0,0,0,0,0
1,CVF_AE,scene1_CVF_AE_run022.mat,301.462517083009,1,0,14.2435438268567,18,12,1.03314623526913,24,0,32,0,135.650685376657,1.06459021732202,8,8.88612214414763,23.4173758448493,0,0,8,0,0,0,0,0
1,CVF_AE,scene1_CVF_AE_run023.mat,299.356297267666,1,0,13.6026518178376,18,12,1.45988106913169,24,0,32,0,136.926195175533,1.07460045243591,8,7.96661297817015,21.8337246402839,0.0050251256281407,0,8,0,0,0,0,0
1,CVF_AE,scene1_CVF_AE_run024.mat,298.635545397219,1,0,10.9686484516935,18,8.97936358609407,2.1461477213799,24,0,32,0,135.799884447613,1.06576113563277,8,6.42391095099856,24.2953889069533,0.0452261306532663,0.333333333333333,8,0,0,0,0,0
1,CVF_AE,scene1_CVF_AE_run025.mat,301.725188411908,1,0,14.2037594260622,18,12,1.13687587789933,24,0,32,0,134.67764940908,1.05695380494925,8,9.0658473304384,24.0150187705496,0,0,8,0,0,0,0,0
1,CVF_AE,scene1_CVF_AE_run026.mat,298.195741084229,1,0,13.3543045611004,18,11.7501706576218,1.65932309117609,24,0,32,0,135.760008417469,1.06544818747862,8,8.18667157061401,21.7404626695241,0,0,8,0,0,0,0,0
1,CVF_AE,scene1_CVF_AE_run027.mat,299.044984043056,1,0,14.9329289347911,18,12,1.35272181957896,24,0,32,0,135.514856291996,1.06352422702233,8,9.15090581170249,24.0486316226495,0,0,8,0,0,0,0,0
1,CVF_AE,scene1_CVF_AE_run028.mat,293.320835727903,1,0,11.9106912250909,18,9.55300039165472,1.8275594146702,24,0,32,0,134.991385633042,1.05941601525008,8,8.86395656619021,24.7128717719598,0,0,8,0,0,0,0,0
1,CVF_AE,scene1_CVF_AE_run029.mat,296.955866618184,1,0,11.3337881707919,18,8.25370829707789,2.63262409171208,24,0,32,0,138.706364410985,1.08857126834428,8,6.90656007134235,21.3663580325043,0.0452261306532663,0.333333333333333,8,0,0,0,0,0
1,CVF_AE,scene1_CVF_AE_run030.mat,297.0323689503,1,0,13.941547211467,18,12,1.32054717144848,24,0,32,0,134.240457452463,1.05352271074715,8,8.79190197986543,23.2452685109894,0,0,8,0,0,0,0,0
2,BASE_AE,scene2_BASE_AE_run001.mat,1630.06589108089,0,8,18.1008261573363,21.6964643170626,12,1.7601738780989,24,0,31,0,142.086155765678,1.11509596155025,8,20.2592669164983,39.7684979173748,0,0,8,0,0,0,0,0
2,BASE_AE,scene2_BASE_AE_run002.mat,1641.53584531513,0,7,23.3038964351161,26.5483463154766,12,3.21478673552125,24,0.55,31,0,193.634259867527,1.51964686518887,8,10.9335047406545,26.7889517002932,0,0.166666666666667,8,1,0,0,0,1
2,BASE_AE,scene2_BASE_AE_run003.mat,1168.94676900809,0,4,18.8053553293786,21.5870227189785,12,1.8082907832414,24,0,31,0,175.439179540877,1.37685138674838,8,10.0977274625015,29.546729377758,0,0,8,0,0,0,0,0
2,BASE_AE,scene2_BASE_AE_run004.mat,1660.47374123665,0,8,19.8559878664394,22.5539225704125,12,2.10781577765576,24,0,31,0,148.182281485584,1.1629385197132,8,23.8818981942885,39.7508310276798,0,0,8,0,0,0,0,0
2,BASE_AE,scene2_BASE_AE_run005.mat,1813.35685841101,0,9,23.1478442441475,26.8362957774883,12,3.52691802622504,24,0.554545454545455,31,0,156.133237578127,1.22533783639173,8,11.5592797818976,37.7814967199447,0,0,8,1,0,0,0,1
2,BASE_AE,scene2_BASE_AE_run006.mat,1748.70615756165,0,9,20.7675293573324,21.6749501520022,12,1.60366658815847,24,0,31,0,137.038284875502,1.07548013540779,8,21.1364174943932,40.053493589562,0,0,8,0,0,0,0,0
2,BASE_AE,scene2_BASE_AE_run007.mat,1143.11364414288,0,5,19.3884422567597,23.1713637743087,12,2.24862867070993,24,0,31,0,155.134092910308,1.21749652223916,8,9.14244196990103,21.718115643863,0,0.166666666666667,8,0,0,0,0,0
2,BASE_AE,scene2_BASE_AE_run008.mat,1388.07380050356,0,6,20.4139248588152,23.0650616274084,12,2.50017193336604,24,0,31,0,156.445832219485,1.22779108752166,8,22.512277420106,39.2413001670378,0,0,8,0,0,0,0,0
2,BASE_AE,scene2_BASE_AE_run009.mat,1503.87105123441,0,7,21.8431450160253,24.7962050673975,12,2.42076990512248,24,0.177272727272727,31,0,150.625130566558,1.18211006482392,8,22.075740952021,39.9199745086235,0,0,8,0,0,0,0,0
2,BASE_AE,scene2_BASE_AE_run010.mat,1128.47542793498,0,3,20.7723374711217,24.927693961169,12,2.40840168938725,24,0.122727272727273,31,0,241.165912538241,1.89267655026481,8,7.41064597090437,19.0832453857348,0.160804020100503,0.5,8,0,0,1,0,1
2,BASE_AE,scene2_BASE_AE_run011.mat,1993.39484854877,0,10,19.6549258501671,21.8070460948553,12,1.92121374782536,24,0,31,0,159.477686695895,1.25158516277435,8,20.8896302247967,38.6714541836239,0,0,8,0,0,0,0,0
2,BASE_AE,scene2_BASE_AE_run012.mat,1593.67615116428,0,8,20.2351132832586,22.6955926097354,12,2.22931152156825,24,0,31,0,143.520263784803,1.12635087975065,8,20.763887686715,39.9252442452315,0,0,8,0,0,0,0,0
2,BASE_AE,scene2_BASE_AE_run013.mat,1570.73787670446,0,7,21.4587814291641,23.2546982761375,12,1.74041466258376,24,0,31,0,151.471432371402,1.18875186408823,8,23.8387642433152,40.6850770938756,0,0,8,0,0,0,0,0
2,BASE_AE,scene2_BASE_AE_run014.mat,1726.74377507561,0,8,20.9224989365605,23.6002443149525,12,2.00809781014803,24,0,31,0,162.051231837415,1.27178241407382,8,31.0289968691623,37.4546063616055,0,0,8,0,0,0,0,0
2,BASE_AE,scene2_BASE_AE_run015.mat,1018.72096443824,0,4,22.1251707395468,24.0599054659217,12,2.14203830493659,24,0.05,31,0,158.443902750737,1.24347199864411,8,6.90959336319456,28.3746444245276,0.0201005025125628,0.166666666666667,8,0,0,0,0,0
2,BASE_AE,scene2_BASE_AE_run016.mat,1899.97052124887,0,9,20.1280355633797,23.6926322310161,12,2.97441566105416,24,0,31,0,156.268839593789,1.22640204464783,8,23.8689511000384,35.1773558511569,0,0,8,0,0,0,0,0
2,BASE_AE,scene2_BASE_AE_run017.mat,2015.37985367481,0,9,18.7841407456671,22.861900929551,12,2.53463949336789,24,0,31,0,200.042597586289,1.56993967149314,8,24.7804697361586,34.9030427504559,0,0,8,0,0,0,0,0
2,BASE_AE,scene2_BASE_AE_run018.mat,940.023689919902,0,3,18.1471762876814,20.6051286135396,12,2.02213253525591,24,0,31,0,166.55893622781,1.3071589990374,8,10.6477785349269,32.8113326633688,0,0,8,0,0,0,0,0
2,BASE_AE,scene2_BASE_AE_run019.mat,1351.47302607207,0,6,16.8777083497394,19.0918279545939,12,1.56599946865773,24,0,31,0,179.94639888218,1.41222416503367,8,7.07275832653627,17.4333248391649,0.0150753768844221,0.166666666666667,8,0,0,0,0,0
2,BASE_AE,scene2_BASE_AE_run020.mat,1181.66570499593,0,4,20.7819330255146,25.7475045440295,12,2.80892786523764,24,0.163636363636364,31,0,199.978100792891,1.56943349892859,8,5.42985753865096,28.8679453392808,0.0351758793969849,0.166666666666667,8,0,0,0,0,0
2,BASE_AE,scene2_BASE_AE_run021.mat,1581.74652884254,0,7,18.9444602695827,22.1849385977772,12,2.2071675720372,24,0,31,0,148.938797217844,1.16887567547159,8,24.6400629254314,39.1469660843714,0,0,8,0,0,0,0,0
2,BASE_AE,scene2_BASE_AE_run022.mat,1986.03363271302,0,9,19.1241877885556,22.8880976998614,12,2.12109372463066,24,0,31,0,160.895989798741,1.26271604356787,8,30.5884567367378,42.2691173026874,0,0,8,0,0,0,0,0
2,BASE_AE,scene2_BASE_AE_run023.mat,1447.61129319305,0,6,20.5254138115639,22.086257685665,12,1.58188051780033,24,0,31,0,170.079563987238,1.33478898012531,8,18.7379921878098,38.3065201848473,0,0,8,0,0,0,0,0
2,BASE_AE,scene2_BASE_AE_run024.mat,1753.32528205679,0,7,19.1356694525541,21.1726561362308,12,1.70136440169723,24,0,31,0,177.013311751219,1.38920521855725,8,29.2466965872713,39.3170454465965,0,0,8,0,0,0,0,0
2,BASE_AE,scene2_BASE_AE_run025.mat,2060.76389440252,0,9,19.8323367768394,22.2733993309711,12,2.0787698524367,24,0,31,0,183.812045188829,1.44256186093442,8,28.8010375104372,38.9458415585021,0,0,8,0,0,0,0,0
2,BASE_AE,scene2_BASE_AE_run026.mat,1869.15867389698,0,9,20.1622220691142,21.6302839259717,12,1.77237225944892,24,0,31,0,148.545592856588,1.16578979709775,8,29.5412212201806,40.3541312060052,0,0,8,0,0,0,0,0
2,BASE_AE,scene2_BASE_AE_run027.mat,2436.98113110107,0,12,19.4621643719185,20.6131682669513,12,1.38559719712898,24,0,31,0,170.480658299907,1.33793677904948,8,23.7998936178556,36.0379453405245,0,0,8,0,0,0,0,0
2,BASE_AE,scene2_BASE_AE_run028.mat,1641.30702041104,0,7,21.934837526858,24.3343870950218,12,2.41634407370504,24,0.131818181818182,31,0,169.604701898843,1.33106224971861,8,26.1226128482068,36.605622888263,0,0,8,0,0,0,0,0
2,BASE_AE,scene2_BASE_AE_run029.mat,1599.88413633028,0,8,19.6319064211408,21.8397772495257,12,1.64821550830615,24,0,31,0,144.821202934066,1.13656068508847,8,19.5809750513802,40.2896839260409,0,0,8,0,0,0,0,0
2,BASE_AE,scene2_BASE_AE_run030.mat,1429.26955466168,0,6,20.0143456953368,22.1282932989248,12,1.71521646642049,24,0,31,0,168.59109835713,1.32310746193591,8,16.6994993441473,36.5048810197582,0,0,8,0,0,0,0,0
2,CVF_AE_W_O_CVF,scene2_CVF_AE_W_O_CVF_run001.mat,298.459303572567,1,0,17.4485987274482,18.6005269111862,12,1.20876410313637,24,0,31,0,147.509296062357,1.15765691206058,8,4.40925434954133,20.568536073083,0.0904522613065327,0.333333333333333,8,0,0,0,0,0
2,CVF_AE_W_O_CVF,scene2_CVF_AE_W_O_CVF_run002.mat,305.968239488601,1,0,15.4956513251357,18,12,1.14111679336964,24,0,31,0,146.611379303992,1.15061003725659,8,3.54579054353144,20.8089646062788,0.0904522613065327,0.166666666666667,8,0,0,0,0,0
2,CVF_AE_W_O_CVF,scene2_CVF_AE_W_O_CVF_run003.mat,297.695303754473,1,0,15.9788914174159,18,12,1.21939805622509,24,0,31,0,148.272826933996,1.16364912282099,8,4.57708522263724,21.3079652464932,0.0703517587939698,0.166666666666667,8,0,0,0,0,0
2,CVF_AE_W_O_CVF,scene2_CVF_AE_W_O_CVF_run004.mat,304.814878182896,1,0,16.4833751919685,18.0060033976851,12,1.16212785720359,24,0,31,0,146.829421022284,1.15232123451016,8,4.63989349331273,21.1108021551483,0.0653266331658292,0.166666666666667,8,0,0,0,0,0
2,CVF_AE_W_O_CVF,scene2_CVF_AE_W_O_CVF_run005.mat,300.965763923143,1,0,14.523517379524,18,12,1.53757660593445,24,0,31,0,146.774013130682,1.15188639189069,8,7.05519727689131,21.4389950546749,0.0251256281407035,0.166666666666667,8,0,0,0,0,0
2,CVF_AE_W_O_CVF,scene2_CVF_AE_W_O_CVF_run006.mat,299.554784923481,1,0,16.3286952265344,18,12,1.29162255338581,24,0,31,0,147.769713838365,1.15970067775174,8,3.56587298559111,19.1340556524313,0.150753768844221,0.333333333333333,8,0,0,0,0,0
2,CVF_AE_W_O_CVF,scene2_CVF_AE_W_O_CVF_run007.mat,300.361345315873,1,0,15.8690198083733,18.2655650369232,12,1.33347943847267,24,0,31,0,148.141196668933,1.16261608497012,8,5.1147269034861,21.9696650978121,0.0954773869346734,0.333333333333333,8,0,0,0,0,0
2,CVF_AE_W_O_CVF,scene2_CVF_AE_W_O_CVF_run008.mat,299.732321956978,1,0,16.4931291318892,18.1063554484428,12,1.48128422636452,24,0,31,0,147.321441934625,1.15618262782743,8,4.45665054016143,21.3495783443228,0.085427135678392,0.166666666666667,8,0,0,0,0,0
2,CVF_AE_W_O_CVF,scene2_CVF_AE_W_O_CVF_run009.mat,305.161802247328,1,0,15.3263770232245,18,12,0.894083418961416,24,0,31,0,149.784582104911,1.17551341795133,8,6.65851254324366,15.0220620169394,0.0402010050251256,0.166666666666667,8,0,0,0,0,0
2,CVF_AE_W_O_CVF,scene2_CVF_AE_W_O_CVF_run010.mat,299.27636817666,1,0,15.4247161834448,18.0082509718158,12,1.242573489408,24,0,31,0,150.498833180809,1.18111887955295,8,6.26660399945709,15.7384793127525,0.0653266331658292,0.166666666666667,8,0,0,0,0,0
2,CVF_AE_W_O_CVF,scene2_CVF_AE_W_O_CVF_run011.mat,303.505355863227,1,0,17.1903237333755,18.3839217573059,12,1.35859176792312,24,0,31,0,146.76086122955,1.15178317541784,8,6.37983630900901,20.4793737859128,0.050251256281407,0.333333333333333,8,0,0,0,0,0
2,CVF_AE_W_O_CVF,scene2_CVF_AE_W_O_CVF_run012.mat,302.183415442697,1,0,16.1026847913077,18,12,1.03176504459462,24,0,31,0,148.235371128704,1.1633551686564,8,4.13696721869137,19.6066905526022,0.160804020100503,0.333333333333333,8,0,0,0,0,0
2,CVF_AE_W_O_CVF,scene2_CVF_AE_W_O_CVF_run013.mat,301.11082536639,1,0,16.1339319784242,18,12,1.57850873017256,24,0,31,0,149.89229138801,1.17635872329412,8,6.24894033497891,16.2816163272564,0.0703517587939698,0.333333333333333,8,0,0,0,0,0
2,CVF_AE_W_O_CVF,scene2_CVF_AE_W_O_CVF_run014.mat,303.398205085757,1,0,16.4559924450551,18.7201134303165,12,1.68411528453914,24,0,31,0,149.559269231254,1.17374515647542,8,5.87140576955196,14.4961441014224,0.130653266331658,0.333333333333333,8,0,0,0,0,0
2,CVF_AE_W_O_CVF,scene2_CVF_AE_W_O_CVF_run015.mat,300.151147437173,1,0,14.9860051702698,18.0783717044517,11.9028976565427,1.68509663436263,24,0,31,0,151.383358299562,1.18806065641007,8,5.54608292185951,15.4256091409005,0.0653266331658292,0.166666666666667,8,0,0,0,0,0
2,CVF_AE_W_O_CVF,scene2_CVF_AE_W_O_CVF_run016.mat,303.061801956518,1,0,15.0997789306484,18,12,0.99302082914698,24,0,31,0,147.535853913533,1.15786533878896,8,3.52612233824493,21.4129705871486,0.0904522613065327,0.333333333333333,8,0,0,0,0,0
2,CVF_AE_W_O_CVF,scene2_CVF_AE_W_O_CVF_run017.mat,299.863024469935,1,0,17.2045076595754,19.1660484752065,12,1.53332973158166,24,0,31,0,147.288555065713,1.1559245307981,8,5.03464512012999,19.3382808034988,0.0804020100502513,0.333333333333333,8,0,0,0,0,0
2,CVF_AE_W_O_CVF,scene2_CVF_AE_W_O_CVF_run018.mat,305.874569461901,1,0,15.3767043230275,18,12,1.422050926946,24,0,31,0,147.773994813219,1.15973427495722,8,5.71653289805025,21.0343633572082,0.110552763819095,0.333333333333333,8,0,0,0,0,0
2,CVF_AE_W_O_CVF,scene2_CVF_AE_W_O_CVF_run019.mat,299.406537506196,1,0,15.7599328919849,18,12,1.05827930255526,24,0,31,0,148.80311004956,1.16781079893544,8,5.72194070966615,23.4203161833059,0.0703517587939698,0.333333333333333,8,0,0,0,0,0
2,CVF_AE_W_O_CVF,scene2_CVF_AE_W_O_CVF_run020.mat,303.047069831456,1,0,14.8556406801803,18,12,1.3012361494044,24,0,31,0,147.469167846791,1.15734198474848,8,4.74767173232718,22.4409069068084,0.120603015075377,0.333333333333333,8,0,0,0,0,0
2,CVF_AE_W_O_CVF,scene2_CVF_AE_W_O_CVF_run021.mat,302.124212771995,1,0,17.0404675416465,18.3824776405438,12,1.10978585482574,24,0,31,0,145.361819927018,1.14080346174983,8,6.68185158832463,20.2096458863332,0.0301507537688442,0.333333333333333,8,0,0,0,0,0
2,CVF_AE_W_O_CVF,scene2_CVF_AE_W_O_CVF_run022.mat,302.773405129183,1,0,15.6149720440837,18,11.7129938348705,1.49783021998798,24,0,31,0,146.914040429547,1.15298532988806,8,4.28508601093893,21.6440892579903,0.110552763819095,0.166666666666667,8,0,0,0,0,0
2,CVF_AE_W_O_CVF,scene2_CVF_AE_W_O_CVF_run023.mat,301.4318287366,1,0,16.3773434210043,18,12,1.26594159921942,24,0,31,0,149.83992158927,1.17594772370892,8,5.725760308031,17.1517637294681,0.0552763819095477,0.333333333333333,8,0,0,0,0,0
2,CVF_AE_W_O_CVF,scene2_CVF_AE_W_O_CVF_run024.mat,301.324969738968,1,0,15.6953487516587,18,12,1.35297712870682,24,0,31,0,150.48592107996,1.18101754503916,8,3.97993490447823,13.0851331575103,0.231155778894472,0.333333333333333,8,0,0,0,0,0
2,CVF_AE_W_O_CVF,scene2_CVF_AE_W_O_CVF_run025.mat,302.807239206985,1,0,15.9489768719914,18.2401864904869,12,1.10998334274266,24,0,31,0,149.706084749792,1.17489736860287,8,3.98216227130678,20.3153527857153,0.180904522613065,0.5,8,0,0,0,0,0
2,CVF_AE_W_O_CVF,scene2_CVF_AE_W_O_CVF_run026.mat,299.071685710741,1,0,17.3335941792644,18.7550605197505,12,1.60119635865882,24,0,31,0,148.491590202622,1.16536598282093,8,4.28148255993621,18.6379310274918,0.14070351758794,0.166666666666667,8,0,0,0,0,0
2,CVF_AE_W_O_CVF,scene2_CVF_AE_W_O_CVF_run027.mat,301.972193532064,1,0,16.1096632352405,18.1807211897222,12,1.72153373922284,24,0,31,0,148.301112464069,1.16387110841969,8,3.89624699844686,20.273317099396,0.100502512562814,0.333333333333333,8,0,0,0,0,0
2,CVF_AE_W_O_CVF,scene2_CVF_AE_W_O_CVF_run028.mat,298.667777419572,1,0,16.7144590729275,18.7006655035531,12,1.53855560651183,24,0,31,0,145.758581449273,1.14391725681861,8,8.57209873686003,22.5979070029047,0,0,8,0,0,0,0,0
2,CVF_AE_W_O_CVF,scene2_CVF_AE_W_O_CVF_run029.mat,301.31053523585,1,0,16.5248632397695,18,12,1.50346234250015,24,0,31,0,147.64954970275,1.15875762639234,8,4.38661282507269,20.9583874357547,0.0904522613065327,0.333333333333333,8,0,0,0,0,0
2,CVF_AE_W_O_CVF,scene2_CVF_AE_W_O_CVF_run030.mat,297.914973514565,1,0,15.2528694221627,18,11.8081281422234,1.39483157402678,24,0,31,0,146.909954608199,1.15295326425254,8,5.30694355889941,19.8978156779024,0.105527638190955,0.333333333333333,8,0,0,0,0,0
2,CVF_AE_W_O_INIT,scene2_CVF_AE_W_O_INIT_run001.mat,286.288996213466,1,0,29.3995744603233,31.8702076443745,12,3.72712500089432,24,0.9,31,0.381818181818182,144.987818148184,1.1378682857579,8,9.95174862631795,24.6932380246428,0,0,8,1,0,0,0,1
2,CVF_AE_W_O_INIT,scene2_CVF_AE_W_O_INIT_run002.mat,303.195971086942,1,0,19.2403998970874,20.7085291074964,12,1.77139026798347,24,0,31,0,147.897951443186,1.16070708991402,8,4.7974083976393,21.8875270373782,0.0804020100502513,0.166666666666667,8,0,0,0,0,0
2,CVF_AE_W_O_INIT,scene2_CVF_AE_W_O_INIT_run003.mat,331.510683305137,1,0,28.7000133770755,30.4559416819961,12,3.32354235486182,24,0.909090909090909,31,0,154.01262773796,1.20869523348611,8,9.65363593304741,26.9595237071974,0,0,8,1,0,0,0,1
2,CVF_AE_W_O_INIT,scene2_CVF_AE_W_O_INIT_run004.mat,305.205329435988,1,0,18.363103941142,19.6315799517098,12,1.20882260236465,24,0,31,0,149.779855153395,1.17547632070904,8,6.49261524972741,20.622728292049,0.0603015075376884,0.166666666666667,8,0,0,0,0,0
2,CVF_AE_W_O_INIT,scene2_CVF_AE_W_O_INIT_run005.mat,297.305109904273,1,0,18.544310323906,20.0596807643649,12,1.95836576884096,24,0,31,0,147.921655801581,1.16089312235452,8,8.39342188703609,22.4625634292765,0,0.166666666666667,8,0,0,0,0,0
2,CVF_AE_W_O_INIT,scene2_CVF_AE_W_O_INIT_run006.mat,286.040001978375,1,0,27.7005152233736,30.0004220725557,12,3.36241446723986,24,0.881818181818182,31,0,141.166595115025,1.10787922489903,8,8.27469207579355,25.2376820198796,0,0.166666666666667,8,1,0,0,0,1
2,CVF_AE_W_O_INIT,scene2_CVF_AE_W_O_INIT_run007.mat,300.430053855298,1,0,18.1730156023115,19.9494511278438,12,1.48666393672492,24,0,31,0,149.46715407877,1.17302223428797,8,5.7468439713503,25.2275529947649,0.0402010050251256,0.166666666666667,8,0,0,0,0,0
2,CVF_AE_W_O_INIT,scene2_CVF_AE_W_O_INIT_run008.mat,304.202488422987,1,0,17.354888319581,19.3951957725125,12,1.86896901257082,24,0,31,0,147.803456657916,1.15996549230464,8,4.2529949334094,22.4797792535139,0.0552763819095477,0.166666666666667,8,0,0,0,0,0
2,CVF_AE_W_O_INIT,scene2_CVF_AE_W_O_INIT_run009.mat,299.133905210257,1,0,16.5200064904856,18.5374819014502,12,1.51325986152861,24,0,31,0,146.20954905588,1.14745646269133,8,6.6197670693533,23.3523478204934,0.0301507537688442,0.333333333333333,8,0,0,0,0,0
2,CVF_AE_W_O_INIT,scene2_CVF_AE_W_O_INIT_run010.mat,308.358806188038,1,0,17.646514631006,20.9729289850108,12,2.39214436046023,24,0,31,0,151.165160809058,1.186348236652,8,5.67108560684792,21.7763083975039,0.0653266331658292,0.166666666666667,8,0,0,0,0,0
2,CVF_AE_W_O_INIT,scene2_CVF_AE_W_O_INIT_run011.mat,294.381505933966,1,0,16.8013460006061,18.2806293479691,12,1.55857134698042,24,0,31,0,146.846029692317,1.15245157979807,8,6.05562193579138,23.0479569024078,0.0452261306532663,0.166666666666667,8,0,0,0,0,0
2,CVF_AE_W_O_INIT,scene2_CVF_AE_W_O_INIT_run012.mat,325.317886262853,1,0,16.3123385379251,18.1588823971569,12,1.33602251900524,24,0,31,0,150.250876411287,1.17917290817493,8,6.7562542863898,18.985993496823,0.0351758793969849,0.333333333333333,8,0,0,0,0,0
2,CVF_AE_W_O_INIT,scene2_CVF_AE_W_O_INIT_run013.mat,286.712192728599,1,0,27.6746110230787,30.6468779865949,12,4.09735680516147,24,0.822727272727273,31,0,144.34218007821,1.13280130086713,8,8.11305792146666,22.3213400114897,0,0,8,1,0,0,0,1
2,CVF_AE_W_O_INIT,scene2_CVF_AE_W_O_INIT_run014.mat,298.28735075015,1,0,17.3894412723413,18.9741538074384,12,1.26430824044,24,0,31,0,146.079872134246,1.14643875473209,8,7.34319836034862,24.3556368936729,0.0100502512562814,0.166666666666667,8,0,0,0,0,0
2,CVF_AE_W_O_INIT,scene2_CVF_AE_W_O_INIT_run015.mat,298.54574611453,1,0,16.637605147098,18,12,1.05728290546576,24,0,31,0,147.146245338392,1.15480768024099,8,4.69269095780375,26.4296431434906,0.0452261306532663,0.166666666666667,8,0,0,0,0,0
2,CVF_AE_W_O_INIT,scene2_CVF_AE_W_O_INIT_run016.mat,302.60702382546,1,0,15.7698830939035,18,12,0.990750493481224,24,0,31,0,148.991654876136,1.16929050379164,8,5.9174100657013,21.506772312022,0.0703517587939698,0.166666666666667,8,0,0,0,0,0
2,CVF_AE_W_O_INIT,scene2_CVF_AE_W_O_INIT_run017.mat,301.587238863219,1,0,17.8468586862366,20.6413568938435,12,2.14138026562416,24,0,31,0,147.745424573876,1.15951005495253,8,5.30476392607736,25.2428017782749,0.0351758793969849,0.166666666666667,8,0,0,0,0,0
2,CVF_AE_W_O_INIT,scene2_CVF_AE_W_O_INIT_run018.mat,304.476856461031,1,0,17.1645873790938,18.3398049600194,12,1.31286444340647,24,0,31,0,146.985072587737,1.1535427921708,8,7.1675024843004,21.5707850007555,0.0201005025125628,0.333333333333333,8,0,0,0,0,0
2,CVF_AE_W_O_INIT,scene2_CVF_AE_W_O_INIT_run019.mat,290.965729356083,1,0,17.9428896486061,18.7908254144647,12,1.32201155262277,24,0,31,0,147.505062182565,1.15762368445841,8,6.48894178690946,25.0266407575508,0.0201005025125628,0.166666666666667,8,0,0,0,0,0
2,CVF_AE_W_O_INIT,scene2_CVF_AE_W_O_INIT_run020.mat,306.158668449165,1,0,19.7012267134086,24.235881284608,12,2.63735798191272,24,0.0590909090909091,31,0,148.608026245753,1.16627977601053,8,6.1946179709636,21.737599243313,0.0603015075376884,0.333333333333333,8,0,0,0,0,0
2,CVF_AE_W_O_INIT,scene2_CVF_AE_W_O_INIT_run021.mat,302.076887666984,1,0,16.0820556028643,18,12,1.15342469851999,24,0,31,0,147.956465718785,1.16116631151842,8,8.14468923152802,23.3764660638154,0,0,8,0,0,0,0,0
2,CVF_AE_W_O_INIT,scene2_CVF_AE_W_O_INIT_run022.mat,568.003731158632,0,1,22.661076024812,30.7751190871592,12,4.07577619951253,24,0.327272727272727,31,0,161.120152276621,1.26447527670687,8,7.40053669509191,30.8623021188376,0.0100502512562814,0.166666666666667,8,0,0,0,0,0
2,CVF_AE_W_O_INIT,scene2_CVF_AE_W_O_INIT_run023.mat,371.74947041738,1,0,20.3012559426876,27.8236703663019,12,3.65272208542229,24,0.181818181818182,31,0,153.73180957614,1.20649136501992,8,10.1107277064773,22.2492096777816,0,0.166666666666667,8,0,0,0,0,0
2,CVF_AE_W_O_INIT,scene2_CVF_AE_W_O_INIT_run024.mat,291.755242475731,1,0,18.0685017546762,20.0005559724975,12,1.81124716274825,24,0,31,0,147.48533222995,1.15746884326108,8,7.02337241852383,24.664954243768,0.0452261306532663,0.166666666666667,8,0,0,0,0,0
2,CVF_AE_W_O_INIT,scene2_CVF_AE_W_O_INIT_run025.mat,303.768402268964,1,0,16.7441948256599,18,12,0.825944379986997,24,0,31,0,147.146165238091,1.15480705161168,8,6.10867573392798,22.5876024701875,0.0402010050251256,0.166666666666667,8,0,0,0,0,0
2,CVF_AE_W_O_INIT,scene2_CVF_AE_W_O_INIT_run026.mat,313.705781127104,1,0,16.2580856846919,18.9509849394986,12,1.46830717121009,24,0,31,0,154.191851430332,1.21010178583107,8,5.31598426007395,21.9880410077327,0.0452261306532663,0.333333333333333,8,0,0,0,0,0
2,CVF_AE_W_O_INIT,scene2_CVF_AE_W_O_INIT_run027.mat,302.296678233354,1,0,18.2974498900181,19.2113775037081,12,1.1942411371023,24,0,31,0,147.103058340271,1.15446874752135,8,7.48547138569526,22.3707907490592,0.0150753768844221,0.166666666666667,8,0,0,0,0,0
2,CVF_AE_W_O_INIT,scene2_CVF_AE_W_O_INIT_run028.mat,299.288139211305,1,0,16.4896634192919,18,12,1.03820824659562,24,0,31,0,148.919401458926,1.16872345703536,8,4.72931597532887,22.2228873459455,0.115577889447236,0.333333333333333,8,0,0,0,0,0
2,CVF_AE_W_O_INIT,scene2_CVF_AE_W_O_INIT_run029.mat,291.334771920245,1,0,26.5761005542974,29.3921067696962,12,3.58428312783457,24,0.804545454545455,31,0,146.522033338974,1.14990884772665,8,5.60928326374491,23.1443494227377,0.0452261306532663,0.166666666666667,8,1,0,0,0,1
2,CVF_AE_W_O_INIT,scene2_CVF_AE_W_O_INIT_run030.mat,358.082059900533,1,0,19.5390451504141,21.8744281159869,12,2.44565253887072,24,0,31,0,150.685617948686,1.18258477142128,8,4.25779196226793,22.4823530312915,0.0552763819095477,0.333333333333333,8,0,0,0,0,0
2,CVF_AE_W_O_SPARSEPRESERVATION,scene2_CVF_AE_W_O_SPARSEPRESERVATION_run001.mat,298.150681410623,1,0,15.8323254414429,18.6289757047133,12,1.84364002230466,24,0,31,0,147.199251688202,1.15522367549606,8,5.18766831029436,20.9345977023624,0.14070351758794,0.5,8,0,0,0,0,0
2,CVF_AE_W_O_SPARSEPRESERVATION,scene2_CVF_AE_W_O_SPARSEPRESERVATION_run002.mat,304.689193129083,1,0,15.8705505324722,18,12,1.00405780464313,24,0,31,0,146.160443351281,1.1470710798045,8,6.69287481064701,20.0994218144908,0.0703517587939698,0.333333333333333,8,0,0,0,0,0
2,CVF_AE_W_O_SPARSEPRESERVATION,scene2_CVF_AE_W_O_SPARSEPRESERVATION_run003.mat,305.466760187341,1,0,15.1311668363363,18,11.9857634663309,1.32168717841396,24,0,31,0,146.942359429679,1.15320757816069,8,5.6217245230342,21.1825627916675,0.0653266331658292,0.333333333333333,8,0,0,0,0,0
2,CVF_AE_W_O_SPARSEPRESERVATION,scene2_CVF_AE_W_O_SPARSEPRESERVATION_run004.mat,301.619566447116,1,0,16.3272641924051,18.3852501289873,12,1.27441556524124,24,0,31,0,146.940137135237,1.1531901375343,8,6.10624787120588,21.3148541088127,0.085427135678392,0.333333333333333,8,0,0,0,0,0
2,CVF_AE_W_O_SPARSEPRESERVATION,scene2_CVF_AE_W_O_SPARSEPRESERVATION_run005.mat,305.602599827904,1,0,15.806132406744,18,11.9992065388919,1.39403113046838,24,0,31,0,146.021224832429,1.14597848913436,8,5.96223979600589,20.0502380561634,0.0703517587939698,0.166666666666667,8,0,0,0,0,0
2,CVF_AE_W_O_SPARSEPRESERVATION,scene2_CVF_AE_W_O_SPARSEPRESERVATION_run006.mat,299.322785566945,1,0,15.4108293340722,18,12,1.12355782338685,24,0,31,0,145.834168412802,1.14451046533582,8,8.00956448350633,22.1557140899315,0,0,8,0,0,0,0,0
2,CVF_AE_W_O_SPARSEPRESERVATION,scene2_CVF_AE_W_O_SPARSEPRESERVATION_run007.mat,302.356179487925,1,0,15.0571538063847,18.1481012508488,11.9767779632171,1.65946328976981,24,0,31,0,147.437428499953,1.15709289350317,8,4.8846908059551,20.0031721033977,0.120603015075377,0.333333333333333,8,0,0,0,0,0
2,CVF_AE_W_O_SPARSEPRESERVATION,scene2_CVF_AE_W_O_SPARSEPRESERVATION_run008.mat,300.726359328803,1,0,15.9861418281883,18.020672733736,12,1.5459307422676,24,0,31,0,145.622739207546,1.14285116326192,8,6.83305798884035,21.0906003720641,0.0603015075376884,0.166666666666667,8,0,0,0,0,0
2,CVF_AE_W_O_SPARSEPRESERVATION,scene2_CVF_AE_W_O_SPARSEPRESERVATION_run009.mat,298.745477687135,1,0,14.9989664801725,18.1892450996329,11.5277685680899,1.85687746254754,24,0,31,0,147.935538611149,1.16100207501637,8,4.55351768397405,20.1536380881825,0.0753768844221105,0.333333333333333,8,0,0,0,0,0
2,CVF_AE_W_O_SPARSEPRESERVATION,scene2_CVF_AE_W_O_SPARSEPRESERVATION_run010.mat,300.953251043177,1,0,17.347122524781,19.263503195476,12,1.8082788007156,24,0,31,0,147.058232890899,1.15411695619235,8,3.57486004319256,20.984467895388,0.165829145728643,0.333333333333333,8,0,0,0,0,0
2,CVF_AE_W_O_SPARSEPRESERVATION,scene2_CVF_AE_W_O_SPARSEPRESERVATION_run011.mat,300.359177657818,1,0,16.3944045036145,18,12,0.835596034733203,24,0,31,0,147.845512458289,1.16029554735401,8,6.69543989017016,21.4651813140291,0.0653266331658292,0.333333333333333,8,0,0,0,0,0
2,CVF_AE_W_O_SPARSEPRESERVATION,scene2_CVF_AE_W_O_SPARSEPRESERVATION_run012.mat,304.13134163896,1,0,14.6003651734717,18.2745127149069,12,1.60132428419572,24,0,31,0,151.888055619022,1.19202153451042,8,2.95377693946705,13.879868599264,0.165829145728643,0.166666666666667,8,0,0,0,0,0
2,CVF_AE_W_O_SPARSEPRESERVATION,scene2_CVF_AE_W_O_SPARSEPRESERVATION_run013.mat,299.753759464244,1,0,15.5520286386004,18,12,0.794889223907684,24,0,31,0,152.711322449336,1.19848255467677,8,4.59503559687857,12.4322218610246,0.326633165829146,0.5,8,0,0,0,0,0
2,CVF_AE_W_O_SPARSEPRESERVATION,scene2_CVF_AE_W_O_SPARSEPRESERVATION_run014.mat,304.147793071114,1,0,16.5421416755424,18.0038955342903,12,1.47331622117539,24,0,31,0,148.482383197265,1.16529372599593,8,5.73773753750311,20.9086554657357,0.150753768844221,0.333333333333333,8,0,0,0,0,0
2,CVF_AE_W_O_SPARSEPRESERVATION,scene2_CVF_AE_W_O_SPARSEPRESERVATION_run015.mat,298.604699557199,1,0,16.4463327268046,18.5421458424226,11.9888510753112,1.96109889975133,24,0,31,0,147.6937906561,1.15910483058088,8,4.89836393882057,20.812184276793,0.120603015075377,0.333333333333333,8,0,0,0,0,0
2,CVF_AE_W_O_SPARSEPRESERVATION,scene2_CVF_AE_W_O_SPARSEPRESERVATION_run016.mat,307.17058587911,1,0,15.1339134421545,18,11.9649773994042,1.15528183507889,24,0,31,0,150.178096048489,1.17860172593554,8,3.62947140697236,12.4246953655083,0.306532663316583,0.5,8,0,0,0,0,0
2,CVF_AE_W_O_SPARSEPRESERVATION,scene2_CVF_AE_W_O_SPARSEPRESERVATION_run017.mat,302.120024378744,1,0,16.6935707132061,18.7026733284687,12,1.57591374644121,24,0,31,0,146.613911409866,1.15062990929141,8,5.75261564037633,19.932505152807,0.105527638190955,0.333333333333333,8,0,0,0,0,0
2,CVF_AE_W_O_SPARSEPRESERVATION,scene2_CVF_AE_W_O_SPARSEPRESERVATION_run018.mat,306.336616770864,1,0,14.6366812579735,18.0891533677798,12,1.48531597452604,24,0,31,0,146.578780314957,1.15035419951626,8,7.15339506621177,21.387853547489,0.0301507537688442,0.166666666666667,8,0,0,0,0,0
2,CVF_AE_W_O_SPARSEPRESERVATION,scene2_CVF_AE_W_O_SPARSEPRESERVATION_run019.mat,303.327311260203,1,0,16.4469172380356,18,12,1.59223142443702,24,0,31,0,146.306150280127,1.1482145916903,8,5.79250793445055,19.7362066407228,0.0954773869346734,0.166666666666667,8,0,0,0,0,0
2,CVF_AE_W_O_SPARSEPRESERVATION,scene2_CVF_AE_W_O_SPARSEPRESERVATION_run020.mat,295.403363615571,1,0,16.4284141397124,18,12,0.885757578638537,24,0,31,0,146.438643659143,1.14925440328262,8,7.18046411062335,22.5382925687628,0.0301507537688442,0.166666666666667,8,0,0,0,0,0
2,CVF_AE_W_O_SPARSEPRESERVATION,scene2_CVF_AE_W_O_SPARSEPRESERVATION_run021.mat,300.174661666884,1,0,17.1189610587323,19.358693766845,12,1.50294459812238,24,0,31,0,146.230321591078,1.14761948610474,8,6.44195505226101,22.6553136648885,0.0452261306532663,0.166666666666667,8,0,0,0,0,0
2,CVF_AE_W_O_SPARSEPRESERVATION,scene2_CVF_AE_W_O_SPARSEPRESERVATION_run022.mat,294.399633181351,1,0,16.2761017144367,18.3978528727644,12,1.62478466859607,24,0,31,0,146.621328821518,1.150688121337,8,4.75150488569625,20.3378843153982,0.105527638190955,0.166666666666667,8,0,0,0,0,0
2,CVF_AE_W_O_SPARSEPRESERVATION,scene2_CVF_AE_W_O_SPARSEPRESERVATION_run023.mat,301.582976952988,1,0,16.4883110125603,18.0490502027689,12,1.2553590516826,24,0,31,0,149.337036683462,1.17200106947952,8,6.55170649443606,20.0035915966823,0.0402010050251256,0.333333333333333,8,0,0,0,0,0
2,CVF_AE_W_O_SPARSEPRESERVATION,scene2_CVF_AE_W_O_SPARSEPRESERVATION_run024.mat,298.981010025308,1,0,16.0547492277807,18,12,1.22001309907418,24,0,31,0,147.092391119337,1.15438503088535,8,7.06415698998796,20.1112468776395,0.050251256281407,0.166666666666667,8,0,0,0,0,0
2,CVF_AE_W_O_SPARSEPRESERVATION,scene2_CVF_AE_W_O_SPARSEPRESERVATION_run025.mat,301.99968621783,1,0,16.3440725101164,19.273093187114,11.9411120696509,2.03215336385214,24,0,31,0,146.506904208474,1.14979011390469,8,5.06873260350228,21.0460629815719,0.0703517587939698,0.333333333333333,8,0,0,0,0,0
2,CVF_AE_W_O_SPARSEPRESERVATION,scene2_CVF_AE_W_O_SPARSEPRESERVATION_run026.mat,306.420496068537,1,0,16.2278241891291,18,12,1.49789366335056,24,0,31,0,147.41143315295,1.15688888132263,8,5.50710326367607,20.205687102545,0.115577889447236,0.333333333333333,8,0,0,0,0,0
2,CVF_AE_W_O_SPARSEPRESERVATION,scene2_CVF_AE_W_O_SPARSEPRESERVATION_run027.mat,298.754178689848,1,0,15.3212297146161,18,12,1.31558311384061,24,0,31,0,152.052117371564,1.19330909554491,8,4.92797232696601,12.7024618643708,0.236180904522613,0.333333333333333,8,0,0,0,0,0
2,CVF_AE_W_O_SPARSEPRESERVATION,scene2_CVF_AE_W_O_SPARSEPRESERVATION_run028.mat,309.805397114825,1,0,16.0893768664314,18,12,1.12538808700461,24,0,31,0,147.88730993889,1.16062357510288,8,5.13250511195923,18.7115164988557,0.150753768844221,0.5,8,0,0,0,0,0
2,CVF_AE_W_O_SPARSEPRESERVATION,scene2_CVF_AE_W_O_SPARSEPRESERVATION_run029.mat,297.737766463999,1,0,16.4050913232012,18,12,1.14778558921741,24,0,31,0,147.412305700456,1.15689572909886,8,5.89118884435814,20.2171346368902,0.125628140703518,0.333333333333333,8,0,0,0,0,0
2,CVF_AE_W_O_SPARSEPRESERVATION,scene2_CVF_AE_W_O_SPARSEPRESERVATION_run030.mat,302.914811359616,1,0,16.3579176484279,18,12,1.25276271674579,24,0,31,0,148.11530628565,1.16241289654767,8,6.87261580667661,20.3976346138875,0.130653266331658,0.333333333333333,8,0,0,0,0,0
2,CVF_AE_W_O_STATEADAPTIVECVF,scene2_CVF_AE_W_O_STATEADAPTIVECVF_run001.mat,307.149045609518,1,0,15.9742575858979,18,11.9993064826228,1.44765497971933,24,0,31,0,147.111902210057,1.15453815444865,8,5.5936728052111,19.5313934541025,0.165829145728643,0.5,8,0,0,0,0,0
2,CVF_AE_W_O_STATEADAPTIVECVF,scene2_CVF_AE_W_O_STATEADAPTIVECVF_run002.mat,298.170263682357,1,0,15.748296775338,18,12,1.72968668362967,24,0,31,0,147.548538007287,1.15796488389696,8,3.75210828018632,21.4896049447747,0.0904522613065327,0.166666666666667,8,0,0,0,0,0
2,CVF_AE_W_O_STATEADAPTIVECVF,scene2_CVF_AE_W_O_STATEADAPTIVECVF_run003.mat,302.109399357387,1,0,16.8841940357883,18.7374693959466,12,1.94203504540719,24,0,31,0,147.491373169957,1.15751625272029,8,4.95431408059542,21.0185902964993,0.0904522613065327,0.166666666666667,8,0,0,0,0,0
2,CVF_AE_W_O_STATEADAPTIVECVF,scene2_CVF_AE_W_O_STATEADAPTIVECVF_run004.mat,300.129147553411,1,0,14.4365649064196,18.1018949191409,11.2100929407788,2.06736743615207,24,0,31,0,150.635175435402,1.18218889722403,8,4.15568084593185,13.7484115662809,0.246231155778894,0.5,8,0,0,0,0,0
2,CVF_AE_W_O_STATEADAPTIVECVF,scene2_CVF_AE_W_O_STATEADAPTIVECVF_run005.mat,304.693820699673,1,0,17.5335559565828,19.7743228246205,12,1.57549523954821,24,0,31,0,149.25895696765,1.17138829777555,8,3.32854671510663,20.0569113820289,0.110552763819095,0.333333333333333,8,0,0,0,0,0
2,CVF_AE_W_O_STATEADAPTIVECVF,scene2_CVF_AE_W_O_STATEADAPTIVECVF_run006.mat,302.640511854155,1,0,16.1904831932836,18,12,1.04990201252388,24,0,31,0,145.601512218931,1.1426845732859,8,7.04075105860346,21.1556162572977,0.0603015075376884,0.166666666666667,8,0,0,0,0,0
2,CVF_AE_W_O_STATEADAPTIVECVF,scene2_CVF_AE_W_O_STATEADAPTIVECVF_run007.mat,300.270302400947,1,0,15.8518504478686,18.060042673793,12,1.08878333644578,24,0,31,0,147.926289027463,1.16092948403551,8,7.95738819205931,15.4730663005348,0.0050251256281407,0,8,0,0,0,0,0
2,CVF_AE_W_O_STATEADAPTIVECVF,scene2_CVF_AE_W_O_STATEADAPTIVECVF_run008.mat,305.732230043655,1,0,15.036394603433,18,12,1.28282738806747,24,0,31,0,149.35936019894,1.17217626502777,8,3.37585820436415,19.5093638932898,0.165829145728643,0.333333333333333,8,0,0,0,0,0
2,CVF_AE_W_O_STATEADAPTIVECVF,scene2_CVF_AE_W_O_STATEADAPTIVECVF_run009.mat,300.81828586694,1,0,17.4374585465452,19.075461183441,12,1.77261686592278,24,0,31,0,145.257422460781,1.13998414763461,8,7.27232037393812,22.1611937722719,0.0201005025125628,0,8,0,0,0,0,0
2,CVF_AE_W_O_STATEADAPTIVECVF,scene2_CVF_AE_W_O_STATEADAPTIVECVF_run010.mat,304.642527060454,1,0,16.8960605930627,19.3124268585776,12,1.86750031154395,24,0,31,0,146.481770147873,1.14959286112293,8,8.00642332847448,22.0482829790513,0,0.166666666666667,8,0,0,0,0,0
2,CVF_AE_W_O_STATEADAPTIVECVF,scene2_CVF_AE_W_O_STATEADAPTIVECVF_run011.mat,302.082117666572,1,0,16.5606557306336,18,12,1.06453053824432,24,0,31,0,145.88663315306,1.1449222100246,8,4.97226986519817,18.7625623022314,0.120603015075377,0.166666666666667,8,0,0,0,0,0
2,CVF_AE_W_O_STATEADAPTIVECVF,scene2_CVF_AE_W_O_STATEADAPTIVECVF_run012.mat,302.405635231212,1,0,15.4918493487591,18.10556364694,11.8486606754454,2.13157692824459,24,0,31,0,145.814970241019,1.14435979756872,8,6.68572428448471,19.9064093677658,0.0351758793969849,0.166666666666667,8,0,0,0,0,0
2,CVF_AE_W_O_STATEADAPTIVECVF,scene2_CVF_AE_W_O_STATEADAPTIVECVF_run013.mat,306.042853808919,1,0,17.5127758964769,18.5902641153746,12,1.4122159529575,24,0,31,0,146.698747651342,1.15129570639002,8,5.96470106283329,19.9349932938522,0.0703517587939698,0.333333333333333,8,0,0,0,0,0
2,CVF_AE_W_O_STATEADAPTIVECVF,scene2_CVF_AE_W_O_STATEADAPTIVECVF_run014.mat,299.753026034325,1,0,15.504432131296,18,12,1.1474649792929,24,0,31,0,149.942572056473,1.17675332732887,8,3.54366851750538,20.2960709292133,0.165829145728643,0.333333333333333,8,0,0,0,0,0
2,CVF_AE_W_O_STATEADAPTIVECVF,scene2_CVF_AE_W_O_STATEADAPTIVECVF_run015.mat,300.223663680927,1,0,15.0679076541163,18,12,1.0211854949976,24,0,31,0,146.585536672652,1.15040722359268,8,6.76509439962005,21.8380512693902,0.0603015075376884,0.166666666666667,8,0,0,0,0,0
2,CVF_AE_W_O_STATEADAPTIVECVF,scene2_CVF_AE_W_O_STATEADAPTIVECVF_run016.mat,303.573034721156,1,0,16.563356061938,18.3455907183773,12,1.57636673744176,24,0,31,0,148.527362334074,1.16564672346807,8,5.87356725096406,21.5236557741516,0.0552763819095477,0.166666666666667,8,0,0,0,0,0
2,CVF_AE_W_O_STATEADAPTIVECVF,scene2_CVF_AE_W_O_STATEADAPTIVECVF_run017.mat,301.290539261896,1,0,17.6827095426242,19.6501714273102,12,1.33740640643555,24,0,31,0,146.517202271935,1.14987093338295,8,6.28186409106498,22.0065035591291,0.0603015075376884,0.166666666666667,8,0,0,0,0,0
2,CVF_AE_W_O_STATEADAPTIVECVF,scene2_CVF_AE_W_O_STATEADAPTIVECVF_run018.mat,306.330054659866,1,0,16.178394218331,18,12,0.913012565618523,24,0,31,0,148.26070478177,1.16355398784517,8,6.19123720930216,20.1226555574585,0.0904522613065327,0.333333333333333,8,0,0,0,0,0
2,CVF_AE_W_O_STATEADAPTIVECVF,scene2_CVF_AE_W_O_STATEADAPTIVECVF_run019.mat,299.478675594948,1,0,16.0653534106698,18,12,1.28947812470662,24,0,31,0,147.648950045522,1.15875292026632,8,4.51202619006565,20.5562300489762,0.0804020100502513,0.333333333333333,8,0,0,0,0,0
2,CVF_AE_W_O_STATEADAPTIVECVF,scene2_CVF_AE_W_O_STATEADAPTIVECVF_run020.mat,299.101677337198,1,0,17.0082671004276,19.0779346439931,12,1.61439939659366,24,0,31,0,148.968930679485,1.16911216368681,8,4.26416796736123,19.5453496905033,0.115577889447236,0.333333333333333,8,0,0,0,0,0
2,CVF_AE_W_O_STATEADAPTIVECVF,scene2_CVF_AE_W_O_STATEADAPTIVECVF_run021.mat,296.903742186922,1,0,15.1119342654715,18,12,1.16775378150932,24,0,31,0,148.660269048731,1.16668977892958,8,3.84138693525034,19.3242743621376,0.21105527638191,0.5,8,0,0,0,0,0
2,CVF_AE_W_O_STATEADAPTIVECVF,scene2_CVF_AE_W_O_STATEADAPTIVECVF_run022.mat,297.291360977937,1,0,16.3349606659914,18,12,1.19432174926616,24,0,31,0,146.358382315526,1.14862451010511,8,7.96001966733054,22.7987109793639,0.0050251256281407,0,8,0,0,0,0,0
2,CVF_AE_W_O_STATEADAPTIVECVF,scene2_CVF_AE_W_O_STATEADAPTIVECVF_run023.mat,298.882384266305,1,0,15.9762850761939,19.1008426896159,12,1.89973083288232,24,0,31,0,150.924698207199,1.18446107970281,8,4.4400605781227,13.3095622745536,0.276381909547739,0.5,8,0,0,0,0,0
2,CVF_AE_W_O_STATEADAPTIVECVF,scene2_CVF_AE_W_O_STATEADAPTIVECVF_run024.mat,299.320345087014,1,0,15.9893836736706,18,12,0.933052708864177,24,0,31,0,146.854966958034,1.15252171969913,8,6.44354792996443,20.2616253778197,0.0703517587939698,0.333333333333333,8,0,0,0,0,0
2,CVF_AE_W_O_STATEADAPTIVECVF,scene2_CVF_AE_W_O_STATEADAPTIVECVF_run025.mat,299.535580252555,1,0,15.8991281209792,18,12,1.078420080934,24,0,31,0,147.239316737222,1.15553810707541,8,4.41545956031012,21.6660167580452,0.150753768844221,0.5,8,0,0,0,0,0
2,CVF_AE_W_O_STATEADAPTIVECVF,scene2_CVF_AE_W_O_STATEADAPTIVECVF_run026.mat,307.285371201248,1,0,16.4995990915134,18,12,0.87174150506252,24,0,31,0,147.240940159187,1.15555084773454,8,4.01547766352684,18.1555324883804,0.14070351758794,0.333333333333333,8,0,0,0,0,0
2,CVF_AE_W_O_STATEADAPTIVECVF,scene2_CVF_AE_W_O_STATEADAPTIVECVF_run027.mat,304.0064034123,1,0,15.0310193257172,18,12,1.13024605424394,24,0,31,0,146.456141567998,1.14939172734065,8,6.16242461878575,19.9853827592533,0.085427135678392,0.333333333333333,8,0,0,0,0,0
2,CVF_AE_W_O_STATEADAPTIVECVF,scene2_CVF_AE_W_O_STATEADAPTIVECVF_run028.mat,300.144581827251,1,0,15.6580704023347,18.0871516676272,12,2.11516696777663,24,0,31,0,148.159352507146,1.1627585724754,8,3.46735018265917,20.9408743179198,0.125628140703518,0.333333333333333,8,0,0,0,0,0
2,CVF_AE_W_O_STATEADAPTIVECVF,scene2_CVF_AE_W_O_STATEADAPTIVECVF_run029.mat,303.826874958159,1,0,18.3102203075285,20.4536635130432,12,1.60999433959026,24,0,31,0,148.592195470282,1.16615553566001,8,5.50004452136026,19.7769312918409,0.175879396984925,0.5,8,0,0,0,0,0
2,CVF_AE_W_O_STATEADAPTIVECVF,scene2_CVF_AE_W_O_STATEADAPTIVECVF_run030.mat,300.658662780475,1,0,17.2193636509278,19.2648214241023,12,1.33856148203872,24,0,31,0,147.483139817939,1.15745163715282,8,5.2116249034095,20.1591975294068,0.110552763819095,0.333333333333333,8,0,0,0,0,0
2,CVF_AE,scene2_CVF_AE_run001.mat,302.225099935017,1,0,15.6590924055085,18,12,1.24392916502118,24,0,31,0,147.510889664433,1.15766941869241,8,4.57303911858266,19.7928135676683,0.150753768844221,0.333333333333333,8,0,0,0,0,0
2,CVF_AE,scene2_CVF_AE_run002.mat,301.491566051392,1,0,16.1823374405638,18,12,1.52943318520231,24,0,31,0,146.785721524053,1.15197827967592,8,7.1064172851617,22.1582989705477,0.0201005025125628,0.166666666666667,8,0,0,0,0,0
2,CVF_AE,scene2_CVF_AE_run003.mat,299.608334336854,1,0,16.2509823690332,18.2629059893913,12,1.73885761684214,24,0,31,0,146.984727367154,1.1535400828704,8,6.97565265679555,20.9254283128491,0.0251256281407035,0.333333333333333,8,0,0,0,0,0
2,CVF_AE,scene2_CVF_AE_run004.mat,301.702829710868,1,0,15.7553739540148,19.2923496423917,12,2.11641651890989,24,0,31,0,152.705529499137,1.19843709144823,8,3.71076110685475,13.3678305398831,0.246231155778894,0.333333333333333,8,0,0,0,0,0
2,CVF_AE,scene2_CVF_AE_run005.mat,296.566006460707,1,0,15.867277016978,19.0009004247424,11.4436584293497,2.15580485792331,24,0,31,0,149.430405930036,1.17273383383103,8,5.6210906397344,20.6346976391573,0.125628140703518,0.333333333333333,8,0,0,0,0,0
2,CVF_AE,scene2_CVF_AE_run006.mat,302.73830330044,1,0,16.8836830867742,18.9910466118191,12,1.54776485220548,24,0,31,0,148.326731253968,1.16407216536998,8,3.90643088488427,20.3843734348815,0.165829145728643,0.333333333333333,8,0,0,0,0,0
2,CVF_AE,scene2_CVF_AE_run007.mat,305.591235507147,1,0,16.3346487194331,18.0889607788199,12,1.18059461907286,24,0,31,0,146.046592383133,1.14617757435271,8,6.56169041622586,21.008952563484,0.0351758793969849,0.166666666666667,8,0,0,0,0,0
2,CVF_AE,scene2_CVF_AE_run008.mat,301.359754409485,1,0,16.4066207127616,18,12,1.11566860545347,24,0,31,0,149.138376705194,1.17044198064153,8,4.64844892455505,19.8532333579444,0.125628140703518,0.333333333333333,8,0,0,0,0,0
2,CVF_AE,scene2_CVF_AE_run009.mat,300.181255833824,1,0,15.7676551086367,18,12,1.54853302611084,24,0,31,0,145.346386467062,1.14068233954214,8,8.08286591319973,22.2040020050887,0,0,8,0,0,0,0,0
2,CVF_AE,scene2_CVF_AE_run010.mat,300.083505558059,1,0,15.5691349550494,18,12,1.19080814271966,24,0,31,0,145.043077215612,1.13830196040125,8,7.5515304867601,22.4749568721084,0.0100502512562814,0,8,0,0,0,0,0
2,CVF_AE,scene2_CVF_AE_run011.mat,292.27955027808,1,0,15.8306630955466,18.5516921366887,12,1.63202429444557,24,0,31,0,145.991293169778,1.14574358464304,8,6.41660587681587,22.8404052349245,0.0603015075376884,0.166666666666667,8,0,0,0,0,0
2,CVF_AE,scene2_CVF_AE_run012.mat,306.832529992926,1,0,15.014190722026,18,12,1.44466047417059,24,0,31,0,145.226659371905,1.13974271808797,8,8.73231699602158,21.2164640335059,0,0.166666666666667,8,0,0,0,0,0
2,CVF_AE,scene2_CVF_AE_run013.mat,299.054142107431,1,0,16.5829291427233,18.9124369328015,12,1.4946089879022,24,0,31,0,146.849835284495,1.15248144618756,8,6.18668512763864,20.9918325411385,0.0402010050251256,0.333333333333333,8,0,0,0,0,0
2,CVF_AE,scene2_CVF_AE_run014.mat,300.075203829358,1,0,15.5767178133397,18,12,1.11996032135391,24,0,31,0,148.411330989978,1.16473610636736,8,3.31455749903509,19.846468372209,0.150753768844221,0.333333333333333,8,0,0,0,0,0
2,CVF_AE,scene2_CVF_AE_run015.mat,295.464395615297,1,0,15.859687652889,18,12,1.35850463921901,24,0,31,0,147.454415954197,1.15722621149972,8,5.56504724517897,20.0716931087429,0.050251256281407,0.333333333333333,8,0,0,0,0,0
2,CVF_AE,scene2_CVF_AE_run016.mat,302.977913214356,1,0,16.7089114883213,18.3045573271125,12,1.46905704480582,24,0,31,0,148.679349003926,1.16683951892973,8,3.28227439674058,18.6730331901417,0.130653266331658,0.333333333333333,8,0,0,0,0,0
2,CVF_AE,scene2_CVF_AE_run017.mat,296.121820901677,1,0,14.5725534615807,18,12,0.768378895579181,24,0,31,0,145.254403226899,1.13996045260612,8,7.3435796007519,23.8943116074749,0.0150753768844221,0,8,0,0,0,0,0
2,CVF_AE,scene2_CVF_AE_run018.mat,303.998431150819,1,0,17.6703294703395,18.9399222733376,12,1.27474961111662,24,0,31,0,146.575251437382,1.1503265047904,8,6.83599250114938,23.0442064613897,0.0402010050251256,0,8,0,0,0,0,0
2,CVF_AE,scene2_CVF_AE_run019.mat,300.627265363361,1,0,17.1211575657095,18.6371890570203,12,1.03514052206723,24,0,31,0,148.75821117509,1.16745843136429,8,4.06602768366318,21.5338856605172,0.0904522613065327,0.166666666666667,8,0,0,0,0,0
2,CVF_AE,scene2_CVF_AE_run020.mat,304.934869918036,1,0,15.2552232817528,18,12,1.16844891140772,24,0,31,0,148.473165716896,1.16522138696276,8,5.76305612311849,18.7537246319633,0.135678391959799,0.333333333333333,8,0,0,0,0,0
2,CVF_AE,scene2_CVF_AE_run021.mat,296.841879176199,1,0,15.8320916486305,18,12,1.13035300131893,24,0,31,0,147.565565048913,1.15809851257634,8,4.9359576068867,20.4727312310686,0.0603015075376884,0.333333333333333,8,0,0,0,0,0
2,CVF_AE,scene2_CVF_AE_run022.mat,305.12997723318,1,0,15.2443467738207,18,12,1.47064356103998,24,0,31,0,150.389055749981,1.18025734333131,8,3.29942038653667,19.2279361411427,0.110552763819095,0.333333333333333,8,0,0,0,0,0
2,CVF_AE,scene2_CVF_AE_run023.mat,302.277688045303,1,0,17.1951673573996,19.0101880795218,12,1.42231123685427,24,0,31,0,148.348453503221,1.16424264216476,8,5.35096370067669,20.945726061948,0.0603015075376884,0.333333333333333,8,0,0,0,0,0
2,CVF_AE,scene2_CVF_AE_run024.mat,302.407664472028,1,0,15.7882996847261,18,11.4367032180096,1.9365846378488,24,0,31,0,146.052392098117,1.14622309067147,8,5.30618852351499,21.114506855244,0.0552763819095477,0.166666666666667,8,0,0,0,0,0
2,CVF_AE,scene2_CVF_AE_run025.mat,298.03702801437,1,0,15.3051093764377,18.0074030574921,12,1.60852100975089,24,0,31,0,149.597873712129,1.1740481254768,8,4.45155807508695,14.0517591302783,0.165829145728643,0.333333333333333,8,0,0,0,0,0
2,CVF_AE,scene2_CVF_AE_run026.mat,298.024110636287,1,0,15.4911645821244,18,12,1.23066504203701,24,0,31,0,150.934695025462,1.18453953500068,8,5.80409831635281,13.4498017073337,0.165829145728643,0.333333333333333,8,0,0,0,0,0
2,CVF_AE,scene2_CVF_AE_run027.mat,303.629513676232,1,0,15.8448457415453,18.5078521509067,12,1.53226047395133,24,0,31,0,147.848767389252,1.16032109213951,8,6.5520202838259,21.3561541486346,0.0301507537688442,0.333333333333333,8,0,0,0,0,0
2,CVF_AE,scene2_CVF_AE_run028.mat,299.451091992806,1,0,15.4528113933686,18,12,1.4373253394061,24,0,31,0,148.355588898787,1.16429864094054,8,7.09298081979543,24.3066864129296,0.0150753768844221,0.333333333333333,8,0,0,0,0,0
2,CVF_AE,scene2_CVF_AE_run029.mat,300.785666037701,1,0,16.5420981379545,18.25692257355,12,1.1438843811925,24,0,31,0,150.036628257705,1.17749148291895,8,3.89680547599872,22.7874368718133,0.150753768844221,0.333333333333333,8,0,0,0,0,0
2,CVF_AE,scene2_CVF_AE_run030.mat,299.33788817791,1,0,15.1806869303332,18,12,1.04734775430817,24,0,31,0,149.046592222211,1.16972165355719,8,5.27869634514717,20.7569510562539,0.170854271356784,0.5,8,0,0,0,0,0
4,BASE_AE,scene4_BASE_AE_run001.mat,1639.20844906473,0,7,15.9808839925361,18.6797952919949,12,1.16647659126067,24,0,25,0,159.64579420445,1.25290447501054,8,26.9983881127499,42.7268313834535,0,0,8,0,0,0,0,0
4,BASE_AE,scene4_BASE_AE_run002.mat,1527.12895507969,0,7,17.6129299709656,19.9040831063669,12,1.74038698425617,24,0,25,0,156.541018200696,1.22853810965534,8,23.7994298206442,42.209850411694,0,0,8,0,0,0,0,0
4,BASE_AE,scene4_BASE_AE_run003.mat,1549.90696491613,0,7,17.0627290548972,19.0966004634381,12,1.20811847748396,24,0,25,0,159.561955834298,1.25224650923284,8,23.7945476372091,39.4813460273456,0,0,8,0,0,0,0,0
4,BASE_AE,scene4_BASE_AE_run004.mat,1563.23558079344,0,7,17.0555279342851,18.8176898441498,12,1.56687997745179,24,0,25,0,155.311078128383,1.21888550697779,8,30.0553877457889,43.2538002882633,0,0,8,0,0,0,0,0
4,BASE_AE,scene4_BASE_AE_run005.mat,1574.86111793752,0,7,17.2922459914639,19.2168003013812,12,1.65974560041643,24,0,25,0,155.537294292741,1.22066085750335,8,24.4094545569858,43.1087411213814,0,0,8,0,0,0,0,0
4,BASE_AE,scene4_BASE_AE_run006.mat,1845.94370877551,0,9,17.0306332959815,18.5078534484707,12,1.40413180921456,24,0,25,0,152.109475914238,1.19375924692632,8,20.3595649912892,41.3017269388913,0,0,8,0,0,0,0,0
4,BASE_AE,scene4_BASE_AE_run007.mat,1435.27297919022,0,6,16.7214839579445,18,12,0.974131035090802,24,0,25,0,165.839935729168,1.30151626383869,8,25.7241026599154,40.8590552559045,0,0,8,0,0,0,0,0
4,BASE_AE,scene4_BASE_AE_run008.mat,1830.19422106112,0,8,17.188139773416,19.2990483144602,12,1.54672966706185,24,0,25,0,168.404355224254,1.32164189682018,8,26.1845632083751,44.7515361143407,0,0,8,0,0,0,0,0
4,BASE_AE,scene4_BASE_AE_run009.mat,1745.6026265405,0,9,17.055365919085,18.6984424428107,12,1.28026543916273,24,0,25,0,142.707214924627,1.11997005048801,8,20.8528845119569,37.2244340859079,0,0,8,0,0,0,0,0
4,BASE_AE,scene4_BASE_AE_run010.mat,1542.33150609612,0,7,16.3902288935213,18,12,0.992305136408184,24,0,25,0,145.170106748057,1.13929889157913,8,26.0840293438097,45.251940829899,0,0,8,0,0,0,0,0
4,BASE_AE,scene4_BASE_AE_run011.mat,1525.02266378856,0,7,17.6838005288548,18.9664291650353,12,1.38236541024503,24,0,25,0,150.488443069999,1.18103733768463,8,25.5701587374683,38.3518904243678,0,0,8,0,0,0,0,0
4,BASE_AE,scene4_BASE_AE_run012.mat,1578.93433560828,0,7,17.5907634526709,19.1739678529434,12,1.28305190978737,24,0,25,0,162.983190183632,1.27909644817236,8,23.6268235019987,41.6688784403022,0,0,8,0,0,0,0,0
4,BASE_AE,scene4_BASE_AE_run013.mat,1601.57343413622,0,7,17.1001896949425,18.8874459716129,12,1.39322571743699,24,0,25,0,164.423342850023,1.29039880492665,8,23.6011881588812,43.4602741867027,0,0,8,0,0,0,0,0
4,BASE_AE,scene4_BASE_AE_run014.mat,1651.39121971062,0,8,15.7325053148142,18.6394768144381,12,1.80206328042674,24,0,25,0,147.843423682234,1.1602791545835,8,22.264487990157,37.8042705841676,0,0,8,0,0,0,0,0
4,BASE_AE,scene4_BASE_AE_run015.mat,1640.91744409459,0,7,18.392835677759,19.9395013296088,12,1.51035307291522,24,0,25,0,152.994855790674,1.20070773194465,8,28.1180113216116,45.040535976689,0,0,8,0,0,0,0,0
4,BASE_AE,scene4_BASE_AE_run016.mat,1223.20735554277,0,5,16.5379062614137,18.3095565503173,12,1.34123794840663,24,0,25,0,158.354304638828,1.24276883025861,8,25.1513971847198,42.2374429942212,0,0,8,0,0,0,0,0
4,BASE_AE,scene4_BASE_AE_run017.mat,2250.05999102424,0,11,17.2013306435579,18.6636341355271,12,1.30958605840737,24,0,25,0,157.460746074674,1.23575615867969,8,18.3368846425341,42.6150773566547,0,0,8,0,0,0,0,0
4,BASE_AE,scene4_BASE_AE_run018.mat,1319.39673782232,0,5,15.6860413167176,18,12,1.18718427988869,24,0,25,0,170.80164283031,1.34045587425368,8,26.8565344830429,39.3825072056641,0,0,8,0,0,0,0,0
4,BASE_AE,scene4_BASE_AE_run019.mat,1768.43528505512,0,9,15.6558857447559,18,12,1.1475597839308,24,0,25,0,140.484088874718,1.10252289761861,8,22.3690696570384,39.6120434832631,0,0,8,0,0,0,0,0
4,BASE_AE,scene4_BASE_AE_run020.mat,1535.09702143269,0,7,17.747912561575,19.6795064076207,12,1.63399763601424,24,0,25,0,147.736061455615,1.15943657294928,8,24.44145746279,42.7979084980854,0,0,8,0,0,0,0,0
4,BASE_AE,scene4_BASE_AE_run021.mat,1643.84670581971,0,8,16.7528039294704,18,12,1.14100157122318,24,0,25,0,144.60689123173,1.13487876110016,8,24.326562067048,42.5143826043973,0,0,8,0,0,0,0,0
4,BASE_AE,scene4_BASE_AE_run022.mat,1568.59975047175,0,7,17.9553186951592,18.824703794655,12,1.18378679444874,24,0,25,0,158.973261093518,1.24762641711695,8,27.0505855376255,38.3844138363568,0,0,8,0,0,0,0,0
4,BASE_AE,scene4_BASE_AE_run023.mat,1581.06362526665,0,7,17.873854405296,19.9352084920519,12,1.43705948643613,24,0,25,0,159.652910275805,1.25296032212942,8,30.6442417104535,44.2525481849848,0,0,8,0,0,0,0,0
4,BASE_AE,scene4_BASE_AE_run024.mat,1821.33757557673,0,9.17510804653808,16.6402329958231,18,12,1.29112418251432,24,0,25,0,153.033158957775,1.20100833622745,8,20.8044013225382,41.0625767197013,0,0,8,0,0,0,0,0
4,BASE_AE,scene4_BASE_AE_run025.mat,1499.60576335859,0,7,16.9375717741932,18.3376028022468,12,1.08800784787617,24,0,25,0,152.935929959171,1.20024528043849,8,26.3365136883118,43.5315360903287,0,0,8,0,0,0,0,0
4,BASE_AE,scene4_BASE_AE_run026.mat,1809.37408201655,0,8,16.2847801119696,18,12,1.07789093010943,24,0,25,0,177.557448448672,1.39347561795396,8,26.2982327442543,38.1288946909056,0,0,8,0,0,0,0,0
4,BASE_AE,scene4_BASE_AE_run027.mat,1568.57735077796,0,7,17.7635470255421,20.0609705377535,12,1.43091312109166,24,0,25,0,147.220975131176,1.1553941616592,8,26.4287583585015,45.1244960226793,0,0,8,0,0,0,0,0
4,BASE_AE,scene4_BASE_AE_run028.mat,1730.30423566757,0,7,15.4503902969425,18.3673180222578,12,1.38269063691837,24,0,25,0,182.265649677423,1.43042570748276,8,26.2340959542405,40.5076386365471,0,0,8,0,0,0,0,0
4,BASE_AE,scene4_BASE_AE_run029.mat,1674.60558384577,0,8,16.5300212059514,19.0142083372581,12,1.38115761322134,24,0,25,0,148.653915289292,1.16663991445508,8,26.0134856046238,43.1796887739075,0,0,8,0,0,0,0,0
4,BASE_AE,scene4_BASE_AE_run030.mat,2066.92232406477,0,10,16.4461419172204,18,12,0.833640123129286,24,0,25,0,151.65108309315,1.19016176777119,8,27.685651814366,44.6615002723611,0,0,8,0,0,0,0,0
4,CVF_AE_W_O_CVF,scene4_CVF_AE_W_O_CVF_run001.mat,382.996468430105,1,0,15.2164327133294,18,12,1.17865096723056,24,0,25,0,175.092821325272,1.37413315818213,8,0.308238334959157,3.64550574883583,0.939698492462312,1,8,0,1,0,1,1
4,CVF_AE_W_O_CVF,scene4_CVF_AE_W_O_CVF_run002.mat,352.155599374619,1,0,14.7409933861668,19.0403451230831,11.6514586971447,2.71480296894263,24,0,25,0,156.019267657625,1.22444339739868,8,3.90617343508073,22.8370019524371,0.125628140703518,0.333333333333333,8,0,0,0,0,0
4,CVF_AE_W_O_CVF,scene4_CVF_AE_W_O_CVF_run003.mat,335.396170440195,1,0,12.7925663238884,18,10.1630052324047,2.57925485599266,24,0,25,0,151.936522788916,1.19240190615976,8,4.6678409799398,24.2552940663457,0.115577889447236,0.333333333333333,8,0,0,0,0,0
4,CVF_AE_W_O_CVF,scene4_CVF_AE_W_O_CVF_run004.mat,359.142218516753,1,0,13.5698516856465,18,9.76728143310172,2.10281306951877,24,0,25,0,154.475052043848,1.21232435184208,8,6.40384031377074,25.1670472665269,0.0301507537688442,0.333333333333333,8,0,0,0,0,0
4,CVF_AE_W_O_CVF,scene4_CVF_AE_W_O_CVF_run005.mat,329.290117239552,1,0,13.884169795016,18,12,1.71069941310612,24,0,25,0,149.156293382327,1.17058259120424,8,6.16330449602687,26.0987522916796,0.050251256281407,0.333333333333333,8,0,0,0,0,0
4,CVF_AE_W_O_CVF,scene4_CVF_AE_W_O_CVF_run006.mat,388.856036678534,1,0,16.3711836441592,19.1760201776018,11.9811435654992,2.23050908514997,24,0,25,0,175.345583290747,1.37611684086688,8,2.45050043314266,4.72581955694818,0.944723618090452,0.833333333333333,8,0,1,0,1,1
4,CVF_AE_W_O_CVF,scene4_CVF_AE_W_O_CVF_run007.mat,349.831372539266,1,0,14.9536604123515,18.2835639671332,12,2.13645548722511,24,0,25,0,153.192448931767,1.20225844821589,8,3.26179309015507,22.8706805704354,0.14070351758794,0.333333333333333,8,0,0,0,0,0
4,CVF_AE_W_O_CVF,scene4_CVF_AE_W_O_CVF_run008.mat,326.740713673775,1,0,14.2364960149446,19.0675732706519,11.4653581265781,2.69393248737191,24,0,25,0,150.314081479312,1.17966894324411,8,4.23073271530509,22.6312412425408,0.130653266331658,0.333333333333333,8,0,0,0,0,0
4,CVF_AE_W_O_CVF,scene4_CVF_AE_W_O_CVF_run009.mat,343.852282373346,1,0,15.906610541773,19.2053665163549,12,2.10234233612785,24,0,25,0,151.989212981598,1.19281542020521,8,5.66985011249259,24.7025261151752,0.0804020100502513,0.333333333333333,8,0,0,0,0,0
4,CVF_AE_W_O_CVF,scene4_CVF_AE_W_O_CVF_run010.mat,359.176214716801,1,0,14.5620412830226,18.4725724080743,9.7794748372323,2.93362225760028,24,0,25,0,157.985799151566,1.23987678931035,8,4.92217563176095,26.0854333446732,0.0753768844221105,0.333333333333333,8,0,0,0,0,0
4,CVF_AE_W_O_CVF,scene4_CVF_AE_W_O_CVF_run011.mat,368.090730766405,1,0,16.0911985118113,20.1363694116346,12,2.06706544931463,24,0,25,0,154.427925316313,1.21195450002033,8,4.61408616010393,30.4247576663701,0.0552763819095477,0.333333333333333,8,0,0,0,0,0
4,CVF_AE_W_O_CVF,scene4_CVF_AE_W_O_CVF_run012.mat,364.867074625028,1,0,20.2156998311213,22.9778146717279,12,3.2473589932404,24,0,25,0,175.062394190109,1.37389436520924,8,1.22782244298664,3.47604504431538,0.954773869346734,1,8,0,1,0,1,1
4,CVF_AE_W_O_CVF,scene4_CVF_AE_W_O_CVF_run013.mat,361.924843713981,1,0,12.4996377087158,18,9.25693327461352,3.01318320422281,24,0,25,0,157.98342326189,1.23985814326444,8,1.65183132396655,21.5111756964078,0.256281407035176,0.5,8,0,0,0,0,0
4,CVF_AE_W_O_CVF,scene4_CVF_AE_W_O_CVF_run014.mat,321.44254009948,1,0,14.7590212068124,18,12,1.35228055307921,24,0,25,0,149.796602521543,1.17560775450348,8,5.64433135183169,25.8336388284361,0.050251256281407,0.333333333333333,8,0,0,0,0,0
4,CVF_AE_W_O_CVF,scene4_CVF_AE_W_O_CVF_run015.mat,327.394603230667,1,0,15.4259115140113,19.0126160857691,12,1.80288869700726,24,0,25,0,148.688769730607,1.1669134530454,8,5.70918818573188,24.4974389087957,0.0753768844221105,0.166666666666667,8,0,0,0,0,0
4,CVF_AE_W_O_CVF,scene4_CVF_AE_W_O_CVF_run016.mat,330.725560181326,1,0,13.3014563151067,18.2568792062391,10.0892259088533,2.68697390271035,24,0,25,0,148.570412394395,1.16598458149617,8,6.81104506781501,21.3562447928381,0.0753768844221105,0.166666666666667,8,0,0,0,0,0
4,CVF_AE_W_O_CVF,scene4_CVF_AE_W_O_CVF_run017.mat,350.100146375587,1,0,16.4961494483639,19.0540198854337,12,2.15334530881047,24,0,25,0,152.519759592311,1.19697916423665,8,4.66340714825593,22.625106208929,0.180904522613065,0.5,8,0,0,0,0,0
4,CVF_AE_W_O_CVF,scene4_CVF_AE_W_O_CVF_run018.mat,349.470799384536,1,0,14.4179100723251,18,12,1.35043615562101,24,0,25,0,154.215425222872,1.21028679358723,8,5.6588237209087,25.0174903686272,0.0703517587939698,0.166666666666667,8,0,0,0,0,0
4,CVF_AE_W_O_CVF,scene4_CVF_AE_W_O_CVF_run019.mat,352.457925985988,1,0,14.3102784027148,18,11.9221186101848,1.5342423772896,24,0,25,0,154.788439253394,1.21478382306841,8,5.26598171701497,21.1020550258908,0.0552763819095477,0.333333333333333,8,0,0,0,0,0
4,CVF_AE_W_O_CVF,scene4_CVF_AE_W_O_CVF_run020.mat,339.19058375701,1,0,15.095099614375,19.6321683893696,11.0815050013136,2.6721027869162,24,0,25,0,153.281000912457,1.20295340653553,8,4.78964417368728,23.0094548240978,0.0653266331658292,0.166666666666667,8,0,0,0,0,0
4,CVF_AE_W_O_CVF,scene4_CVF_AE_W_O_CVF_run021.mat,367.461512343168,1,0,15.5177820139703,19.6579860273654,11.4263705291073,2.6740109306106,24,0,25,0,177.470620909385,1.3927941930967,8,0.142222369441313,2.33503057769866,0.974874371859296,1,8,0,1,0,1,1
4,CVF_AE_W_O_CVF,scene4_CVF_AE_W_O_CVF_run022.mat,324.820665194432,1,0,13.41697678351,18,11.7319204870127,1.6624232263928,24,0,25,0,150.764825579366,1.1832063950314,8,3.02244075925929,23.0542149712577,0.125628140703518,0.166666666666667,8,0,0,0,0,0
4,CVF_AE_W_O_CVF,scene4_CVF_AE_W_O_CVF_run023.mat,381.400096381321,1,0,18.370848915226,19.6608774917618,12,1.44452335794221,24,0,25,0,176.29315574719,1.38355341492127,8,0.347457101188937,2.77298637105781,0.919597989949749,1,8,0,1,0,1,1
4,CVF_AE_W_O_CVF,scene4_CVF_AE_W_O_CVF_run024.mat,367.190005190946,1,0,14.9250000809596,18,11.671005121765,2.15428681326213,24,0,25,0,156.170577425507,1.22563088051552,8,3.81221421828747,26.0327283836956,0.100502512562814,0.333333333333333,8,0,0,0,0,0
4,CVF_AE_W_O_CVF,scene4_CVF_AE_W_O_CVF_run025.mat,392.121074146847,1,0,15.4037412494628,19.3887251819234,12,2.28514856397411,24,0,25,0,161.678833910182,1.26885982515227,8,0.418418665947812,12.9284244240168,0.512562814070352,0.833333333333333,8,0,0,0,1,1
4,CVF_AE_W_O_CVF,scene4_CVF_AE_W_O_CVF_run026.mat,336.340442602795,1,0,16.8791282958196,18,12,0.978143135946059,24,0,25,0,150.937660243485,1.18456280611126,8,6.91512867295191,23.3166146779646,0.0351758793969849,0.333333333333333,8,0,0,0,0,0
4,CVF_AE_W_O_CVF,scene4_CVF_AE_W_O_CVF_run027.mat,332.090316010704,1,0,12.4644234754013,18.0402250124412,9.54413847803023,2.69416646387633,24,0,25,0,150.566289910688,1.1816482817784,8,5.84271790970554,23.325042955735,0.110552763819095,0.333333333333333,8,0,0,0,0,0
4,CVF_AE_W_O_CVF,scene4_CVF_AE_W_O_CVF_run028.mat,330.22496808603,1,0,17.8854093741658,21.4443831655607,12,2.15233488662118,24,0,25,0,151.710298277056,1.19062649012278,8,5.83285764589326,27.0421248121598,0.0603015075376884,0.333333333333333,8,0,0,0,0,0
4,CVF_AE_W_O_CVF,scene4_CVF_AE_W_O_CVF_run029.mat,330.386073733188,1,0,14.5011583915571,18.0075621424364,11.6967938029318,2.11956549139492,24,0,25,0,149.154686405904,1.17056997961017,8,4.81663187946439,24.4580919226591,0.0904522613065327,0.333333333333333,8,0,0,0,0,0
4,CVF_AE_W_O_CVF,scene4_CVF_AE_W_O_CVF_run030.mat,356.200671636664,1,0,15.5689702539646,18,12,1.42401558869967,24,0,25,0,155.562146869362,1.22085590119128,8,5.16198512678295,24.3239876979022,0.0904522613065327,0.333333333333333,8,0,0,0,0,0
4,CVF_AE_W_O_INIT,scene4_CVF_AE_W_O_INIT_run001.mat,1093.10543822543,0,5,11.1714926693852,18,9.15306506741203,2.40317426813597,24,0,25,0,146.039426798575,1.1461213386529,8,8.54749067072112,29.5019691785163,0,0.166666666666667,8,0,0,0,0,0
4,CVF_AE_W_O_INIT,scene4_CVF_AE_W_O_INIT_run002.mat,316.306563561498,1,0,12.5602369938877,18.0521440813555,10.7258849034381,2.16449516251038,24,0,25,0,148.633518401484,1.16647983913247,8,5.31708912950865,27.783136497623,0.0452261306532663,0.333333333333333,8,0,0,0,0,0
4,CVF_AE_W_O_INIT,scene4_CVF_AE_W_O_INIT_run003.mat,1090.23206134533,0,5,11.1951593853476,18,9.19595040186121,1.83513888830647,24,0,25,0,147.381356229749,1.15665283682261,8,6.47790213929378,29.8693849419233,0.0201005025125628,0.166666666666667,8,0,0,0,0,0
4,CVF_AE_W_O_INIT,scene4_CVF_AE_W_O_INIT_run004.mat,310.558668976498,1,0,9.79920391926949,18,8.05322418393043,2.39861382215782,24,0,25,0,150.038793759794,1.17750847783744,8,7.02199769678388,28.2782228946138,0.0301507537688442,0.333333333333333,8,0,0,0,0,0
4,CVF_AE_W_O_INIT,scene4_CVF_AE_W_O_INIT_run005.mat,988.315207654937,0,4,11.5925088086937,18,9.79079473330035,1.50404437644033,24,0,25,0,152.908874464831,1.20003294819321,8,8.70004295202537,30.2425233073226,0,0.166666666666667,8,0,0,0,0,0
4,CVF_AE_W_O_INIT,scene4_CVF_AE_W_O_INIT_run006.mat,323.837797010044,1,0,13.1839298904887,20.6008147702752,9.97447928126578,3.28351581306994,24,0,25,0,148.682654822138,1.16686546307972,8,6.83665965063194,25.4450850687998,0.0251256281407035,0.333333333333333,8,0,0,0,0,0
4,CVF_AE_W_O_INIT,scene4_CVF_AE_W_O_INIT_run007.mat,342.551400501027,1,0,12.4249967850371,18,9.49317435925501,2.01193350155076,24,0,25,0,153.915928221979,1.20793633309098,8,7.65858049030847,27.1204085235346,0.0050251256281407,0.166666666666667,8,0,0,0,0,0
4,CVF_AE_W_O_INIT,scene4_CVF_AE_W_O_INIT_run008.mat,387.867198405499,1,0,11.1047253550751,18,8.10845049349297,2.43437386476791,24,0,25,0,166.986920846907,1.31051783380768,8,6.69145293032825,28.7277430336017,0.0301507537688442,0.333333333333333,8,0,0,0,0,0
4,CVF_AE_W_O_INIT,scene4_CVF_AE_W_O_INIT_run009.mat,318.597960552761,1,0,9.64057453111816,18,8.06968631052635,2.24508905097455,24,0,25,0,151.492893218726,1.18892028939367,8,7.17791487540831,27.2034448540974,0.0150753768844221,0.166666666666667,8,0,0,0,0,0
4,CVF_AE_W_O_INIT,scene4_CVF_AE_W_O_INIT_run010.mat,1158.40338613244,0,5,12.5128721986637,18,9.9139572317305,2.10408592110681,24,0,25,0,147.790136406295,1.15986095461264,8,11.7459972139661,34.5149651381997,0,0,8,0,0,0,0,0
4,CVF_AE_W_O_INIT,scene4_CVF_AE_W_O_INIT_run011.mat,1265.05297951834,0,6,11.0159547214448,18,8.78568477882085,1.95620611748693,24,0,25,0,149.456585026764,1.17293928808434,8,10.9061919326028,33.3388475061033,0,0,8,0,0,0,0,0
4,CVF_AE_W_O_INIT,scene4_CVF_AE_W_O_INIT_run012.mat,1552.44615561123,0,7,15.940473165171,21.7428594511579,10.1480467333313,3.91051618542909,24,0,25,0,169.116884775228,1.32723384784803,8,5.27237289348867,26.5105797347113,0.0301507537688442,0.166666666666667,8,0,0,0,0,0
4,CVF_AE_W_O_INIT,scene4_CVF_AE_W_O_INIT_run013.mat,1076.29599072646,0,4,13.6295269801856,21.0592830081046,8.27366361854569,4.40438718409154,24,0,25,0,167.656828440461,1.31577528657046,8,6.92856407924617,31.5291647502567,0.0201005025125628,0.166666666666667,8,0,0,0,0,0
4,CVF_AE_W_O_INIT,scene4_CVF_AE_W_O_INIT_run014.mat,310.926787881751,1,0,12.3253796091146,18,9.99710683355752,1.72975026002671,24,0,25,0,148.178056393586,1.16290536107787,8,4.94873827361114,25.7763963237494,0.0703517587939698,0.166666666666667,8,0,0,0,0,0
4,CVF_AE_W_O_INIT,scene4_CVF_AE_W_O_INIT_run015.mat,1099.94945941131,0,4,14.5455250557616,21.7685594010707,8.77834402649381,4.3534781525311,24,0,25,0,171.180193735905,1.34342675191445,8,8.39093255817818,28.2179280733787,0,0.166666666666667,8,0,0,0,0,0
4,CVF_AE_W_O_INIT,scene4_CVF_AE_W_O_INIT_run016.mat,333.813087712914,1,0,11.7914583665866,19.0854340356938,9.14478057506812,3.10268627699834,24,0,25,0,153.32592522445,1.20330597374103,8,4.9902286567956,27.6427226826289,0.0351758793969849,0.333333333333333,8,0,0,0,0,0
4,CVF_AE_W_O_INIT,scene4_CVF_AE_W_O_INIT_run017.mat,1965.9683060839,0,10,14.963289301296,18,12,1.06551286925174,24,0,25,0,152.429560289131,1.19627127768593,8,19.1566437781221,37.9103842523897,0,0,8,0,0,0,0,0
4,CVF_AE_W_O_INIT,scene4_CVF_AE_W_O_INIT_run018.mat,1174.2502898821,0,5,12.9511562966238,18,10.2425395958402,1.57023523362815,24,0,25,0,149.801092889406,1.17564299503091,8,7.09477714927112,32.3403559262812,0.0150753768844221,0.166666666666667,8,0,0,0,0,0
4,CVF_AE_W_O_INIT,scene4_CVF_AE_W_O_INIT_run019.mat,309.927519633009,1,0,11.093138379406,18,9.7313522638015,1.65362034496614,24,0,25,0,148.817942801827,1.16792720677307,8,4.99603496793089,24.8836089688511,0.0653266331658292,0.166666666666667,8,0,0,0,0,0
4,CVF_AE_W_O_INIT,scene4_CVF_AE_W_O_INIT_run020.mat,1140.56552721892,0,5.02785965365258,12.2605548472109,18.0300434917761,8.59284641365051,3.04000473401523,24,0,25,0,150.596770537301,1.18188749455363,8,5.11008786584094,27.9572945390074,0.0351758793969849,0.166666666666667,8,0,0,0,0,0
4,CVF_AE_W_O_INIT,scene4_CVF_AE_W_O_INIT_run021.mat,314.649404945207,1,0,11.1036075725441,18,9.16148354623918,1.72095201646992,24,0,25,0,148.626917757747,1.16642803710337,8,5.16119867812867,24.9655842388719,0.0653266331658292,0.166666666666667,8,0,0,0,0,0
4,CVF_AE_W_O_INIT,scene4_CVF_AE_W_O_INIT_run022.mat,313.886853298373,1,0,11.6672060030218,18,9.91902411402285,2.00699434661559,24,0,25,0,149.573242856701,1.17385482186274,8,4.14740512421985,26.5596607890332,0.0603015075376884,0.333333333333333,8,0,0,0,0,0
4,CVF_AE_W_O_INIT,scene4_CVF_AE_W_O_INIT_run023.mat,1383.36394756613,0,7,12.7897486981732,18,10.4659670442692,1.8726312953275,24,0,25,0,144.294549468871,1.13242749456747,8,10.6820272398957,29.0571277068773,0,0,8,0,0,0,0,0
4,CVF_AE_W_O_INIT,scene4_CVF_AE_W_O_INIT_run024.mat,2062.06215619096,0,10,13.1328565445161,18,9.83611480520594,2.47147179029546,24,0,25,0,167.013072443509,1.31072307223925,8,23.4557464481876,34.2085063445806,0,0,8,0,0,0,0,0
4,CVF_AE_W_O_INIT,scene4_CVF_AE_W_O_INIT_run025.mat,995.456521448322,0,4,10.1789537348077,18,8.21460589391572,1.97454711980763,24,0,25,0,153.21948125302,1.20247059859816,8,7.46964687743586,27.8179582831704,0.0150753768844221,0.166666666666667,8,0,0,0,0,0
4,CVF_AE_W_O_INIT,scene4_CVF_AE_W_O_INIT_run026.mat,350.799984846317,1,0,14.4260009753827,22.4166251132348,11.4328247876482,3.66208513857058,24,0,25,0,152.959270032901,1.20042845396315,8,4.09509838346478,25.8513662322683,0.120603015075377,0.166666666666667,8,0,0,0,0,0
4,CVF_AE_W_O_INIT,scene4_CVF_AE_W_O_INIT_run027.mat,1168.91229124579,0,5,14.5466732514583,18,11.9113628357511,1.36882382580776,24,0,25,0,150.712603038706,1.18279655113156,8,12.2841603481152,34.0445470712683,0,0,8,0,0,0,0,0
4,CVF_AE_W_O_INIT,scene4_CVF_AE_W_O_INIT_run028.mat,708.401702217816,0,2,14.487117962442,19.7505718410939,11.4198819855316,3.00935447098903,24,0,25,0,162.310229574331,1.2738150352601,8,9.07425485813924,27.7813452260646,0,0.166666666666667,8,0,0,0,0,0
4,CVF_AE_W_O_INIT,scene4_CVF_AE_W_O_INIT_run029.mat,317.261314968406,1,0,10.9468964348437,18,8.13327526518963,2.74975063458545,24,0,25,0,150.488433477135,1.18103726239958,8,4.14094155226854,24.179321293036,0.105527638190955,0.333333333333333,8,0,0,0,0,0
4,CVF_AE_W_O_INIT,scene4_CVF_AE_W_O_INIT_run030.mat,403.814822800886,1,0,12.3627051556315,20.3587780797315,9.34485519404346,3.57974554191413,24,0,25,0,161.604334103389,1.26827514867029,8,8.59236406568744,32.4813263750783,0,0,8,0,0,0,0,0
4,CVF_AE_W_O_SPARSEPRESERVATION,scene4_CVF_AE_W_O_SPARSEPRESERVATION_run001.mat,358.124163305447,1,0,14.5957285687632,18,12,1.61086684937918,24,0,25,0,155.650355769191,1.22154816700312,8,1.52557228013255,23.4405405888895,0.180904522613065,0.333333333333333,8,0,0,0,0,0
4,CVF_AE_W_O_SPARSEPRESERVATION,scene4_CVF_AE_W_O_SPARSEPRESERVATION_run002.mat,340.17055198806,1,0,15.747386482858,18.1379182919312,11.6542548554514,2.02603846528777,24,0,25,0,151.85702557836,1.19177800991901,8,3.90005297851226,23.7519361100896,0.120603015075377,0.333333333333333,8,0,0,0,0,0
4,CVF_AE_W_O_SPARSEPRESERVATION,scene4_CVF_AE_W_O_SPARSEPRESERVATION_run003.mat,395.449206423547,1,0,15.7962587057627,18,12,1.18462149827759,24,0,25,0,175.861897882817,1.38016889163427,8,3.12468131369315e-08,3.39932424831739,0.894472361809045,1,8,0,1,0,1,1
4,CVF_AE_W_O_SPARSEPRESERVATION,scene4_CVF_AE_W_O_SPARSEPRESERVATION_run004.mat,377.256647217155,1,0,15.4092939184242,19.8049616893252,12,2.12855337036671,24,0,25,0,161.77265754423,1.26959615554886,8,1.23235117704009,16.2931823973679,0.391959798994975,0.5,8,0,0,0,0,0
4,CVF_AE_W_O_SPARSEPRESERVATION,scene4_CVF_AE_W_O_SPARSEPRESERVATION_run005.mat,382.294716628097,1,0,15.4289024439028,20.4298855416405,12,2.39903549649078,24,0,25,0,175.475424482148,1.37713583801966,8,1.80298905028121,3.70512334419424,0.939698492462312,1,8,0,1,0,1,1
4,CVF_AE_W_O_SPARSEPRESERVATION,scene4_CVF_AE_W_O_SPARSEPRESERVATION_run006.mat,388.752407555705,1,0,18.0980980337434,19.4534375460693,12,1.16472331160894,24,0,25,0,174.51190995998,1.36957415020584,8,4.23681066855978,5.48742960357117,0.92964824120603,1,8,0,1,0,1,1
4,CVF_AE_W_O_SPARSEPRESERVATION,scene4_CVF_AE_W_O_SPARSEPRESERVATION_run007.mat,374.909498288275,1,0,17.137887723886,19.5245573000815,12,1.50378686936004,24,0,25,0,175.350275535394,1.37615366572872,8,0.20781193138879,2.98289399444544,0.949748743718593,1,8,0,1,0,1,1
4,CVF_AE_W_O_SPARSEPRESERVATION,scene4_CVF_AE_W_O_SPARSEPRESERVATION_run008.mat,368.352262573967,1,0,14.2951770277363,18,12,0.980325099295923,24,0,25,0,175.180619124209,1.37482219766315,8,1.00862436624993e-07,2.89524364991311,0.944723618090452,1,8,0,1,0,1,1
4,CVF_AE_W_O_SPARSEPRESERVATION,scene4_CVF_AE_W_O_SPARSEPRESERVATION_run009.mat,400.299890379431,1,0,16.6429866121545,20.5804632283504,12,2.83892697894935,24,0,25,0,175.93041667212,1.38070662893056,8,0.681556279456601,3.94806540609061,0.944723618090452,0.833333333333333,8,0,1,0,1,1
4,CVF_AE_W_O_SPARSEPRESERVATION,scene4_CVF_AE_W_O_SPARSEPRESERVATION_run010.mat,396.14433064329,1,0,16.3296717463275,19.6156357902516,12,2.67530394434426,24,0,25,0,175.358671162201,1.37621955483309,8,2.18522713173156,4.52779270644682,0.959798994974874,0.833333333333333,8,0,1,0,1,1
4,CVF_AE_W_O_SPARSEPRESERVATION,scene4_CVF_AE_W_O_SPARSEPRESERVATION_run011.mat,326.595959954204,1,0,14.4278898356501,18,11.8641068663286,1.83131410115917,24,0,25,0,148.977229349343,1.16917729187044,8,4.36882150367549,23.424489647906,0.0703517587939698,0.333333333333333,8,0,0,0,0,0
4,CVF_AE_W_O_SPARSEPRESERVATION,scene4_CVF_AE_W_O_SPARSEPRESERVATION_run012.mat,382.156739475853,1,0,15.5502529618491,18,12,1.03834211581112,24,0,25,0,173.507741344932,1.36169340798067,8,3.34826404826748,6.21964532749386,0.879396984924623,0.833333333333333,8,0,1,0,1,1
4,CVF_AE_W_O_SPARSEPRESERVATION,scene4_CVF_AE_W_O_SPARSEPRESERVATION_run013.mat,389.377962734836,1,0,15.6554240607366,18.1143825259121,11.5358227525801,1.86007785023583,24,0,25,0,177.059390318824,1.38956684439176,8,0.506327577822596,3.2453933010749,0.984924623115578,1,8,0,1,0,1,1
4,CVF_AE_W_O_SPARSEPRESERVATION,scene4_CVF_AE_W_O_SPARSEPRESERVATION_run014.mat,360.618564001454,1,0,13.0035150217588,18,10.9437112809329,1.39026078676456,24,0,25,0,159.232706928172,1.2496625549863,8,0.616979767708102,15.5511065897122,0.42713567839196,0.5,8,0,0,0,0,0
4,CVF_AE_W_O_SPARSEPRESERVATION,scene4_CVF_AE_W_O_SPARSEPRESERVATION_run015.mat,352.797972223203,1,0,13.9020525009655,18,10.7859560012149,2.11863098941272,24,0,25,0,151.600190365147,1.18976236027676,8,5.274411088519,22.8053661535772,0.165829145728643,0.333333333333333,8,0,0,0,0,0
4,CVF_AE_W_O_SPARSEPRESERVATION,scene4_CVF_AE_W_O_SPARSEPRESERVATION_run016.mat,381.347583368573,1,0,14.0609527187812,18,12,1.5883915484534,24,0,25,0,174.258147147103,1.36758261284384,8,2.86065375430203,5.49396167669042,0.944723618090452,0.833333333333333,8,0,1,0,1,1
4,CVF_AE_W_O_SPARSEPRESERVATION,scene4_CVF_AE_W_O_SPARSEPRESERVATION_run017.mat,337.828677940361,1,0,14.0018278744206,18,11.5178942298693,1.55362939409541,24,0,25,0,152.343709500843,1.19559751839671,8,5.16917406558034,22.8834589430523,0.110552763819095,0.333333333333333,8,0,0,0,0,0
4,CVF_AE_W_O_SPARSEPRESERVATION,scene4_CVF_AE_W_O_SPARSEPRESERVATION_run018.mat,386.8138465888,1,0,16.4061479595718,18.6104316484031,12,1.68226234513617,24,0,25,0,174.804840355724,1.37187307580876,8,0.32097389268958,3.94977759238767,0.924623115577889,0.833333333333333,8,0,1,0,1,1
4,CVF_AE_W_O_SPARSEPRESERVATION,scene4_CVF_AE_W_O_SPARSEPRESERVATION_run019.mat,340.313072723429,1,0,14.7493995926653,18,12,1.13783799874739,24,0,25,0,151.993928720877,1.19285242945356,8,3.89450362371631,26.4933559390474,0.085427135678392,0.166666666666667,8,0,0,0,0,0
4,CVF_AE_W_O_SPARSEPRESERVATION,scene4_CVF_AE_W_O_SPARSEPRESERVATION_run020.mat,392.072120588964,1,0,16.3436938862681,18.9211351184848,12,2.3305542052071,24,0,25,0,175.529841994617,1.37756290811713,8,1.68291297146904,3.53933892859584,0.944723618090452,1,8,0,1,0,1,1
4,CVF_AE_W_O_SPARSEPRESERVATION,scene4_CVF_AE_W_O_SPARSEPRESERVATION_run021.mat,389.481875294478,1,0,16.3281166003341,20.9178476323917,12,1.95877110801259,24,0,25,0,175.590943939968,1.37804243782314,8,2.63471924723517,4.71447190624859,0.889447236180904,0.833333333333333,8,0,1,0,1,1
4,CVF_AE_W_O_SPARSEPRESERVATION,scene4_CVF_AE_W_O_SPARSEPRESERVATION_run022.mat,368.384804783085,1,0,17.3901455086264,18.8882127829428,12,1.31265187192521,24,0,25,0,175.368182908109,1.37629420327012,8,7.84252165431099e-08,2.81076427777905,0.919597989949749,1,8,0,1,0,1,1
4,CVF_AE_W_O_SPARSEPRESERVATION,scene4_CVF_AE_W_O_SPARSEPRESERVATION_run023.mat,382.858512368205,1,0,16.5925259100654,18,12,0.956366070463744,24,0,25,0,178.66323525487,1.40215386246892,8,9.94520803487831e-08,2.62467084407164,1,1,8,0,1,0,1,1
4,CVF_AE_W_O_SPARSEPRESERVATION,scene4_CVF_AE_W_O_SPARSEPRESERVATION_run024.mat,382.672156848494,1,0,14.8760383235554,18.333810988045,12,1.945296970146,24,0,25,0,175.515080239799,1.37744705746936,8,0.847881113068699,3.55981568861555,0.949748743718593,1,8,0,1,0,1,1
4,CVF_AE_W_O_SPARSEPRESERVATION,scene4_CVF_AE_W_O_SPARSEPRESERVATION_run025.mat,387.235742679363,1,0,15.1341601753599,18,12,1.31981994428059,24,0,25,0,173.966650572328,1.36529493990635,8,3.40325493996425,5.897585807718,0.884422110552764,0.833333333333333,8,0,1,0,1,1
4,CVF_AE_W_O_SPARSEPRESERVATION,scene4_CVF_AE_W_O_SPARSEPRESERVATION_run026.mat,381.831232640697,1,0,17.0314107053237,19.4420189548159,12,1.83407900515677,24,0,25,0,176.318226171174,1.38375016828115,8,0.177897475984921,2.82782188019719,0.92964824120603,1,8,0,1,0,1,1
4,CVF_AE_W_O_SPARSEPRESERVATION,scene4_CVF_AE_W_O_SPARSEPRESERVATION_run027.mat,380.339980778955,1,0,14.8796546572492,18,10.4709605501428,1.85819446641591,24,0,25,0,178.299334554029,1.39929796000801,8,0,1.50607360946436,0.989949748743719,1,8,0,1,0,1,1
4,CVF_AE_W_O_SPARSEPRESERVATION,scene4_CVF_AE_W_O_SPARSEPRESERVATION_run028.mat,400.669823336386,1,0,16.71169477783,18.8869900504795,12,1.68371273916301,24,0,25,0,177.35509282454,1.39188752558809,8,0.694171642322813,5.32603663318784,0.834170854271357,0.666666666666667,8,0,1,0,1,1
4,CVF_AE_W_O_SPARSEPRESERVATION,scene4_CVF_AE_W_O_SPARSEPRESERVATION_run029.mat,371.755729165757,1,0,16.467444535036,19.1959201332617,12,2.05880655868795,24,0,25,0,173.568162544718,1.36216759517724,8,1.00141704248786,4.66420905187127,0.904522613065327,1,8,0,1,0,1,1
4,CVF_AE_W_O_SPARSEPRESERVATION,scene4_CVF_AE_W_O_SPARSEPRESERVATION_run030.mat,344.694910338055,1,0,13.8288451033614,18.0225069873912,11.0477421491935,2.02619837428268,24,0,25,0,153.419551504129,1.20404075529524,8,4.86243108227682,24.2319136143698,0.0703517587939698,0.333333333333333,8,0,0,0,0,0
4,CVF_AE_W_O_STATEADAPTIVECVF,scene4_CVF_AE_W_O_STATEADAPTIVECVF_run001.mat,328.3107524786,1,0,14.6459036982784,18.5239719477399,12,1.7268521635593,24,0,25,0,149.104728267249,1.17017790679801,8,4.36989203484321,25.5042058521645,0.0954773869346734,0.333333333333333,8,0,0,0,0,0
4,CVF_AE_W_O_STATEADAPTIVECVF,scene4_CVF_AE_W_O_STATEADAPTIVECVF_run002.mat,393.548085160983,1,0,15.197656657614,18.1345006649762,12,1.47630418575804,24,0,25,0,174.391846290589,1.36863188730806,8,3.17947635146915,5.52754053298988,0.934673366834171,0.666666666666667,8,0,1,0,1,1
4,CVF_AE_W_O_STATEADAPTIVECVF,scene4_CVF_AE_W_O_STATEADAPTIVECVF_run003.mat,389.57276684171,1,0,15.7865955221065,18,12,1.41984906253486,24,0,25,0,176.134302404481,1.38230672962685,8,1.40412899232424,4.69463007817472,0.969849246231156,0.833333333333333,8,0,1,0,1,1
4,CVF_AE_W_O_STATEADAPTIVECVF,scene4_CVF_AE_W_O_STATEADAPTIVECVF_run004.mat,320.287218542527,1,0,13.9487911154337,18.7482620349819,11.3750404157649,2.17395339938043,24,0,25,0,148.468125274645,1.16518182943678,8,6.53058142697121,24.6933731512325,0.0452261306532663,0.333333333333333,8,0,0,0,0,0
4,CVF_AE_W_O_STATEADAPTIVECVF,scene4_CVF_AE_W_O_STATEADAPTIVECVF_run005.mat,324.872273739245,1,0,14.7091830383312,18,11.3340868643786,1.92682958587228,24,0,25,0,148.072898518624,1.16208007925457,8,6.33412908174905,25.2181717631398,0.0753768844221105,0.5,8,0,0,0,0,0
4,CVF_AE_W_O_STATEADAPTIVECVF,scene4_CVF_AE_W_O_STATEADAPTIVECVF_run006.mat,391.672935073013,1,0,16.4809979575463,19.8182199739231,12,2.07429319518413,24,0,25,0,173.92888256351,1.36499853556012,8,4.37476277237877,6.16239964821247,0.914572864321608,1,8,0,1,0,1,1
4,CVF_AE_W_O_STATEADAPTIVECVF,scene4_CVF_AE_W_O_STATEADAPTIVECVF_run007.mat,390.124908616642,1,0,15.6674891582117,18,12,1.64580893071731,24,0,25,0,175.400291984549,1.37654619616326,8,1.97829731626777,4.84696055739677,0.949748743718593,0.833333333333333,8,0,1,0,1,1
4,CVF_AE_W_O_STATEADAPTIVECVF,scene4_CVF_AE_W_O_STATEADAPTIVECVF_run008.mat,323.786405889877,1,0,11.5884924700411,18,9.23735614964795,2.57723237688858,24,0,25,0,150.02639041825,1.17741113608031,8,3.63100235662198,25.2081741939051,0.0804020100502513,0.166666666666667,8,0,0,0,0,0
4,CVF_AE_W_O_STATEADAPTIVECVF,scene4_CVF_AE_W_O_STATEADAPTIVECVF_run009.mat,324.488607677959,1,0,12.153459258424,18,9.76866215642135,2.52449305166562,24,0,25,0,148.406993603022,1.16470206643819,8,5.33098706631069,24.1044606690384,0.0653266331658292,0.166666666666667,8,0,0,0,0,0
4,CVF_AE_W_O_STATEADAPTIVECVF,scene4_CVF_AE_W_O_STATEADAPTIVECVF_run010.mat,396.406062491036,1,0,15.8495890360321,18.0052355567735,12,1.47942069039584,24,0,25,0,175.192261134645,1.37491356447331,8,1.37537945350677,3.69792710573031,0.969849246231156,1,8,0,1,0,1,1
4,CVF_AE_W_O_STATEADAPTIVECVF,scene4_CVF_AE_W_O_STATEADAPTIVECVF_run011.mat,393.795202721885,1,0,14.7920666535351,18,11.8790711651009,1.82408057941007,24,0,25,0,176.209730429796,1.3828986907927,8,0.765767217526089,3.59746111602252,0.974874371859296,0.833333333333333,8,0,1,0,1,1
4,CVF_AE_W_O_STATEADAPTIVECVF,scene4_CVF_AE_W_O_STATEADAPTIVECVF_run012.mat,322.077843209931,1,0,13.7682839748745,18,11.6572061425289,1.51903521988434,24,0,25,0,146.584855599451,1.15040187851192,8,6.72833181685791,21.9710738051235,0.0603015075376884,0.166666666666667,8,0,0,0,0,0
4,CVF_AE_W_O_STATEADAPTIVECVF,scene4_CVF_AE_W_O_STATEADAPTIVECVF_run013.mat,387.954434675994,1,0,14.974113408244,18,12,1.53404645650999,24,0,25,0,173.082338867236,1.35835483792537,8,3.37487023930163,4.96830542539275,0.92964824120603,1,8,0,1,0,1,1
4,CVF_AE_W_O_STATEADAPTIVECVF,scene4_CVF_AE_W_O_STATEADAPTIVECVF_run014.mat,401.847842592651,1,0,18.1973459804481,22.7966804756093,12,2.95295772429505,24,0,25,0,176.527555144022,1.38539298767478,8,0.85838136170095,4.48915251546894,0.974874371859296,1,8,0,1,0,1,1
4,CVF_AE_W_O_STATEADAPTIVECVF,scene4_CVF_AE_W_O_STATEADAPTIVECVF_run015.mat,391.349246782403,1,0,16.3627413021385,18.39806624679,12,1.95676127716601,24,0,25,0,173.900015257909,1.36477198417147,8,3.00134237291493,4.89135814368639,0.939698492462312,0.833333333333333,8,0,1,0,1,1
4,CVF_AE_W_O_STATEADAPTIVECVF,scene4_CVF_AE_W_O_STATEADAPTIVECVF_run016.mat,385.022366600976,1,0,15.3589855074305,18,12,1.34134638127346,24,0,25,0,172.438328286695,1.35330062561533,8,2.8591293405932,5.63986265010969,0.904522613065327,1,8,0,1,0,1,1
4,CVF_AE_W_O_STATEADAPTIVECVF,scene4_CVF_AE_W_O_STATEADAPTIVECVF_run017.mat,321.395854538936,1,0,11.8402690505518,18,8.99097044979621,2.61167323004326,24,0,25,0,148.407984935976,1.16470984644579,8,7.05556425768903,23.6510718934851,0.0351758793969849,0.166666666666667,8,0,0,0,0,0
4,CVF_AE_W_O_STATEADAPTIVECVF,scene4_CVF_AE_W_O_STATEADAPTIVECVF_run018.mat,332.522622395673,1,0,14.3712022090178,20.4263321950892,11.0775957097143,2.66952565808562,24,0,25,0,150.599675941663,1.18191029624499,8,4.68638993750429,25.6486199951287,0.0753768844221105,0.333333333333333,8,0,0,0,0,0
4,CVF_AE_W_O_STATEADAPTIVECVF,scene4_CVF_AE_W_O_STATEADAPTIVECVF_run019.mat,319.37965079282,1,0,12.0591360757208,18,9.71157174262689,2.55801032175364,24,0,25,0,149.904433260644,1.17645401303623,8,4.45415789049494,26.0275951453888,0.0804020100502513,0.333333333333333,8,0,0,0,0,0
4,CVF_AE_W_O_STATEADAPTIVECVF,scene4_CVF_AE_W_O_STATEADAPTIVECVF_run020.mat,395.326720280524,1,0,15.0236463746998,18,12,1.6175775939942,24,0,25,0,173.211690266943,1.35936999117979,8,2.72790416109822,5.55691530390678,0.824120603015075,0.833333333333333,8,0,1,0,1,1
4,CVF_AE_W_O_STATEADAPTIVECVF,scene4_CVF_AE_W_O_STATEADAPTIVECVF_run021.mat,395.848720852924,1,0,15.6769065831439,18.2006749903826,12,1.65020109559704,24,0,25,0,177.448228920007,1.39261846016345,8,0.873148136100141,2.91127946647399,1,1,8,0,1,0,1,1
4,CVF_AE_W_O_STATEADAPTIVECVF,scene4_CVF_AE_W_O_STATEADAPTIVECVF_run022.mat,328.776883745596,1,0,13.1349496084255,18.1229470530818,10.1085756386012,2.23206190376222,24,0,25,0,149.263850300034,1.17142670077935,8,4.67001531150694,23.3897262345,0.135678391959799,0.5,8,0,0,0,0,0
4,CVF_AE_W_O_STATEADAPTIVECVF,scene4_CVF_AE_W_O_STATEADAPTIVECVF_run023.mat,390.360639064911,1,0,15.2089807296271,18,12,1.83360248577144,24,0,25,0,175.199978281301,1.37497412884726,8,0.961623449492976,3.60800873538896,0.954773869346734,1,8,0,1,0,1,1
4,CVF_AE_W_O_STATEADAPTIVECVF,scene4_CVF_AE_W_O_STATEADAPTIVECVF_run024.mat,334.698613870519,1,0,14.2036194450967,18,12,2.0371804388339,24,0,25,0,146.634517551947,1.15079162684717,8,4.79626279307777,23.9010597799224,0.0904522613065327,0.333333333333333,8,0,0,0,0,0
4,CVF_AE_W_O_STATEADAPTIVECVF,scene4_CVF_AE_W_O_STATEADAPTIVECVF_run025.mat,319.790556875046,1,0,12.3718023901708,18.9071263959393,9.71363888587722,2.78874521031951,24,0,25,0,149.718006170731,1.17499092823416,8,5.2945943518462,25.0657252091784,0.0703517587939698,0.333333333333333,8,0,0,0,0,0
4,CVF_AE_W_O_STATEADAPTIVECVF,scene4_CVF_AE_W_O_STATEADAPTIVECVF_run026.mat,318.729082826949,1,0,16.2193696104892,19.6437068218547,12,1.79645848807524,24,0,25,0,147.605552223031,1.15841233299138,8,4.03549728827254,26.7155760070645,0.0703517587939698,0.333333333333333,8,0,0,0,0,0
4,CVF_AE_W_O_STATEADAPTIVECVF,scene4_CVF_AE_W_O_STATEADAPTIVECVF_run027.mat,399.311822013046,1,0,15.7271016518966,18,12,1.66476511090094,24,0,25,0,177.916173006999,1.39629089790958,8,2.20071860339487,4.59536826192883,1,0.833333333333333,8,0,1,0,1,1
4,CVF_AE_W_O_STATEADAPTIVECVF,scene4_CVF_AE_W_O_STATEADAPTIVECVF_run028.mat,328.039776735672,1,0,11.2386661831509,18.6470297833965,8.60163195640675,3.3697177905946,24,0,25,0,150.009783577548,1.17728080514905,8,4.98709325321489,22.5021149529834,0.150753768844221,0.5,8,0,0,0,0,0
4,CVF_AE_W_O_STATEADAPTIVECVF,scene4_CVF_AE_W_O_STATEADAPTIVECVF_run029.mat,396.742805295499,1,0,18.3908762569613,20.9774503761649,12,2.36292128575907,24,0,25,0,175.532582190444,1.37758441324747,8,2.43025996580163,4.37918308816037,0.964824120603015,1,8,0,1,0,1,1
4,CVF_AE_W_O_STATEADAPTIVECVF,scene4_CVF_AE_W_O_STATEADAPTIVECVF_run030.mat,393.327756899669,1,0,17.5156621128331,20.6843835765765,12,1.75670794266278,24,0,25,0,174.027743460849,1.36577439853412,8,0.841465716454309,4.25715246946354,0.944723618090452,0.833333333333333,8,0,1,0,1,1
4,CVF_AE,scene4_CVF_AE_run001.mat,362.503869127936,1,0,18.5464532690824,22.3613948403064,12,2.2062360820584,24,0,25,0,155.276196732735,1.21861175684914,8,3.81867380211394,22.8142868360782,0.175879396984925,0.333333333333333,8,0,0,0,0,0
4,CVF_AE,scene4_CVF_AE_run002.mat,324.053085987598,1,0,12.8439001240434,18,11.2494514294495,1.50312635191828,24,0,25,0,149.216950135426,1.17105862702953,8,6.28883807145593,27.9180174863607,0.0301507537688442,0.333333333333333,8,0,0,0,0,0
4,CVF_AE,scene4_CVF_AE_run003.mat,334.871343285369,1,0,13.910821628367,18,10.551434833343,2.61849020385219,24,0,25,0,151.704670782514,1.19058232539468,8,4.96963324193063,24.5490103704053,0.0351758793969849,0.166666666666667,8,0,0,0,0,0
4,CVF_AE,scene4_CVF_AE_run004.mat,379.362838467725,1,0,15.5336167897798,19.4910880026189,11.1493042656368,2.28892185882638,24,0,25,0,175.859871037149,1.3801529848951,8,2.73724793942165e-08,2.48653362442225,0.964824120603015,1,8,0,1,0,1,1
4,CVF_AE,scene4_CVF_AE_run005.mat,342.892124947772,1,0,12.9207798822267,18,8.73088742933285,3.45284428870539,24,0,25,0,152.398842656978,1.19603020488487,8,5.24399033105816,20.279656794675,0.135678391959799,0.333333333333333,8,0,0,0,0,0
4,CVF_AE,scene4_CVF_AE_run006.mat,378.716618501342,1,0,17.3182124419902,19.6290227418741,12,1.13410912917202,24,0,25,0,176.612764652529,1.38606171418307,8,0.986357944055882,3.28353830047097,0.959798994974874,1,8,0,1,0,1,1
4,CVF_AE,scene4_CVF_AE_run007.mat,341.916765410863,1,0,16.9638961889372,18.7075651608689,12,1.36203828392152,24,0,25,0,152.564219534731,1.19732808705729,8,3.21574170369974,22.8241309068422,0.14572864321608,0.333333333333333,8,0,0,0,0,0
4,CVF_AE,scene4_CVF_AE_run008.mat,355.8354157287,1,0,16.0072536125239,21.0168414226018,12,2.76920851984492,24,0,25,0,155.919425282501,1.22365983176068,8,4.91434557309887,25.248641052379,0.0954773869346734,0.333333333333333,8,0,0,0,0,0
4,CVF_AE,scene4_CVF_AE_run009.mat,333.555780474083,1,0,16.2890063318387,20.9366717152871,12,2.42641845490659,24,0,25,0,151.829091769841,1.1915587846405,8,3.40240574361732,23.5272214319415,0.115577889447236,0.333333333333333,8,0,0,0,0,0
4,CVF_AE,scene4_CVF_AE_run010.mat,325.369073993059,1,0,14.6925837161842,18,11.4572661306882,1.7107521626514,24,0,25,0,149.60685015356,1.17411857282992,8,6.36323840921697,24.7482786886027,0.0552763819095477,0.333333333333333,8,0,0,0,0,0
4,CVF_AE,scene4_CVF_AE_run011.mat,380.414648640859,1,0,18.0631878786052,20.7000481290846,12,2.15642425335508,24,0,25,0,174.088452198651,1.36625084233675,8,1.6676639868286,4.37108793836911,0.919597989949749,1,8,0,1,0,1,1
4,CVF_AE,scene4_CVF_AE_run012.mat,377.586228144335,1,0,16.9647878078892,21.0784443426312,12,2.08605448285902,24,0,25,0,176.274233552418,1.38340491302916,8,0.912382038357206,2.758943676338,0.954773869346734,1,8,0,1,0,1,1
4,CVF_AE,scene4_CVF_AE_run013.mat,326.752201813948,1,0,14.01179016325,18,12,1.3043187207199,24,0,25,0,150.188421296824,1.17868275876143,8,3.63546829080334,25.1788275395912,0.0804020100502513,0.166666666666667,8,0,0,0,0,0
4,CVF_AE,scene4_CVF_AE_run014.mat,327.597829941766,1,0,12.0231985002591,18,10.0353274203779,1.88658444583563,24,0,25,0,149.972929308314,1.17699157185557,8,7.09099911786825,22.6250289737584,0.050251256281407,0.333333333333333,8,0,0,0,0,0
4,CVF_AE,scene4_CVF_AE_run015.mat,331.019414687867,1,0,13.3673333616907,20.5307430605777,10.3357446621563,3.52338831941905,24,0,25,0,152.17624589135,1.19428325949762,8,5.22561830221899,24.8867871021899,0.0452261306532663,0.166666666666667,8,0,0,0,0,0
4,CVF_AE,scene4_CVF_AE_run016.mat,335.546867005209,1,0,15.7588413721951,18,12,0.805299464681481,24,0,25,0,153.670972556102,1.20601391445485,8,4.89052528902659,28.4006526077423,0.0402010050251256,0.333333333333333,8,0,0,0,0,0
4,CVF_AE,scene4_CVF_AE_run017.mat,339.771919985898,1,0,15.5234376439778,18,12,1.40163105555372,24,0,25,0,151.292038223687,1.18734397400518,8,4.92348057501709,23.211837153584,0.115577889447236,0.333333333333333,8,0,0,0,0,0
4,CVF_AE,scene4_CVF_AE_run018.mat,403.570222826108,1,0,15.7021098470449,18.2657856131347,12,1.63229895742611,24,0,25,0,176.943470957373,1.38865710613385,8,0.478236733770005,3.05057603525007,0.959798994974874,0.833333333333333,8,0,1,0,1,1
4,CVF_AE,scene4_CVF_AE_run019.mat,368.145439702466,1,0,15.2337903748142,18,12,1.11542554431319,24,0,25,0,172.975973405599,1.35752007892946,8,2.16620191402068,4.87179620620327,0.914572864321608,1,8,0,1,0,1,1
4,CVF_AE,scene4_CVF_AE_run020.mat,370.918421578122,1,0,14.7710050623747,18,12,1.35432695092429,24,0,25,0,156.2703494022,1.22641389366473,8,4.04615485415505,20.7720163875895,0.170854271356784,0.5,8,0,0,0,0,0
4,CVF_AE,scene4_CVF_AE_run021.mat,332.369615913314,1,0,15.2817171459759,18,12,1.13570951509083,24,0,25,0,152.318513005686,1.19539977562689,8,5.5747727261388,23.8879349680809,0.0804020100502513,0.333333333333333,8,0,0,0,0,0
4,CVF_AE,scene4_CVF_AE_run022.mat,326.144767889046,1,0,15.2066190194684,20.0275974730358,11.9122170008352,2.63160971677855,24,0,25,0,149.667589182364,1.17459525435714,8,5.75534308743759,25.4713397990954,0.0351758793969849,0.333333333333333,8,0,0,0,0,0
4,CVF_AE,scene4_CVF_AE_run023.mat,358.43596239969,1,0,16.3545400392515,18,12,0.81809924615585,24,0,25,0,156.430209942743,1.22766848347476,8,3.803293035488,23.2125100144354,0.120603015075377,0.333333333333333,8,0,0,0,0,0
4,CVF_AE,scene4_CVF_AE_run024.mat,341.908031768379,1,0,17.4126791622075,19.9793271952528,12,1.95157178437513,24,0,25,0,149.948581927852,1.17680049296065,8,6.83430465847088,22.8867696501004,0.0653266331658292,0.166666666666667,8,0,0,0,0,0
4,CVF_AE,scene4_CVF_AE_run025.mat,334.450584387554,1,0,14.7523311580983,21.6766271600017,11.7992190655976,3.50321913679049,24,0,25,0,150.766470531667,1.18321930466118,8,3.73057393127499,25.9288189875705,0.0804020100502513,0.333333333333333,8,0,0,0,0,0
4,CVF_AE,scene4_CVF_AE_run026.mat,356.321263057056,1,0,13.7113943704496,18.058234951308,11.2158452527324,2.2150550160803,24,0,25,0,153.920564541658,1.20797271905217,8,2.19791358156105,21.8131006814541,0.195979899497487,0.5,8,0,0,0,0,0
4,CVF_AE,scene4_CVF_AE_run027.mat,356.314765042741,1,0,16.6639340144077,20.706328880992,10.5234519973652,2.8247627008796,24,0,25,0,154.913502180073,1.21576532027149,8,3.65398542183772,25.339203920408,0.0954773869346734,0.333333333333333,8,0,0,0,0,0
4,CVF_AE,scene4_CVF_AE_run028.mat,322.443606953248,1,0,16.1259587654609,19.0799352280477,12,2.69022147629523,24,0,25,0,148.456868124861,1.16509348302334,8,5.68134223442877,24.017114175135,0.0804020100502513,0.333333333333333,8,0,0,0,0,0
4,CVF_AE,scene4_CVF_AE_run029.mat,323.29633112456,1,0,12.0170466726406,18,10.4408430965213,1.54498708567678,24,0,25,0,150.129503358688,1.17822036920261,8,4.14723722636549,26.0632579240981,0.0753768844221105,0.333333333333333,8,0,0,0,0,0
4,CVF_AE,scene4_CVF_AE_run030.mat,365.48207123922,1,0,14.722167008542,18,11.8565795533845,1.73457484314605,24,0,25,0,155.25954798199,1.21848109700674,8,1.29365289143414,17.6052507118265,0.271356783919598,0.5,8,0,0,0,0,0
