Scene,Algorithm,RunFile,BestFitness,Feasible,Violation,MeanZ,MaxZ,MinZ,StdZ,HighThreshold,HighAltitudeFrac,VeryHighThreshold,VeryHighAltitudeFrac,PathLength,DetourRatio,BoundaryBand,MinBoundaryDist,MeanBoundaryDist,BoundaryHugFrac,ControlPointBoundaryHugFrac,NumControlPoints,HighAltitudeFlag,BoundaryHugFlag,ExcessiveDetourFlag,ControlPointEdgeFlag,VisualReviewFlag
1,AE,scene1_AE_run001.mat,558.928605393085,1,0,23.1503431926079,26.7684965831865,12,2.8050055575433,24,0.336363636363636,32,0,188.461458916373,1.47905058457693,8,15.1349828915645,38.4313576664981,0,0,8,0,0,0,0,0
1,AE,scene1_AE_run002.mat,1279.51893193315,0,4,24.1895712876413,29.8664524077704,12,3.93916955106381,24,0.481818181818182,32,0,183.147972929683,1.43735020403259,8,17.0611305663799,39.3776378185751,0,0,8,0,0,0,0,0
1,AE,scene1_AE_run003.mat,376.586336169026,1,0,25.5611739577948,28.9176528567108,12,3.48423723926011,24,0.777272727272727,32,0,145.213340290999,1.13963818958377,8,13.9870777144291,30.4255490657649,0,0,8,1,0,0,0,1
1,AE,scene1_AE_run004.mat,402.103765992682,1,0,24.6716117655086,28.4699200824245,12,3.56606166463286,24,0.731818181818182,32,0,149.516007624279,1.1734056382235,8,11.8913497750494,29.8489104661559,0,0,8,1,0,0,0,1
1,AE,scene1_AE_run005.mat,498.153880940116,1,0,22.6547670406331,25.6950705437608,12,2.77127128749245,24,0.322727272727273,32,0,156.23062083798,1.22610210282712,8,15.6174167197449,32.7596215389667,0,0,8,0,0,0,0,0
1,AE,scene1_AE_run006.mat,360.64451388989,1,0,25.675272716945,28.7907698523883,12,3.33846987759727,24,0.804545454545455,32,0,143.603851229383,1.12700687625774,8,10.273217093939,34.4281575670704,0,0,8,1,0,0,0,1
1,AE,scene1_AE_run007.mat,377.373130360499,1,0,24.4146689409415,28.4550086292708,12,3.97717292871727,24,0.604545454545454,32,0,161.35670227783,1.26633172746121,8,5.03123564882473,14.5835567378066,0.110552763819095,0.166666666666667,8,1,0,0,0,1
1,AE,scene1_AE_run008.mat,348.477771042019,1,0,21.7029529392646,23.6342835076816,12,2.34441648437463,24,0,32,0,148.457987079145,1.16510226460656,8,10.6094411158491,33.4524630187499,0,0,8,0,0,0,0,0
1,AE,scene1_AE_run009.mat,763.08559902645,0,1,21.3990369025919,24.1735135235834,12,2.2458937737042,24,0.0681818181818182,32,0,190.612412162635,1.49593132334747,8,22.9016416571904,34.7218348600199,0,0,8,0,0,0,0,0
1,AE,scene1_AE_run010.mat,779.524151249082,0,1,23.4026652453944,27.6407381419849,12,4.42094460806183,24,0.609090909090909,32,0,202.26730718388,1.58739925208723,8,14.9842890364267,38.6634848081175,0,0,8,1,0,0,0,1
1,AE,scene1_AE_run011.mat,368.659326793967,1,0,23.9565197445057,27.0764808937772,12,2.79398186614148,24,0.545454545454545,32,0,145.531081309397,1.14213182961875,8,8.99992386729787,25.976914950519,0,0,8,1,0,0,0,1
1,AE,scene1_AE_run012.mat,536.440023405479,1,0,23.4557093614555,27.508263009241,12,2.72004326496634,24,0.404545454545455,32,0,171.21308838329,1.34368490998945,8,14.0123784368188,32.9181158947471,0,0,8,0,0,0,0,0
1,AE,scene1_AE_run013.mat,1004.84026664215,0,4,20.9677132130345,24.1775262047179,12,2.3681610479489,24,0.0681818181818182,32,0,144.751761066831,1.1360157034518,8,15.349699500155,37.8556581789766,0,0,8,0,0,0,0,0
1,AE,scene1_AE_run014.mat,439.362631062512,1,0,27.9252413629502,33.9615188174097,12,5.92758623962989,24,0.740909090909091,32,0.318181818181818,153.434743039665,1.2041599788736,8,12.7819824403311,38.2715593006524,0,0,8,1,0,0,0,1
1,AE,scene1_AE_run015.mat,1267.43116621474,0,5,21.867952380946,24.0012603825855,12,2.28367586366412,24,0.00454545454545455,32,0,148.18600848926,1.16296776933801,8,17.031188812404,41.2132574334356,0,0,8,0,0,0,0,0
1,AE,scene1_AE_run016.mat,366.589208800534,1,0,31.7756633674388,35.9891048864941,12,4.94383767205435,24,0.922727272727273,32,0.586363636363636,146.349294469207,1.14855318844344,8,11.0621079242486,28.3822872673481,0,0,8,1,0,0,0,1
1,AE,scene1_AE_run017.mat,448.835215366402,1,0,25.7983834669635,28.9401636871075,12,2.74871600253341,24,0.890909090909091,32,0,156.77383612091,1.23036527093793,8,16.3911264277106,32.257451440993,0,0,8,1,0,0,0,1
1,AE,scene1_AE_run018.mat,437.564333580081,1,0,23.4087131381488,26.1565168718392,12,2.3313627509145,24,0.454545454545455,32,0,151.194758901416,1.18658052327472,8,9.86448404933482,21.1010784047055,0,0,8,0,0,0,0,0
1,AE,scene1_AE_run019.mat,361.45326724139,1,0,28.0889260085529,30.0656670492214,12,3.50294885134581,24,0.881818181818182,32,0,150.596437845427,1.18188488357887,8,8.82981208093786,33.948091097588,0,0.166666666666667,8,1,0,0,0,1
1,AE,scene1_AE_run020.mat,1131.47541718773,0,4,24.6761640153118,29.6181507939519,12,3.4254250654522,24,0.75,32,0,162.709322527565,1.27694712746174,8,15.4873330879112,39.2675973202963,0,0,8,1,0,0,0,1
1,AE,scene1_AE_run021.mat,586.906851980242,1,0,24.562705803822,30.8945219125921,12,4.91186043520707,24,0.572727272727273,32,0,182.384148290655,1.43135568777783,8,13.160483118691,38.0165951159317,0,0,8,1,0,0,0,1
1,AE,scene1_AE_run022.mat,1058.66881459688,0,4,23.1933552249599,25.3756646131938,12,2.38303658295488,24,0.477272727272727,32,0,148.157025222249,1.16274030788111,8,15.8491870744563,41.4002999478289,0,0,8,0,0,0,0,0
1,AE,scene1_AE_run023.mat,363.28776814809,1,0,29.9322240938027,32.8653995607314,12,4.27132099229255,24,0.886363636363636,32,0.559090909090909,149.547345032287,1.17365157504209,8,8.62375201540435,25.3630460637746,0,0.166666666666667,8,1,0,0,0,1
1,AE,scene1_AE_run024.mat,964.770056138498,0,3,22.9557091394752,26.3337998344103,12,2.83886450986852,24,0.3,32,0,153.340597670105,1.20342112348808,8,11.0095815529362,29.8911485655741,0,0,8,0,0,0,0,0
1,AE,scene1_AE_run025.mat,604.362371511353,0,1,24.6750676618119,28.7933505307008,12,4.62663976063499,24,0.7,32,0,156.30310570274,1.22667096598997,8,13.8268419771368,27.4620766817808,0,0,8,1,0,0,0,1
1,AE,scene1_AE_run026.mat,1119.92249850256,0,4,25.408433891828,30.4051331559101,12,3.25949300677013,24,0.795454545454545,32,0,167.154183449997,1.31183051520312,8,10.1654456515766,38.1906295968354,0,0,8,1,0,0,0,1
1,AE,scene1_AE_run027.mat,354.79516955824,1,0,25.7137878853852,32.8022358293894,12,5.53543780417052,24,0.568181818181818,32,0.195454545454545,140.559079267334,1.10311142423128,8,13.0900967153791,28.8410019664537,0,0,8,1,0,0,0,1
1,AE,scene1_AE_run028.mat,1091.00970755465,0,3,25.1141697809449,29.9526855186347,12,4.38805609704194,24,0.7,32,0,188.49398326552,1.47930583654142,8,15.4989212289662,28.8601664398801,0,0,8,1,0,0,0,1
1,AE,scene1_AE_run029.mat,365.014410119469,1,0,25.8275672764536,28.9812239371046,12,3.11816727062001,24,0.854545454545454,32,0,152.100587793942,1.19368949271983,8,12.8980152117377,32.9119429192794,0,0,8,1,0,0,0,1
1,AE,scene1_AE_run030.mat,1070.13197761793,0,4,24.1341004213088,28.0051993204463,12,3.1712680505587,24,0.531818181818182,32,0,149.497629746752,1.17326140814773,8,13.1237411023286,41.7870806795063,0,0,8,1,0,0,0,1
1,PSO,scene1_PSO_run001.mat,430.240392242059,1,0,13.2886168027839,29.3419854701894,8.95597942175091,6.18094921169404,24,0.122727272727273,32,0,182.147863739086,1.42950132027938,8,3.87885847885627e-08,2.9561553613958,0.939698492462312,0.833333333333333,8,0,1,0,1,1
1,PSO,scene1_PSO_run002.mat,929.907361583664,0,4,18.595426399039,19.4361469240684,12,1.3086635522953,24,0,32,0,139.654201725429,1.09600992101136,8,3.21752246894636,17.8902517201255,0.130653266331658,0.166666666666667,8,0,0,0,0,0
1,PSO,scene1_PSO_run003.mat,361.389259830161,1,0,26.4413573491034,28.1061783225609,12,3.20069724939479,24,0.85,32,0,146.103573966474,1.14662476734716,8,6.60656460320878,36.0054766507023,0.0150753768844221,0.166666666666667,8,1,0,0,0,1
1,PSO,scene1_PSO_run004.mat,486.564973719733,1,0,20.0863092785795,22.098344771238,12,1.95049483034459,24,0,32,0,176.500787687814,1.38518291596049,8,9.31203038846751,34.5216660313759,0,0,8,0,0,0,0,0
1,PSO,scene1_PSO_run005.mat,374.227695124645,1,0,18.7237299700829,31.1165874870322,9.3267480362858,7.70506522412359,24,0.272727272727273,32,0,149.495918374688,1.17324797725387,8,6.23742145929911,19.4851657422364,0.170854271356784,0.166666666666667,8,0,0,0,0,0
1,PSO,scene1_PSO_run006.mat,887.236971471526,0,2,21.1951759475162,38.6487899995996,10.0487038768312,10.5494852983865,24,0.390909090909091,32,0.25,181.374347180006,1.4234307415761,8,9.55279579637117,28.6894945631841,0,0.166666666666667,8,1,0,0,0,1
1,PSO,scene1_PSO_run007.mat,303.307152320442,1,0,23.0700655531996,30.119613338593,12,2.80157565978385,24,0.2,32,0,154.606674215201,1.21335732617329,8,1.27428023688481e-08,3.50742089215704,0.839195979899497,0.833333333333333,8,0,1,0,1,1
1,PSO,scene1_PSO_run008.mat,374.55999504309,1,0,29.2853602962966,39.9999976265366,12,9.32492145479607,24,0.65,32,0.477272727272727,154.130229223082,1.20961817309571,8,1.50923132837977,23.0580759689397,0.175879396984925,0.5,8,1,0,0,0,1
1,PSO,scene1_PSO_run009.mat,299.47228167019,1,0,12.4938445927445,18,8.63684720494196,2.96670491799577,24,0,32,0,139.026181215204,1.09108119920206,8,6.05881712823633,12.7830002951444,0.422110552763819,0.5,8,0,0,0,0,0
1,PSO,scene1_PSO_run010.mat,817.576307960266,1,0,16.8550735841451,33.609518773465,8.00005127995856,8.88146429141155,24,0.259090909090909,32,0.0863636363636364,287.625950532195,2.25729617461419,8,14.8425977552268,28.9815298823685,0,0.333333333333333,8,0,0,1,0,1
1,PSO,scene1_PSO_run011.mat,283.495066923904,1,4.44089209850063e-14,8.72899958004311,18,8,1.74679831972043,24,0,32,0,134.763642261745,1.0576286791635,8,12.6221152171162,28.4581315119126,0,0,8,0,0,0,0,0
1,PSO,scene1_PSO_run012.mat,309.411643958523,1,0,22.8473258559569,26.4179447102563,12,3.19517678223864,24,0.527272727272727,32,0,141.499914778594,1.11049512655918,8,3.85268801540352,18.077729808802,0.0804020100502513,0.166666666666667,8,1,0,0,0,1
1,PSO,scene1_PSO_run013.mat,311.975132872525,1,0,11.4073018931416,18,8.32056727489467,2.02277889330812,24,0,32,0,138.116504310495,1.08394203045412,8,9.7167070500947,24.0888617086994,0,0,8,0,0,0,0,0
1,PSO,scene1_PSO_run014.mat,299.554715457409,1,0,23.2944938097114,26.0872124257928,12,2.67081592068974,24,0.368181818181818,32,0,138.804325198053,1.08934006722873,8,9.82821301229371,22.6293741502556,0,0,8,0,0,0,0,0
1,PSO,scene1_PSO_run015.mat,339.517044722067,1,0,13.7295912757668,18,11.999972722178,1.98455826185242,24,0,32,0,160.081915756481,1.25632716864875,8,0.895401976738185,7.51085326297915,0.587939698492462,1,8,0,0,0,1,1
1,PSO,scene1_PSO_run016.mat,304.774145142308,1,0,30.7952169590501,32.9722170184486,12,4.12806422022569,24,0.913636363636364,32,0.654545454545455,142.487366974489,1.11824467787847,8,13.1291687591858,25.8178949922388,0,0,8,1,0,0,0,1
1,PSO,scene1_PSO_run017.mat,315.400492018472,1,0,35.800808966473,39.9998933181133,12,6.36688410830594,24,0.913636363636364,32,0.795454545454545,145.16564318543,1.13926386141991,8,6.70856437867371,28.3258235335666,0.0251256281407035,0.166666666666667,8,1,0,0,0,1
1,PSO,scene1_PSO_run018.mat,366.695176246093,1,0,30.2565095895202,39.4500742953222,12,6.99763155155236,24,0.822727272727273,32,0.440909090909091,154.814720095418,1.21499007582154,8,1.01376178721519,19.6209409598,0.246231155778894,0.333333333333333,8,1,0,0,0,1
1,PSO,scene1_PSO_run019.mat,395.826796203383,1,0,34.1567741569073,38.1978576652023,12,4.60347544104919,24,0.940909090909091,32,0.859090909090909,173.868858408057,1.36452746437812,8,1.10196381412957,7.74739192259772,0.758793969849246,0.833333333333333,8,1,1,0,1,1
1,PSO,scene1_PSO_run020.mat,358.023180077484,1,0,31.0057033142799,39.4896379015841,12,6.32690970947916,24,0.863636363636364,32,0.436363636363636,152.952647969466,1.2003764838317,8,3.1734475973492,20.6749664616632,0.14070351758794,0.166666666666667,8,1,0,0,0,1
1,PSO,scene1_PSO_run021.mat,312.940700600416,1,0,25.5224547353481,27.5610454024888,12,2.81354963578924,24,0.840909090909091,32,0,137.787898375283,1.08136312226056,8,10.9746442781625,24.100785665414,0,0,8,1,0,0,0,1
1,PSO,scene1_PSO_run022.mat,341.254632769655,1,0,20.8389595095907,21.760305761311,12,1.77558493836703,24,0,32,0,159.422332613893,1.25115074245407,8,3.38534803745461e-07,8.73772940426186,0.537688442211055,0.666666666666667,8,0,0,0,1,1
1,PSO,scene1_PSO_run023.mat,330.224245538048,1,0,34.3175907313093,39.9357017798007,12,7.38568789590177,24,0.85,32,0.722727272727273,149.492228830004,1.17321902160822,8,7.17531110839269,22.2374474453159,0.115577889447236,0.333333333333333,8,1,0,0,0,1
1,PSO,scene1_PSO_run024.mat,410.508479688738,1,0,20.0160045481188,24.711516533449,9.65975097503477,5.54501787333191,24,0.413636363636364,32,0,155.780673609881,1.2225709049123,8,1.65556457432103e-11,9.67978887857313,0.64321608040201,0.666666666666667,8,0,0,0,1,1
1,PSO,scene1_PSO_run025.mat,270.633620662372,1,0,8.79087740560298,18,8.03712238742766,1.75127433290356,24,0,32,0,134.964091584118,1.05920181082203,8,10.9245567413161,20.1290923631467,0,0,8,0,0,0,0,0
1,PSO,scene1_PSO_run026.mat,383.591251788985,1,0,21.5220769446388,27.0178624564697,12,2.97835614026703,24,0.231818181818182,32,0,157.90893939198,1.23927359185555,8,3.16823858006941,16.0101271361383,0.14070351758794,0.333333333333333,8,0,0,0,0,0
1,PSO,scene1_PSO_run027.mat,1131.51377095827,0,4,22.4166831730138,23.4694541081465,12,1.96977407554606,24,0,32,0,165.301184406571,1.29728812900831,8,13.3686731427603,36.4482134019146,0,0,8,0,0,0,0,0
1,PSO,scene1_PSO_run028.mat,302.331957245292,1,0,32.8994350200255,35.4129522572892,12,4.53164995242895,24,0.927272727272727,32,0.813636363636364,143.322405252694,1.12479808068361,8,14.7438388967003,28.0347877994083,0,0,8,1,0,0,0,1
1,PSO,scene1_PSO_run029.mat,321.58647232183,1,0,37.2272328453825,39.9902631187916,12,5.71009415248348,24,0.940909090909091,32,0.868181818181818,151.627031904938,1.18997301340099,8,2.61708751193805,9.76432710840481,0.291457286432161,0.166666666666667,8,1,0,0,0,1
1,PSO,scene1_PSO_run030.mat,346.730744341142,1,0,28.0961188592472,35.4272900241574,12,4.81576502894509,24,0.85,32,0.245454545454545,147.714764463893,1.15926943358701,8,6.81737574863723,21.5447333685263,0.0452261306532663,0.166666666666667,8,1,0,0,0,1
1,GWO,scene1_GWO_run001.mat,324.33443563248,1,0,15.0918784260903,18.0265275905237,12,1.30568756590267,24,0,32,0,151.971426398813,1.19267583062644,8,0.00669171873574606,4.11090731036172,0.804020100502513,0.833333333333333,8,0,1,0,1,1
1,GWO,scene1_GWO_run002.mat,342.686798067619,1,0,12.6656966588689,18,10.6797788410456,1.71965266939801,24,0,32,0,161.205025357522,1.26514136292228,8,0.762708971792948,9.58382133451405,0.4321608040201,0.5,8,0,0,0,0,0
1,GWO,scene1_GWO_run003.mat,327.92938703181,1,0,13.0380846417534,18,12,1.2326833240248,24,0,32,0,156.29137010379,1.22657886469464,8,4.5477279770967,9.46098041808903,0.603015075376884,0.833333333333333,8,0,0,0,1,1
1,GWO,scene1_GWO_run004.mat,312.368294333218,1,0,14.9939540540176,18,11.3004226146478,2.24934778672798,24,0,32,0,159.908761156262,1.25496824670179,8,1.45050409093687,9.2365217264493,0.4321608040201,0.666666666666667,8,0,0,0,1,1
1,GWO,scene1_GWO_run005.mat,375.014607214314,1,0,11.9223488408147,18,10.9897988053232,1.32889035066661,24,0,32,0,163.109063911274,1.28008430856314,8,1.9933806638216,8.03042235447981,0.522613065326633,0.833333333333333,8,0,0,0,1,1
1,GWO,scene1_GWO_run006.mat,352.633816262582,1,0,9.79164557698152,18,8.69897463430503,1.61480398959513,24,0,32,0,161.265322537597,1.26561457680883,8,1.02480792937155,7.49233684025852,0.512562814070352,0.833333333333333,8,0,0,0,1,1
1,GWO,scene1_GWO_run007.mat,324.137029519635,1,0,11.4950466899339,18,10.8530907723071,1.0957910992524,24,0,32,0,152.837108300141,1.19946972540778,8,1.3609739581916,4.9422402119089,0.819095477386935,1,8,0,1,0,1,1
1,GWO,scene1_GWO_run008.mat,328.762888996609,1,0,11.187302977172,18,10.2222624838952,1.32810081072415,24,0,32,0,156.632017987122,1.22925227842004,8,4.22938760209769,9.64947884907909,0.301507537688442,0.833333333333333,8,0,0,0,1,1
1,GWO,scene1_GWO_run009.mat,313.842286020804,1,0,15.1402938665394,18.244864416497,12,1.38790552039902,24,0,32,0,151.681653787893,1.19040168740352,8,0.175839395861604,5.78516204027553,0.733668341708543,0.666666666666667,8,0,1,0,1,1
1,GWO,scene1_GWO_run010.mat,316.098167204371,1,0,11.745155339428,18,11.0787416879609,1.07330369501909,24,0,32,0,151.796054069893,1.19129950388515,8,0.375238240861526,5.33974354473664,0.763819095477387,0.833333333333333,8,0,1,0,1,1
1,GWO,scene1_GWO_run011.mat,338.614576965402,1,0,12.2521154018881,18,11.8888663415441,0.991903596131576,24,0,32,0,155.470623319137,1.22013762191423,8,0.27092332961137,6.33311856874251,0.633165829145729,0.666666666666667,8,0,0,0,1,1
1,GWO,scene1_GWO_run012.mat,320.673948944334,1,0,12.7083331648643,18,11.9722771090947,1.10658772030342,24,0,32,0,152.032388319419,1.1931542614145,8,0.000805996948683663,3.83981497284656,0.809045226130653,0.833333333333333,8,0,1,0,1,1
1,GWO,scene1_GWO_run013.mat,320.111001233185,1,0,15.1138477875509,18.181352127744,12,1.32279038217585,24,0,32,0,153.260138078176,1.2027896744525,8,0.111598554726246,4.03984138477778,0.829145728643216,1,8,0,1,0,1,1
1,GWO,scene1_GWO_run014.mat,316.287296085405,1,0,12.8730051725689,18,10.7446273029008,1.57516133270605,24,0,32,0,156.117315883126,1.22521288250231,8,4.37278875377737,11.6079601445825,0.351758793969849,0.666666666666667,8,0,0,0,1,1
1,GWO,scene1_GWO_run015.mat,326.227507130391,1,0,11.593263195434,18,11.1546973570523,1.09944836981575,24,0,32,0,153.268008162723,1.20285143908712,8,0.148569468036666,3.34082915822258,0.909547738693467,0.833333333333333,8,0,1,0,1,1
1,GWO,scene1_GWO_run016.mat,315.390310558032,1,0,12.3529206373177,18,11.9987605690225,1.00387938939469,24,0,32,0,153.153339643891,1.20195151747563,8,0.104324510240689,5.69516841908429,0.743718592964824,0.833333333333333,8,0,1,0,1,1
1,GWO,scene1_GWO_run017.mat,328.689237944765,1,0,14.454200737211,18,12,1.38179382165383,24,0,32,0,159.745048358266,1.25368342427194,8,0.182290583429686,7.71066103822821,0.552763819095477,0.666666666666667,8,0,0,0,1,1
1,GWO,scene1_GWO_run018.mat,409.158926059824,1,0,9.45271308707988,18,8.22951777599208,2.15748540475008,24,0,32,0,171.088409230504,1.34270642465418,8,0.368658768085822,5.48785981008884,0.718592964824121,0.833333333333333,8,0,1,0,1,1
1,GWO,scene1_GWO_run019.mat,348.827426065549,1,0,14.6397193498552,18,12,1.13359797584397,24,0,32,0,159.92466922879,1.25509309368168,8,0.739415825899662,7.30764194734802,0.718592964824121,0.833333333333333,8,0,1,0,1,1
1,GWO,scene1_GWO_run020.mat,332.275105453707,1,0,12.4316044590576,18,11.3865905303272,1.26065529778015,24,0,32,0,157.444927893572,1.23563201717011,8,3.15327614424095,8.92877536579562,0.5678391959799,0.666666666666667,8,0,0,0,1,1
1,GWO,scene1_GWO_run021.mat,309.720375358973,1,0,11.4430307194036,18,10.6816438536177,1.07844183071015,24,0,32,0,150.674321007095,1.18249611272066,8,4.46218441322862,10.6634318103275,0.266331658291457,0.333333333333333,8,0,0,0,0,0
1,GWO,scene1_GWO_run022.mat,338.57271666015,1,0,15.5578177769577,18.0621521593236,12,1.49173763252619,24,0,32,0,155.025284993635,1.21664259479061,8,0.154224030813594,7.24773936776942,0.562814070351759,0.5,8,0,0,0,0,0
1,GWO,scene1_GWO_run023.mat,315.174102898681,1,0,12.0183818812366,18,10.7786914904782,1.2983452676851,24,0,32,0,161.079234706118,1.26415415451604,8,0.984444436490843,9.90118675413931,0.4321608040201,0.5,8,0,0,0,0,0
1,GWO,scene1_GWO_run024.mat,318.23101425286,1,0,14.2472795062122,18.7213220488509,12,1.78345928343886,24,0,32,0,152.737204169563,1.19868567511132,8,0.123664243869021,3.74666975698828,0.834170854271357,1,8,0,1,0,1,1
1,GWO,scene1_GWO_run025.mat,312.441339141815,1,0,14.2375857906121,18.0069891065318,12,1.39981847815404,24,0,32,0,151.777692552689,1.19115540220563,8,0.383129083953076,5.64746044150392,0.773869346733668,0.833333333333333,8,0,1,0,1,1
1,GWO,scene1_GWO_run026.mat,331.205380435683,1,0,12.950243618895,18,10.3285859819048,2.08436000978259,24,0,32,0,162.126886290776,1.27237615225304,8,2.15567560154451,6.88609154562386,0.728643216080402,1,8,0,1,0,1,1
1,GWO,scene1_GWO_run027.mat,365.081354530309,1,0,10.662531763167,18,9.39757444236475,1.33130867330933,24,0,32,0,159.650748594609,1.2529433571974,8,1.94028526463544,9.68236527357418,0.457286432160804,0.5,8,0,0,0,0,0
1,GWO,scene1_GWO_run028.mat,327.89155114485,1,0,14.975685269308,18,12,1.13008493700759,24,0,32,0,153.580776184198,1.20530605090887,8,0.198739151585223,3.00275411197898,0.914572864321608,1,8,0,1,0,1,1
1,GWO,scene1_GWO_run029.mat,313.360195989185,1,0,14.1481495367649,18,12,1.13196803035903,24,0,32,0,159.713858642982,1.2534386465498,8,1.23302006073353,9.22150267361696,0.4321608040201,0.666666666666667,8,0,0,0,1,1
1,GWO,scene1_GWO_run030.mat,467.737535524682,0,1,11.6774551092533,18,10.2709523266921,1.26304064562082,24,0,32,0,158.392473325174,1.24306837913283,8,1.156648642707,11.44205449355,0.331658291457286,0.5,8,0,0,0,0,0
1,HHO,scene1_HHO_run001.mat,385.271345411332,1,0,17.3233831973315,18.1027615685224,12,1.29228690117542,24,0,32,0,165.689955691677,1.30033921648162,8,1.28285811376541,5.05984888210661,0.738693467336683,1,8,0,1,0,1,1
1,HHO,scene1_HHO_run002.mat,311.132102974349,1,0,12.8086920078253,18,11.9460221319168,1.22990248229427,24,0,32,0,149.842800559598,1.17597031794527,8,5.57746662709609,9.78752359244541,0.366834170854271,0.333333333333333,8,0,0,0,0,0
1,HHO,scene1_HHO_run003.mat,312.837502410417,1,0,13.1672656017616,18,12,1.01836134716372,24,0,32,0,149.452945548619,1.17291072536224,8,3.81971355227377,8.33296554884633,0.57286432160804,0.5,8,0,0,0,0,0
1,HHO,scene1_HHO_run004.mat,382.345157661175,1,0,12.5669468976587,18,12,1.01057790105355,24,0,32,0,162.558073862265,1.27576012387961,8,2.18930769327698,7.90174789249796,0.487437185929648,0.666666666666667,8,0,0,0,1,1
1,HHO,scene1_HHO_run005.mat,315.743958728727,1,0,14.7524607193816,18,12,0.961386393959561,24,0,32,0,154.26925501856,1.21070925126764,8,5.80342097562209,11.7821305775072,0.236180904522613,0.5,8,0,0,0,0,0
1,HHO,scene1_HHO_run006.mat,349.382163256946,1,0,34.3558451515685,38.95698816037,12,5.50368520929159,24,0.922727272727273,32,0.8,153.419044841136,1.20403677899048,8,7.73567490187411,31.9032371743767,0.0050251256281407,0.166666666666667,8,1,0,0,0,1
1,HHO,scene1_HHO_run007.mat,300.395075596558,1,0,20.0951066185012,26.3393460890582,12,3.32545622014352,24,0.15,32,0,141.052761114191,1.10698585260718,8,5.788901462169,14.5115966198694,0.185929648241206,0.333333333333333,8,0,0,0,0,0
1,HHO,scene1_HHO_run008.mat,356.125519168566,1,0,12.8494906454838,18,12,1.00854537965533,24,0,32,0,158.230452489993,1.24179683527254,8,5.48421746217456,11.8309667195521,0.296482412060302,0.5,8,0,0,0,0,0
1,HHO,scene1_HHO_run009.mat,387.597575847209,1,0,21.6626360613604,25.8702307897116,12,2.3125274203333,24,0.131818181818182,32,0,169.071301277982,1.32687610733898,8,3.59028864151039,7.70525990344942,0.698492462311558,1,8,0,1,0,1,1
1,HHO,scene1_HHO_run010.mat,344.721963521552,1,0,12.245965431184,18,11.3435611891756,1.43514443090342,24,0,32,0,156.524061818064,1.22840503550963,8,5.65804863760073,12.0594426558291,0.201005025125628,0.333333333333333,8,0,0,0,0,0
1,HHO,scene1_HHO_run011.mat,382.531376931658,1,0,17.2591966804775,18.6204413227058,12,1.03827677537412,24,0,32,0,160.348366123518,1.25841827827611,8,4.41157263143949,8.92680843052919,0.487437185929648,0.666666666666667,8,0,0,0,1,1
1,HHO,scene1_HHO_run012.mat,383.398672683698,1,0,23.1516573371622,30.7027902850153,12,3.29475220035205,24,0.218181818181818,32,0,161.546235499924,1.26781918927195,8,3.851138584627,9.12960306390277,0.587939698492462,0.833333333333333,8,0,0,0,1,1
1,HHO,scene1_HHO_run013.mat,351.742455559453,1,0,12.7276926128089,18,12,1.04622465504746,24,0,32,0,154.790402570002,1.21479923122981,8,5.91959601021298,12.3632975208745,0.170854271356784,0.5,8,0,0,0,0,0
1,HHO,scene1_HHO_run014.mat,306.840635503201,1,0,30.355271211296,32.6753887700906,12,3.93522428166838,24,0.913636363636364,32,0.445454545454545,148.316924957934,1.16399520529567,8,10.9103265285942,20.7880769529916,0,0,8,1,0,0,0,1
1,HHO,scene1_HHO_run015.mat,373.057230187013,1,0,32.0546645737289,37.1853451564303,12,4.66858958474635,24,0.922727272727273,32,0.613636363636364,160.097144235597,1.25644668216131,8,7.95350108302915,15.8653340373094,0.0050251256281407,0.166666666666667,8,1,0,0,0,1
1,HHO,scene1_HHO_run016.mat,311.046171078706,1,0,23.359047251639,25.8846086439271,12,2.68255158772653,24,0.590909090909091,32,0,139.334632539104,1.09350193346545,8,13.6817844890231,25.8101167313116,0,0,8,1,0,0,0,1
1,HHO,scene1_HHO_run017.mat,309.158277221101,1,0,12.9240446664872,18,11.8426124343595,1.71637639361736,24,0,32,0,149.779170520954,1.17547094769529,8,5.37872133427589,9.65386525332791,0.326633165829146,0.5,8,0,0,0,0,0
1,HHO,scene1_HHO_run018.mat,355.465953887334,1,0,17.371757489288,18.6843614544209,12,1.20902472138869,24,0,32,0,156.257374871732,1.22631206920161,8,4.65489451337464,9.98405517256923,0.346733668341709,0.5,8,0,0,0,0,0
1,HHO,scene1_HHO_run019.mat,684.597668846338,0,2,10.8106439806739,18,9.73656724534191,1.2541392097015,24,0,32,0,138.70506086037,1.08856103804408,8,4.8172503460143,9.09510317210942,0.613065326633166,0.666666666666667,8,0,0,0,1,1
1,HHO,scene1_HHO_run020.mat,472.835760532846,1,0,20.3505502447622,27.3999629932237,11.2048947660529,3.95588364488741,24,0.218181818181818,32,0,172.305836252936,1.35226082458062,8,4.66219974098951,11.0754899444596,0.35678391959799,0.5,8,0,0,0,0,0
1,HHO,scene1_HHO_run021.mat,362.999507411601,1,0,12.3535156883455,18,11.8781103795458,0.936667601824923,24,0,32,0,166.943906754369,1.3101802580557,8,2.75159125515273,6.60013416402997,0.728643216080402,1,8,0,1,0,1,1
1,HHO,scene1_HHO_run022.mat,334.722234388358,1,0,28.8514421999655,34.314430460256,12,4.33682375627133,24,0.877272727272727,32,0.254545454545455,153.805314387841,1.20706823275372,8,6.11082955339187,19.4352970452006,0.0201005025125628,0.166666666666667,8,1,0,0,0,1
1,HHO,scene1_HHO_run023.mat,330.847845745868,1,0,13.2179699856684,18,12,1.34248283041818,24,0,32,0,149.632102904769,1.17431675709875,8,4.87158556819447,10.8948477008648,0.462311557788945,0.5,8,0,0,0,0,0
1,HHO,scene1_HHO_run024.mat,345.360953305666,1,0,11.9244788574311,18,11.0304027505198,1.55253846886456,24,0,32,0,157.390383071566,1.23520394794399,8,5.95255271736933,10.8023210726444,0.170854271356784,0.5,8,0,0,0,0,0
1,HHO,scene1_HHO_run025.mat,342.102596670406,1,0,12.5880283893434,18,11.9158516334439,0.957225377310226,24,0,32,0,157.589708735505,1.23676826110099,8,5.71475355820807,11.0063693995747,0.296482412060302,0.333333333333333,8,0,0,0,0,0
1,HHO,scene1_HHO_run026.mat,300.974754614955,1,0,18.3976652737523,19.2312394423587,12,1.04090120859292,24,0,32,0,156.359241145351,1.22711151844928,8,3.6445591935823,12.1564777629242,0.341708542713568,0.666666666666667,8,0,0,0,1,1
1,HHO,scene1_HHO_run027.mat,418.952449805847,1,0,23.7913345347137,25.1069228534634,12,2.3833591225215,24,0.754545454545455,32,0,175.845728842774,1.38004199657432,8,0.0473675642155215,2.61565641136257,0.904522613065327,1,8,1,1,0,1,1
1,HHO,scene1_HHO_run028.mat,337.456920647455,1,0,13.9530033419616,18,12,1.31651036641304,24,0,32,0,156.883098830022,1.23122276760973,8,5.97877450032318,11.7709489229056,0.236180904522613,0.333333333333333,8,0,0,0,0,0
1,HHO,scene1_HHO_run029.mat,357.000338961408,1,0,12.0010178508801,18,10.62840576222,1.30021870548919,24,0,32,0,160.428172874709,1.25904460380006,8,5.49955189600283,10.64623050613,0.532663316582915,0.666666666666667,8,0,0,0,1,1
1,HHO,scene1_HHO_run030.mat,345.717986490126,1,0,34.4027760012922,37.727771419937,12,5.28481120541295,24,0.927272727272727,32,0.822727272727273,150.406567153086,1.18039477329258,8,12.240888776753,32.932004567371,0,0,8,1,0,0,0,1
1,ERIME,scene1_ERIME_run001.mat,310.076333854777,1,1.59872115546023e-14,8.87311178878045,18,8,1.71798767436545,24,0,32,0,159.970109762496,1.25544971220903,8,1.56285312079909,8.87712803768048,0.487437185929648,0.666666666666667,8,0,0,0,1,1
1,ERIME,scene1_ERIME_run002.mat,312.733033091395,1,0,20.504907735536,28.9948217946622,12,5.17417305105084,24,0.295454545454545,32,0,142.591864897435,1.11906478038064,8,5.17402223996497,14.04775944974,0.371859296482412,0.666666666666667,8,0,0,0,1,1
1,ERIME,scene1_ERIME_run003.mat,313.62385046115,1,0,22.2507855104606,26.2675187014443,12,4.50507980415618,24,0.554545454545455,32,0,141.832869106997,1.11310816105914,8,6.39567041476106,18.8212182925448,0.125628140703518,0.5,8,1,0,0,0,1
1,ERIME,scene1_ERIME_run004.mat,306.306160506179,1,0,20.9073616618943,27.9434970088702,12,4.30732346154255,24,0.254545454545455,32,0,139.780165403649,1.09699848733669,8,6.61926956475941,17.0760658694485,0.0452261306532663,0.333333333333333,8,0,0,0,0,0
1,ERIME,scene1_ERIME_run005.mat,333.260489043234,1,2.8421709430404e-14,8.75764019607123,18,8,1.74712048683657,24,0,32,0,155.913015707167,1.22360952924154,8,0.0756053185647895,3.49138017725713,0.829145728643216,1,8,0,1,0,1,1
1,ERIME,scene1_ERIME_run006.mat,317.301652499503,1,0,35.0774344886588,39.662322961908,12,5.81171426208074,24,0.918181818181818,32,0.809090909090909,156.520206195721,1.22837477648206,8,3.36557930335084,17.9646176304409,0.150753768844221,0.333333333333333,8,1,0,0,0,1
1,ERIME,scene1_ERIME_run007.mat,293.75089888238,1,3.81916720471054e-14,8.95792738508623,18,8,1.92395751392229,24,0,32,0,136.69653279061,1.07279805587893,8,7.63383802631981,22.4130578345386,0.0100502512562814,0.166666666666667,8,0,0,0,0,0
1,ERIME,scene1_ERIME_run008.mat,318.307667067359,1,0,29.5305322474935,32.8612445286856,12,4.25973026242429,24,0.886363636363636,32,0.418181818181818,157.040070668884,1.23245468681149,8,1.14278023979071,8.56061922417388,0.597989949748744,0.666666666666667,8,1,0,0,1,1
1,ERIME,scene1_ERIME_run009.mat,310.782758706917,1,0,17.4834831974392,18.17508426621,12,1.00851693556672,24,0,32,0,158.769934689549,1.24603070604489,8,2.73330043273867,10.2687797731404,0.361809045226131,0.5,8,0,0,0,0,0
1,ERIME,scene1_ERIME_run010.mat,328.08156035971,1,0,17.9544665741892,18.7140441922036,12,1.03660617776234,24,0,32,0,155.589156713348,1.22106787517136,8,1.9246933550883,10.3283170931227,0.396984924623116,0.5,8,0,0,0,0,0
1,ERIME,scene1_ERIME_run011.mat,340.510452180415,1,0,10.9747501910236,18,9.45452664378064,2.18155151304448,24,0,32,0,158.497123626537,1.24388967750491,8,2.43652325097737,8.62599988388092,0.49748743718593,0.833333333333333,8,0,0,0,1,1
1,ERIME,scene1_ERIME_run012.mat,339.705023248512,1,0,21.8358251267177,23.5206748238199,12,2.73712395161742,24,0,32,0,159.167628581063,1.24915181837262,8,2.29453268937513,12.6508022292528,0.291457286432161,0.5,8,0,0,0,0,0
1,ERIME,scene1_ERIME_run013.mat,337.475280660351,1,0,30.5033470341218,32.9626337054945,12,4.32258924555297,24,0.9,32,0.636363636363636,164.613603784051,1.29189197784016,8,1.40589548654448,9.3278755178847,0.50251256281407,0.5,8,1,0,0,0,1
1,ERIME,scene1_ERIME_run014.mat,318.669989662046,1,0,12.5468361827309,18.0849579663837,10.9888753476509,2.1738164197809,24,0,32,0,150.986750107157,1.18494806467807,8,5.92555376335108,9.3687382296178,0.447236180904523,0.833333333333333,8,0,0,0,1,1
1,ERIME,scene1_ERIME_run015.mat,296.028224367333,1,0,15.3795070733766,18,12,0.906421736763059,24,0,32,0,155.614405498285,1.22126602831277,8,3.40540410671791,12.0731227148864,0.311557788944724,0.5,8,0,0,0,0,0
1,ERIME,scene1_ERIME_run016.mat,311.093381120628,1,0,8.9474950160644,18,8.00000002035427,1.88207166459538,24,0,32,0,160.612486142862,1.26049109927226,8,3.13819123819704,12.2746278326353,0.28643216080402,0.333333333333333,8,0,0,0,0,0
1,ERIME,scene1_ERIME_run017.mat,310.765857957979,1,0,9.57731736524951,18,8.3207740280689,1.62742235440347,24,0,32,0,157.914642179233,1.23931834748288,8,2.57969349149079,9.53790890530261,0.507537688442211,0.5,8,0,0,0,0,0
1,ERIME,scene1_ERIME_run018.mat,365.671750882952,1,0,34.8082708451545,38.0185400835413,12,5.55118713730497,24,0.918181818181818,32,0.809090909090909,184.858365613664,1.45077341169342,8,1.41956863421491,4.01792085848128,1,1,8,1,1,0,1,1
1,ERIME,scene1_ERIME_run019.mat,309.670388365503,1,0,13.2576288753096,18,12,1.48109912650157,24,0,32,0,149.932920606367,1.17667758248956,8,5.90877244437351,10.1707945991878,0.221105527638191,0.5,8,0,0,0,0,0
1,ERIME,scene1_ERIME_run020.mat,308.308420615312,1,0,23.2711376294524,25.5765629241167,12,2.7289226685788,24,0.531818181818182,32,0,159.460453328052,1.25144991484128,8,3.90840807140567,13.2935676548875,0.246231155778894,0.5,8,1,0,0,0,1
1,ERIME,scene1_ERIME_run021.mat,321.005411896921,1,0,15.7461897907683,18,12,1.7076901033045,24,0,32,0,154.208772613265,1.2102345837286,8,5.10598261385221,10.3665620721773,0.396984924623116,0.666666666666667,8,0,0,0,1,1
1,ERIME,scene1_ERIME_run022.mat,299.389318661528,1,0,18.6778165474516,19.4376489835181,12,1.4822094901103,24,0,32,0,155.302255983858,1.21881627055093,8,1.36502696433971,6.07199061900512,0.738693467336683,0.833333333333333,8,0,1,0,1,1
1,ERIME,scene1_ERIME_run023.mat,326.474208442501,1,0,27.1412944217575,31.5378766019256,12,5.89238273031645,24,0.763636363636364,32,0,152.091159135792,1.19361549635777,8,2.46606259285846,14.8552260794919,0.21608040201005,0.333333333333333,8,1,0,0,0,1
1,ERIME,scene1_ERIME_run024.mat,318.552529907212,1,4.44089209850063e-14,8.72899958004311,18,8,1.74679831972043,24,0,32,0,154.997539273641,1.21642484563589,8,2.11374959029237,10.096267380028,0.346733668341709,0.5,8,0,0,0,0,0
1,ERIME,scene1_ERIME_run025.mat,322.758082145577,1,0,28.734598586621,34.5031982046995,12,3.60250865368357,24,0.913636363636364,32,0.131818181818182,149.54957105704,1.17366904494406,8,5.9918531665546,13.9821180986354,0.185929648241206,0.333333333333333,8,1,0,0,0,1
1,ERIME,scene1_ERIME_run026.mat,319.289808657531,1,6.21724893790088e-15,8.87045434878089,18,8,1.72881256847876,24,0,32,0,154.755361547604,1.21452422834615,8,0.377575774464496,4.68456870482666,0.819095477386935,1,8,0,1,0,1,1
1,ERIME,scene1_ERIME_run027.mat,303.994673359026,1,0,27.6668370227406,31.6644805291699,12,3.60923704338541,24,0.881818181818182,32,0,152.408869279377,1.19610889408639,8,1.79993387590464,10.1527996529299,0.477386934673367,0.5,8,1,0,0,0,1
1,ERIME,scene1_ERIME_run028.mat,327.470206165059,1,0,26.2370339178787,33.7087763503873,12,5.28637089259147,24,0.663636363636364,32,0.2,141.273625401975,1.10871920146184,8,6.32614804112731,19.0163133699519,0.160804020100503,0.333333333333333,8,1,0,0,0,1
1,ERIME,scene1_ERIME_run029.mat,300.885327858517,1,0,27.0501771190308,31.589826783424,12,4.05832696617666,24,0.786363636363636,32,0,149.407995178674,1.17255795365323,8,5.5980283451029,14.5507891080522,0.206030150753769,0.333333333333333,8,1,0,0,0,1
1,ERIME,scene1_ERIME_run030.mat,334.377387452703,1,0,17.6040285704438,18.2905686549559,12,0.957424320083243,24,0,32,0,155.857817514345,1.22317633234373,8,2.06656152447074,8.25955334462684,0.623115577889447,0.833333333333333,8,0,0,0,1,1
1,MSCSO,scene1_MSCSO_run001.mat,317.609859019662,1,0,13.0095733853741,18,11.9028621329681,1.61312870441848,24,0,32,0,153.760323879923,1.20671514604083,8,5.46099698414976,10.1356288281826,0.50251256281407,0.833333333333333,8,0,0,0,1,1
1,MSCSO,scene1_MSCSO_run002.mat,341.638739180484,1,0,20.0171263856899,20.6801663860396,12,1.45717805757152,24,0,32,0,156.323792340878,1.22683331528094,8,1.75544321357096,7.27113750874278,0.638190954773869,0.833333333333333,8,0,0,0,1,1
1,MSCSO,scene1_MSCSO_run003.mat,296.870411519591,1,0,23.3971474757417,26.0573937433341,12,3.06003294355372,24,0.490909090909091,32,0,138.227518069727,1.08481326941424,8,8.7905802486632,23.086349897386,0,0,8,0,0,0,0,0
1,MSCSO,scene1_MSCSO_run004.mat,308.283435302154,1,0,14.5185980134877,18,12,1.03078824459835,24,0,32,0,149.881224545051,1.17627187041374,8,4.44217695205871,10.0578744330663,0.422110552763819,0.5,8,0,0,0,0,0
1,MSCSO,scene1_MSCSO_run005.mat,327.332698551255,1,0,12.5627372640286,18,11.7495956244162,1.09531445561755,24,0,32,0,152.939086749378,1.2002700550127,8,6.64412443383172,11.7018395200852,0.085427135678392,0.333333333333333,8,0,0,0,0,0
1,MSCSO,scene1_MSCSO_run006.mat,318.279048277327,1,0,12.3303567618741,18,11.9489905209309,1.05941829192989,24,0,32,0,152.240189634349,1.19478509170781,8,0.000184523914672935,3.45665801943739,0.844221105527638,0.833333333333333,8,0,1,0,1,1
1,MSCSO,scene1_MSCSO_run007.mat,295.686357145961,1,0,18.6070091115136,26.1164622176067,12,4.65724758842672,24,0.213636363636364,32,0,138.295537709576,1.08534708937223,8,5.97582997830953,16.4131006132717,0.0954773869346734,0.166666666666667,8,0,0,0,0,0
1,MSCSO,scene1_MSCSO_run008.mat,297.028213782288,1,0,22.3819233366738,26.0993540615229,12,3.49237723024375,24,0.409090909090909,32,0,139.145604571826,1.09201843690805,8,6.00189710562894,21.1878825795548,0.050251256281407,0.166666666666667,8,0,0,0,0,0
1,MSCSO,scene1_MSCSO_run009.mat,294.79319843301,1,0,21.2567127782531,22.1163578002366,12,1.74517013086002,24,0,32,0,154.230163412214,1.2104024592925,8,6.52543043902241,14.4460833116381,0.100502512562814,0.333333333333333,8,0,0,0,0,0
1,MSCSO,scene1_MSCSO_run010.mat,317.385673597484,1,0,13.3545535785903,18,12,1.75932473834313,24,0,32,0,150.613477224733,1.1820186090847,8,3.29950846621716,7.56797333086732,0.753768844221106,0.666666666666667,8,0,1,0,1,1
1,MSCSO,scene1_MSCSO_run011.mat,309.501748566983,1,0,11.7706146883551,18,11.3126076849793,1.10855730192131,24,0,32,0,151.316659537564,1.18753720273689,8,2.69083648160465,10.3714873374703,0.251256281407035,0.166666666666667,8,0,0,0,0,0
1,MSCSO,scene1_MSCSO_run012.mat,306.453619333992,1,0,27.7045915562997,30.1507057077017,12,3.87188098465393,24,0.85,32,0,148.807467720441,1.16784499805339,8,6.30100063036335,17.4471475224423,0.0753768844221105,0.333333333333333,8,1,0,0,0,1
1,MSCSO,scene1_MSCSO_run013.mat,303.198133423785,1,0,22.7114549106513,26.1023291426035,12,3.56662794151145,24,0.65,32,0,139.719977608344,1.09652613190475,8,8.16675996801066,24.8102992490895,0,0,8,1,0,0,0,1
1,MSCSO,scene1_MSCSO_run014.mat,295.284362929714,1,0,17.3106636456035,18,12,1.24948092944693,24,0,32,0,153.82292188686,1.2072064168783,8,6.58753967139126,13.6631628496777,0.0804020100502513,0.333333333333333,8,0,0,0,0,0
1,MSCSO,scene1_MSCSO_run015.mat,297.042249356119,1,0,27.3860978417126,30.0684844595422,12,3.29257440966717,24,0.877272727272727,32,0,149.998325842427,1.17719088453649,8,6.17024557655727,14.6279571799415,0.0653266331658292,0.333333333333333,8,1,0,0,0,1
1,MSCSO,scene1_MSCSO_run016.mat,293.412725987673,1,0,21.411083238603,22.4727322142687,12,1.97543768990479,24,0,32,0,153.616154383917,1.20558369996919,8,5.52408985813125,15.3779712784676,0.085427135678392,0.166666666666667,8,0,0,0,0,0
1,MSCSO,scene1_MSCSO_run017.mat,310.545824268415,1,0,12.3483113947176,18,11.9606270954016,1.03448761850449,24,0,32,0,148.912391627524,1.1686684436905,8,5.45772289253487,9.86813991913608,0.402010050251256,0.5,8,0,0,0,0,0
1,MSCSO,scene1_MSCSO_run018.mat,306.653872845721,1,0,13.7436187912044,18.0971103617167,12,1.81545936823876,24,0,32,0,149.314798413054,1.17182654293688,8,5.39101052180471,8.80221331436266,0.582914572864322,0.666666666666667,8,0,0,0,1,1
1,MSCSO,scene1_MSCSO_run019.mat,297.041779647151,1,0,20.1752174945157,26.614176290985,11.9992106808434,4.92819947063218,24,0.290909090909091,32,0,138.425861147897,1.08636987121177,8,5.34493940629993,18.2523070293256,0.165829145728643,0.333333333333333,8,0,0,0,0,0
1,MSCSO,scene1_MSCSO_run020.mat,346.570614313559,1,0,12.3596552264916,18,11.5422966824422,0.876595323970583,24,0,32,0,159.219221856778,1.2495567237843,8,5.07764271782196,7.67114289229087,0.608040201005025,0.833333333333333,8,0,0,0,1,1
1,MSCSO,scene1_MSCSO_run021.mat,293.677221593002,1,0,14.286799911548,18,12,0.944679015123963,24,0,32,0,154.416628380016,1.21186584136126,8,5.40618614041885,12.3093727295455,0.14070351758794,0.333333333333333,8,0,0,0,0,0
1,MSCSO,scene1_MSCSO_run022.mat,293.064843478271,1,0,17.2630003492679,18,12,0.956041974234917,24,0,32,0,155.609873285018,1.22123045938149,8,6.04178459025522,15.6571322355462,0.0753768844221105,0.333333333333333,8,0,0,0,0,0
1,MSCSO,scene1_MSCSO_run023.mat,296.022590880926,1,0,11.264491866712,18,8.30451732819438,3.30886283501918,24,0,32,0,153.320631452246,1.20326442807478,8,5.82454242837214,12.9526937407195,0.236180904522613,0.333333333333333,8,0,0,0,0,0
1,MSCSO,scene1_MSCSO_run024.mat,309.501329205307,1,0,13.9905368822372,18.0238039769548,12,1.56888999990429,24,0,32,0,149.2057358871,1.17097061730786,8,5.18363167568135,9.06863173437316,0.437185929648241,0.5,8,0,0,0,0,0
1,MSCSO,scene1_MSCSO_run025.mat,298.238010274074,1,0,25.389812608209,30.3287926545081,12,4.37130555711844,24,0.627272727272727,32,0,148.155583684946,1.16272899465769,8,6.03299510703675,14.2510403830253,0.21105527638191,0.333333333333333,8,1,0,0,0,1
1,MSCSO,scene1_MSCSO_run026.mat,294.199774325697,1,0,10.5427734415901,18,9.59960530446654,1.47367555719438,24,0,32,0,154.413405787442,1.2118405503683,8,5.55255185235328,13.0738125227024,0.115577889447236,0.333333333333333,8,0,0,0,0,0
1,MSCSO,scene1_MSCSO_run027.mat,314.351838696649,1,0,16.2478326808352,18.3141271962301,12,2.55224037784127,24,0,32,0,153.170455987071,1.20208584699602,8,5.39659761353698,11.2734775011797,0.241206030150754,0.5,8,0,0,0,0,0
1,MSCSO,scene1_MSCSO_run028.mat,338.805362634898,1,0,14.6848444915492,18,12,0.7890121609989,24,0,32,0,155.775793367881,1.22253260464218,8,1.95024853168356,7.81519592570507,0.618090452261307,0.833333333333333,8,0,0,0,1,1
1,MSCSO,scene1_MSCSO_run029.mat,306.845214602314,1,0,20.4941211276437,21.8827276142147,12,1.7507415779643,24,0,32,0,159.195001405474,1.24936664103281,8,3.01549617115084,12.0518246803089,0.261306532663317,0.333333333333333,8,0,0,0,0,0
1,MSCSO,scene1_MSCSO_run030.mat,310.422081831168,1,0,12.8726695361105,18,12,1.2695942936769,24,0,32,0,149.963884478522,1.17692058778876,8,5.39537770038042,9.17374637625952,0.492462311557789,0.666666666666667,8,0,0,0,1,1
1,CVF-AE,scene1_CVF-AE_run001.mat,301.139942687146,1,0,14.3209291396602,18.1821352553887,12,1.6754544961169,24,0,32,0,134.70117010293,1.05713839598546,8,8.34361550730763,24.5337649755132,0,0,8,0,0,0,0,0
1,CVF-AE,scene1_CVF-AE_run002.mat,297.209581514552,1,0,12.7786576840165,18,11.855596473963,1.14314836549618,24,0,32,0,136.137252412585,1.0684088084709,8,6.34812566937273,20.0955346032067,0.0603015075376884,0.166666666666667,8,0,0,0,0,0
1,CVF-AE,scene1_CVF-AE_run003.mat,297.486711344403,1,0,12.8277529501443,18,11.9278628973519,1.01633156660591,24,0,32,0,134.950845810788,1.05909785763765,8,8.1592086498228,23.8124557374326,0,0,8,0,0,0,0,0
1,CVF-AE,scene1_CVF-AE_run004.mat,297.830319289663,1,0,14.2457770759163,18,12,0.945395928929559,24,0,32,0,137.280564469207,1.07738155215772,8,7.2993979082211,22.0839158748391,0.0150753768844221,0.166666666666667,8,0,0,0,0,0
1,CVF-AE,scene1_CVF-AE_run005.mat,294.827448453003,1,0,11.9995717064054,18,9.9220791805867,1.85918449340586,24,0,32,0,136.051754701146,1.06773782013827,8,9.79090029810034,21.7622826618851,0,0,8,0,0,0,0,0
1,CVF-AE,scene1_CVF-AE_run006.mat,299.398638928161,1,0,14.9111075374081,18,12,1.31311964631077,24,0,32,0,136.455065521092,1.070903014271,8,8.98926547202035,22.2255686296179,0,0,8,0,0,0,0,0
1,CVF-AE,scene1_CVF-AE_run007.mat,302.975311768701,1,0,13.5471573150153,18,11.9679680178793,1.69048151806874,24,0,32,0,134.954779476258,1.05912872914977,8,8.11988721855775,22.3049073036394,0,0,8,0,0,0,0,0
1,CVF-AE,scene1_CVF-AE_run008.mat,300.304020981324,1,0,13.5536142137762,18,12,1.23939650471832,24,0,32,0,136.951366317558,1.07479799623368,8,8.0488573561064,20.7188218832291,0,0,8,0,0,0,0,0
1,CVF-AE,scene1_CVF-AE_run009.mat,305.103107471208,1,0,14.499344581553,18,12,1.05409071370326,24,0,32,0,136.467493959195,1.07100055298659,8,7.75755757156344,20.921321111713,0.0050251256281407,0,8,0,0,0,0,0
1,CVF-AE,scene1_CVF-AE_run010.mat,299.140816118786,1,0,12.8173853493002,18,11.4596947000768,1.45274724747621,24,0,32,0,137.199862740264,1.07674820282436,8,6.58018047094919,22.1173503553632,0.0301507537688442,0.166666666666667,8,0,0,0,0,0
1,CVF-AE,scene1_CVF-AE_run011.mat,300.890809491795,1,0,14.5549767519028,18,12,0.839890988071951,24,0,32,0,136.154380462055,1.06854322986256,8,9.23399028822391,23.2153798988488,0,0.166666666666667,8,0,0,0,0,0
1,CVF-AE,scene1_CVF-AE_run012.mat,298.450235439579,1,0,13.576526700268,18,12,1.32276531074643,24,0,32,0,134.889928761657,1.05861977900212,8,6.54546785345185,25.5509138508287,0.0402010050251256,0.166666666666667,8,0,0,0,0,0
1,CVF-AE,scene1_CVF-AE_run013.mat,298.775623561951,1,0,13.1751538334073,18.3874616596706,10.7528284393351,2.74684744064458,24,0,32,0,136.365193604577,1.07019769705961,8,7.5864848803251,20.7217958234675,0.0100502512562814,0,8,0,0,0,0,0
1,CVF-AE,scene1_CVF-AE_run014.mat,296.095207441679,1,0,12.7885381343024,18,11.7277445888907,1.18159963431127,24,0,32,0,135.703625181421,1.06500569032978,8,11.1945482110552,23.2142419995865,0,0,8,0,0,0,0,0
1,CVF-AE,scene1_CVF-AE_run015.mat,297.445495084948,1,0,13.5889766460644,18,10.9208580294553,2.07322287435949,24,0,32,0,135.721758588608,1.06514800179577,8,6.43423732156668,19.5437864838578,0.0552763819095477,0.333333333333333,8,0,0,0,0,0
1,CVF-AE,scene1_CVF-AE_run016.mat,296.711303165783,1,0,12.5864624505257,18,11.0929482467834,1.21313658029961,24,0,32,0,137.355355364184,1.07796851310759,8,8.31334002383634,21.562461051047,0,0,8,0,0,0,0,0
1,CVF-AE,scene1_CVF-AE_run017.mat,299.281236458068,1,0,12.9261627446939,18,10.1641898753423,2.08141706656774,24,0,32,0,135.59104798557,1.06412218147715,8,7.83694245362855,21.1043195618429,0.0050251256281407,0,8,0,0,0,0,0
1,CVF-AE,scene1_CVF-AE_run018.mat,299.377098037758,1,0,12.1851817044627,18,10.8154093513736,1.33529665877036,24,0,32,0,137.670017240229,1.08043798795079,8,5.81971821116315,22.3895629718932,0.0653266331658292,0.333333333333333,8,0,0,0,0,0
1,CVF-AE,scene1_CVF-AE_run019.mat,295.165088577177,1,0,12.1616165094349,18,10.6401160993636,1.32699038549562,24,0,32,0,136.542602606936,1.07159000766866,8,8.53240708040428,23.7570548460973,0,0,8,0,0,0,0,0
1,CVF-AE,scene1_CVF-AE_run020.mat,296.750018790674,1,0,12.7376520992431,18,10.9448565245967,1.43334369726738,24,0,32,0,134.657858255351,1.05679848344394,8,7.38523725075046,22.5380077109669,0.0150753768844221,0.166666666666667,8,0,0,0,0,0
1,CVF-AE,scene1_CVF-AE_run021.mat,294.893749343062,1,0,11.7348148967072,18,10.4931920336657,1.46987880278925,24,0,32,0,136.152133537131,1.06852559593549,8,7.45720104851878,21.7715936418365,0.0150753768844221,0,8,0,0,0,0,0
1,CVF-AE,scene1_CVF-AE_run022.mat,299.637416921421,1,0,14.0176745230755,18,12,1.0800059194903,24,0,32,0,133.90168958533,1.0508640514393,8,8.09323197367894,25.2022433487182,0,0,8,0,0,0,0,0
1,CVF-AE,scene1_CVF-AE_run023.mat,296.643991639233,1,0,12.3208464779828,18,10.9983014755812,1.26410032355083,24,0,32,0,136.122921345748,1.06829633787397,8,7.38679425063752,25.0387170865535,0.0150753768844221,0.166666666666667,8,0,0,0,0,0
1,CVF-AE,scene1_CVF-AE_run024.mat,296.015399309831,1,0,11.8597080458779,18,10.4627528760468,1.44914536471619,24,0,32,0,137.572997775715,1.07967657659098,8,7.91244104208383,21.463588182203,0.0050251256281407,0,8,0,0,0,0,0
1,CVF-AE,scene1_CVF-AE_run025.mat,298.599116629496,1,0,13.6621244719098,18,11.5058414554159,1.53783261447175,24,0,32,0,135.059667123377,1.05995189021771,8,7.85816984116502,22.5115743530274,0.0050251256281407,0,8,0,0,0,0,0
1,CVF-AE,scene1_CVF-AE_run026.mat,296.628964531449,1,0,11.6592013379728,18,9.84302592034001,2.10029691040802,24,0,32,0,138.216113741256,1.0847237679385,8,7.16886542652753,21.4858564782587,0.0301507537688442,0.166666666666667,8,0,0,0,0,0
1,CVF-AE,scene1_CVF-AE_run027.mat,303.905233947281,1,0,14.6305554167279,18.3572572530075,12,1.50683142123974,24,0,32,0,137.914730440232,1.08235850370822,8,6.41183105149851,22.5771785927949,0.0552763819095477,0.333333333333333,8,0,0,0,0,0
1,CVF-AE,scene1_CVF-AE_run028.mat,300.203173112833,1,0,13.4722196656442,18,12,1.34864566740974,24,0,32,0,137.398799965164,1.07830946750136,8,6.38788379008943,21.936579578333,0.0301507537688442,0.166666666666667,8,0,0,0,0,0
1,CVF-AE,scene1_CVF-AE_run029.mat,294.793106212245,1,0,13.0284405827781,18,11.6472117283441,1.3207488225138,24,0,32,0,134.562763036603,1.05605217361651,8,6.60225783075693,23.0589150430202,0.0351758793969849,0.166666666666667,8,0,0,0,0,0
1,CVF-AE,scene1_CVF-AE_run030.mat,300.179613176283,1,0,12.6762528354464,18,9.92139572223879,1.61467222036646,24,0,32,0,138.820081884627,1.0894637261276,8,5.81504938282609,20.4448140272334,0.0552763819095477,0.166666666666667,8,0,0,0,0,0
2,AE,scene2_AE_run001.mat,1294.97928701978,0,6,18.9227700288126,20.340375241254,12,1.42465787787794,24,0,31,0,147.191715756969,1.15516453330561,8,11.0942815873118,36.9094983557424,0,0,8,0,0,0,0,0
2,AE,scene2_AE_run002.mat,1083.31581589127,0,3,21.4500220739699,24.3187930178053,12,2.24841243740216,24,0.0954545454545455,31,0,195.994291095225,1.5381684535657,8,8.16746186243941,34.552198497939,0,0.166666666666667,8,0,0,0,0,0
2,AE,scene2_AE_run003.mat,1666.72865499463,0,8,20.2507749840502,22.615654293886,12,1.7455322281803,24,0,31,0,143.57345842693,1.12676835272888,8,24.9782904387615,42.8447099915781,0,0,8,0,0,0,0,0
2,AE,scene2_AE_run004.mat,1539.35156238748,0,7,18.9201663189837,21.3683043971753,12,1.80855524418253,24,0,31,0,152.518999730015,1.19697320081697,8,22.8133864854702,41.7741062677036,0,0,8,0,0,0,0,0
2,AE,scene2_AE_run005.mat,1668.79025693293,0,7,19.6758798640134,23.9786542822528,12,2.50979615997383,24,0,31,0,199.223690224882,1.5635128645557,8,17.8181782878905,37.7389077602832,0,0,8,0,0,0,0,0
2,AE,scene2_AE_run006.mat,1861.21494310797,0,9,20.2025791706675,23.2514688973672,12,2.02690061553311,24,0,31,0,155.159789961041,1.21769819338257,8,23.7849990891444,35.2537969624771,0,0,8,0,0,0,0,0
2,AE,scene2_AE_run007.mat,1781.65913526299,0,8,21.1980828046026,24.1156509911948,12,2.16065376701413,24,0.0590909090909091,31,0,165.965301374547,1.30250013678624,8,29.668499102771,35.7174449175854,0,0,8,0,0,0,0,0
2,AE,scene2_AE_run008.mat,1892.87909525974,0,9,21.4400257741159,24.1706723247108,12,2.35804156750354,24,0.122727272727273,31,0,163.120029376553,1.28017036582877,8,24.7174546410799,32.5344927274112,0,0,8,0,0,0,0,0
2,AE,scene2_AE_run009.mat,843.027460146006,0,3,18.4961837934155,23.2110530538857,12,1.98129164441563,24,0,31,0,153.485599159935,1.20455909906957,8,11.5343226362887,33.3207002131881,0,0,8,0,0,0,0,0
2,AE,scene2_AE_run010.mat,1760.00791488434,0,9,18.6306338585719,22.4196731359182,12,2.2054068066746,24,0,31,0,147.563794928584,1.15808462062453,8,24.0600106089239,33.3117732499819,0,0,8,0,0,0,0,0
2,AE,scene2_AE_run011.mat,1879.515898007,0,8,19.7409129725189,22.1841662608979,12,1.77431161352074,24,0,31,0,185.854365736603,1.45859004737343,8,26.7481475565196,36.0015430332094,0,0,8,0,0,0,0,0
2,AE,scene2_AE_run012.mat,2012.33394855326,0,9,20.9667942051981,22.7354610589888,12,2.04663178059057,24,0,31,0,182.545242495979,1.43261995942216,8,23.6939951218419,37.4328772722048,0,0,8,0,0,0,0,0
2,AE,scene2_AE_run013.mat,1610.20584173068,0,7,18.8095948586622,21.5580856182625,12,1.91326528548549,24,0,31,0,160.680610207959,1.26102573876241,8,21.5906137249278,39.4775196269474,0,0,8,0,0,0,0,0
2,AE,scene2_AE_run014.mat,1947.92522661753,0,9.04308121307078,19.458978949116,21.2043287404399,12,2.01078185793919,24,0,31,0,177.457152273599,1.39268849088179,8,25.1860441968151,34.9465940405087,0,0,8,0,0,0,0,0
2,AE,scene2_AE_run015.mat,1889.75200900594,0,9,16.1587645741065,18,12,1.276595288379,24,0,31,0,173.799191401988,1.36398071584585,8,24.2740706387861,39.4059768921094,0,0,8,0,0,0,0,0
2,AE,scene2_AE_run016.mat,1773.71978618841,0,9,19.6446877978069,24.0405012615219,12,2.51665490878222,24,0.0181818181818182,31,0,142.772925575681,1.12048574944001,8,23.5118240795882,39.6938121421228,0,0,8,0,0,0,0,0
2,AE,scene2_AE_run017.mat,1305.31294032617,0,5,21.3738895224125,24.8362214910149,12,2.04146038204863,24,0.104545454545455,31,0,187.006219375739,1.46762982562892,8,14.9245822069694,32.5364336367946,0,0,8,0,0,0,0,0
2,AE,scene2_AE_run018.mat,2091.40782077609,0,9,22.5282958798372,26.5174269818219,12,3.46841447793958,24,0.504545454545455,31,0,183.516423206233,1.44024181168569,8,13.2174262165245,27.1142018256456,0,0,8,1,0,0,0,1
2,AE,scene2_AE_run019.mat,1360.12575870831,0,6,19.3016300326152,21.8854409231943,12,2.20926484394223,24,0,31,0,155.069067123223,1.21698619811797,8,19.6834331107466,38.4495985374553,0,0,8,0,0,0,0,0
2,AE,scene2_AE_run020.mat,1375.02487323571,0,6,21.4678028629503,26.8262801258392,12,4.41540400971811,24,0.390909090909091,31,0,156.305942996953,1.22669323315106,8,10.8944949533284,27.5628153568108,0,0,8,0,0,0,0,0
2,AE,scene2_AE_run021.mat,1965.51313447781,0,9,21.4686566869892,24.8443097011822,12,2.35340256882262,24,0.181818181818182,31,0,170.202116161207,1.33575077287377,8,26.6594280552097,38.2016597970307,0,0,8,0,0,0,0,0
2,AE,scene2_AE_run022.mat,984.835925325847,0,4,21.2060132935093,24.409452146904,12,2.18679068896317,24,0.0727272727272727,31,0,154.430707721232,1.21197633640876,8,10.8176558204168,35.3350153825337,0,0,8,0,0,0,0,0
2,AE,scene2_AE_run023.mat,1895.69110018633,0,9,20.1346574410972,23.2950919962407,12,2.34691733932296,24,0,31,0,159.396361031064,1.2509469167754,8,27.638391392162,37.8796724547345,0,0,8,0,0,0,0,0
2,AE,scene2_AE_run024.mat,1839.01688656664,0,8,20.503367356568,23.0430883459998,12,2.1529538460576,24,0,31,0,175.279458587846,1.37559789242488,8,30.854565007953,37.3048385688109,0,0,8,0,0,0,0,0
2,AE,scene2_AE_run025.mat,1168.4245417644,0,5,18.5732531343487,21.3283088214872,12,1.67344011576499,24,0,31,0,151.528542117299,1.18920006290586,8,11.8734267928809,35.944219691032,0,0,8,0,0,0,0,0
2,AE,scene2_AE_run026.mat,1395.54820573087,0,6,19.1218579193249,19.9766520346089,12,1.16181585755983,24,0,31,0,161.693032600689,1.26897125685622,8,22.2223936781129,38.2700975464835,0,0,8,0,0,0,0,0
2,AE,scene2_AE_run027.mat,1896.02898124043,0,9,18.222256424725,20.2529980366409,12,1.44260816635967,24,0,31,0,164.122671583854,1.28803912876501,8,28.0526003558292,37.2239671245235,0,0,8,0,0,0,0,0
2,AE,scene2_AE_run028.mat,1452.75340289471,0,6,21.0972523892807,23.2995600778307,12,1.97983278728566,24,0,31,0,185.767259887549,1.45790643833365,8,12.200037683884,37.2371831455352,0,0,8,0,0,0,0,0
2,AE,scene2_AE_run029.mat,1649.35908273057,0,8,20.4947122803269,24.6232535725082,12,2.65329377996414,24,0.131818181818182,31,0,164.566733565398,1.291524139107,8,11.3974248622805,18.0120033798804,0,0,8,0,0,0,0,0
2,AE,scene2_AE_run030.mat,1932.52352495752,0,9,20.0844742429619,23.3045444213951,12,2.11631446184093,24,0,31,0,161.341217235865,1.26621020043652,8,29.0732577974647,37.4327480073657,0,0,8,0,0,0,0,0
2,PSO,scene2_PSO_run001.mat,980.193356082448,0,4,28.7924359154759,31.9711603319491,12,4.86429940552271,24,0.813636363636364,31,0.604545454545454,154.826803413568,1.21508490602648,8,6.61171038816693,27.1400594497083,0.0351758793969849,0.166666666666667,8,1,0,0,0,1
2,PSO,scene2_PSO_run002.mat,850.035404990408,0,3,14.8920434792388,18,9.42635558479741,2.90371423865278,24,0,31,0,163.437728567949,1.28266367760432,8,0.806756845192552,17.4659678307789,0.311557788944724,0.5,8,0,0,0,0,0
2,PSO,scene2_PSO_run003.mat,1041.88732836779,0,5,17.4351774872572,19.5607373972087,12,1.97254180867893,24,0,31,0,136.595221163474,1.07200295951173,8,5.81844059609591,16.4248359289307,0.14572864321608,0.333333333333333,8,0,0,0,0,0
2,PSO,scene2_PSO_run004.mat,406.440253999414,1,0,16.2424571989013,18,10.5076223412315,2.24613708599529,24,0,31,0,157.274683060585,1.23429593115445,8,0.41834473120359,6.17117932288387,0.743718592964824,0.833333333333333,8,0,1,0,1,1
2,PSO,scene2_PSO_run005.mat,837.718045574773,0,2,29.5887688657857,31.9746253436918,12,4.29155191703271,24,0.881818181818182,31,0.654545454545455,215.103502962117,1.68813806085327,8,10.9773950531205,37.4517500548909,0,0.166666666666667,8,1,0,0,0,1
2,PSO,scene2_PSO_run006.mat,307.733291343373,1,0,27.1713103453793,31.8968435302086,12,4.60018810747057,24,0.763636363636364,31,0.304545454545455,150.701308617082,1.18270791220772,8,1.45925099629094,19.2017130626893,0.241206030150754,0.5,8,1,0,0,0,1
2,PSO,scene2_PSO_run007.mat,614.127973174349,0,2,29.9608080297938,31.7498737674121,12,3.79910998482272,24,0.909090909090909,31,0.745454545454545,142.416867471742,1.11769139588994,8,7.96190818743043,14.2316058108729,0.0050251256281407,0,8,1,0,0,0,1
2,PSO,scene2_PSO_run008.mat,859.179866544934,0,3,19.0723101467373,23.4736039234848,12,3.91389079759425,24,0,31,0,158.640499447037,1.24501489478988,8,6.86061831675494,26.782841003974,0.0653266331658292,0.166666666666667,8,0,0,0,0,0
2,PSO,scene2_PSO_run009.mat,405.450086591401,1,0,26.4875447639562,31.6329819071889,12,5.38132542304255,24,0.75,31,0.145454545454545,173.864872112994,1.36449617982755,8,3.32245251435602,20.7245074758596,0.160804020100503,0.5,8,1,0,0,0,1
2,PSO,scene2_PSO_run010.mat,353.241052967716,1,0,27.8358309963185,31.9999819645206,12,4.36517558733267,24,0.845454545454545,31,0.359090909090909,154.862051377213,1.21536153299061,8,1.26304610273603,24.2406472698246,0.21105527638191,0.5,8,1,0,0,0,1
2,PSO,scene2_PSO_run011.mat,975.030669828351,0,2,29.8573180001033,31.9462250855551,12,3.75559829426359,24,0.909090909090909,31,0.65,260.051050358528,2.04088761842441,8,0.00464889788813139,7.34700678243863,0.768844221105528,0.833333333333333,8,1,1,1,1,1
2,PSO,scene2_PSO_run012.mat,432.385603873215,1,0,30.0664579108515,31.9971175615235,12,3.85972212799503,24,0.909090909090909,31,0.740909090909091,175.322980926552,1.37593945690643,8,1.32308831157275,8.799730244867,0.472361809045226,0.833333333333333,8,1,0,0,1,1
2,PSO,scene2_PSO_run013.mat,858.954845592534,0,3,30.2277392030928,31.9999999897043,12,3.90707166540949,24,0.909090909090909,31,0.754545454545455,170.631194097408,1.33911818802601,8,10.6401396365541,24.3372072011658,0,0.166666666666667,8,1,0,0,0,1
2,PSO,scene2_PSO_run014.mat,1050.24200511427,0,5,8.92073855970544,18,8.01656227768885,1.69103792937392,24,0,31,0,138.64739819416,1.08810849989301,8,3.6993337850381,15.1115177700568,0.266331658291457,0.333333333333333,8,0,0,0,0,0
2,PSO,scene2_PSO_run015.mat,1029.93468475593,0,4,8.74460981827862,18,8.000030221188,1.74039159465837,24,0,31,0,173.989085242668,1.36547100780093,8,9.5226808118569,27.1555140627464,0,0,8,0,0,0,0,0
2,PSO,scene2_PSO_run016.mat,874.468812260814,0,3,29.0100828952022,31.8597508001929,12,3.69104482947893,24,0.895454545454546,31,0.286363636363636,160.316376510734,1.25816722293694,8,1.79452881854372,8.41750106693162,0.472361809045226,0.666666666666667,8,1,0,0,1,1
2,PSO,scene2_PSO_run017.mat,1134.18792870476,0,4,22.8642700568239,28.3257336586976,10.9496257186551,4.85472835820882,24,0.654545454545455,31,0,193.706894766638,1.52021690582534,8,3.51057154016219,32.0162553181478,0.0904522613065327,0.166666666666667,8,1,0,0,0,1
2,PSO,scene2_PSO_run018.mat,671.242161967164,0,2,17.519823938663,19.545073894268,12,2.00078488924179,24,0,31,0,153.027647738012,1.20096508402693,8,1.06477891552049e-08,2.48479465180351,0.924623115577889,1,8,0,1,0,1,1
2,PSO,scene2_PSO_run019.mat,276.976651118124,1,0,29.9570452025702,31.8967786785401,12,3.89889235104967,24,0.904545454545455,31,0.718181818181818,140.800069086804,1.10500271879842,8,10.2849337568476,21.443225404024,0,0,8,1,0,0,0,1
2,PSO,scene2_PSO_run020.mat,324.587912047049,1,0,22.9641318198833,24.6728629000995,12,2.37566829126791,24,0.318181818181818,31,0,156.360276883887,1.22711964695309,8,5.05434718077527,28.1776437836782,0.050251256281407,0.333333333333333,8,0,0,0,0,0
2,PSO,scene2_PSO_run021.mat,314.072728272419,1,0,29.9663547597017,31.9999999998567,12,3.98349801014273,24,0.9,31,0.7,149.714325979642,1.17496204599578,8,5.62304756503762,28.1894649023347,0.0251256281407035,0.166666666666667,8,1,0,0,0,1
2,PSO,scene2_PSO_run022.mat,293.92215131758,1,0,26.9581614416492,31.9999999998345,12,5.61212947772357,24,0.677272727272727,31,0.427272727272727,146.014356796734,1.14592458860601,8,1.04254975121211,18.8747557919733,0.246231155778894,0.333333333333333,8,1,0,0,0,1
2,PSO,scene2_PSO_run023.mat,281.46720797402,1,0,29.0362881230051,31.9102254309532,12,4.66956969000677,24,0.85,31,0.6,143.313368793923,1.12472716231279,8,4.16122507600767,24.8475181723224,0.0603015075376884,0.166666666666667,8,1,0,0,0,1
2,PSO,scene2_PSO_run024.mat,1042.85468773599,0,4,22.0166444748686,23.3683826586247,12,2.17890660502134,24,0,31,0,165.420964484843,1.29822816627538,8,8.57719811033862,33.0178601330667,0,0,8,0,0,0,0,0
2,PSO,scene2_PSO_run025.mat,774.31053746748,0,3,20.903540978508,21.6327990613674,12,1.63489001219313,24,0,31,0,149.266357510702,1.17144637743591,8,3.44603367383012,21.932366723329,0.100502512562814,0.166666666666667,8,0,0,0,0,0
2,PSO,scene2_PSO_run026.mat,958.207962109167,0,2,25.8952751444356,31.8125388084078,12,6.6648603652744,24,0.663636363636364,31,0.4,232.726951655052,1.8264473588998,8,2.29125468716647,24.9961368812271,0.135678391959799,0.5,8,1,0,1,0,1
2,PSO,scene2_PSO_run027.mat,353.219216478804,1,3.5527136788005e-14,30.2295710926947,32,12,3.90789379901473,24,0.909090909090909,31,0.754545454545455,163.907351881677,1.28634929396691,8,0.0715095550906142,9.4310699927427,0.668341708542714,0.666666666666667,8,1,1,0,1,1
2,PSO,scene2_PSO_run028.mat,282.860249636185,1,0,27.2948740555651,29.9186220034652,12,3.25646672453024,24,0.881818181818182,31,0,141.73026699194,1.11230293690813,8,11.0511693559151,24.8946404375778,0,0,8,1,0,0,0,1
2,PSO,scene2_PSO_run029.mat,777.750775581225,0,3,26.4225620287214,29.63298533776,12,3.15683841012625,24,0.831818181818182,31,0,137.2104933596,1.07683163221005,8,7.39357373988724,27.3662660587879,0.0201005025125628,0,8,1,0,0,0,1
2,PSO,scene2_PSO_run030.mat,424.077286651537,1,0,9.5166535969936,18,8.12719314522339,1.56074912957299,24,0,31,0,190.326335829882,1.49368618861475,8,5.16994166604656,25.7928496863912,0.050251256281407,0.166666666666667,8,0,0,0,0,0
2,GWO,scene2_GWO_run001.mat,304.568500444861,1,0,25.6370015033599,29.2471067740422,12,3.2785425842123,24,0.809090909090909,31,0,149.500015357776,1.17328013048703,8,1.11753123597074,17.1155550182284,0.231155778894472,0.333333333333333,8,1,0,0,0,1
2,GWO,scene2_GWO_run002.mat,400.860387477667,1,0,24.173197565088,29.0802552945388,12,3.67473672679542,24,0.481818181818182,31,0,158.74784568095,1.24585735091292,8,0.000279732580644557,9.81723700067598,0.552763819095477,0.833333333333333,8,0,0,0,1,1
2,GWO,scene2_GWO_run003.mat,389.304256469799,1,0,15.4397275101043,18,12,0.691614577249452,24,0,31,0,171.443770765127,1.34549531150958,8,0.036959544495647,4.39582731577252,0.693467336683417,0.833333333333333,8,0,1,0,1,1
2,GWO,scene2_GWO_run004.mat,361.003835572934,1,0,14.5826915735223,18,11.9994864601605,1.26967245553139,24,0,31,0,170.744457040739,1.34000707864326,8,0.389631202002153,5.43538640980392,0.668341708542714,0.666666666666667,8,0,1,0,1,1
2,GWO,scene2_GWO_run005.mat,362.793132226786,1,0,12.4142918619289,18,11.0465886948778,1.1952613627936,24,0,31,0,170.704590018247,1.33969420118141,8,0.0862252158392044,5.13415893293505,0.683417085427136,0.666666666666667,8,0,1,0,1,1
2,GWO,scene2_GWO_run006.mat,401.630620544655,1,0,12.6148612497534,18,10.8466598059433,1.99848716609597,24,0,31,0,172.365402770064,1.35272830420476,8,0.0947018130356002,5.11065304521341,0.653266331658292,0.833333333333333,8,0,1,0,1,1
2,GWO,scene2_GWO_run007.mat,376.852625322457,1,0,25.5325315847211,29.9818552345459,12,3.16079192415101,24,0.854545454545454,31,0,155.136707854033,1.21751704438765,8,0.304564545084383,10.0120507877249,0.582914572864322,0.666666666666667,8,1,0,0,1,1
2,GWO,scene2_GWO_run008.mat,366.530287210263,1,0,13.0027348816383,18,11.5839992073567,1.45539362647715,24,0,31,0,169.067304545811,1.3268447408777,8,1.14613089824009,5.87834059339436,0.819095477386935,0.833333333333333,8,0,1,0,1,1
2,GWO,scene2_GWO_run009.mat,298.482333617357,1,0,10.5999366898708,18,9.76253348723106,1.4263680555486,24,0,31,0,151.178399327532,1.18645213290007,8,0.0454639543458865,3.88142365691254,0.894472361809045,0.833333333333333,8,0,1,0,1,1
2,GWO,scene2_GWO_run010.mat,305.919039810933,1,0,12.7548764187999,18,12,1.2349332668229,24,0,31,0,152.414170575909,1.19615049880377,8,0.13887895861797,3.14208650858087,0.914572864321608,0.833333333333333,8,0,1,0,1,1
2,GWO,scene2_GWO_run011.mat,294.003081375458,1,0,12.3080881309125,18,11.6188882809179,1.40942673329061,24,0,31,0,150.673720985383,1.18249140373417,8,0.0515084006970212,3.69111156593236,0.869346733668342,0.833333333333333,8,0,1,0,1,1
2,GWO,scene2_GWO_run012.mat,294.325406873043,1,0,13.7977000835177,18,12,1.101947726563,24,0,31,0,150.504224851606,1.18116119352999,8,0.0715363892619648,3.88209521696044,0.869346733668342,0.833333333333333,8,0,1,0,1,1
2,GWO,scene2_GWO_run013.mat,355.987088226831,1,0,14.4431829858022,18,11.6867590007252,2.46542981622973,24,0,31,0,166.811386959905,1.30914023915423,8,4.00708210680023,7.01868985869655,0.718592964824121,0.833333333333333,8,0,1,0,1,1
2,GWO,scene2_GWO_run014.mat,381.008586662299,1,0,25.0010218657336,29.3050987185693,12,2.86840794330436,24,0.854545454545454,31,0,162.174406039807,1.27274908851803,8,0.594672168433743,6.98969777852254,0.698492462311558,1,8,1,1,0,1,1
2,GWO,scene2_GWO_run015.mat,349.932688654409,1,0,13.6291398725556,18,12,1.39908582595394,24,0,31,0,172.868754375509,1.35667862110543,8,1.40597122314689,3.61874304610727,0.939698492462312,0.833333333333333,8,0,1,0,1,1
2,GWO,scene2_GWO_run016.mat,310.491918301879,1,0,14.3296496580866,18,12,1.20947347396768,24,0,31,0,152.390938562081,1.19596817333611,8,0.171600175268662,3.27455204080781,0.924623115577889,1,8,0,1,0,1,1
2,GWO,scene2_GWO_run017.mat,326.603687350061,1,0,23.3830639464146,29.4548440445547,12,6.30638989238936,24,0.581818181818182,31,0,148.410260233532,1.16472770304204,8,3.32614633459383,14.7364860614857,0.14070351758794,0.5,8,1,0,0,0,1
2,GWO,scene2_GWO_run018.mat,355.347858979765,1,0,13.1563448601161,18,12,1.37560862744308,24,0,31,0,174.26461855286,1.3676334006098,8,0.0807296965725264,2.90494120410837,0.939698492462312,1,8,0,1,0,1,1
2,GWO,scene2_GWO_run019.mat,426.125725638087,1,0,24.8587314190433,27.4761298353448,12,2.5483206142076,24,0.854545454545454,31,0,176.787822267155,1.38743557103813,8,0.00579214283334403,4.58078888624074,0.753768844221106,1,8,1,1,0,1,1
2,GWO,scene2_GWO_run020.mat,293.970158252197,1,0,16.0763701046693,18.9075185685489,12,1.42575654234044,24,0,31,0,150.539181955075,1.18143553781565,8,0.0262327806466917,4.31675271430325,0.78894472361809,0.666666666666667,8,0,1,0,1,1
2,GWO,scene2_GWO_run021.mat,302.241002981401,1,0,14.0193809731138,18,12,1.45486949409238,24,0,31,0,150.205642447387,1.17881791081296,8,0.073743198709474,5.04133014365344,0.773869346733668,0.666666666666667,8,0,1,0,1,1
2,GWO,scene2_GWO_run022.mat,301.151042104482,1,0,13.4117511002572,18,12,1.5821592977129,24,0,31,0,150.78478060783,1.18336300263003,8,0.00605462863766315,2.71136110120788,0.884422110552764,0.833333333333333,8,0,1,0,1,1
2,GWO,scene2_GWO_run023.mat,385.488207103595,1,0,14.9523042677039,18,12,1.82694353516833,24,0,31,0,169.688445948558,1.331719475267,8,1.0526759665776,6.32946425550329,0.678391959798995,0.833333333333333,8,0,1,0,1,1
2,GWO,scene2_GWO_run024.mat,298.054230854635,1,0,13.8622949756447,18.0070071725263,12,1.4897348925059,24,0,31,0,150.701434372049,1.18270889913606,8,0.163442429095061,2.95785421529191,0.889447236180904,0.833333333333333,8,0,1,0,1,1
2,GWO,scene2_GWO_run025.mat,301.264766693809,1,0,13.3779862892584,18,12,1.14429442903772,24,0,31,0,150.629947551137,1.1821478686481,8,0.115592316975127,3.86060046529189,0.85929648241206,0.833333333333333,8,0,1,0,1,1
2,GWO,scene2_GWO_run026.mat,292.489339704633,1,0,13.2025942777858,18,12,1.19347153593294,24,0,31,0,150.74603055701,1.18305889119182,8,0.32273392367109,5.33546308589947,0.718592964824121,0.833333333333333,8,0,1,0,1,1
2,GWO,scene2_GWO_run027.mat,396.492963045138,1,0,10.450736748476,18,9.85757216396092,1.36486255162453,24,0,31,0,161.918434030383,1.27074021332228,8,0.00133892792703677,3.15772153251539,0.909547738693467,1,8,0,1,0,1,1
2,GWO,scene2_GWO_run028.mat,307.824421635945,1,0,12.2234584527937,18,11.4946626314553,1.37981606158436,24,0,31,0,152.058932401316,1.1933625800812,8,0.00565733060109742,1.95694341436701,0.919597989949749,1,8,0,1,0,1,1
2,GWO,scene2_GWO_run029.mat,368.199367080571,1,0,18.0710365685431,18.5173733026512,12,1.00700407147375,24,0,31,0,161.940356951617,1.27091226499615,8,0.16972835616211,3.27589338461031,0.864321608040201,0.833333333333333,8,0,1,0,1,1
2,GWO,scene2_GWO_run030.mat,326.131030767758,1,0,12.4683357354575,18,11.7960200117232,1.0544413345272,24,0,31,0,155.70054306607,1.22194203825518,8,0.011083471716056,1.9348372660851,0.919597989949749,1,8,0,1,0,1,1
2,HHO,scene2_HHO_run001.mat,382.745296929077,1,0,25.5736616231881,27.1733500843687,12,2.75823232879496,24,0.854545454545454,31,0,170.021569413721,1.33433383715679,8,1.15903756369773,5.59400438735854,0.78391959798995,1,8,1,1,0,1,1
2,HHO,scene2_HHO_run002.mat,288.876551551701,1,0,13.3634663630729,18,11.9051835160468,1.09356129898265,24,0,31,0,147.870204240349,1.16048932912191,8,5.65423720100594,12.0963479538399,0.14572864321608,0.166666666666667,8,0,0,0,0,0
2,HHO,scene2_HHO_run003.mat,1103.6015621389,0,4,10.5707045504362,18,9.36815711564284,1.35111043061599,24,0,31,0,145.141246935253,1.13907239899415,8,5.43106288343183,14.1863782228713,0.125628140703518,0.166666666666667,8,0,0,0,0,0
2,HHO,scene2_HHO_run004.mat,286.353480035274,1,0,12.960362150147,18,12,1.29343085485471,24,0,31,0,148.936499809274,1.16885764534751,8,2.37887201580272,8.10769462408295,0.587939698492462,0.666666666666667,8,0,0,0,1,1
2,HHO,scene2_HHO_run005.mat,294.335409190509,1,0,13.610779720941,18,11.7158809742137,1.21547633364514,24,0,31,0,150.089558304411,1.17790687934522,8,5.07785463311315,9.24674528843788,0.582914572864322,0.833333333333333,8,0,0,0,1,1
2,HHO,scene2_HHO_run006.mat,412.688717377481,1,0,24.0629027806747,28.4195631903928,11.8227367822571,4.95047576671671,24,0.681818181818182,31,0,165.82167040624,1.30137291709443,8,4.09733940389113,13.296198815525,0.201005025125628,0.5,8,1,0,0,0,1
2,HHO,scene2_HHO_run007.mat,291.769211747109,1,0,14.6394337418014,18,11.8217667258733,1.21529714108992,24,0,31,0,149.131203688087,1.17038568661088,8,5.77413331851828,11.2493733493578,0.331658291457286,0.333333333333333,8,0,0,0,0,0
2,HHO,scene2_HHO_run008.mat,337.752050865392,1,0,28.9925329716736,31.9106698642847,12,3.92437539639714,24,0.886363636363636,31,0.372727272727273,146.763825694928,1.15180644062164,8,6.51033063218152,20.7853031379468,0.0402010050251256,0.333333333333333,8,1,0,0,0,1
2,HHO,scene2_HHO_run009.mat,287.195066902016,1,0,12.6268861910968,18.0062845890927,11.5208016537369,1.76262503057684,24,0,31,0,148.303246105623,1.16388785329583,8,5.17754119394951,8.97492962637436,0.582914572864322,0.833333333333333,8,0,0,0,1,1
2,HHO,scene2_HHO_run010.mat,290.654672172115,1,0,13.2544240017664,18,12,1.15467656539395,24,0,31,0,148.7893916259,1.16770313637859,8,4.73272004215178,8.80921919680057,0.618090452261307,0.833333333333333,8,0,0,0,1,1
2,HHO,scene2_HHO_run011.mat,454.611219797565,1,0,29.1337901605355,31.168376637201,12,3.680321204185,24,0.9,31,0.140909090909091,185.847920569033,1.45853946552546,8,9.73889631803408,23.0553629580065,0,0,8,1,0,0,0,1
2,HHO,scene2_HHO_run012.mat,301.580672906941,1,0,30.0310781090968,31.9265232852587,12,3.90826146286725,24,0.904545454545455,31,0.736363636363636,151.168498752843,1.18637443292436,8,12.2831825819034,20.6895787312349,0,0,8,1,0,0,0,1
2,HHO,scene2_HHO_run013.mat,338.739956832796,1,0,19.6751749321129,20.9638147268848,12,1.43272701340432,24,0,31,0,158.723484091846,1.2456661605082,8,1.47225158021678,3.58165573617383,0.909547738693467,1,8,0,1,0,1,1
2,HHO,scene2_HHO_run014.mat,374.685439792803,1,0,9.47463393819215,18,8.57503348148102,1.66017324888612,24,0,31,0,158.489037866711,1.24382622024491,8,0.167305136911969,2.70418353943226,0.909547738693467,1,8,0,1,0,1,1
2,HHO,scene2_HHO_run015.mat,369.173793707642,1,0,21.2695711349642,28.9578200970596,12,6.43627046436345,24,0.45,31,0,155.135671791441,1.21750891334064,8,5.34386567361436,14.0180111176332,0.206030150753769,0.5,8,0,0,0,0,0
2,HHO,scene2_HHO_run016.mat,287.748435599522,1,0,26.2227803179791,29.6522313268298,12,3.42182211781453,24,0.831818181818182,31,0,140.053680743244,1.09914504305819,8,8.32133431213512,21.9156415242008,0,0,8,1,0,0,0,1
2,HHO,scene2_HHO_run017.mat,309.78259845845,1,0,20.1869751100237,22.29755484262,12,1.66090102620668,24,0,31,0,153.788834083885,1.20693889488624,8,2.68513397448255,7.39475248969267,0.658291457286432,0.833333333333333,8,0,1,0,1,1
2,HHO,scene2_HHO_run018.mat,296.086131941463,1,0,13.2894625658337,18,12,1.08525413704168,24,0,31,0,151.480532959899,1.18882328575086,8,6.04965781116113,13.4500164526359,0.165829145728643,0.5,8,0,0,0,0,0
2,HHO,scene2_HHO_run019.mat,292.153755691778,1,0,28.0930887837057,31.1042240915911,12,3.72537838255057,24,0.868181818181818,31,0.109090909090909,146.902370609497,1.1528937448273,8,8.96621327542789,19.0735744979909,0,0,8,1,0,0,0,1
2,HHO,scene2_HHO_run020.mat,283.917735778546,1,0,12.4518344603149,18,11.2718760903663,1.17799937634952,24,0,31,0,147.277615771069,1.15583867892031,8,5.55215699048317,11.4954102148494,0.311557788944724,0.333333333333333,8,0,0,0,0,0
2,HHO,scene2_HHO_run021.mat,277.489170035046,1,0,28.0703802580883,29.9339486128806,12,3.43219698904342,24,0.886363636363636,31,0,141.778160344417,1.11267880522299,8,10.0328150426103,19.2199024547111,0,0.166666666666667,8,1,0,0,0,1
2,HHO,scene2_HHO_run022.mat,386.031541444757,1,0,13.5706742109641,18,11.7487607477342,1.64318018247269,24,0,31,0,167.822333632972,1.31707417576054,8,2.90873499894316,7.71265798945019,0.507537688442211,0.833333333333333,8,0,0,0,1,1
2,HHO,scene2_HHO_run023.mat,305.205453937317,1,0,25.7881460668162,30.7629361179134,12,4.2245254877856,24,0.722727272727273,31,0,140.13641526035,1.09979434576758,8,6.6580609558057,16.2711866311946,0.0653266331658292,0.166666666666667,8,1,0,0,0,1
2,HHO,scene2_HHO_run024.mat,398.064573163749,1,0,12.4537713440568,18,11.402801667052,1.28088032267419,24,0,31,0,167.710121339366,1.31619353067052,8,4.14842471128691,8.17050569460589,0.452261306532663,0.666666666666667,8,0,0,0,1,1
2,HHO,scene2_HHO_run025.mat,380.389799425989,1,0,24.9490120255889,27.8618481005043,12,3.15309317744376,24,0.781818181818182,31,0,163.139588334894,1.28032386505845,8,4.96925326766925,11.2794410735491,0.221105527638191,0.5,8,1,0,0,0,1
2,HHO,scene2_HHO_run026.mat,285.020729496222,1,0,28.2732558901461,30.1590602560037,12,3.48838015407803,24,0.886363636363636,31,0,141.872044585046,1.11341561126165,8,10.2060930151918,19.2907226392066,0,0.166666666666667,8,1,0,0,0,1
2,HHO,scene2_HHO_run027.mat,398.350148530325,1,0,26.0197926245292,28.5179026674561,12,3.01479396896584,24,0.854545454545454,31,0,168.04764765836,1.31884244627527,8,0.585640302102042,6.40607946684804,0.693467336683417,0.833333333333333,8,1,1,0,1,1
2,HHO,scene2_HHO_run028.mat,397.8965053607,1,0,24.5818117070695,26.8305710011348,12,2.39572880197678,24,0.854545454545454,31,0,170.115875629956,1.33507395487133,8,1.23364673001976,7.50593648502753,0.5678391959799,0.666666666666667,8,1,0,0,1,1
2,HHO,scene2_HHO_run029.mat,308.497193254248,1,0,24.8689309066031,28.3856718858286,12,2.57068005474232,24,0.827272727272727,31,0,154.917405647238,1.2157959547865,8,8.154356175204,13.6554355955593,0,0,8,1,0,0,0,1
2,HHO,scene2_HHO_run030.mat,316.271445587611,1,0,17.6938822803988,18.3138136959664,12,0.928353074099169,24,0,31,0,153.915113516734,1.20792993926236,8,4.87199049605796,8.95834451551939,0.557788944723618,0.833333333333333,8,0,0,0,1,1
2,ERIME,scene2_ERIME_run001.mat,380.385406935961,1,0,12.0839015081731,18,8.05066334533317,3.41934179014625,24,0,31,0,170.402050370472,1.33731986191081,8,1.74873312729919,5.62525882394064,0.71356783919598,0.833333333333333,8,0,1,0,1,1
2,ERIME,scene2_ERIME_run002.mat,360.452188000582,1,0,17.1098764291875,18.008549469557,12,0.927083823311524,24,0,31,0,169.761228692005,1.33229067618979,8,0.0162129970140586,3.38654523311724,0.844221105527638,1,8,0,1,0,1,1
2,ERIME,scene2_ERIME_run003.mat,295.731318134103,1,0,27.6097144004345,31.0486076410942,12,4.08570478327152,24,0.840909090909091,31,0.127272727272727,144.507048043234,1.13409518907881,8,5.35077394089591,20.8659474950187,0.155778894472362,0.5,8,1,0,0,0,1
2,ERIME,scene2_ERIME_run004.mat,299.03700775191,1,0,9.17593226404595,18,8.07605157414328,2.0073568681333,24,0,31,0,151.342925303305,1.18774333717094,8,4.51920839831978e-08,3.64489280499471,0.864321608040201,0.833333333333333,8,0,1,0,1,1
2,ERIME,scene2_ERIME_run005.mat,360.31454697368,1,0,9.64238102277923,18,8.30473270503647,1.73158750224454,24,0,31,0,171.045107947967,1.34236659502739,8,3.36390353620745,6.92797637050555,0.723618090452261,0.833333333333333,8,0,1,0,1,1
2,ERIME,scene2_ERIME_run006.mat,300.151875676187,1,0,25.6203930913406,29.8817040655242,12,3.3038747187727,24,0.831818181818182,31,0,143.237180528424,1.12412923476159,8,6.11585829721722,16.8313268532652,0.0954773869346734,0.166666666666667,8,1,0,0,0,1
2,ERIME,scene2_ERIME_run007.mat,305.579288465996,1,0,18.5878885885564,27.1106538817295,12,5.09035567734379,24,0.159090909090909,31,0,153.781938873351,1.20688478108902,8,5.07492721832749,9.43113162229365,0.678391959798995,0.5,8,0,1,0,0,1
2,ERIME,scene2_ERIME_run008.mat,317.813756974368,1,0,16.5077127004776,18.1584852212798,12,1.26738003992709,24,0,31,0,151.068996454267,1.18559353621623,8,3.83847954775445,14.9576290690522,0.206030150753769,0.5,8,0,0,0,0,0
2,ERIME,scene2_ERIME_run009.mat,307.630336559034,1,0,24.3009712460401,26.3679025380652,12,2.54676063236794,24,0.768181818181818,31,0,154.185956988845,1.21005552609617,8,3.16435049525035,10.9811105178834,0.437185929648241,0.666666666666667,8,1,0,0,1,1
2,ERIME,scene2_ERIME_run010.mat,321.199364621624,1,0,16.9125543557928,18.1036226218559,12,0.985308928509419,24,0,31,0,152.341177442019,1.19557764673114,8,0.0669595937978416,2.45045739814874,0.899497487437186,0.833333333333333,8,0,1,0,1,1
2,ERIME,scene2_ERIME_run011.mat,295.316082855981,1,0,23.5350772261927,27.5006209308624,12,3.08851851892195,24,0.536363636363636,31,0,151.138343741794,1.18613777558882,8,2.68261818998985,11.1720425447045,0.361809045226131,0.5,8,1,0,0,0,1
2,ERIME,scene2_ERIME_run012.mat,304.583119787352,1,0,16.4283239472613,18,12,1.12414758257961,24,0,31,0,153.859640017904,1.2074945817556,8,1.47078135217395,9.91297348269289,0.552763819095477,0.666666666666667,8,0,0,0,1,1
2,ERIME,scene2_ERIME_run013.mat,304.411320395069,1,0,9.93007556805548,18,8.32279512699625,2.43291344880969,24,0,31,0,153.31591979265,1.20322745084389,8,1.18985602819921,5.30568459560988,0.809045226130653,1,8,0,1,0,1,1
2,ERIME,scene2_ERIME_run014.mat,312.719860611875,1,0,18.2720482348656,22.5110028890814,12,3.84512173713737,24,0,31,0,156.892698269701,1.23129810426981,8,2.72048263047895,10.9000752573045,0.346733668341709,0.5,8,0,0,0,0,0
2,ERIME,scene2_ERIME_run015.mat,319.317360075244,1,0,23.2153850623211,24.7504316683953,12,2.24950882271756,24,0.540909090909091,31,0,159.170213044514,1.24917210131111,8,0,2.70058529629044,0.899497487437186,1,8,1,1,0,1,1
2,ERIME,scene2_ERIME_run016.mat,296.463429235843,1,0,15.0453111691486,18.0459413022234,12,1.49849351185464,24,0,31,0,150.464407819778,1.18084870839621,8,5.99194563393899,10.3110677805349,0.331658291457286,0.5,8,0,0,0,0,0
2,ERIME,scene2_ERIME_run017.mat,331.197433039743,1,1.06581410364015e-13,30.2295724484667,32,12,3.90789424454447,24,0.909090909090909,31,0.754545454545455,154.553356634554,1.21293888837027,8,2.53050344534268e-08,7.08549851813552,0.708542713567839,0.666666666666667,8,1,1,0,1,1
2,ERIME,scene2_ERIME_run018.mat,289.183976735539,1,0,9.41607970960889,18,8.00000029009459,1.89635859553456,24,0,31,0,150.325149827629,1.17975580793858,8,4.81530480906736,9.65408932213745,0.336683417085427,0.333333333333333,8,0,0,0,0,0
2,ERIME,scene2_ERIME_run019.mat,335.18319360338,1,0,19.5850926414855,20.6623467761715,12,1.35775631991101,24,0,31,0,170.02960012051,1.33439686235908,8,0.998857743132589,5.34177894775092,0.753768844221106,0.833333333333333,8,0,1,0,1,1
2,ERIME,scene2_ERIME_run020.mat,281.679386802731,1,0,27.6895074313294,30.1053908683523,12,3.72810407109846,24,0.845454545454545,31,0,142.193735775435,1.11594025235238,8,5.31247730256403,22.3304606801243,0.0552763819095477,0.166666666666667,8,1,0,0,0,1
2,ERIME,scene2_ERIME_run021.mat,328.488188588753,1,0,22.4505179718712,29.1606511627881,12,4.09786216122356,24,0.35,31,0,143.599799958762,1.12697508177724,8,2.29146327518878,12.8881888272583,0.291457286432161,0.5,8,0,0,0,0,0
2,ERIME,scene2_ERIME_run022.mat,301.688851056252,1,0,23.6786702620885,26.0642808683856,12,2.66679465848259,24,0.654545454545455,31,0,151.104819474022,1.18587467623613,8,4.08276501716117,16.2404228271689,0.190954773869347,0.333333333333333,8,1,0,0,0,1
2,ERIME,scene2_ERIME_run023.mat,318.510080745253,1,0,12.3755464080805,18,11.2627044966737,1.83271897638012,24,0,31,0,153.097949717653,1.20151681584882,8,1.20233447291171e-08,2.05860575184689,0.919597989949749,1,8,0,1,0,1,1
2,ERIME,scene2_ERIME_run024.mat,330.125670928526,1,0,8.80498461756796,18,8.02488124072456,1.73563243368312,24,0,31,0,167.281323287993,1.31282831206192,8,0,4.08613923121033,0.708542713567839,0.666666666666667,8,0,1,0,1,1
2,ERIME,scene2_ERIME_run025.mat,366.673234384261,1,0,16.8562484204268,18.1013792668838,12,1.30288057019875,24,0,31,0,169.90344911582,1.33340682589059,8,1.17457858402009,6.91456351175254,0.482412060301508,0.666666666666667,8,0,0,0,1,1
2,ERIME,scene2_ERIME_run026.mat,320.884459237586,1,0,10.8368830372155,18,8.69865984543062,2.45174651469446,24,0,31,0,153.774498209987,1.20682638656336,8,0.672295983351515,10.9801305267306,0.396984924623116,0.5,8,0,0,0,0,0
2,ERIME,scene2_ERIME_run027.mat,343.123880161004,1,0,18.613235634243,29.6436653828802,11.9560533254151,6.18907225916538,24,0.259090909090909,31,0,141.196501371067,1.10811392999861,8,5.1951502988469,13.0234405776687,0.407035175879397,0.666666666666667,8,0,0,0,1,1
2,ERIME,scene2_ERIME_run028.mat,329.730586482072,1,0,9.53708644020762,18,8.42933508236365,1.62052470787305,24,0,31,0,170.672110418062,1.33943930040798,8,0.221017623806959,4.84249814357106,0.743718592964824,0.833333333333333,8,0,1,0,1,1
2,ERIME,scene2_ERIME_run029.mat,350.843233674082,1,0,15.4257139846093,29.4952125176008,9.0518584913385,7.57721892364661,24,0.222727272727273,31,0,149.69882011833,1.1748403555803,8,1.92052035089467,9.36557125742322,0.527638190954774,0.833333333333333,8,0,0,0,1,1
2,ERIME,scene2_ERIME_run030.mat,317.907302075573,1,0,24.2191332204035,29.9101492912029,12,4.27270366247556,24,0.468181818181818,31,0,140.857136217397,1.10545058317,8,6.47925687314756,16.431282445684,0.100502512562814,0.333333333333333,8,0,0,0,0,0
2,MSCSO,scene2_MSCSO_run001.mat,278.842870911048,1,0,27.2933865845432,29.0433659746863,12,3.27273757383223,24,0.872727272727273,31,0,141.091309465581,1.10728838110285,8,9.77319987894774,20.5097801312794,0,0,8,1,0,0,0,1
2,MSCSO,scene2_MSCSO_run002.mat,335.939115222804,1,0,11.3131357251697,18,10.5419667297518,1.31216098664998,24,0,31,0,165.117155086254,1.29584386196634,8,5.25583926025952,9.31952884718913,0.301507537688442,0.5,8,0,0,0,0,0
2,MSCSO,scene2_MSCSO_run003.mat,311.641975507908,1,0,24.2548023729553,26.1871325515277,12,2.77730533267571,24,0.731818181818182,31,0,156.658998473249,1.22946402199885,8,1.72375085822461,15.4080956618504,0.296482412060302,0.5,8,1,0,0,0,1
2,MSCSO,scene2_MSCSO_run004.mat,300.416399572689,1,0,11.1868654129722,18,10.4010696972274,1.14123063442384,24,0,31,0,152.231495301492,1.19471685835034,8,5.71242125910405,11.7348960329951,0.21608040201005,0.5,8,0,0,0,0,0
2,MSCSO,scene2_MSCSO_run005.mat,275.668347948098,1,0,27.3199309319679,29.4608137868444,12,3.2830100130643,24,0.872727272727273,31,0,140.271695136193,1.10085602586174,8,8.34942568577972,20.4428384289368,0,0,8,1,0,0,0,1
2,MSCSO,scene2_MSCSO_run006.mat,288.570104711787,1,0,17.9902388922134,18.5738876338982,12,1.01257785320182,24,0,31,0,149.130262505046,1.17037830018112,8,4.73877540307535,13.9660144490191,0.241206030150754,0.5,8,0,0,0,0,0
2,MSCSO,scene2_MSCSO_run007.mat,278.001315744426,1,0,13.6824386022721,18,12,1.23229223062438,24,0,31,0,147.960502084318,1.16119798902339,8,4.30964762775317,11.2101759521321,0.175879396984925,0.166666666666667,8,0,0,0,0,0
2,MSCSO,scene2_MSCSO_run008.mat,317.299414391338,1,0,17.0891794915705,18,12,1.03433815763032,24,0,31,0,167.207307988647,1.31224743800738,8,3.35046262570111,10.5683698836518,0.241206030150754,0.333333333333333,8,0,0,0,0,0
2,MSCSO,scene2_MSCSO_run009.mat,318.061268109258,1,0,13.3865588312587,18,11.1630970888377,1.25579821537194,24,0,31,0,166.401965841414,1.30592709123463,8,3.78773629161373,8.92466370239175,0.326633165829146,0.5,8,0,0,0,0,0
2,MSCSO,scene2_MSCSO_run010.mat,284.651274882056,1,0,26.0803362760433,29.3072926045532,12,3.74323134271621,24,0.777272727272727,31,0,142.153795924629,1.11562680333197,8,6.47532060085604,18.9771340511073,0.0402010050251256,0.166666666666667,8,1,0,0,0,1
2,MSCSO,scene2_MSCSO_run011.mat,287.898264044323,1,0,18.7736047783466,19.7173840230615,12,1.44469172419517,24,0,31,0,148.886600593677,1.16846603496508,8,4.96298376968375,11.7193790516825,0.442211055276382,0.666666666666667,8,0,0,0,1,1
2,MSCSO,scene2_MSCSO_run012.mat,303.602813147052,1,0,25.0402192873431,29.995449144577,12,5.04829106794805,24,0.613636363636364,31,0,139.204315324903,1.09247920047297,8,6.28126734414403,20.929957777581,0.110552763819095,0.333333333333333,8,1,0,0,0,1
2,MSCSO,scene2_MSCSO_run013.mat,297.552736984567,1,0,22.6317588802539,26.7353692105102,12,3.36688317235479,24,0.472727272727273,31,0,153.921659133343,1.20798130943707,8,4.78438925189531,13.1846747475459,0.361809045226131,0.666666666666667,8,0,0,0,1,1
2,MSCSO,scene2_MSCSO_run014.mat,292.716286756053,1,0,12.715737326987,18.4075527107465,10.6890367437909,2.20266877216852,24,0,31,0,149.154181536588,1.17056601738223,8,4.34918596806867,16.0685280281887,0.125628140703518,0.166666666666667,8,0,0,0,0,0
2,MSCSO,scene2_MSCSO_run015.mat,294.340580755749,1,0,18.6355223201771,21.0591268021541,12,2.406477593428,24,0,31,0,149.461402166978,1.17297709312995,8,5.55197070659756,13.551884278981,0.165829145728643,0.166666666666667,8,0,0,0,0,0
2,MSCSO,scene2_MSCSO_run016.mat,278.631233690942,1,0,26.6797265138911,29.224529296958,12,3.31460456875695,24,0.854545454545454,31,0,141.897962246371,1.11361901376291,8,7.64983219858371,18.4548224261942,0.0050251256281407,0.166666666666667,8,1,0,0,0,1
2,MSCSO,scene2_MSCSO_run017.mat,287.725014116772,1,0,25.9936064390915,29.8025031649755,12,3.75277321583318,24,0.686363636363636,31,0,146.354081432252,1.14859075665781,8,7.76440968978162,18.6743075979873,0.0100502512562814,0,8,1,0,0,0,1
2,MSCSO,scene2_MSCSO_run018.mat,280.438379621815,1,0,25.9899445281861,29.7373162117841,11.9970636593821,5.43120845653817,24,0.745454545454545,31,0,139.592525539406,1.09552588464915,8,5.80956285611828,22.7357525171743,0.0753768844221105,0.166666666666667,8,1,0,0,0,1
2,MSCSO,scene2_MSCSO_run019.mat,280.58234345301,1,0,27.2266626685045,29.1835700602449,12,3.38758408206325,24,0.863636363636364,31,0,141.790619921446,1.11277658831771,8,9.43792066418577,23.0875558560199,0,0,8,1,0,0,0,1
2,MSCSO,scene2_MSCSO_run020.mat,307.962784289236,1,0,22.3824741127689,29.294716478072,12,5.47660261289469,24,0.454545454545455,31,0,138.793486795057,1.08925500715131,8,5.71147117515453,16.7452963995319,0.110552763819095,0.166666666666667,8,0,0,0,0,0
2,MSCSO,scene2_MSCSO_run021.mat,342.654477579087,1,0,25.8129935470964,28.8422907644485,12,3.26922391063312,24,0.704545454545455,31,0,155.748737655703,1.22232027068731,8,7.45169775293954,14.8525986589742,0.0251256281407035,0.166666666666667,8,1,0,0,0,1
2,MSCSO,scene2_MSCSO_run022.mat,277.552167240165,1,0,12.7808941442701,18,11.9749728917955,1.22280684039604,24,0,31,0,147.911604205039,1.16081423715524,8,5.56051616342961,12.4164591517478,0.110552763819095,0.166666666666667,8,0,0,0,0,0
2,MSCSO,scene2_MSCSO_run023.mat,279.789527448467,1,0,14.5684454112138,18,12,1.04147159259091,24,0,31,0,148.367436850853,1.16439162398615,8,3.37228712663068,10.1611006651053,0.346733668341709,0.5,8,0,0,0,0,0
2,MSCSO,scene2_MSCSO_run024.mat,281.324735619281,1,0,27.3394389115636,29.8411437078704,12,3.71636304392705,24,0.854545454545454,31,0,142.788944651588,1.1206114675774,8,5.66605690233867,21.0919321077995,0.0251256281407035,0.166666666666667,8,1,0,0,0,1
2,MSCSO,scene2_MSCSO_run025.mat,290.256528166449,1,0,24.9640675796168,29.2995383023645,12,4.72708867009283,24,0.636363636363636,31,0,139.271069880646,1.09300309201697,8,6.25314683567694,18.0257512796245,0.0954773869346734,0.333333333333333,8,1,0,0,0,1
2,MSCSO,scene2_MSCSO_run026.mat,279.428653516253,1,0,26.9456122110944,29.1705439002448,12,3.57831833443993,24,0.840909090909091,31,0,143.733964256852,1.12802800678727,8,8.11974114209475,23.0988524225384,0,0,8,1,0,0,0,1
2,MSCSO,scene2_MSCSO_run027.mat,277.328762465592,1,0,15.1931539356112,18,12,0.938533290647033,24,0,31,0,147.770469373451,1.15970660721136,8,4.96381403193065,10.5994248635167,0.412060301507538,0.5,8,0,0,0,0,0
2,MSCSO,scene2_MSCSO_run028.mat,338.197328534664,1,0,22.3155454765863,26.6324580045271,12,3.71718174767858,24,0.436363636363636,31,0,148.858003421221,1.1682416035886,8,6.19180142542884,15.3638493500372,0.135678391959799,0.333333333333333,8,0,0,0,0,0
2,MSCSO,scene2_MSCSO_run029.mat,288.155953570795,1,0,26.8042027743798,29.1713881416609,12,3.33614987030669,24,0.859090909090909,31,0,144.497129304185,1.1340173465487,8,4.11956638199504,23.7059156840197,0.0753768844221105,0.166666666666667,8,1,0,0,0,1
2,MSCSO,scene2_MSCSO_run030.mat,295.184260369245,1,0,24.0285811832,26.062581102261,12,3.06498292958823,24,0.709090909090909,31,0,150.424035699648,1.18053186691455,8,5.5477043835503,17.9533380319362,0.130653266331658,0.333333333333333,8,1,0,0,0,1
2,CVF-AE,scene2_CVF-AE_run001.mat,303.885297531844,1,0,15.5413422064588,18,12,1.23152720491894,24,0,31,0,152.523149313785,1.1970057668617,8,4.30766745137107,14.2610899168582,0.21105527638191,0.5,8,0,0,0,0,0
2,CVF-AE,scene2_CVF-AE_run002.mat,301.526025192902,1,0,15.4799878589962,18.0507944349222,12,1.34665027793974,24,0,31,0,151.510615874903,1.18905937727471,8,3.19770084442145,13.1796032494045,0.180904522613065,0.333333333333333,8,0,0,0,0,0
2,CVF-AE,scene2_CVF-AE_run003.mat,300.331424957522,1,0,14.7982692032788,18,12,1.38298567336021,24,0,31,0,145.958992611743,1.1454900889972,8,7.56555975414422,20.9873558481472,0.0301507537688442,0.166666666666667,8,0,0,0,0,0
2,CVF-AE,scene2_CVF-AE_run004.mat,298.190333253944,1,0,14.8668240831698,18.0055538255,12,1.18972301551158,24,0,31,0,146.738032248132,1.15160401295935,8,6.05057297006109,21.2159024274962,0.0904522613065327,0.333333333333333,8,0,0,0,0,0
2,CVF-AE,scene2_CVF-AE_run005.mat,301.917910756375,1,0,16.0975622256734,18.3382204949308,11.7022655081511,2.16122631087743,24,0,31,0,147.849020436968,1.16032307806478,8,3.81923646264963,21.3308509098286,0.120603015075377,0.333333333333333,8,0,0,0,0,0
2,CVF-AE,scene2_CVF-AE_run006.mat,300.842506888123,1,0,16.4470081298016,18.5638250467339,12,1.61491225608649,24,0,31,0,148.642553116359,1.16655074381714,8,4.2252488865207,19.5689613208907,0.14070351758794,0.333333333333333,8,0,0,0,0,0
2,CVF-AE,scene2_CVF-AE_run007.mat,299.032016190528,1,0,16.0571610270777,19.0179197024904,12,1.49396658733335,24,0,31,0,147.036341291881,1.15394515033607,8,4.72094411006921,21.4249959146551,0.115577889447236,0.333333333333333,8,0,0,0,0,0
2,CVF-AE,scene2_CVF-AE_run008.mat,301.030845364539,1,0,16.0504948158023,18,12,0.98552193182051,24,0,31,0,146.442512026735,1.14928476233524,8,7.31510637018347,21.480409037455,0.0201005025125628,0.166666666666667,8,0,0,0,0,0
2,CVF-AE,scene2_CVF-AE_run009.mat,300.515458899581,1,0,16.0553075780166,18,12,1.02180572710081,24,0,31,0,146.77865750472,1.15192284106272,8,5.69596402302186,20.9930731062684,0.110552763819095,0.333333333333333,8,0,0,0,0,0
2,CVF-AE,scene2_CVF-AE_run010.mat,299.228034548107,1,0,16.1271055478637,18,12,0.796691391324993,24,0,31,0,146.989659029652,1.15357878668997,8,6.85195426772849,20.7009357158145,0.0251256281407035,0.166666666666667,8,0,0,0,0,0
2,CVF-AE,scene2_CVF-AE_run011.mat,299.443309819184,1,0,17.1652853587488,18.5370527662197,12,1.20979974314043,24,0,31,0,149.116422380864,1.17026968251532,8,3.86887629464734,20.3064043527723,0.190954773869347,0.333333333333333,8,0,0,0,0,0
2,CVF-AE,scene2_CVF-AE_run012.mat,304.784091129185,1,0,16.4429097070569,18.1363873612803,12,1.38532823884925,24,0,31,0,147.680726883154,1.1590023057404,8,4.23354562119394,20.5596730241068,0.085427135678392,0.166666666666667,8,0,0,0,0,0
2,CVF-AE,scene2_CVF-AE_run013.mat,299.465532525193,1,0,15.8771353741892,18,12,1.0381363713313,24,0,31,0,152.250779122836,1.19486819829749,8,4.79688578838605,14.6685215778293,0.160804020100503,0.333333333333333,8,0,0,0,0,0
2,CVF-AE,scene2_CVF-AE_run014.mat,304.39659805564,1,0,15.7443675006043,18,12,1.04641991678085,24,0,31,0,147.174408512432,1.15502870558626,8,3.42440153046071,20.2437877547218,0.135678391959799,0.333333333333333,8,0,0,0,0,0
2,CVF-AE,scene2_CVF-AE_run015.mat,300.757951900533,1,0,17.2601340986958,19.6491538839835,11.7625344473443,2.25502474974703,24,0,31,0,147.428614992986,1.15702372486409,8,7.96650702972195,22.2461959291461,0.0050251256281407,0,8,0,0,0,0,0
2,CVF-AE,scene2_CVF-AE_run016.mat,304.878545027578,1,0,15.5682668784985,18.6339696215416,12,1.98138017360795,24,0,31,0,145.79354676742,1.14419166557329,8,7.77402238370743,21.7476989912211,0.0050251256281407,0,8,0,0,0,0,0
2,CVF-AE,scene2_CVF-AE_run017.mat,302.749826951314,1,0,16.066507697641,19.8240716548916,12,1.7234536501903,24,0,31,0,146.553785320958,1.15015803813293,8,5.67023214704487,21.1442162610933,0.110552763819095,0.333333333333333,8,0,0,0,0,0
2,CVF-AE,scene2_CVF-AE_run018.mat,299.889378215622,1,0,16.3357355091954,18,12,1.45063843162978,24,0,31,0,146.518191367832,1.14987869583408,8,4.08472218457734,20.97281845174,0.110552763819095,0.333333333333333,8,0,0,0,0,0
2,CVF-AE,scene2_CVF-AE_run019.mat,304.729853179716,1,0,16.8903830733176,18,12,1.27796223444359,24,0,31,0,148.268438800117,1.1636146846286,8,6.48306493874038,22.5121799096272,0.0653266331658292,0.333333333333333,8,0,0,0,0,0
2,CVF-AE,scene2_CVF-AE_run020.mat,299.290878974177,1,0,15.1899790550306,18,12,1.29013568556487,24,0,31,0,148.843391261126,1.16812692696425,8,4.56146871745764,22.0481420132966,0.0804020100502513,0.166666666666667,8,0,0,0,0,0
2,CVF-AE,scene2_CVF-AE_run021.mat,302.725769277787,1,0,16.5943270078817,18.3553027430063,12,1.30297217916749,24,0,31,0,145.957211544823,1.14547611113624,8,7.12491492093566,22.3867773768227,0.0251256281407035,0,8,0,0,0,0,0
2,CVF-AE,scene2_CVF-AE_run022.mat,309.19130771655,1,0,15.0200530037074,18,12,0.879650135086925,24,0,31,0,145.263864811791,1.14003470737813,8,7.49927755155612,20.9143149279279,0.0201005025125628,0.166666666666667,8,0,0,0,0,0
2,CVF-AE,scene2_CVF-AE_run023.mat,297.633676505831,1,0,16.1029462287846,18.0013414264671,12,0.989489836118545,24,0,31,0,146.134885472879,1.14687050088928,8,7.97740556078154,21.1166025560921,0.0050251256281407,0,8,0,0,0,0,0
2,CVF-AE,scene2_CVF-AE_run024.mat,295.096072073529,1,0,16.7273746171756,18,12,1.11239238242367,24,0,31,0,147.09406179265,1.15439814237431,8,6.34189152948467,21.8181167055491,0.0402010050251256,0.333333333333333,8,0,0,0,0,0
2,CVF-AE,scene2_CVF-AE_run025.mat,298.856645499056,1,0,15.6880989316421,18.1527784100356,12,1.1232672851189,24,0,31,0,147.277153197542,1.15583504863087,8,5.74961528944247,20.2709741997012,0.165829145728643,0.5,8,0,0,0,0,0
2,CVF-AE,scene2_CVF-AE_run026.mat,303.48413570141,1,0,14.8060062099084,18,12,1.21133536080959,24,0,31,0,146.378710462031,1.14878404594413,8,5.3260840519093,21.7002153137006,0.105527638190955,0.333333333333333,8,0,0,0,0,0
2,CVF-AE,scene2_CVF-AE_run027.mat,300.712018790274,1,0,16.9049215085258,18.7924304379294,12,1.52088524832948,24,0,31,0,147.501837730771,1.15759837887424,8,6.93524546206223,21.3371322718418,0.0301507537688442,0.333333333333333,8,0,0,0,0,0
2,CVF-AE,scene2_CVF-AE_run028.mat,297.612941889622,1,0,16.150678245394,18,12,1.4780274640965,24,0,31,0,147.818285440143,1.1600818689853,8,5.87332395079803,14.2953562166868,0.130653266331658,0.166666666666667,8,0,0,0,0,0
2,CVF-AE,scene2_CVF-AE_run029.mat,302.441405353183,1,0,15.6131358573213,18.4087377767327,12,1.97025515941716,24,0,31,0,149.733580545283,1.17511315634339,8,4.73960053167932,13.6004160315213,0.110552763819095,0.333333333333333,8,0,0,0,0,0
2,CVF-AE,scene2_CVF-AE_run030.mat,301.160902987065,1,0,16.0580805194683,18.2356766141344,12,1.37551904724086,24,0,31,0,147.567031454932,1.15811002097011,8,5.25943164388303,20.9821984808318,0.0603015075376884,0.333333333333333,8,0,0,0,0,0
4,AE,scene4_AE_run001.mat,1452.90490746781,0,6,17.2420227520027,19.424798534389,12,1.59984636493611,24,0,25,0,156.530984113431,1.22845936186934,8,31.9550242720451,44.1562656424058,0,0,8,0,0,0,0,0
4,AE,scene4_AE_run002.mat,1573.56117657886,0,7,17.8560903457751,18.6153072229296,12,1.0574052431678,24,0,25,0,161.578958941741,1.26807600372105,8,23.7546976248764,42.6291143369487,0,0,8,0,0,0,0,0
4,AE,scene4_AE_run003.mat,1612.36242683004,0,7,16.250511627055,18.0135206539493,12,1.207778758039,24,0,25,0,156.645793544585,1.22936038936451,8,26.8993855563377,43.7883061294782,0,0,8,0,0,0,0,0
4,AE,scene4_AE_run004.mat,1744.67349350584,0,8,15.735631358404,18,12,0.79971395065418,24,0,25,0,165.795227138884,1.30116538962295,8,23.9166715372474,41.2770047205494,0,0,8,0,0,0,0,0
4,AE,scene4_AE_run005.mat,1622.95368623826,0,8,15.3881231185715,18,12,0.904681586045181,24,0,25,0,144.583451689427,1.13469480694346,8,22.0766281931098,42.8096886271856,0,0,8,0,0,0,0,0
4,AE,scene4_AE_run006.mat,1585.13282584866,0,7,16.60645400978,18.0211274781552,12,0.943729144215213,24,0,25,0,162.581235278326,1.2759418952941,8,31.9924181678348,43.4291844955724,0,0,8,0,0,0,0,0
4,AE,scene4_AE_run007.mat,1505.03680378876,0,7,17.4623001340015,19.147872957036,12,1.02808789909738,24,0,25,0,152.903385461895,1.19998987035094,8,23.6977651090165,42.687466224361,0,0,8,0,0,0,0,0
4,AE,scene4_AE_run008.mat,1418.89282110148,0,6,16.0959454616363,18,12,1.01019708004598,24,0,25,0,161.72585307861,1.26922883284726,8,25.2086286211501,36.2907591726664,0,0,8,0,0,0,0,0
4,AE,scene4_AE_run009.mat,1644.51128368767,0,7,16.5178881821345,18,12,0.935668310719553,24,0,25,0,168.986374961838,1.32620960333195,8,25.872212272037,41.4974370268859,0,0,8,0,0,0,0,0
4,AE,scene4_AE_run010.mat,2262.61026203102,0,11,18.0316679909221,20.1713429684817,12,1.36209826377793,24,0,25,0,154.463729761914,1.21223549426977,8,17.1632554560434,39.7872227077072,0,0,8,0,0,0,0,0
4,AE,scene4_AE_run011.mat,1965.33625008596,0,10,16.0501469811683,18,12,1.60245899436413,24,0,25,0,149.442977669418,1.1728324971789,8,22.2650484940846,40.4064710875013,0,0,8,0,0,0,0,0
4,AE,scene4_AE_run012.mat,1640.47983649439,0,8,16.7710131958814,18.0142900624554,12,1.09993786337178,24,0,25,0,140.950401199169,1.10618252924854,8,23.8370433854575,40.0232664061166,0,0,8,0,0,0,0,0
4,AE,scene4_AE_run013.mat,1541.4862140715,0,7,16.9198174921608,18.1830589787928,12,1.16567203999498,24,0,25,0,155.793272542141,1.22266978167061,8,26.8785201847954,40.5712105857336,0,0,8,0,0,0,0,0
4,AE,scene4_AE_run014.mat,2053.33807497036,0,9,16.9917304183859,18,12,1.0102491546663,24,0,25,0,161.823059696749,1.26999171299374,8,30.6192349126866,45.5345498931271,0,0,8,0,0,0,0,0
4,AE,scene4_AE_run015.mat,1425.66407399916,0,5,15.5823274427809,18,12,1.10454358332942,24,0,25,0,192.027778218378,1.50703915411655,8,27.6636841675112,40.8849301276984,0,0,8,0,0,0,0,0
4,AE,scene4_AE_run016.mat,1656.95444657173,0,7,17.5405247639909,18.935842439584,12,1.12168598931381,24,0,25,0,156.131573973438,1.22532478037751,8,26.7123949093554,42.6082549008147,0,0,8,0,0,0,0,0
4,AE,scene4_AE_run017.mat,1810.40724030992,0,8,17.1446172698816,18.3468208584931,12,1.07317579286401,24,0,25,0,169.406571576918,1.3295073176378,8,29.9478031020634,41.3348528437186,0,0,8,0,0,0,0,0
4,AE,scene4_AE_run018.mat,1583.66108240798,0,7,16.6610812737036,18.0306453168248,12,0.977819394481745,24,0,25,0,152.162830676544,1.194177976532,8,25.9674440944146,43.9549620471482,0,0,8,0,0,0,0,0
4,AE,scene4_AE_run019.mat,1764.23526668164,0,8,18.175010420275,20.9956791430959,12,1.79830368496054,24,0,25,0,150.851445763911,1.18388619256308,8,24.3370196536376,38.0742796402017,0,0,8,0,0,0,0,0
4,AE,scene4_AE_run020.mat,1862.83962085163,0,9,16.2638903849116,18,12,1.18288264497096,24,0,25,0,158.014898444201,1.24010516133946,8,23.3815346333867,42.7359085090543,0,0,8,0,0,0,0,0
4,AE,scene4_AE_run021.mat,1962.48328882876,0,10,16.5287871505136,18.7372059532681,12,1.25078088386052,24,0,25,0,149.84253144975,1.17596820596397,8,18.9436163384991,40.3929217511341,0,0,8,0,0,0,0,0
4,AE,scene4_AE_run022.mat,1537.09852891051,0,7,15.85388588727,18,12,1.0295811562881,24,0,25,0,159.938947097033,1.25520514677462,8,23.5836500018265,43.3232916368852,0,0,8,0,0,0,0,0
4,AE,scene4_AE_run023.mat,1546.91962320826,0,7,16.1872342216292,18,12,0.723148728279325,24,0,25,0,158.033291561676,1.24024951101876,8,25.7409346384578,43.5012335548329,0,0,8,0,0,0,0,0
4,AE,scene4_AE_run024.mat,1989.45480500777,0,10,16.8368546250765,18,12,0.968951360163377,24,0,25,0,153.539706995334,1.20498373881308,8,22.2483624796835,41.6044721140557,0,0,8,0,0,0,0,0
4,AE,scene4_AE_run025.mat,1543.12729183151,0,7,17.0128780922508,18.0482019561981,12,1.1069609383907,24,0,25,0,160.812462676654,1.26206052047333,8,30.5976855618708,41.9781104020397,0,0,8,0,0,0,0,0
4,AE,scene4_AE_run026.mat,1743.83053596743,0,8,17.6045937677639,19.3839980926102,12,1.52242080050686,24,0,25,0,145.591576692717,1.14260659900968,8,22.6038609813838,40.163272892486,0,0,8,0,0,0,0,0
4,AE,scene4_AE_run027.mat,1782.54893837256,0,8,17.1268080235355,18,12,1.23704575302034,24,0,25,0,145.412867554127,1.1412040848966,8,22.5044793958194,37.010309444922,0,0,8,0,0,0,0,0
4,AE,scene4_AE_run028.mat,1389.92957952481,0,6,16.1252994534434,18,12,1.14901895791849,24,0,25,0,157.438817153133,1.23558405991524,8,10.7324401916317,37.9885603795463,0,0,8,0,0,0,0,0
4,AE,scene4_AE_run029.mat,1696.6943991144,0,8,17.2914964970897,19.8400074614917,12,1.55746979321615,24,0,25,0,150.231524891338,1.17902103692732,8,23.9746747131983,43.2884242183147,0,0,8,0,0,0,0,0
4,AE,scene4_AE_run030.mat,1494.27543641492,0,7,17.0863855047049,18,12,1.13684367411484,24,0,25,0,153.034684786083,1.20102031096894,8,23.7779126268568,41.9849982370553,0,0,8,0,0,0,0,0
4,PSO,scene4_PSO_run001.mat,1277.75652705656,0,5,12.7489623498092,18,9.99091094018273,1.37442847155794,24,0,25,0,182.276493443624,1.43051080965077,8,31.1350924537427,41.8544859456132,0,0.166666666666667,8,0,0,0,0,0
4,PSO,scene4_PSO_run002.mat,1429.53195601528,0,7,17.2768993424197,18.5848714126344,12,1.76519943382815,24,0,25,0,147.658168832628,1.1588252695548,8,23.4588049369115,42.9290279194671,0,0,8,0,0,0,0,0
4,PSO,scene4_PSO_run003.mat,2186.16826886178,0,10,16.85617127332,25.8350766047574,9.01602940629403,6.83235739729677,24,0.268181818181818,25,0.195454545454545,167.454234811847,1.31418532633904,8,21.6447101484761,35.9716470480054,0,0,8,0,0,0,0,0
4,PSO,scene4_PSO_run004.mat,1556.39647881493,0,7,12.3090363500247,18,9.6418079507881,1.39048062792538,24,0,25,0,165.651513622371,1.3000375220906,8,26.541353166688,39.6879938345417,0,0,8,0,0,0,0,0
4,PSO,scene4_PSO_run005.mat,1571.78735917876,0,6,15.3306300013432,22.5565687533023,9.36350683336581,4.97604796344158,24,0,25,0,192.307694624662,1.50923594558111,8,31.9988235546581,39.6971803632682,0,0,8,0,0,0,0,0
4,PSO,scene4_PSO_run006.mat,1802.50864820754,0,10,20.1055188921518,21.8902681425662,12,1.33104015437032,24,0,25,0,134.128640000868,1.05264516438781,8,20.2456082036301,32.393852323166,0,0,8,0,0,0,0,0
4,PSO,scene4_PSO_run007.mat,1231.43831077645,0,5,17.0339250218897,18.8274069859593,12,2.16797469236706,24,0,25,0,163.296424280319,1.28155471776487,8,26.6123895049577,40.6880128096308,0,0,8,0,0,0,0,0
4,PSO,scene4_PSO_run008.mat,672.842931369915,0,2,13.9438184601311,18,12,0.955960725010688,24,0,25,0,150.28488961282,1.17943984469288,8,5.860451827241,17.5748714865572,0.105527638190955,0.166666666666667,8,0,0,0,0,0
4,PSO,scene4_PSO_run009.mat,1314.30221597419,0,5,17.6128996449454,19.952646486827,12,1.56953644608526,24,0,25,0,190.398704009988,1.49425413603331,8,26.3107648571986,40.6012089579029,0,0,8,0,0,0,0,0
4,PSO,scene4_PSO_run010.mat,1557.46748873522,0,8,17.3026734546654,19.7323104266051,10.2950475511936,3.08489973521179,24,0,25,0,143.678866658034,1.12759559935389,8,22.1136001416373,35.4977343669947,0,0,8,0,0,0,0,0
4,PSO,scene4_PSO_run011.mat,752.739365392364,0,3,11.6258865475704,18,8.93308976761016,1.65255605408418,24,0,25,0,143.637300518103,1.1272693871728,8,1.97482182119602,10.5866664717232,0.577889447236181,0.666666666666667,8,0,0,0,1,1
4,PSO,scene4_PSO_run012.mat,1333.8835280115,0,6,15.2273538576554,18.7558401728445,12,1.6132796373287,24,0,25,0,149.037708479183,1.16965193370362,8,25.2106925777197,37.5389502460149,0,0,8,0,0,0,0,0
4,PSO,scene4_PSO_run013.mat,1422.14685472912,0,7,15.554478275415,19.2608555975918,12,1.88631183811561,24,0,25,0,144.081331615312,1.13075415513371,8,23.4145328470933,37.5518480682722,0,0,8,0,0,0,0,0
4,PSO,scene4_PSO_run014.mat,703.360426999103,0,2,20.6717374944294,22.7765864776557,12,1.44758659424752,24,0,25,0,164.861559233084,1.29383793885495,8,4.95996983004856,34.9043524174873,0.0402010050251256,0.166666666666667,8,0,0,0,0,0
4,PSO,scene4_PSO_run015.mat,880.053966210089,0,3,14.1885774386007,18,10.1047600216385,1.76555703150875,24,0,25,0,158.352092975599,1.24275147306627,8,10.1398589197982,32.5657564353061,0,0,8,0,0,0,0,0
4,PSO,scene4_PSO_run016.mat,1330.7899162503,0,6,16.3442898269429,18,12,1.53108020890553,24,0,25,0,154.367805857621,1.21148268089597,8,25.1090366619487,39.8219476682535,0,0,8,0,0,0,0,0
4,PSO,scene4_PSO_run017.mat,1385.73536778476,0,6,8.88747194954214,18,8.03495615080072,1.6999151303014,24,0,25,0,158.843816050976,1.24661052895105,8,29.5428347042153,43.7049489021443,0,0,8,0,0,0,0,0
4,PSO,scene4_PSO_run018.mat,1321.47084328205,0,6,19.1283976248134,21.463864031476,12,1.50070400434854,24,0,25,0,153.804198863144,1.20705947808598,8,25.1795852834317,40.3875114774529,0,0,8,0,0,0,0,0
4,PSO,scene4_PSO_run019.mat,1718.950719081,0,8,9.00022178672375,18,8.04877053089646,1.67665317546111,24,0,25,0,172.154199868636,1.35107077816937,8,22.5869157291455,42.626753164954,0,0,8,0,0,0,0,0
4,PSO,scene4_PSO_run020.mat,1393.99109893486,0,7,17.3616342792099,18,12,1.04300892487614,24,0,25,0,139.726763666959,1.09657938907478,8,23.3509590392394,36.3760065908948,0,0,8,0,0,0,0,0
4,PSO,scene4_PSO_run021.mat,437.434026319242,1,0,17.953155323911,21.9893699663125,12,1.78768703352203,24,0,25,0,177.166231408214,1.39040533612703,8,1.55067105140155,12.7611720418362,0.582914572864322,0.833333333333333,8,0,0,0,1,1
4,PSO,scene4_PSO_run022.mat,1330.72391907697,0,6,17.7952210544538,22.5321615229447,12,2.02487366641381,24,0,25,0,151.558597425135,1.18943593776791,8,25.1582002583861,41.5701349332664,0,0,8,0,0,0,0,0
4,PSO,scene4_PSO_run023.mat,1400.52664049191,0,6,15.0767429423284,18,10.3065175553503,1.91663152708367,24,0,25,0,165.98083410105,1.30262203804046,8,27.5994990308998,40.1650558686868,0,0,8,0,0,0,0,0
4,PSO,scene4_PSO_run024.mat,1522.91327532169,0,7,11.3894488098165,18,8.45263925373952,1.52922563473228,24,0,25,0,157.995960717768,1.23995653755446,8,25.2459839815591,38.236108240237,0,0,8,0,0,0,0,0
4,PSO,scene4_PSO_run025.mat,1411.65940889027,0,6,11.7569445572313,18,8.4278089964478,1.83875128748397,24,0,25,0,177.245467157714,1.39102718041441,8,26.6976085418945,40.2989554317592,0,0.166666666666667,8,0,0,0,0,0
4,PSO,scene4_PSO_run026.mat,1139.20416664847,0,4,13.9214749949297,18,11.1698501329706,1.27233022296644,24,0,25,0,182.787139550672,1.43451837399567,8,27.9108096990769,41.2396348322549,0,0,8,0,0,0,0,0
4,PSO,scene4_PSO_run027.mat,1043.20499509417,0,4,13.7661987064478,18,9.95201135671868,1.84507745950034,24,0,25,0,169.80672872047,1.3326477616336,8,8.97797434661828,30.0121309266379,0,0.333333333333333,8,0,0,0,0,0
4,PSO,scene4_PSO_run028.mat,1976.2214167273,0,8,13.2281892559825,18.0201674828898,10.2636158382282,2.04877835584138,24,0,25,0,239.27021493756,1.87779906464738,8,5.87333663753387,29.5990367762039,0.0201005025125628,0.333333333333333,8,0,0,1,0,1
4,PSO,scene4_PSO_run029.mat,1249.90081020204,0,5,17.0543055338741,18,12,1.36951471037909,24,0,25,0,170.717782678877,1.3397977375359,8,25.1479216429118,41.9525135508429,0,0,8,0,0,0,0,0
4,PSO,scene4_PSO_run030.mat,748.810287692557,0,3,11.617786811485,18,10.3969464164616,1.52071837999342,24,0,25,0,141.359826509043,1.10939571006223,8,4.29176399729482,24.1842365625528,0.0552763819095477,0.166666666666667,8,0,0,0,0,0
4,GWO,scene4_GWO_run001.mat,337.168290125028,1,0,12.5910557832447,18,11.7424166977012,1.01751695799563,24,0,25,0,172.959440666171,1.35739032954698,8,0.233705967247875,3.6922588652146,0.909547738693467,0.833333333333333,8,0,1,0,1,1
4,GWO,scene4_GWO_run002.mat,349.711512277501,1,0,13.649092318605,18,12,1.15703960125408,24,0,25,0,173.71296386423,1.36330399981669,8,0.0255052704945338,3.43372294223697,0.844221105527638,0.833333333333333,8,0,1,0,1,1
4,GWO,scene4_GWO_run003.mat,1489.89180521902,0,7,8.83739998754322,18,8.05223133010751,1.71359778304638,24,0,25,0,144.292820020144,1.13241392180748,8,0.0684078935318912,2.34436605157497,0.924623115577889,1,8,0,1,0,1,1
4,GWO,scene4_GWO_run004.mat,374.807284586064,1,0,14.8151903692211,18,12,0.98081497764867,24,0,25,0,177.945927238392,1.39652440991563,8,0.136582426164017,1.15353608855113,0.974874371859296,1,8,0,1,0,1,1
4,GWO,scene4_GWO_run005.mat,344.871371866515,1,0,14.0010898408488,18,12,0.845085934879567,24,0,25,0,173.279852670295,1.35990493154958,8,0.0219544820037656,2.59315322147039,0.954773869346734,0.833333333333333,8,0,1,0,1,1
4,GWO,scene4_GWO_run006.mat,354.831958865559,1,0,13.9577818984829,18,12,1.29878989694371,24,0,25,0,175.063241696172,1.37390101645955,8,0.389499106861433,3.35986579954401,0.959798994974874,0.833333333333333,8,0,1,0,1,1
4,GWO,scene4_GWO_run007.mat,343.906485364699,1,0,12.7392371879839,18,11.8176530789037,0.934523843098182,24,0,25,0,173.42027363256,1.36100695902787,8,0.0502317779786721,2.26280202032889,0.954773869346734,1,8,0,1,0,1,1
4,GWO,scene4_GWO_run008.mat,380.494210753997,1,0,11.6323862584323,18,10.6876106052814,1.24214753653002,24,0,25,0,177.454042711439,1.39266408695455,8,0.384297725332854,3.57787042923042,0.934673366834171,1,8,0,1,0,1,1
4,GWO,scene4_GWO_run009.mat,783.519525580271,0,2,15.4376793813365,18,12,0.895122256788765,24,0,25,0,169.237500212851,1.32818044103769,8,0.000932583206513073,1.64240103723842,0.92964824120603,1,8,0,1,0,1,1
4,GWO,scene4_GWO_run010.mat,937.001954970522,0,3,16.4229214433014,18,12,0.994143249200098,24,0,25,0,158.840846459949,1.24658722352102,8,0.0501416574352801,3.18692640056559,0.92964824120603,1,8,0,1,0,1,1
4,GWO,scene4_GWO_run011.mat,405.053054508195,1,0,13.1138654742639,18,12,1.01990937037218,24,0,25,0,179.661465923838,1.409988003534,8,0.700389803262219,3.47314354112321,0.949748743718593,1,8,0,1,0,1,1
4,GWO,scene4_GWO_run012.mat,354.206667883657,1,0,12.6345328411844,18,12,0.927727737921898,24,0,25,0,175.496759579894,1.37730327643903,8,0.0358717342390447,1.04067228985565,0.974874371859296,1,8,0,1,0,1,1
4,GWO,scene4_GWO_run013.mat,932.32796872318,0,3,17.2764131697059,19.5240501235643,12,2.23350923457296,24,0,25,0,160.406755126811,1.25887651674008,8,0.00496638413761949,2.64318224699483,0.92964824120603,1,8,0,1,0,1,1
4,GWO,scene4_GWO_run014.mat,351.208909007016,1,0,10.8164459266333,18,10.0660331931075,1.16042016473792,24,0,25,0,173.844086728706,1.36433305557414,8,0.158512600196534,2.74195188638066,0.959798994974874,0.833333333333333,8,0,1,0,1,1
4,GWO,scene4_GWO_run015.mat,938.765941652751,0,3,9.84411598064891,18,8.43629511837019,1.95621485735703,24,0,25,0,157.976995784239,1.23980770024744,8,0.0125376373956771,3.29793756406032,0.92964824120603,1,8,0,1,0,1,1
4,GWO,scene4_GWO_run016.mat,1386.80640264969,0,6,19.8260346133983,20.738836527447,12,1.45274032630232,24,0,25,0,152.122947036547,1.19386496865552,8,0.0254446639472583,2.2406855859441,0.92964824120603,1,8,0,1,0,1,1
4,GWO,scene4_GWO_run017.mat,349.495728965176,1,0,15.0710367061344,18,12,1.29584600644224,24,0,25,0,174.421833391281,1.36886722687862,8,0.299593456307941,1.888965916067,0.959798994974874,1,8,0,1,0,1,1
4,GWO,scene4_GWO_run018.mat,339.656913131032,1,0,14.1000503108648,18,12,1.24085928929584,24,0,25,0,172.976544816921,1.35752456338084,8,0.0403387294640611,2.64454444769242,0.949748743718593,0.833333333333333,8,0,1,0,1,1
4,GWO,scene4_GWO_run019.mat,410.42136030172,1,0,10.6018554850899,18,8.9501812644716,1.55348479708388,24,0,25,0,179.52900360693,1.40894843571793,8,0.000685293148967158,1.92527222079924,0.964824120603015,1,8,0,1,0,1,1
4,GWO,scene4_GWO_run020.mat,1508.62820738804,0,7,9.40544595582466,18,8.511166850283,1.70845475786983,24,0,25,0,149.674586944989,1.17465017298592,8,0.077066370790074,2.57382509946939,0.924623115577889,1,8,0,1,0,1,1
4,GWO,scene4_GWO_run021.mat,725.571256663704,0,2,9.90746219619259,18,8.44143203531613,2.21533073335913,24,0,25,0,168.069141102765,1.31901112740347,8,0.0110069916767291,1.4950001532295,0.92964824120603,1,8,0,1,0,1,1
4,GWO,scene4_GWO_run022.mat,962.177357048615,0,3,19.4477788773327,21.7407096303707,12,1.69706977767347,24,0,25,0,161.061642946511,1.26401609391479,8,0.213649298984854,2.68258800425776,0.92964824120603,1,8,0,1,0,1,1
4,GWO,scene4_GWO_run023.mat,978.436592257799,0,3,13.8001698962465,18,12,1.10032771939213,24,0,25,0,157.486146317588,1.23595550046737,8,0.018229805448377,2.00236228865671,0.92964824120603,1,8,0,1,0,1,1
4,GWO,scene4_GWO_run024.mat,916.869383644905,0,3,14.0971114219018,18,12,1.23115379314273,24,0,25,0,149.192673515007,1.17086810346131,8,0.000530065309105887,2.01842615272203,0.92964824120603,1,8,0,1,0,1,1
4,GWO,scene4_GWO_run025.mat,943.898529648906,0,3,9.22746333430244,18,8.08565902686349,1.68669167626277,24,0,25,0,158.279534931287,1.24218203558832,8,0.0453657866198169,2.27658206344069,0.92964824120603,1,8,0,1,0,1,1
4,GWO,scene4_GWO_run026.mat,347.275153276076,1,0,11.9552733805516,18,11.528396004299,1.06723079722413,24,0,25,0,173.915660578866,1.36489476906998,8,0.0641397555395655,2.44521689838646,0.964824120603015,0.833333333333333,8,0,1,0,1,1
4,GWO,scene4_GWO_run027.mat,979.373953187869,0,3,10.4814942277825,18,9.46021553414902,1.42482589112959,24,0,25,0,157.498328257167,1.23605110465593,8,0.00215736705562148,1.91388480586074,0.92964824120603,1,8,0,1,0,1,1
4,GWO,scene4_GWO_run028.mat,412.421109396036,1,0,10.8540109830918,18,10.0044755666357,1.42683003685329,24,0,25,0,177.635890693673,1.39409123479673,8,0.0188843464179135,2.30442692266911,0.979899497487437,0.833333333333333,8,0,1,0,1,1
4,GWO,scene4_GWO_run029.mat,344.037083410766,1,0,15.4589499468634,18,12,0.957002542066342,24,0,25,0,173.538640386049,1.36193590448414,8,0.160933663909071,2.1440534193024,0.964824120603015,1,8,0,1,0,1,1
4,GWO,scene4_GWO_run030.mat,915.521232004957,0,3,13.7954969118863,18,10.6915428483784,1.66624199548383,24,0,25,0,151.05521923419,1.18548541222354,8,0.00798723804817882,2.00547170170152,0.92964824120603,1,8,0,1,0,1,1
4,HHO,scene4_HHO_run001.mat,1383.629318027,0,6,11.0210927957796,18,8.95547847518823,2.70653062222117,24,0,25,0,153.630241727734,1.20569425782132,8,0.822162027643263,3.7850580000968,0.919597989949749,1,8,0,1,0,1,1
4,HHO,scene4_HHO_run002.mat,500.206523879476,1,0,15.7005362598393,18.2302801803962,11.595466927435,2.02605120561785,24,0,25,0,178.966203964565,1.40453156902898,8,2.53551992082918,5.82770920059292,0.839195979899497,1,8,0,1,0,1,1
4,HHO,scene4_HHO_run003.mat,923.078455019084,0,3,10.6768647143514,18,9.28776303240608,1.25029093380837,24,0,25,0,152.683173593147,1.19826164169838,8,2.56742069560323,8.52424249716917,0.78391959798995,0.833333333333333,8,0,1,0,1,1
4,HHO,scene4_HHO_run004.mat,752.34209818877,0,2,9.20654269531815,18,8.00391521880709,2.18997774461856,24,0,25,0,168.749903719308,1.32435377067783,8,0.00735045348172393,1.62741002000767,0.924623115577889,1,8,0,1,0,1,1
4,HHO,scene4_HHO_run005.mat,923.636120908852,0,3,10.5690215524475,18,9.4582495232726,1.36731754268346,24,0,25,0,154.292950144666,1.21089521125288,8,1.63932587562616,7.96267636378125,0.698492462311558,0.833333333333333,8,0,1,0,1,1
4,HHO,scene4_HHO_run006.mat,1507.24696192628,0,7,8.73313696402701,18,8.00000000029948,1.74510093093362,24,0,25,0,147.968588011444,1.16126144759636,8,1.78473833787802,4.27258965299572,0.924623115577889,1,8,0,1,0,1,1
4,HHO,scene4_HHO_run007.mat,1452.68349514455,0,7,9.39140534500771,18,8.45719646781631,1.61875693387034,24,0,25,0,140.745572103183,1.10457502500922,8,0.833443363042705,3.25491482048685,0.924623115577889,1,8,0,1,0,1,1
4,HHO,scene4_HHO_run008.mat,693.486049662404,0,2,22.3105444585815,24.2389420986511,12,1.94160784147811,24,0.0909090909090909,25,0,170.806725988549,1.34049576701588,8,0.987889786287344,3.2236608282174,0.924623115577889,1,8,0,1,0,1,1
4,HHO,scene4_HHO_run009.mat,1450.26427198491,0,7,8.74177727217308,18,8.00000000000111,1.74673496445218,24,0,25,0,142.163855907177,1.11570575434484,8,0.238130500386037,2.72857660319044,0.924623115577889,1,8,0,1,0,1,1
4,HHO,scene4_HHO_run010.mat,893.79785209179,0,3,10.6365270569782,18,9.55334966318499,1.42765521510657,24,0,25,0,147.778252222749,1.15976768722141,8,5.12528503547658,9.23470424503446,0.78391959798995,1,8,0,1,0,1,1
4,HHO,scene4_HHO_run011.mat,353.732359447745,1,0,12.3704306120247,18,11.6063271483239,0.965097282233468,24,0,25,0,177.911558812058,1.39625468558392,8,1.42323472702812,4.51994693854691,0.919597989949749,0.833333333333333,8,0,1,0,1,1
4,HHO,scene4_HHO_run012.mat,1509.57622702187,0,7,9.06037336388968,18,8.03731674292252,1.69408157288609,24,0,25,0,147.914329258923,1.16083562345122,8,0.776619152087832,3.20841774061268,0.924623115577889,1,8,0,1,0,1,1
4,HHO,scene4_HHO_run013.mat,1469.18140099543,0,7,8.7291470939585,18,8.00008602174909,1.74675260916208,24,0,25,0,142.901263641944,1.12149295002638,8,0.0564832175056354,2.3331003451838,0.924623115577889,1,8,0,1,0,1,1
4,HHO,scene4_HHO_run014.mat,977.030079107649,0,3,10.9186293693218,18,8.79763025283495,1.45569588445765,24,0,25,0,157.086422273424,1.23281845544719,8,0.56464357936925,7.60035469158985,0.728643216080402,0.833333333333333,8,0,1,0,1,1
4,HHO,scene4_HHO_run015.mat,715.343882573191,0,2,14.5638591172927,18.9468812806361,12,1.80099422364726,24,0,25,0,166.493177528552,1.30664292300181,8,0.440067158136242,2.9566938853337,0.924623115577889,1,8,0,1,0,1,1
4,HHO,scene4_HHO_run016.mat,760.452314344006,0,2,9.44557295640742,18,8.06734127959372,1.76279574715798,24,0,25,0,156.171579055924,1.2256387413379,8,0.169327617611415,4.50246101607231,0.904522613065327,1,8,0,1,0,1,1
4,HHO,scene4_HHO_run017.mat,534.086577254115,0,1,11.243661478444,18,9.26021332180294,2.09239697748006,24,0,25,0,164.920025326299,1.29429678232271,8,1.89793587159113,5.40011069060171,0.924623115577889,0.833333333333333,8,0,1,0,1,1
4,HHO,scene4_HHO_run018.mat,348.627018199134,1,0,13.4727156913431,18,12,0.928452404711451,24,0,25,0,175.906563314344,1.38051942713894,8,1.75229084464043,4.72440799232445,0.85929648241206,0.833333333333333,8,0,1,0,1,1
4,HHO,scene4_HHO_run019.mat,422.695599847675,1,0,16.9188291068799,18.778582393097,12,1.44708829545764,24,0,25,0,171.871651148323,1.3488533282337,8,1.02709089909332,5.776821727455,0.92964824120603,1,8,0,1,0,1,1
4,HHO,scene4_HHO_run020.mat,1457.7594895532,0,7,8.79792933084829,18,8.05299599568144,1.72644228316068,24,0,25,0,142.099461741365,1.11520038720433,8,0.588127786267047,3.00197967522073,0.924623115577889,1,8,0,1,0,1,1
4,HHO,scene4_HHO_run021.mat,535.075938885102,0,1,16.2343408144717,18,12,1.11931511020702,24,0,25,0,168.431577084848,1.32185553471228,8,2.04869491325742,5.80603068221575,0.924623115577889,0.833333333333333,8,0,1,0,1,1
4,HHO,scene4_HHO_run022.mat,1420.06905205737,0,6,9.03299259459128,18,8.17405610676756,1.66141736835982,24,0,25,0,165.598164908268,1.29961883995137,8,0.486683567095953,5.17802690254461,0.778894472361809,0.833333333333333,8,0,1,0,1,1
4,HHO,scene4_HHO_run023.mat,358.949743075221,1,0,16.9546072335509,19.4740580037382,12,1.69110473065023,24,0,25,0,175.992212575072,1.38119160483446,8,2.54430644484544,6.31447103041695,0.658291457286432,1,8,0,1,0,1,1
4,HHO,scene4_HHO_run024.mat,1524.14231565179,0,7,9.17932091069583,18,8.18528822958801,1.86670329204114,24,0,25,0,152.818424417233,1.19932309379356,8,1.23421781020698,3.71010836353354,0.924623115577889,1,8,0,1,0,1,1
4,HHO,scene4_HHO_run025.mat,905.58461918918,0,3,9.58589163492542,18,8.2542817713984,1.50792271591437,24,0,25,0,158.340908005928,1.24266369312428,8,2.09349593904312,5.91419503480117,0.924623115577889,1,8,0,1,0,1,1
4,HHO,scene4_HHO_run026.mat,347.793271355855,1,0,19.1155316988192,20.1548526158776,12,1.34337461034384,24,0,25,0,173.39282177971,1.36079151615038,8,1.48378736591224,5.04237134374881,0.78894472361809,1,8,0,1,0,1,1
4,HHO,scene4_HHO_run027.mat,1204.72760060758,0,5,9.01192117663171,18,8.1471462376521,1.70514549981496,24,0,25,0,150.61942832255,1.18206531346,8,1.13152783693072,7.03098408305398,0.703517587939699,0.833333333333333,8,0,1,0,1,1
4,HHO,scene4_HHO_run028.mat,354.01214709202,1,0,15.8197777182045,19.6485042310598,11.9004481457465,2.1689812150885,24,0,25,0,173.85573098759,1.36442444003019,8,3.97374640894755,7.34317174614992,0.718592964824121,0.666666666666667,8,0,1,0,1,1
4,HHO,scene4_HHO_run029.mat,1452.51763259603,0,7,8.76627080879365,18,8.00332375399843,1.73646803552666,24,0,25,0,141.808600963561,1.11291770401852,8,0.300964955218118,3.11872735284283,0.924623115577889,1,8,0,1,0,1,1
4,HHO,scene4_HHO_run030.mat,754.676115492033,0,2,9.15897041719872,18,8.15320646406906,1.61765608321144,24,0,25,0,167.488309320287,1.31445274399523,8,1.92071064501412,3.42065505654364,0.924623115577889,1,8,0,1,0,1,1
4,ERIME,scene4_ERIME_run001.mat,346.169746098554,1,0,9.88403930546015,18,9.05835813612911,1.5609655844455,24,0,25,0,176.144718531784,1.38238847567332,8,1.39532685200098,4.28618630549295,0.884422110552764,1,8,0,1,0,1,1
4,ERIME,scene4_ERIME_run002.mat,358.450552729433,1,0,8.95216918634646,18,8.10380407677088,1.6935292884024,24,0,25,0,175.897146992078,1.38044552758923,8,0.44763854887367,4.35673861695214,0.919597989949749,1,8,0,1,0,1,1
4,ERIME,scene4_ERIME_run003.mat,345.684701818532,1,0,10.4437473803552,18,8.81369792062242,1.95531944038014,24,0,25,0,173.921300642796,1.36493903244298,8,0.0722662963787489,3.15518770333658,0.954773869346734,1,8,0,1,0,1,1
4,ERIME,scene4_ERIME_run004.mat,343.474200205522,1,0,9.98083690242814,18,8.08032607707893,2.3581713795846,24,0,25,0,173.999701253366,1.36555432253763,8,2.7039973674722,6.13653976621775,0.693467336683417,0.666666666666667,8,0,1,0,1,1
4,ERIME,scene4_ERIME_run005.mat,343.400150305597,1,0,15.1357174743997,18,12,1.08990582840659,24,0,25,0,172.566114229394,1.35430349312117,8,0.259593842615551,3.57240421158581,0.834170854271357,0.833333333333333,8,0,1,0,1,1
4,ERIME,scene4_ERIME_run006.mat,393.094474734292,1,0,9.82755034257627,18,8.51265069473538,1.7605721810852,24,0,25,0,175.860917982213,1.38016120134805,8,1.11152634757269,3.60798301713523,0.954773869346734,0.833333333333333,8,0,1,0,1,1
4,ERIME,scene4_ERIME_run007.mat,335.593216648136,1,0,14.816961332592,18,12,1.23056618873102,24,0,25,0,160.145006477851,1.2568223063223,8,2.02227882773451,9.45181980660531,0.477386934673367,0.5,8,0,0,0,0,0
4,ERIME,scene4_ERIME_run008.mat,350.090482039682,1,0,17.8980108775702,18.4501062414591,12,1.0640150217521,24,0,25,0,173.156420305051,1.35893623103639,8,1.04895219481911,3.54834724981916,0.944723618090452,0.833333333333333,8,0,1,0,1,1
4,ERIME,scene4_ERIME_run009.mat,339.215863405885,1,0,14.3964422859611,18,12,1.11171217106464,24,0,25,0,173.602971103001,1.36244077367629,8,4.65607674756627e-08,3.25376840886902,0.894472361809045,0.833333333333333,8,0,1,0,1,1
4,ERIME,scene4_ERIME_run010.mat,328.933177489521,1,0,16.3224628861482,18,12,1.24023632461642,24,0,25,0,159.791474158394,1.2540477751966,8,3.17125450712903,10.4770851135594,0.4321608040201,0.666666666666667,8,0,0,0,1,1
4,ERIME,scene4_ERIME_run011.mat,347.187230414931,1,1.59872115546023e-14,9.46856614399976,18,8,1.94861785187612,24,0,25,0,172.84529649211,1.35649452300731,8,0.0693127882711855,3.43064704830243,0.773869346733668,1,8,0,1,0,1,1
4,ERIME,scene4_ERIME_run012.mat,348.152604246937,1,0,9.138286504907,18,8.02196992164226,2.02552144050905,24,0,25,0,175.113480634558,1.37429529299554,8,0.2161341269913,2.67034902982814,0.974874371859296,1,8,0,1,0,1,1
4,ERIME,scene4_ERIME_run013.mat,355.320214829413,1,0,21.7487108979593,23.3200046190487,12,2.41054553128294,24,0,25,0,175.707166736901,1.37895455745085,8,0.148806848088915,2.06572964761023,0.954773869346734,1,8,0,1,0,1,1
4,ERIME,scene4_ERIME_run014.mat,389.106180406447,1,0,10.0424194600685,18,8.32581828728724,1.86528573987916,24,0,25,0,177.813888340402,1.3954881651026,8,0.689495338584152,5.08197598991285,0.919597989949749,0.833333333333333,8,0,1,0,1,1
4,ERIME,scene4_ERIME_run015.mat,344.922839790794,1,0,20.4491214876466,21.6391216587108,12,1.61134437007242,24,0,25,0,162.482027343921,1.27516330876389,8,1.55331162303517,8.63123627306947,0.462311557788945,0.666666666666667,8,0,0,0,1,1
4,ERIME,scene4_ERIME_run016.mat,342.277124242391,1,1.59872115546023e-14,9.3016268849647,18,8,1.88232791764751,24,0,25,0,173.3297086141,1.36029620233382,8,0.255924381087201,4.12443482304488,0.778894472361809,0.833333333333333,8,0,1,0,1,1
4,ERIME,scene4_ERIME_run017.mat,367.782607546836,1,0,9.57531411921015,18,8.61252960875058,1.54155845587417,24,0,25,0,177.988810790379,1.39686096118187,8,0.817696965378038,3.77614362648983,0.92964824120603,0.833333333333333,8,0,1,0,1,1
4,ERIME,scene4_ERIME_run018.mat,345.310232989901,1,6.21724893790088e-15,9.0556022619433,18,8,1.71310763211058,24,0,25,0,158.138090927966,1.24107197925638,8,2.15471402521151,18.7581345115134,0.281407035175879,0.5,8,0,0,0,0,0
4,ERIME,scene4_ERIME_run019.mat,352.793265257702,1,0,10.2801385664277,18,9.40776751626725,1.46669201223749,24,0,25,0,173.562714892414,1.36212484185583,8,0.107246065337122,2.86010642391313,0.924623115577889,1,8,0,1,0,1,1
4,ERIME,scene4_ERIME_run020.mat,346.322601213222,1,0,8.98701379165544,18,8.01689755736959,1.76037476120784,24,0,25,0,176.852481855333,1.38794302122049,8,2.13595703056266,5.1002065336408,0.884422110552764,1,8,0,1,0,1,1
4,ERIME,scene4_ERIME_run021.mat,406.17681264133,1,0,10.5464076028333,18,9.74381457334852,1.30411139430346,24,0,25,0,177.527183223232,1.39323809565291,8,0.549703015549085,4.59783014208028,0.964824120603015,1,8,0,1,0,1,1
4,ERIME,scene4_ERIME_run022.mat,347.628284614165,1,0,10.912823841536,18,9.40261496776912,1.81966885666904,24,0,25,0,174.107225178889,1.3663981731892,8,2.189355609965,5.87237229653496,0.884422110552764,0.833333333333333,8,0,1,0,1,1
4,ERIME,scene4_ERIME_run023.mat,348.200593387424,1,2.22044604925031e-14,8.90242410458735,18,8,1.86854726872869,24,0,25,0,175.094585720794,1.37414700520551,8,0,1.99647015454881,0.944723618090452,1,8,0,1,0,1,1
4,ERIME,scene4_ERIME_run024.mat,448.957680852777,1,1.59872115546023e-14,9.48849195263989,18,8,1.95943505099255,24,0,25,0,177.04567658578,1.38945921864699,8,1.18047816711492,4.02676197765374,0.889447236180904,1,8,0,1,0,1,1
4,ERIME,scene4_ERIME_run025.mat,357.590289951848,1,0,16.3688723961663,18.0104045887571,12,1.07554824070132,24,0,25,0,173.875762277835,1.36458164613332,8,1.10773993271378e-07,3.16568331698245,0.949748743718593,1,8,0,1,0,1,1
4,ERIME,scene4_ERIME_run026.mat,350.860601255367,1,0,9.51487544719065,18,8.07820774956635,1.88938952907129,24,0,25,0,174.324000058956,1.3680994282624,8,0.813316126809054,3.97334275306158,0.804020100502513,0.833333333333333,8,0,1,0,1,1
4,ERIME,scene4_ERIME_run027.mat,339.474786298637,1,0,18.6834124149683,19.2572836443858,12,1.1848398268046,24,0,25,0,173.859207739209,1.36445172567015,8,0.324924082285351,4.28246575478155,0.773869346733668,0.833333333333333,8,0,1,0,1,1
4,ERIME,scene4_ERIME_run028.mat,341.816629774838,1,7.105427357601e-14,24.7801629756497,26,12,2.60273561904724,24,0.818181818181818,25,0.763636363636364,175.109738512828,1.37426592472383,8,0.127734993900505,2.99160856235664,0.949748743718593,0.833333333333333,8,1,1,0,1,1
4,ERIME,scene4_ERIME_run029.mat,378.018720301621,1,0,12.3942675953832,18,11.1406451225765,1.75805391662561,24,0,25,0,177.519960553724,1.39318141194888,8,0.371913009040568,3.86639768732061,0.924623115577889,0.833333333333333,8,0,1,0,1,1
4,ERIME,scene4_ERIME_run030.mat,352.778227087996,1,0,10.164182891068,18,8.07982124481913,2.37150064855255,24,0,25,0,173.133910395876,1.3587595726654,8,2.64861592216999e-08,2.95562067102675,0.904522613065327,0.833333333333333,8,0,1,0,1,1
4,MSCSO,scene4_MSCSO_run001.mat,338.577663870636,1,0,13.8007375939487,18,11.1954690182512,1.2955902040523,24,0,25,0,171.733554421056,1.34776954141402,8,4.28286661148216,7.20540982914583,0.693467336683417,0.666666666666667,8,0,1,0,1,1
4,MSCSO,scene4_MSCSO_run002.mat,342.263542758455,1,0,15.58725817604,18,12,1.00392881331977,24,0,25,0,173.071225338069,1.35826761865037,8,0.325130348235587,3.49563630844243,0.869346733668342,0.833333333333333,8,0,1,0,1,1
4,MSCSO,scene4_MSCSO_run003.mat,339.536822588406,1,0,11.4690246447185,18,10.8183408629448,1.15546079258468,24,0,25,0,171.665005861908,1.34723157048319,8,4.55821330180389,7.33864353708101,0.658291457286432,0.5,8,0,1,0,0,1
4,MSCSO,scene4_MSCSO_run004.mat,341.741740990968,1,0,22.4646645918733,24.4297926026321,12,2.43689181205845,24,0.15,25,0,175.000554003003,1.37340904176212,8,0.677297668457342,4.21265357810006,0.924623115577889,1,8,0,1,0,1,1
4,MSCSO,scene4_MSCSO_run005.mat,323.22092221461,1,0,11.30080373306,18,10.7854265293904,1.24195858601166,24,0,25,0,158.806479732591,1.24631751252291,8,0.00333826476052985,1.49285074870984,0.92964824120603,1,8,0,1,0,1,1
4,MSCSO,scene4_MSCSO_run006.mat,374.775694185254,1,0,13.0756518075819,18,12,0.971621206215919,24,0,25,0,174.363459277398,1.36840910526713,8,1.41186083897612,5.18055207149233,0.92964824120603,1,8,0,1,0,1,1
4,MSCSO,scene4_MSCSO_run007.mat,938.41928122761,0,3,21.730166960183,25.003391766771,12,2.21964732749566,24,0.154545454545455,25,0.00454545454545455,161.212836514625,1.26520266509274,8,0.429683238295833,7.11911203568055,0.763819095477387,1,8,0,1,0,1,1
4,MSCSO,scene4_MSCSO_run008.mat,344.262910426546,1,0,20.9954603928486,22.5700214330565,12,1.92774953197817,24,0,25,0,172.666122178563,1.3550883581887,8,1.39282940046765,4.90312969436628,0.914572864321608,1,8,0,1,0,1,1
4,MSCSO,scene4_MSCSO_run009.mat,339.421257370906,1,0,19.9423384069352,21.893295842013,12,2.19759097462453,24,0,25,0,173.944568054236,1.36512163571205,8,1.05323616263699,4.26428752787161,0.959798994974874,0.833333333333333,8,0,1,0,1,1
4,MSCSO,scene4_MSCSO_run010.mat,432.944160114191,1,0,14.7681596598886,18,12,1.04219962123665,24,0,25,0,181.07470931599,1.42107917558227,8,2.21131749168507,6.14180855223928,0.954773869346734,0.666666666666667,8,0,1,0,1,1
4,MSCSO,scene4_MSCSO_run011.mat,877.679283148915,0,3,9.59919242899848,18,8.88240922434371,1.47155648855796,24,0,25,0,155.474271738246,1.22016625480526,8,0.33427541103273,3.76101220931141,0.909547738693467,1,8,0,1,0,1,1
4,MSCSO,scene4_MSCSO_run012.mat,689.87542906033,0,2,24.4069951689992,25.989391849006,12,2.52755301664367,24,0.795454545454545,25,0.713636363636364,150.030410370643,1.17744268477451,8,4.42931585527685,10.3068991464134,0.592964824120603,0.833333333333333,8,1,0,0,1,1
4,MSCSO,scene4_MSCSO_run013.mat,376.297935145773,1,0,17.6534537967748,20.0253201958049,12,2.80771461963483,24,0,25,0,174.254959250082,1.36755759414251,8,1.58465128042839,4.98114315385754,0.939698492462312,1,8,0,1,0,1,1
4,MSCSO,scene4_MSCSO_run014.mat,329.806959971235,1,0,15.6034435685134,18,12,0.957165855526303,24,0,25,0,173.564010636543,1.36213501089051,8,0.854626333344882,3.81173459590482,0.934673366834171,1,8,0,1,0,1,1
4,MSCSO,scene4_MSCSO_run015.mat,338.898264853151,1,0,18.7008538526291,19.5781532510498,12,1.28083748459155,24,0,25,0,174.324706083569,1.3681049691625,8,1.38675910658787,5.01678162302156,0.809045226130653,0.833333333333333,8,0,1,0,1,1
4,MSCSO,scene4_MSCSO_run016.mat,339.952853542859,1,0,21.594174954555,22.9669422740631,12,1.71331125663194,24,0,25,0,174.981931640608,1.37326289296255,8,1.20193365422099,5.96142629121613,0.64321608040201,0.666666666666667,8,0,0,0,1,1
4,MSCSO,scene4_MSCSO_run017.mat,339.979498292429,1,0,14.0490704595495,18,12,1.22471609587965,24,0,25,0,172.543162332591,1.35412336601943,8,3.06304943165162,5.58555291111552,0.944723618090452,0.833333333333333,8,0,1,0,1,1
4,MSCSO,scene4_MSCSO_run018.mat,392.047613300727,1,0,13.9344463397492,18.2222705176956,9.62897536355485,3.7061146189147,24,0,25,0,173.781586063061,1.36384254867373,8,5.55246774553633,7.88261635296494,0.487437185929648,0.666666666666667,8,0,0,0,1,1
4,MSCSO,scene4_MSCSO_run019.mat,974.202113391107,0,3,8.73770041785363,18,8.00012918512283,1.74326343097707,24,0,25,0,162.138807375665,1.27246970924701,8,0.333617575170059,4.6596557707689,0.85427135678392,1,8,0,1,0,1,1
4,MSCSO,scene4_MSCSO_run020.mat,405.244103730835,1,0,20.8769760381312,24.1691678868957,12,2.03737604502893,24,0.0681818181818182,25,0,174.432619364005,1.36895187548187,8,4.93087827074811,8.73353812257683,0.422110552763819,0.666666666666667,8,0,0,0,1,1
4,MSCSO,scene4_MSCSO_run021.mat,322.558396660607,1,0,13.9399168492853,18,11.9424783505526,1.27901575953389,24,0,25,0,158.277985129215,1.24216987270009,8,5.58704344187738,13.8963752429424,0.241206030150754,0.5,8,0,0,0,0,0
4,MSCSO,scene4_MSCSO_run022.mat,859.431024359154,0,2,12.8514435766858,18.0641480641562,8.68570292566306,2.68958580485161,24,0,25,0,165.072011777764,1.29548957607046,8,2.31159123804697e-22,4.81104609653898,0.804020100502513,0.833333333333333,8,0,1,0,1,1
4,MSCSO,scene4_MSCSO_run023.mat,312.416037308592,1,0,9.51175030987099,18,8.12132599777809,1.80547595151659,24,0,25,0,158.152295059738,1.24118345366351,8,0.0494349945100695,3.71811015469708,0.904522613065327,0.833333333333333,8,0,1,0,1,1
4,MSCSO,scene4_MSCSO_run024.mat,372.490662256434,1,0,17.679272627368,18.0292191983452,12,0.997931445918728,24,0,25,0,174.528980852269,1.36970812302641,8,0.936397990743092,3.95470919037016,0.949748743718593,1,8,0,1,0,1,1
4,MSCSO,scene4_MSCSO_run025.mat,459.633800394635,1,0,18.3210281448271,19.4382819406763,12,1.33332747283101,24,0,25,0,188.806959924485,1.48176208575579,8,0.83764780211555,3.40297368064657,0.979899497487437,1,8,0,1,0,1,1
4,MSCSO,scene4_MSCSO_run026.mat,465.196087648053,1,0,11.3004630224935,18,9.30320288101968,2.4875174853011,24,0,25,0,187.175713196517,1.46896001768062,8,0.269087997244572,2.81963965581436,0.974874371859296,1,8,0,1,0,1,1
4,MSCSO,scene4_MSCSO_run027.mat,329.822241995408,1,0,15.779212344319,18,12,0.850279079900161,24,0,25,0,172.683374596204,1.3552237556251,8,1.46121217334761,4.56673876060353,0.914572864321608,1,8,0,1,0,1,1
4,MSCSO,scene4_MSCSO_run028.mat,334.190412579188,1,0,18.6967742371565,19.5392558752037,12,1.59137491995753,24,0,25,0,172.244203874452,1.35177713202115,8,3.45796702038837,6.49044074664626,0.673366834170854,0.666666666666667,8,0,1,0,1,1
4,MSCSO,scene4_MSCSO_run029.mat,416.76975365347,1,0,11.7935330165398,18,10.4556594385173,1.00012630151282,24,0,25,0,178.939820044462,1.40432450731633,8,2.60306896186569,5.53776356402454,0.974874371859296,1,8,0,1,0,1,1
4,MSCSO,scene4_MSCSO_run030.mat,446.9936468094,1,0,19.3845949743044,20.2063897541972,12,1.36610819680974,24,0,25,0,186.576089898518,1.46425415795456,8,1.43321407046377,4.72737386398981,0.984924623115578,0.833333333333333,8,0,1,0,1,1
4,CVF-AE,scene4_CVF-AE_run001.mat,348.836408322253,1,0,14.5521955315886,18.8632877499733,12,2.01848018171252,24,0,25,0,150.434372666152,1.18061299170494,8,5.65295533214187,24.2181062487782,0.125628140703518,0.333333333333333,8,0,0,0,0,0
4,CVF-AE,scene4_CVF-AE_run002.mat,387.106253913482,1,0,16.2057899210305,18,12,0.829316238963084,24,0,25,0,176.109152667879,1.38210935381942,8,0.508515466201895,4.12205063478303,0.949748743718593,1,8,0,1,0,1,1
4,CVF-AE,scene4_CVF-AE_run003.mat,374.416542971607,1,0,19.3340181006314,22.9570408374724,10.697340157949,3.70579531589032,24,0,25,0,174.778349342279,1.37166517362469,8,1.1342915205083,3.64842238900087,0.92964824120603,1,8,0,1,0,1,1
4,CVF-AE,scene4_CVF-AE_run004.mat,383.546824284842,1,0,15.0665834885227,19.4065564903294,9.21484644880626,3.76129100397878,24,0,25,0,176.144464912246,1.38238648526038,8,0.164565461491264,2.65066607186548,0.92964824120603,1,8,0,1,0,1,1
4,CVF-AE,scene4_CVF-AE_run005.mat,373.595555291821,1,0,16.7282903606585,19.2196665620826,11.3268120507037,2.73653853726788,24,0,25,0,174.124069993431,1.36653037174554,8,1.81975427005136,4.6892132807122,0.834170854271357,0.833333333333333,8,0,1,0,1,1
4,CVF-AE,scene4_CVF-AE_run006.mat,326.928389756446,1,0,13.9854820465607,19.693848662129,10.3737475487844,3.42771283397845,24,0,25,0,150.781145118094,1.18333447120907,8,5.880649087152,25.5479385166591,0.050251256281407,0.333333333333333,8,0,0,0,0,0
4,CVF-AE,scene4_CVF-AE_run007.mat,372.770249899968,1,0,17.0356530369651,18.3542950226822,12,1.48907038835611,24,0,25,0,173.46342236732,1.36134559145562,8,2.84542529187992,5.6026481114103,0.954773869346734,1,8,0,1,0,1,1
4,CVF-AE,scene4_CVF-AE_run008.mat,374.479721801675,1,0,15.2132611784806,18,12,1.24701378399509,24,0,25,0,174.034142453209,1.3658246179978,8,2.50992919390353,4.88152448721991,0.944723618090452,1,8,0,1,0,1,1
4,CVF-AE,scene4_CVF-AE_run009.mat,381.289467602053,1,0,14.6399058743593,18.4575488716584,8.64232127614347,3.18550850357908,24,0,25,0,175.326844368454,1.3759697773021,8,1.20536513913018,4.03589552586461,0.954773869346734,0.833333333333333,8,0,1,0,1,1
4,CVF-AE,scene4_CVF-AE_run010.mat,332.771905034441,1,0,14.68413491799,18.1166313329558,12,1.90488310156728,24,0,25,0,149.455736498265,1.17293262880992,8,4.54598833834329,21.8986358660486,0.125628140703518,0.333333333333333,8,0,0,0,0,0
4,CVF-AE,scene4_CVF-AE_run011.mat,340.837676140235,1,0,14.8295395848354,18.2414097790233,12,1.3112286388109,24,0,25,0,152.271566958114,1.19503134178634,8,3.57121470121976,24.8102125085736,0.0904522613065327,0.333333333333333,8,0,0,0,0,0
4,CVF-AE,scene4_CVF-AE_run012.mat,325.238248003149,1,0,11.4080885065508,18,9.34370609953676,1.93247500207143,24,0,25,0,149.49537252853,1.17324369343858,8,5.36206901597676,24.2489588246521,0.0703517587939698,0.333333333333333,8,0,0,0,0,0
4,CVF-AE,scene4_CVF-AE_run013.mat,349.831530487761,1,0,14.5980133162571,20.9789591471481,11.1686773132539,3.21210485510664,24,0,25,0,151.820863980603,1.19149421272986,8,5.45628894487292,23.0868768716809,0.135678391959799,0.5,8,0,0,0,0,0
4,CVF-AE,scene4_CVF-AE_run014.mat,338.187483837548,1,0,13.5761908802279,18.0857877124342,10.3510914839068,2.22651374091186,24,0,25,0,149.918121034919,1.17656143505588,8,5.61471641170145,20.4426053175429,0.120603015075377,0.166666666666667,8,0,0,0,0,0
4,CVF-AE,scene4_CVF-AE_run015.mat,326.022230093827,1,0,12.4325046275689,18,10.4239403629985,2.05866624220309,24,0,25,0,149.833660825698,1.17589858906848,8,6.36429848067407,23.6463981679881,0.0452261306532663,0.166666666666667,8,0,0,0,0,0
4,CVF-AE,scene4_CVF-AE_run016.mat,394.312799247793,1,0,20.6925854159018,24.1073757874624,12,3.13365555740834,24,0.0727272727272727,25,0,174.853326758432,1.37225359839773,8,2.72659029970596,5.90103037939694,0.829145728643216,0.666666666666667,8,0,1,0,1,1
4,CVF-AE,scene4_CVF-AE_run017.mat,348.767061740398,1,0,15.9476238331146,18,12,1.39032074782021,24,0,25,0,152.17097036159,1.19424185699857,8,5.28960842884878,22.4767977069704,0.110552763819095,0.333333333333333,8,0,0,0,0,0
4,CVF-AE,scene4_CVF-AE_run018.mat,369.083445313612,1,0,14.4509608892767,18,10.9706304261905,1.95101641654759,24,0,25,0,157.034863098202,1.2324138176571,8,2.43640497143937,18.7770869579486,0.276381909547739,0.5,8,0,0,0,0,0
4,CVF-AE,scene4_CVF-AE_run019.mat,352.064419555931,1,0,15.0531817930473,21.7424770442331,11.7887930992946,2.9290185469036,24,0,25,0,153.976899999135,1.20841484123351,8,4.6726131927733,23.9791105665948,0.0904522613065327,0.333333333333333,8,0,0,0,0,0
4,CVF-AE,scene4_CVF-AE_run020.mat,345.034935564652,1,0,15.6749838982736,18.1007457894318,12,1.56409133544116,24,0,25,0,154.079395385094,1.20921922777169,8,4.60006649580106,22.4464205065507,0.110552763819095,0.333333333333333,8,0,0,0,0,0
4,CVF-AE,scene4_CVF-AE_run021.mat,329.825081145505,1,0,14.4101805439095,18,12,1.44481390797023,24,0,25,0,149.728283764196,1.17507158706334,8,5.02317557128066,23.9073958157055,0.120603015075377,0.333333333333333,8,0,0,0,0,0
4,CVF-AE,scene4_CVF-AE_run022.mat,342.925472776412,1,0,12.8645220366188,18.2184968562244,9.53108131863307,2.52691549262139,24,0,25,0,152.649727034225,1.19799915220684,8,5.42070143796643,26.8249819462396,0.0452261306532663,0.333333333333333,8,0,0,0,0,0
4,CVF-AE,scene4_CVF-AE_run023.mat,352.39067678223,1,0,11.7842245134287,18,9.38307002788479,2.6313469171546,24,0,25,0,155.147993770407,1.21760561656207,8,4.90810984149688,24.9178057008908,0.100502512562814,0.333333333333333,8,0,0,0,0,0
4,CVF-AE,scene4_CVF-AE_run024.mat,318.844916909631,1,0,11.6533191990575,18,9.3215417763842,2.51873587098413,24,0,25,0,148.897739233954,1.16855345131274,8,5.35067706380766,24.7879660529822,0.0703517587939698,0.333333333333333,8,0,0,0,0,0
4,CVF-AE,scene4_CVF-AE_run025.mat,327.78945832538,1,0,15.597984026047,18,12,1.23881750874665,24,0,25,0,148.432843862335,1.16490493996664,8,5.01865549695053,23.8568240906085,0.100502512562814,0.333333333333333,8,0,0,0,0,0
4,CVF-AE,scene4_CVF-AE_run026.mat,388.461121530205,1,0,17.685147433134,21.8841797338049,9.50898664274307,4.38313799028647,24,0,25,0,175.969641253779,1.38101446449953,8,0.179778265175329,3.17538124235347,0.949748743718593,1,8,0,1,0,1,1
4,CVF-AE,scene4_CVF-AE_run027.mat,323.066431933213,1,0,13.3922882204912,18,11.2170093266748,1.94258423992122,24,0,25,0,148.749751808027,1.16739204202468,8,5.50484414634518,24.4192337689244,0.0552763819095477,0.166666666666667,8,0,0,0,0,0
4,CVF-AE,scene4_CVF-AE_run028.mat,330.359486563038,1,0,12.5982597695558,18,10.8560285341427,1.57228078685292,24,0,25,0,151.724610140104,1.19073881000786,8,3.84742052978154,23.8208919753579,0.085427135678392,0.333333333333333,8,0,0,0,0,0
4,CVF-AE,scene4_CVF-AE_run029.mat,344.085928431201,1,0,13.083066694853,18,11.3721107101591,1.94551737928951,24,0,25,0,150.776635417205,1.18329907895553,8,4.30979873627489,21.2283912279989,0.170854271356784,0.5,8,0,0,0,0,0
4,CVF-AE,scene4_CVF-AE_run030.mat,320.103907399872,1,0,10.7116428022114,18.1561927944033,8.61412113968808,2.94944947303481,24,0,25,0,150.136766619593,1.17827737146901,8,5.40111425935598,26.3269934940664,0.0301507537688442,0.166666666666667,8,0,0,0,0,0
