Scene,Algorithm,Iteration,MeanBestFitness,StdBestFitness,LowerStd,UpperStd
1,CVF-AE,1,334.069832228418,57.169460046493,276.900372181924,391.239292274911
1,CVF-AE,2,329.928356833113,52.1968525725878,277.731504260526,382.125209405701
1,CVF-AE,3,328.862040105485,52.3734351396305,276.488604965854,381.235475245115
1,CVF-AE,4,328.862040105485,52.3734351396305,276.488604965854,381.235475245115
1,CVF-AE,5,328.862040105485,52.3734351396305,276.488604965854,381.235475245115
1,CVF-AE,6,324.55681827146,45.9825256844369,278.574292587023,370.539343955897
1,CVF-AE,7,324.530530122712,45.9926499770908,278.537880145621,370.523180099803
1,CVF-AE,8,324.516729111514,45.9978079995942,278.51892111192,370.514537111108
1,CVF-AE,9,324.516729111514,45.9978079995942,278.51892111192,370.514537111108
1,CVF-AE,10,324.432551747003,46.008484905152,278.424066841851,370.441036652155
1,CVF-AE,11,324.432551747003,46.008484905152,278.424066841851,370.441036652155
1,CVF-AE,12,324.426899990323,46.0106033901145,278.416296600209,370.437503380438
1,CVF-AE,13,324.019092749415,45.9889586806574,278.030134068758,370.008051430072
1,CVF-AE,14,324.019092749415,45.9889586806574,278.030134068758,370.008051430072
1,CVF-AE,15,323.740804406929,46.0482578956689,277.69254651126,369.789062302598
1,CVF-AE,16,323.345349594284,46.1794048401064,277.165944754177,369.52475443439
1,CVF-AE,17,322.980559884298,46.2469755638853,276.733584320412,369.227535448183
1,CVF-AE,18,322.980559884298,46.2469755638853,276.733584320412,369.227535448183
1,CVF-AE,19,318.865748333902,38.7070901535306,280.158658180372,357.572838487433
1,CVF-AE,20,318.75488895774,38.7369602570275,280.017928700713,357.491849214767
1,CVF-AE,21,314.546562167104,28.3714445990525,286.175117568051,342.918006766156
1,CVF-AE,22,314.546562167104,28.3714445990525,286.175117568051,342.918006766156
1,CVF-AE,23,313.554298086203,28.06324865994,285.491049426263,341.617546746143
1,CVF-AE,24,313.554298086203,28.06324865994,285.491049426263,341.617546746143
1,CVF-AE,25,313.554298086203,28.06324865994,285.491049426263,341.617546746143
1,CVF-AE,26,309.227035265641,5.91365366958984,303.313381596051,315.14068893523
1,CVF-AE,27,308.58119055416,4.35947988970737,304.221710664452,312.940670443867
1,CVF-AE,28,308.58119055416,4.35947988970737,304.221710664452,312.940670443867
1,CVF-AE,29,308.082571273749,2.18498036692539,305.897590906823,310.267551640674
1,CVF-AE,30,307.900518442379,1.8683533617793,306.0321650806,309.768871804158
1,CVF-AE,31,307.900518442379,1.8683533617793,306.0321650806,309.768871804158
1,CVF-AE,32,307.900518442379,1.8683533617793,306.0321650806,309.768871804158
1,CVF-AE,33,307.900518442379,1.8683533617793,306.0321650806,309.768871804158
1,CVF-AE,34,307.642958922438,1.73760788579233,305.905351036646,309.38056680823
1,CVF-AE,35,307.642958922438,1.73760788579233,305.905351036646,309.38056680823
1,CVF-AE,36,307.642958922438,1.73760788579233,305.905351036646,309.38056680823
1,CVF-AE,37,307.642958922438,1.73760788579233,305.905351036646,309.38056680823
1,CVF-AE,38,307.642958922438,1.73760788579233,305.905351036646,309.38056680823
1,CVF-AE,39,307.545705280853,1.67047400795396,305.875231272899,309.216179288807
1,CVF-AE,40,307.545705280853,1.67047400795396,305.875231272899,309.216179288807
1,CVF-AE,41,307.521619271777,1.72577685271837,305.795842419058,309.247396124495
1,CVF-AE,42,307.521619271777,1.72577685271837,305.795842419058,309.247396124495
1,CVF-AE,43,307.521619271777,1.72577685271837,305.795842419058,309.247396124495
1,CVF-AE,44,307.521619271777,1.72577685271837,305.795842419058,309.247396124495
1,CVF-AE,45,307.521619271777,1.72577685271837,305.795842419058,309.247396124495
1,CVF-AE,46,307.521619271777,1.72577685271837,305.795842419058,309.247396124495
1,CVF-AE,47,307.521619271777,1.72577685271837,305.795842419058,309.247396124495
1,CVF-AE,48,307.521619271777,1.72577685271837,305.795842419058,309.247396124495
1,CVF-AE,49,307.521619271777,1.72577685271837,305.795842419058,309.247396124495
1,CVF-AE,50,307.521619271777,1.72577685271837,305.795842419058,309.247396124495
1,CVF-AE,51,307.416260946789,1.52897927601935,305.88728167077,308.945240222809
1,CVF-AE,52,307.323631355148,1.62761523840967,305.696016116738,308.951246593557
1,CVF-AE,53,307.323631355148,1.62761523840967,305.696016116738,308.951246593557
1,CVF-AE,54,307.323631355148,1.62761523840967,305.696016116738,308.951246593557
1,CVF-AE,55,307.275303221102,1.6199994662162,305.655303754886,308.895302687318
1,CVF-AE,56,307.269783643914,1.62111280880364,305.648670835111,308.890896452718
1,CVF-AE,57,307.18310546723,1.64628803777875,305.536817429451,308.829393505009
1,CVF-AE,58,307.18310546723,1.64628803777875,305.536817429451,308.829393505009
1,CVF-AE,59,307.18310546723,1.64628803777875,305.536817429451,308.829393505009
1,CVF-AE,60,307.140694296582,1.63917610857789,305.501518188004,308.77987040516
1,CVF-AE,61,307.140694296582,1.63917610857789,305.501518188004,308.77987040516
1,CVF-AE,62,307.140694296582,1.63917610857789,305.501518188004,308.77987040516
1,CVF-AE,63,307.140694296582,1.63917610857789,305.501518188004,308.77987040516
1,CVF-AE,64,306.970830361205,1.89051932348406,305.080311037721,308.861349684689
1,CVF-AE,65,306.970830361205,1.89051932348406,305.080311037721,308.861349684689
1,CVF-AE,66,306.970830361205,1.89051932348406,305.080311037721,308.861349684689
1,CVF-AE,67,306.838824048066,1.87457602935033,304.964248018715,308.713400077416
1,CVF-AE,68,306.77509697206,1.86729288050335,304.907804091557,308.642389852564
1,CVF-AE,69,306.769641647768,1.87769328124179,304.891948366526,308.64733492901
1,CVF-AE,70,306.769641647768,1.87769328124179,304.891948366526,308.64733492901
1,CVF-AE,71,306.769641647768,1.87769328124179,304.891948366526,308.64733492901
1,CVF-AE,72,306.769641647768,1.87769328124179,304.891948366526,308.64733492901
1,CVF-AE,73,306.769641647768,1.87769328124179,304.891948366526,308.64733492901
1,CVF-AE,74,306.769641647768,1.87769328124179,304.891948366526,308.64733492901
1,CVF-AE,75,306.769641647768,1.87769328124179,304.891948366526,308.64733492901
1,CVF-AE,76,306.754694925918,1.87862029270875,304.87607463321,308.633315218627
1,CVF-AE,77,306.754694925918,1.87862029270875,304.87607463321,308.633315218627
1,CVF-AE,78,306.750856265244,1.88213823921056,304.868718026033,308.632994504454
1,CVF-AE,79,306.730343032194,1.87029377957825,304.860049252616,308.600636811772
1,CVF-AE,80,306.730343032194,1.87029377957825,304.860049252616,308.600636811772
1,CVF-AE,81,306.730343032194,1.87029377957825,304.860049252616,308.600636811772
1,CVF-AE,82,306.730343032194,1.87029377957825,304.860049252616,308.600636811772
1,CVF-AE,83,306.718869706722,1.84726758483327,304.871602121889,308.566137291556
1,CVF-AE,84,306.683446090644,1.84167522165526,304.841770868989,308.525121312299
1,CVF-AE,85,306.683446090644,1.84167522165526,304.841770868989,308.525121312299
1,CVF-AE,86,306.587277518448,1.92887783403996,304.658399684408,308.516155352488
1,CVF-AE,87,306.465724780576,1.97453285581637,304.49119192476,308.440257636393
1,CVF-AE,88,306.405381854936,1.97011990403912,304.435261950897,308.375501758975
1,CVF-AE,89,306.293006030284,1.99303362088643,304.299972409398,308.28603965117
1,CVF-AE,90,306.250449999612,2.04867545235411,304.201774547258,308.299125451966
1,CVF-AE,91,306.173935076949,2.05285355286537,304.121081524084,308.226788629815
1,CVF-AE,92,306.163964447783,2.05176591672334,304.11219853106,308.215730364506
1,CVF-AE,93,306.163964447783,2.05176591672334,304.11219853106,308.215730364506
1,CVF-AE,94,305.986359046041,2.04389238084601,303.942466665195,308.030251426887
1,CVF-AE,95,305.877308513135,2.08464379252312,303.792664720612,307.961952305658
1,CVF-AE,96,305.828834236083,2.03534111218017,303.793493123903,307.864175348263
1,CVF-AE,97,305.749813591131,2.18019349035203,303.569620100779,307.930007081483
1,CVF-AE,98,305.587512673366,2.12560505845131,303.461907614914,307.713117731817
1,CVF-AE,99,305.32595676644,2.18071068424021,303.145246082199,307.50666745068
1,CVF-AE,100,305.32595676644,2.18071068424021,303.145246082199,307.50666745068
1,CVF-AE,101,305.32595676644,2.18071068424021,303.145246082199,307.50666745068
1,CVF-AE,102,305.00996159058,2.06493661911671,302.945024971463,307.074898209697
1,CVF-AE,103,304.941153903677,2.09838898989418,302.842764913782,307.039542893571
1,CVF-AE,104,304.941153903677,2.09838898989418,302.842764913782,307.039542893571
1,CVF-AE,105,304.941153903677,2.09838898989418,302.842764913782,307.039542893571
1,CVF-AE,106,304.941153903677,2.09838898989418,302.842764913782,307.039542893571
1,CVF-AE,107,304.917646807836,2.0888228612382,302.828823946598,307.006469669075
1,CVF-AE,108,304.917646807836,2.0888228612382,302.828823946598,307.006469669075
1,CVF-AE,109,304.805718007108,1.99577842815135,302.809939578957,306.801496435259
1,CVF-AE,110,304.805718007108,1.99577842815135,302.809939578957,306.801496435259
1,CVF-AE,111,304.805718007108,1.99577842815135,302.809939578957,306.801496435259
1,CVF-AE,112,304.754962513494,2.01539470489457,302.7395678086,306.770357218389
1,CVF-AE,113,304.746410756664,2.01087794483159,302.735532811833,306.757288701496
1,CVF-AE,114,304.732987148027,2.00315154554801,302.729835602479,306.736138693575
1,CVF-AE,115,304.732987148027,2.00315154554801,302.729835602479,306.736138693575
1,CVF-AE,116,304.732987148027,2.00315154554801,302.729835602479,306.736138693575
1,CVF-AE,117,304.662628178023,1.93119264896806,302.731435529055,306.593820826991
1,CVF-AE,118,304.662628178023,1.93119264896806,302.731435529055,306.593820826991
1,CVF-AE,119,304.662628178023,1.93119264896806,302.731435529055,306.593820826991
1,CVF-AE,120,304.662628178023,1.93119264896806,302.731435529055,306.593820826991
1,CVF-AE,121,304.662628178023,1.93119264896806,302.731435529055,306.593820826991
1,CVF-AE,122,304.567436224017,2.03544913632843,302.531987087688,306.602885360345
1,CVF-AE,123,304.567436224017,2.03544913632843,302.531987087688,306.602885360345
1,CVF-AE,124,304.564443177515,2.03909959720027,302.525343580315,306.603542774716
1,CVF-AE,125,304.493914234689,2.043441061815,302.450473172874,306.537355296504
1,CVF-AE,126,304.316709384563,2.16486890802068,302.151840476542,306.481578292584
1,CVF-AE,127,304.264049091069,2.0471262736519,302.216922817417,306.311175364721
1,CVF-AE,128,304.264049091069,2.0471262736519,302.216922817417,306.311175364721
1,CVF-AE,129,304.239884095803,2.06007889047875,302.179805205324,306.299962986282
1,CVF-AE,130,304.191325797992,2.05681486654739,302.134510931445,306.24814066454
1,CVF-AE,131,304.191325797992,2.05681486654739,302.134510931445,306.24814066454
1,CVF-AE,132,304.191325797992,2.05681486654739,302.134510931445,306.24814066454
1,CVF-AE,133,304.191325797992,2.05681486654739,302.134510931445,306.24814066454
1,CVF-AE,134,304.191325797992,2.05681486654739,302.134510931445,306.24814066454
1,CVF-AE,135,304.151521752707,2.07179150930123,302.079730243405,306.223313262008
1,CVF-AE,136,304.039350048307,2.0459903000013,301.993359748306,306.085340348309
1,CVF-AE,137,304.031532738003,2.03838183250777,301.993150905495,306.069914570511
1,CVF-AE,138,304.02977484817,2.03812748983899,301.991647358331,306.067902338009
1,CVF-AE,139,304.021890696744,2.04378860933448,301.978102087409,306.065679306078
1,CVF-AE,140,304.021890696744,2.04378860933448,301.978102087409,306.065679306078
1,CVF-AE,141,303.880668328021,2.26091987906524,301.619748448955,306.141588207086
1,CVF-AE,142,303.657399412837,2.42352096428384,301.233878448554,306.080920377121
1,CVF-AE,143,303.657399412837,2.42352096428384,301.233878448554,306.080920377121
1,CVF-AE,144,303.503236487096,2.61759450324991,300.885641983846,306.120830990346
1,CVF-AE,145,303.503236487096,2.61759450324991,300.885641983846,306.120830990346
1,CVF-AE,146,303.503236487096,2.61759450324991,300.885641983846,306.120830990346
1,CVF-AE,147,303.503236487096,2.61759450324991,300.885641983846,306.120830990346
1,CVF-AE,148,303.503236487096,2.61759450324991,300.885641983846,306.120830990346
1,CVF-AE,149,303.342585083066,2.74618932266813,300.596395760398,306.088774405734
1,CVF-AE,150,303.342585083066,2.74618932266813,300.596395760398,306.088774405734
1,CVF-AE,151,303.342585083066,2.74618932266813,300.596395760398,306.088774405734
1,CVF-AE,152,303.342585083066,2.74618932266813,300.596395760398,306.088774405734
1,CVF-AE,153,303.342585083066,2.74618932266813,300.596395760398,306.088774405734
1,CVF-AE,154,303.298257171782,2.67741731296749,300.620839858814,305.975674484749
1,CVF-AE,155,303.298257171782,2.67741731296749,300.620839858814,305.975674484749
1,CVF-AE,156,303.249557734361,2.62532872319003,300.624229011171,305.874886457551
1,CVF-AE,157,303.249557734361,2.62532872319003,300.624229011171,305.874886457551
1,CVF-AE,158,303.072619586045,2.79965845401932,300.272961132026,305.872278040064
1,CVF-AE,159,303.025085727644,2.82189259420729,300.203193133436,305.846978321851
1,CVF-AE,160,302.926707025245,2.8390356089118,300.087671416333,305.765742634156
1,CVF-AE,161,302.875949259983,2.81541308695542,300.060536173027,305.691362346938
1,CVF-AE,162,302.875949259983,2.81541308695542,300.060536173027,305.691362346938
1,CVF-AE,163,302.872510454524,2.81453457228725,300.057975882237,305.687045026811
1,CVF-AE,164,302.872510454524,2.81453457228725,300.057975882237,305.687045026811
1,CVF-AE,165,302.872510454524,2.81453457228725,300.057975882237,305.687045026811
1,CVF-AE,166,302.872510454524,2.81453457228725,300.057975882237,305.687045026811
1,CVF-AE,167,302.872510454524,2.81453457228725,300.057975882237,305.687045026811
1,CVF-AE,168,302.872510454524,2.81453457228725,300.057975882237,305.687045026811
1,CVF-AE,169,302.800196990228,2.70153174397968,300.098665246248,305.501728734208
1,CVF-AE,170,302.800196990228,2.70153174397968,300.098665246248,305.501728734208
1,CVF-AE,171,302.800196990228,2.70153174397968,300.098665246248,305.501728734208
1,CVF-AE,172,302.741017405388,2.65684322932339,300.084174176065,305.397860634712
1,CVF-AE,173,302.740695889641,2.65669033229455,300.084005557347,305.397386221936
1,CVF-AE,174,302.731084362801,2.66420607725827,300.066878285543,305.395290440059
1,CVF-AE,175,302.731084362801,2.66420607725827,300.066878285543,305.395290440059
1,CVF-AE,176,302.731084362801,2.66420607725827,300.066878285543,305.395290440059
1,CVF-AE,177,302.731084362801,2.66420607725827,300.066878285543,305.395290440059
1,CVF-AE,178,302.731084362801,2.66420607725827,300.066878285543,305.395290440059
1,CVF-AE,179,302.730561046585,2.6633964566886,300.067164589896,305.393957503273
1,CVF-AE,180,302.687783853799,2.71941841940498,299.968365434394,305.407202273204
1,CVF-AE,181,302.55321943166,2.66689940024567,299.886320031415,305.220118831906
1,CVF-AE,182,302.473643532804,2.68970352695152,299.783940005852,305.163347059755
1,CVF-AE,183,302.473643532804,2.68970352695152,299.783940005852,305.163347059755
1,CVF-AE,184,302.424196482747,2.67633043605489,299.747866046692,305.100526918802
1,CVF-AE,185,302.401690196001,2.64932166970827,299.752368526293,305.051011865709
1,CVF-AE,186,302.032566084016,3.06588235311608,298.9666837309,305.098448437132
1,CVF-AE,187,302.032566084016,3.06588235311608,298.9666837309,305.098448437132
1,CVF-AE,188,301.951627962972,3.19586814301148,298.755759819961,305.147496105984
1,CVF-AE,189,301.951627962972,3.19586814301148,298.755759819961,305.147496105984
1,CVF-AE,190,301.951627962972,3.19586814301148,298.755759819961,305.147496105984
1,CVF-AE,191,301.828256438465,3.24603551865461,298.58222091981,305.074291957119
1,CVF-AE,192,301.828256438465,3.24603551865461,298.58222091981,305.074291957119
1,CVF-AE,193,301.828256438465,3.24603551865461,298.58222091981,305.074291957119
1,CVF-AE,194,301.793346470045,3.24058958890847,298.552756881137,305.033936058954
1,CVF-AE,195,301.793346470045,3.24058958890847,298.552756881137,305.033936058954
1,CVF-AE,196,301.793346470045,3.24058958890847,298.552756881137,305.033936058954
1,CVF-AE,197,301.701145688548,3.133554984487,298.567590704061,304.834700673035
1,CVF-AE,198,301.701145688548,3.133554984487,298.567590704061,304.834700673035
1,CVF-AE,199,301.679251638164,3.10765406547049,298.571597572694,304.786905703635
1,CVF-AE,200,301.679251638164,3.10765406547049,298.571597572694,304.786905703635
1,CVF-AE,201,301.643152786543,3.16141318895282,298.48173959759,304.804565975496
1,CVF-AE,202,301.643152786543,3.16141318895282,298.48173959759,304.804565975496
1,CVF-AE,203,301.620520835922,3.13677883470242,298.483742001219,304.757299670624
1,CVF-AE,204,301.620520835922,3.13677883470242,298.483742001219,304.757299670624
1,CVF-AE,205,301.538303810216,3.18381545199391,298.354488358222,304.72211926221
1,CVF-AE,206,301.538303810216,3.18381545199391,298.354488358222,304.72211926221
1,CVF-AE,207,301.453132533386,3.16336083718742,298.289771696199,304.616493370573
1,CVF-AE,208,301.453132533386,3.16336083718742,298.289771696199,304.616493370573
1,CVF-AE,209,301.40918241304,3.09886082934496,298.310321583695,304.508043242385
1,CVF-AE,210,301.40918241304,3.09886082934496,298.310321583695,304.508043242385
1,CVF-AE,211,301.40918241304,3.09886082934496,298.310321583695,304.508043242385
1,CVF-AE,212,301.383456635609,3.11562892427405,298.267827711335,304.499085559883
1,CVF-AE,213,301.291944217679,3.05749408342695,298.234450134252,304.349438301106
1,CVF-AE,214,301.291944217679,3.05749408342695,298.234450134252,304.349438301106
1,CVF-AE,215,301.268447867635,3.05311527280402,298.215332594831,304.321563140439
1,CVF-AE,216,301.260745404687,3.0603664496218,298.200378955065,304.321111854308
1,CVF-AE,217,301.133006905658,2.98085640316866,298.152150502489,304.113863308826
1,CVF-AE,218,301.133006905658,2.98085640316866,298.152150502489,304.113863308826
1,CVF-AE,219,300.979981692943,3.15420450406798,297.825777188875,304.134186197011
1,CVF-AE,220,300.867492382864,3.18100691922233,297.686485463642,304.048499302087
1,CVF-AE,221,300.867492382864,3.18100691922233,297.686485463642,304.048499302087
1,CVF-AE,222,300.823754414611,3.20080179293702,297.622952621674,304.024556207548
1,CVF-AE,223,300.739263354188,3.18726344161028,297.551999912578,303.926526795799
1,CVF-AE,224,300.608105441395,3.25825146224579,297.349853979149,303.866356903641
1,CVF-AE,225,300.589349195006,3.24663058387362,297.342718611132,303.835979778879
1,CVF-AE,226,300.589349195006,3.24663058387362,297.342718611132,303.835979778879
1,CVF-AE,227,300.575443888159,3.25338422254362,297.322059665616,303.828828110703
1,CVF-AE,228,300.494901923411,3.23998724201486,297.254914681396,303.734889165426
1,CVF-AE,229,300.489346722433,3.23076184593089,297.258584876502,303.720108568364
1,CVF-AE,230,300.376841621163,3.16390589315024,297.212935728012,303.540747514313
1,CVF-AE,231,300.376841621163,3.16390589315024,297.212935728012,303.540747514313
1,CVF-AE,232,300.376841621163,3.16390589315024,297.212935728012,303.540747514313
1,CVF-AE,233,300.332966624076,3.13384010850107,297.199126515575,303.466806732577
1,CVF-AE,234,300.175500186561,3.17288239988331,297.002617786677,303.348382586444
1,CVF-AE,235,300.175500186561,3.17288239988331,297.002617786677,303.348382586444
1,CVF-AE,236,300.168459208209,3.16600614094828,297.002453067261,303.334465349158
1,CVF-AE,237,300.002775400722,3.03060642760351,296.972168973118,303.033381828325
1,CVF-AE,238,299.891642692193,2.87532965956881,297.016313032625,302.766972351762
1,CVF-AE,239,299.891642692193,2.87532965956881,297.016313032625,302.766972351762
1,CVF-AE,240,299.891642692193,2.87532965956881,297.016313032625,302.766972351762
1,CVF-AE,241,299.891642692193,2.87532965956881,297.016313032625,302.766972351762
1,CVF-AE,242,299.885419844976,2.87740932883902,297.008010516137,302.762829173815
1,CVF-AE,243,299.885419844976,2.87740932883902,297.008010516137,302.762829173815
1,CVF-AE,244,299.885419844976,2.87740932883902,297.008010516137,302.762829173815
1,CVF-AE,245,299.855066705329,2.88260401498677,296.972462690342,302.737670720316
1,CVF-AE,246,299.855066705329,2.88260401498677,296.972462690342,302.737670720316
1,CVF-AE,247,299.84409704063,2.8671044930981,296.976992547532,302.711201533728
1,CVF-AE,248,299.84409704063,2.8671044930981,296.976992547532,302.711201533728
1,CVF-AE,249,299.84409704063,2.8671044930981,296.976992547532,302.711201533728
1,CVF-AE,250,299.84409704063,2.8671044930981,296.976992547532,302.711201533728
1,CVF-AE,251,299.832267329984,2.87891684359942,296.953350486385,302.711184173584
1,CVF-AE,252,299.832267329984,2.87891684359942,296.953350486385,302.711184173584
1,CVF-AE,253,299.832267329984,2.87891684359942,296.953350486385,302.711184173584
1,CVF-AE,254,299.832267329984,2.87891684359942,296.953350486385,302.711184173584
1,CVF-AE,255,299.832267329984,2.87891684359942,296.953350486385,302.711184173584
1,CVF-AE,256,299.789837700809,2.90183240674267,296.888005294066,302.691670107552
1,CVF-AE,257,299.775327448539,2.89345136970393,296.881876078835,302.668778818243
1,CVF-AE,258,299.763068177153,2.89861789298244,296.864450284171,302.661686070136
1,CVF-AE,259,299.763068177153,2.89861789298244,296.864450284171,302.661686070136
1,CVF-AE,260,299.731638049975,2.86030708533208,296.871330964643,302.591945135307
1,CVF-AE,261,299.731638049975,2.86030708533208,296.871330964643,302.591945135307
1,CVF-AE,262,299.731638049975,2.86030708533208,296.871330964643,302.591945135307
1,CVF-AE,263,299.731638049975,2.86030708533208,296.871330964643,302.591945135307
1,CVF-AE,264,299.731638049975,2.86030708533208,296.871330964643,302.591945135307
1,CVF-AE,265,299.665876966108,2.86146287300898,296.804414093099,302.527339839117
1,CVF-AE,266,299.603728538388,2.89620231146266,296.707526226925,302.499930849851
1,CVF-AE,267,299.598819899401,2.89415548664786,296.704664412753,302.492975386049
1,CVF-AE,268,299.523619215757,2.95490391987112,296.568715295886,302.478523135628
1,CVF-AE,269,299.523619215757,2.95490391987112,296.568715295886,302.478523135628
1,CVF-AE,270,299.523619215757,2.95490391987112,296.568715295886,302.478523135628
1,CVF-AE,271,299.491639807502,2.90447598741353,296.587163820088,302.396115794916
1,CVF-AE,272,299.363036996532,3.05880639079212,296.304230605739,302.421843387324
1,CVF-AE,273,299.363036996532,3.05880639079212,296.304230605739,302.421843387324
1,CVF-AE,274,299.183218146016,3.04731120807754,296.135906937939,302.230529354094
1,CVF-AE,275,299.151651363978,3.11823376525694,296.033417598721,302.269885129235
1,CVF-AE,276,299.151651363978,3.11823376525694,296.033417598721,302.269885129235
1,CVF-AE,277,299.051097489575,2.98400306070553,296.06709442887,302.035100550281
1,CVF-AE,278,299.030728450544,3.00328309180195,296.027445358742,302.034011542346
1,CVF-AE,279,298.993370872439,2.93044341526547,296.062927457173,301.923814287704
1,CVF-AE,280,298.993370872439,2.93044341526547,296.062927457173,301.923814287704
1,CVF-AE,281,298.850788643189,2.95366238302233,295.897126260166,301.804451026211
1,CVF-AE,282,298.782449587586,2.97735292828438,295.805096659302,301.759802515871
1,CVF-AE,283,298.691387469784,3.01623401362813,295.675153456156,301.707621483412
1,CVF-AE,284,298.691387469784,3.01623401362813,295.675153456156,301.707621483412
1,CVF-AE,285,298.593080615655,2.88079528660025,295.712285329055,301.473875902255
1,CVF-AE,286,298.400872475809,3.03754358585303,295.363328889956,301.438416061662
1,CVF-AE,287,298.321511572407,2.92501792455586,295.396493647851,301.246529496963
1,CVF-AE,288,298.321511572407,2.92501792455586,295.396493647851,301.246529496963
1,CVF-AE,289,298.288066807455,2.8837755280323,295.404291279423,301.171842335487
1,CVF-AE,290,298.288066807455,2.8837755280323,295.404291279423,301.171842335487
1,CVF-AE,291,298.288066807455,2.8837755280323,295.404291279423,301.171842335487
1,CVF-AE,292,298.288066807455,2.8837755280323,295.404291279423,301.171842335487
1,CVF-AE,293,298.267159693813,2.89466558503247,295.372494108781,301.161825278846
1,CVF-AE,294,298.211507028557,2.81430553825525,295.397201490302,301.025812566812
1,CVF-AE,295,298.211507028557,2.81430553825525,295.397201490302,301.025812566812
1,CVF-AE,296,298.211507028557,2.81430553825525,295.397201490302,301.025812566812
1,CVF-AE,297,298.198086570697,2.82364744252257,295.374439128174,301.021734013219
1,CVF-AE,298,298.198086570697,2.82364744252257,295.374439128174,301.021734013219
1,CVF-AE,299,298.141762993432,2.78131426058023,295.360448732852,300.923077254013
1,CVF-AE,300,298.137864539111,2.78208655359367,295.355777985518,300.919951092705
1,CPO,1,1038.61997905988,493.076021551418,545.543957508467,1531.6960006113
1,CPO,2,770.613094760655,293.825304501337,476.787790259318,1064.43839926199
1,CPO,3,599.979791715897,148.525037822272,451.454753893625,748.504829538169
1,CPO,4,533.9940441329,96.0260613519527,437.967982780948,630.020105484853
1,CPO,5,491.554367586334,74.1045603091457,417.449807277188,565.658927895479
1,CPO,6,473.034568400395,71.5587001565668,401.475868243829,544.593268556962
1,CPO,7,459.258643121457,71.2078454981664,388.050797623291,530.466488619624
1,CPO,8,446.825364653405,69.5485087828558,377.27685587055,516.373873436261
1,CPO,9,437.02595777023,67.1985408759862,369.827416894244,504.224498646216
1,CPO,10,428.458275269206,52.5719780947739,375.886297174432,481.03025336398
1,CPO,11,418.089066409816,53.3063147190299,364.782751690786,471.395381128845
1,CPO,12,408.2587466437,38.8892911163102,369.36945552739,447.14803776001
1,CPO,13,401.669818230955,40.1931326284605,361.476685602495,441.862950859416
1,CPO,14,397.544625301048,35.9868019390875,361.55782336196,433.531427240135
1,CPO,15,391.809224656217,33.6088032830177,358.200421373199,425.418027939235
1,CPO,16,389.22331905796,34.0929477699133,355.130371288047,423.316266827873
1,CPO,17,383.46612389328,30.0618978559213,353.404226037359,413.528021749202
1,CPO,18,380.899809446673,30.8080136007968,350.091795845876,411.70782304747
1,CPO,19,378.957842120814,31.4201037608511,347.537738359963,410.377945881665
1,CPO,20,376.236259611562,32.5170795615735,343.719180049989,408.753339173136
1,CPO,21,373.777826695991,29.9365074824803,343.84131921351,403.714334178471
1,CPO,22,371.594136504246,29.431551290219,342.162585214027,401.025687794465
1,CPO,23,369.431315978387,28.178660951063,341.252655027324,397.60997692945
1,CPO,24,367.283314580763,28.0698899319569,339.213424648806,395.35320451272
1,CPO,25,366.386413969016,28.8600986295952,337.52631533942,395.246512598611
1,CPO,26,364.222091005127,27.6570966920519,336.564994313075,391.879187697179
1,CPO,27,361.886779501087,27.0448984513049,334.841881049783,388.931677952392
1,CPO,28,361.649941574705,27.0763081360839,334.573633438621,388.726249710789
1,CPO,29,359.477934441221,26.7917441228207,332.6861903184,386.269678564042
1,CPO,30,357.454150426611,21.1502444227032,336.303906003908,378.604394849314
1,CPO,31,355.655557499309,20.8916932774034,334.763864221906,376.547250776713
1,CPO,32,353.791467930601,20.2352313944749,333.556236536127,374.026699325076
1,CPO,33,353.357130139266,20.3637677251019,332.993362414164,373.720897864368
1,CPO,34,352.552255477401,20.4783799616478,332.073875515753,373.030635439049
1,CPO,35,352.111042724744,20.0348334615856,332.076209263158,372.145876186329
1,CPO,36,351.322664039889,19.8358728849063,331.486791154982,371.158536924795
1,CPO,37,350.872771048739,19.8518388671075,331.020932181631,370.724609915846
1,CPO,38,350.389657176532,20.3027748394442,330.086882337088,370.692432015976
1,CPO,39,349.312272817864,19.1664692299638,330.1458035879,368.478742047828
1,CPO,40,347.373023508392,19.5398574021778,327.833166106214,366.912880910569
1,CPO,41,346.45092022999,19.2918034241295,327.15911680586,365.742723654119
1,CPO,42,346.176077716786,19.2661253066331,326.909952410153,365.442203023419
1,CPO,43,346.135429588828,19.3030878265034,326.832341762324,365.438517415331
1,CPO,44,344.571988535049,19.2489997708494,325.3229887642,363.820988305899
1,CPO,45,343.87416367438,19.379966111494,324.494197562886,363.254129785874
1,CPO,46,342.556122395101,18.0911587395593,324.464963655541,360.64728113466
1,CPO,47,342.105068993234,17.7709645757771,324.334104417457,359.876033569011
1,CPO,48,341.164134431893,16.9073696342659,324.256764797627,358.071504066159
1,CPO,49,340.360492056005,16.8209540248394,323.539538031165,357.181446080844
1,CPO,50,340.084102385215,16.8348477253457,323.24925465987,356.918950110561
1,CPO,51,339.636402525753,16.3070101518801,323.329392373873,355.943412677633
1,CPO,52,339.288139434092,16.281400400123,323.006739033969,355.569539834215
1,CPO,53,339.288139434092,16.281400400123,323.006739033969,355.569539834215
1,CPO,54,338.882639344154,16.2419378781628,322.640701465991,355.124577222317
1,CPO,55,338.339399135449,15.8340619035171,322.505337231932,354.173461038966
1,CPO,56,337.996073364962,16.2460702042133,321.750003160749,354.242143569176
1,CPO,57,337.718731824389,15.9242157978502,321.794516026538,353.642947622239
1,CPO,58,337.404035948652,16.0332295477964,321.370806400856,353.437265496449
1,CPO,59,336.489390629389,14.798020248259,321.69137038113,351.287410877648
1,CPO,60,335.735888457739,14.7691035309462,320.966784926793,350.504991988686
1,CPO,61,335.559400936414,14.697077275158,320.862323661256,350.256478211572
1,CPO,62,335.511613301444,14.6985781311181,320.813035170326,350.210191432562
1,CPO,63,334.957070972623,14.1674231195756,320.789647853047,349.124494092199
1,CPO,64,334.751639860895,13.7867555487407,320.964884312154,348.538395409636
1,CPO,65,333.842011620461,13.3437942012807,320.49821741918,347.185805821741
1,CPO,66,332.976085566332,13.0779243250518,319.898161241281,346.054009891384
1,CPO,67,332.703613903842,12.8897038700716,319.81391003377,345.593317773913
1,CPO,68,332.310318346491,12.491200392384,319.819117954107,344.801518738875
1,CPO,69,331.924748873901,12.4768196876636,319.447929186237,344.401568561565
1,CPO,70,331.78920491901,12.6424615011689,319.146743417841,344.431666420179
1,CPO,71,331.495965538541,12.3923939955627,319.103571542978,343.888359534104
1,CPO,72,330.549027765943,11.9384854367511,318.610542329192,342.487513202694
1,CPO,73,330.549027765943,11.9384854367511,318.610542329192,342.487513202694
1,CPO,74,330.549027765943,11.9384854367511,318.610542329192,342.487513202694
1,CPO,75,330.383652782535,12.0609821211757,318.322670661359,342.444634903711
1,CPO,76,330.255435067222,11.982163513696,318.273271553526,342.237598580918
1,CPO,77,329.951949985803,12.0850841329609,317.866865852842,342.037034118764
1,CPO,78,329.941621538015,12.0952900152889,317.846331522726,342.036911553304
1,CPO,79,329.825037223145,11.8709154075427,317.954121815603,341.695952630688
1,CPO,80,329.145123843119,12.1996671057865,316.945456737332,341.344790948905
1,CPO,81,329.054512963377,12.1736170614561,316.880895901921,341.228130024833
1,CPO,82,328.724832488969,12.1852995572595,316.53953293171,340.910132046229
1,CPO,83,328.428498616426,12.2311219187464,316.197376697679,340.659620535172
1,CPO,84,328.036078304798,12.1858069254826,315.850271379315,340.221885230281
1,CPO,85,328.036078304798,12.1858069254826,315.850271379315,340.221885230281
1,CPO,86,328.015388162253,12.1783097625869,315.837078399666,340.19369792484
1,CPO,87,327.902489068775,12.2208319648227,315.681657103953,340.123321033598
1,CPO,88,327.901362092768,12.2195794275521,315.681782665216,340.12094152032
1,CPO,89,327.810626857278,12.2645729870755,315.546053870202,340.075199844353
1,CPO,90,326.994670224717,12.0642716127454,314.930398611972,339.058941837463
1,CPO,91,326.85025668617,12.1224485215177,314.727808164652,338.972705207688
1,CPO,92,326.619046320752,11.7294225963337,314.889623724419,338.348468917086
1,CPO,93,326.29780188022,11.8229365530524,314.474865327168,338.120738433272
1,CPO,94,326.227145794555,11.8317184169658,314.395427377589,338.058864211521
1,CPO,95,325.86224643346,12.1673773422757,313.694869091185,338.029623775736
1,CPO,96,325.779049775728,12.2454150172959,313.533634758432,338.024464793024
1,CPO,97,325.141012773105,12.1491603486428,312.991852424463,337.290173121748
1,CPO,98,325.015041025526,12.0407082564335,312.974332769092,337.055749281959
1,CPO,99,324.796722940407,12.0830497905096,312.713673149897,336.879772730916
1,CPO,100,324.584155847639,12.2416536381842,312.342502209454,336.825809485823
1,CPO,101,324.496307019314,12.2303019603778,312.266005058936,336.726608979691
1,CPO,102,324.095943396585,12.3589706234621,311.736972773122,336.454914020047
1,CPO,103,323.845466106705,12.2443614357741,311.601104670931,336.08982754248
1,CPO,104,323.781438221046,12.2295708251942,311.551867395852,336.01100904624
1,CPO,105,323.67031468978,12.1231934840948,311.547121205685,335.793508173875
1,CPO,106,323.522946016896,12.116962311188,311.405983705708,335.639908328084
1,CPO,107,323.10499143773,11.8273015399245,311.277689897805,334.932292977654
1,CPO,108,322.841481695916,11.8911328603693,310.950348835546,334.732614556285
1,CPO,109,322.693514998915,11.8390774955348,310.85443750338,334.53259249445
1,CPO,110,322.483555033846,11.4962973846596,310.987257649186,333.979852418506
1,CPO,111,322.324538680028,11.6064544730474,310.718084206981,333.930993153076
1,CPO,112,321.617591524538,10.2624995269024,311.355091997636,331.880091051441
1,CPO,113,321.397429870909,10.31609974541,311.081330125499,331.713529616319
1,CPO,114,321.185440530393,10.1328374166189,311.052603113774,331.318277947012
1,CPO,115,321.185440530393,10.1328374166189,311.052603113774,331.318277947012
1,CPO,116,320.829711366403,9.89907776640268,310.930633600001,330.728789132806
1,CPO,117,320.623596451963,9.98193844842366,310.64165800354,330.605534900387
1,CPO,118,320.387172357229,9.7810243433848,310.606148013845,330.168196700614
1,CPO,119,319.987574610192,9.23109586619677,310.756478743996,329.218670476389
1,CPO,120,319.660524103237,9.24647257595513,310.414051527282,328.906996679192
1,CPO,121,319.660524103237,9.24647257595513,310.414051527282,328.906996679192
1,CPO,122,319.438458144918,9.26468783362676,310.173770311291,328.703145978545
1,CPO,123,319.252118331969,9.09015674921523,310.161961582753,328.342275081184
1,CPO,124,318.811490305603,8.41600905917366,310.395481246429,327.227499364776
1,CPO,125,318.331259578605,8.2952653508464,310.035994227758,326.626524929451
1,CPO,126,318.232181179063,8.13043540477356,310.101745774289,326.362616583836
1,CPO,127,318.092528368414,8.11455761123739,309.977970757177,326.207085979652
1,CPO,128,317.672420535967,8.48419555828596,309.188224977681,326.156616094253
1,CPO,129,317.625564027774,8.44468751810544,309.180876509668,326.070251545879
1,CPO,130,317.386162327061,8.21444619018754,309.171716136873,325.600608517248
1,CPO,131,317.302707201075,8.28411420292564,309.01859299815,325.586821404001
1,CPO,132,317.187217622177,8.29353596624004,308.893681655937,325.480753588417
1,CPO,133,317.12290880713,8.31975524032846,308.803153566801,325.442664047458
1,CPO,134,316.88303071505,8.48671598887805,308.396314726171,325.369746703928
1,CPO,135,316.723299197709,8.51062383123621,308.212675366473,325.233923028945
1,CPO,136,316.723299197709,8.51062383123621,308.212675366473,325.233923028945
1,CPO,137,316.577802301757,8.42574372758416,308.152058574172,325.003546029341
1,CPO,138,316.417334163782,8.3579688636699,308.059365300112,324.775303027452
1,CPO,139,316.417334163782,8.3579688636699,308.059365300112,324.775303027452
1,CPO,140,316.351464201711,8.31335043633487,308.038113765376,324.664814638046
1,CPO,141,316.119599109858,8.39896034397547,307.720638765882,324.518559453833
1,CPO,142,315.851332241425,8.43003054760547,307.42130169382,324.281362789031
1,CPO,143,315.62147839012,8.65986007937582,306.961618310744,324.281338469495
1,CPO,144,315.345994443284,8.77256039334542,306.573434049939,324.11855483663
1,CPO,145,315.2921117757,8.74253483720861,306.549576938491,324.034646612908
1,CPO,146,315.059952506958,8.63131936628423,306.428633140674,323.691271873242
1,CPO,147,314.964962496089,8.48871187985216,306.476250616237,323.453674375941
1,CPO,148,314.90673656024,8.53223365138319,306.374502908857,323.438970211624
1,CPO,149,314.509070651612,8.27457257289021,306.234498078721,322.783643224502
1,CPO,150,314.426161881332,8.4180826180624,306.00807926327,322.844244499394
1,CPO,151,314.202323610241,8.51080103811607,305.691522572125,322.713124648357
1,CPO,152,313.667958471018,7.87469742466,305.793261046358,321.542655895678
1,CPO,153,313.667958471018,7.87469742466,305.793261046358,321.542655895678
1,CPO,154,313.424076733566,7.58923755087891,305.834839182687,321.013314284445
1,CPO,155,313.063831318019,7.04299684281803,306.020834475201,320.106828160837
1,CPO,156,312.975728689181,7.04304615350128,305.932682535679,320.018774842682
1,CPO,157,312.756061060437,6.92693217490065,305.829128885537,319.682993235338
1,CPO,158,312.606416456108,6.78928732780126,305.817129128306,319.395703783909
1,CPO,159,312.405003116723,6.56170899275628,305.843294123967,318.966712109479
1,CPO,160,312.220044274277,6.73695713512975,305.483087139147,318.957001409406
1,CPO,161,312.195320228341,6.73880281238469,305.456517415956,318.934123040726
1,CPO,162,312.179582181922,6.73717841396265,305.44240376796,318.916760595885
1,CPO,163,312.057425075219,6.68705376137881,305.37037131384,318.744478836597
1,CPO,164,311.991418824099,6.67842552496334,305.312993299135,318.669844349062
1,CPO,165,311.491843079755,6.74383973283656,304.748003346918,318.235682812592
1,CPO,166,311.326764805316,6.60832133157121,304.718443473745,317.935086136888
1,CPO,167,311.061302153982,6.65497941716658,304.406322736816,317.716281571149
1,CPO,168,310.847142263106,6.93407827783601,303.91306398527,317.781220540942
1,CPO,169,310.53630241772,6.85799941592518,303.678303001795,317.394301833645
1,CPO,170,310.371138447131,6.74172681104049,303.629411636091,317.112865258172
1,CPO,171,310.310909416457,6.75150263314888,303.559406783308,317.062412049606
1,CPO,172,310.013016322046,6.48944807033306,303.523568251713,316.502464392379
1,CPO,173,309.938474464625,6.49572758107819,303.442746883547,316.434202045703
1,CPO,174,309.778968597379,6.51314499387892,303.2658236035,316.292113591258
1,CPO,175,309.491035708153,6.38644847796827,303.104587230185,315.877484186121
1,CPO,176,309.458372986974,6.4306009055944,303.027772081379,315.888973892568
1,CPO,177,309.346227936437,6.49172099365379,302.854506942783,315.837948930091
1,CPO,178,309.143831408895,6.52986907063218,302.613962338263,315.673700479527
1,CPO,179,308.724846575672,6.64130544196168,302.083541133711,315.366152017634
1,CPO,180,308.694155541696,6.5657352015276,302.128420340168,315.259890743223
1,CPO,181,308.353376389368,6.65382420019469,301.699552189173,315.007200589562
1,CPO,182,308.298259079924,6.68714271580242,301.611116364121,314.985401795726
1,CPO,183,308.187464934307,6.70376106585813,301.483703868449,314.891226000166
1,CPO,184,308.187464934307,6.70376106585813,301.483703868449,314.891226000166
1,CPO,185,308.116650797649,6.75967597972983,301.35697481792,314.876326777379
1,CPO,186,308.068746334048,6.82042307512847,301.24832325892,314.889169409177
1,CPO,187,307.890303404702,6.8550087691634,301.035294635539,314.745312173866
1,CPO,188,307.86631362202,6.82727727419906,301.039036347821,314.693590896219
1,CPO,189,307.728500944528,6.95053557770656,300.777965366822,314.679036522235
1,CPO,190,307.488043583891,7.02760675742305,300.460436826468,314.515650341314
1,CPO,191,307.345950110064,7.07546333408551,300.270486775978,314.421413444149
1,CPO,192,307.261471026814,6.88730965035652,300.374161376457,314.14878067717
1,CPO,193,307.104063104762,6.97711326223569,300.126949842526,314.081176366997
1,CPO,194,307.031714810764,6.98976758415779,300.041947226606,314.021482394922
1,CPO,195,306.876816627336,7.07328814260365,299.803528484732,313.950104769939
1,CPO,196,306.772969805813,6.95739501219219,299.81557479362,313.730364818005
1,CPO,197,306.712749280413,6.94500509285101,299.767744187562,313.657754373264
1,CPO,198,306.487505406112,6.82383488097814,299.663670525134,313.31134028709
1,CPO,199,306.454067706576,6.83411877175989,299.619948934816,313.288186478336
1,CPO,200,306.363103329511,6.80431084843175,299.558792481079,313.167414177943
1,CPO,201,306.344285732803,6.7928969362915,299.551388796512,313.137182669095
1,CPO,202,306.175434800903,6.79824688830719,299.377187912596,312.97368168921
1,CPO,203,306.005193419576,6.7959314120369,299.209262007539,312.801124831613
1,CPO,204,306.004132440387,6.79653672034397,299.207595720043,312.800669160731
1,CPO,205,305.964261178777,6.8329302590779,299.131330919699,312.797191437855
1,CPO,206,305.857825969706,6.67940876197677,299.178417207729,312.537234731683
1,CPO,207,305.830996982464,6.68365379645861,299.147343186006,312.514650778923
1,CPO,208,305.740548870465,6.62209287319625,299.118455997269,312.362641743661
1,CPO,209,305.735485424883,6.61393322652088,299.121552198362,312.349418651404
1,CPO,210,305.566634218811,6.57141138417819,298.995222834633,312.13804560299
1,CPO,211,305.464033373104,6.62684189421889,298.837191478885,312.090875267323
1,CPO,212,305.428938216843,6.63252361789985,298.796414598943,312.061461834742
1,CPO,213,305.331632369769,6.58090344601032,298.750728923759,311.91253581578
1,CPO,214,305.324431907536,6.58421374197641,298.74021816556,311.908645649513
1,CPO,215,305.259050883733,6.58806357115014,298.670987312583,311.847114454884
1,CPO,216,305.226376333801,6.59327520974894,298.633101124053,311.81965154355
1,CPO,217,305.109175337568,6.62252958640167,298.486645751167,311.73170492397
1,CPO,218,304.844621677652,6.58283052507305,298.261791152579,311.427452202725
1,CPO,219,304.808553283512,6.59793297640225,298.21062030711,311.406486259915
1,CPO,220,304.688286235882,6.49153809879977,298.196748137082,311.179824334682
1,CPO,221,304.553769654201,6.4299905822923,298.123779071909,310.983760236493
1,CPO,222,304.535999633229,6.42482308403106,298.111176549198,310.96082271726
1,CPO,223,304.274873664144,6.42327992779374,297.85159373635,310.698153591938
1,CPO,224,304.142199096917,6.35975859840429,297.782440498512,310.501957695321
1,CPO,225,304.117607914815,6.38303894432647,297.734568970489,310.500646859142
1,CPO,226,304.064799705194,6.39512706440176,297.669672640792,310.459926769596
1,CPO,227,303.9368245837,6.40956819017629,297.527256393524,310.346392773877
1,CPO,228,303.84374246614,6.39862958600603,297.445112880134,310.242372052146
1,CPO,229,303.77020583367,6.36596695019782,297.404238883472,310.136172783867
1,CPO,230,303.666161573858,6.32601887773219,297.340142696125,309.99218045159
1,CPO,231,303.603675661309,6.34561412105268,297.258061540256,309.949289782361
1,CPO,232,303.517923214682,6.29035383379387,297.227569380888,309.808277048475
1,CPO,233,303.348292203844,6.32877444733151,297.019517756513,309.677066651176
1,CPO,234,303.28895409715,6.22782135333323,297.061132743817,309.516775450483
1,CPO,235,303.184510291027,6.2021670046825,296.982343286344,309.386677295709
1,CPO,236,303.119225830732,6.23421670467397,296.885009126058,309.353442535406
1,CPO,237,303.060489762764,6.21810951322535,296.842380249539,309.278599275989
1,CPO,238,303.017456529205,6.22735145956789,296.790105069637,309.244807988773
1,CPO,239,302.99074669302,6.21305018812567,296.777696504894,309.203796881146
1,CPO,240,302.924709591302,6.19503348217025,296.729676109132,309.119743073472
1,CPO,241,302.847136929567,6.13384376240124,296.713293167166,308.980980691969
1,CPO,242,302.665675536948,6.00982629590202,296.655849241046,308.67550183285
1,CPO,243,302.609258108857,6.01951206516681,296.58974604369,308.628770174024
1,CPO,244,302.547179929056,6.04518059346268,296.501999335593,308.592360522519
1,CPO,245,302.456630836707,5.97009307540041,296.486537761307,308.426723912107
1,CPO,246,302.375517395603,5.92900125161429,296.446516143989,308.304518647218
1,CPO,247,302.337632377673,5.93450218314482,296.403130194528,308.272134560818
1,CPO,248,302.248122218327,5.9646908056074,296.28343141272,308.212813023935
1,CPO,249,302.237866636933,5.95593636307936,296.281930273854,308.193803000013
1,CPO,250,302.170469086779,5.98376741759497,296.186701669184,308.154236504374
1,CPO,251,302.08829698232,5.95739499409629,296.130901988223,308.045691976416
1,CPO,252,301.941612093877,5.98544664184383,295.956165452033,307.92705873572
1,CPO,253,301.85063284289,5.89313238246425,295.957500460426,307.743765225354
1,CPO,254,301.628251285754,5.82597554365973,295.802275742095,307.454226829414
1,CPO,255,301.516948059415,5.78694905726876,295.729999002146,307.303897116684
1,CPO,256,301.440715652496,5.78587794777659,295.65483770472,307.226593600273
1,CPO,257,301.399272076313,5.79762160389484,295.601650472418,307.196893680207
1,CPO,258,301.354366107503,5.76232559669943,295.592040510803,307.116691704202
1,CPO,259,301.326279981093,5.75855944857057,295.567720532522,307.084839429663
1,CPO,260,301.193239265117,5.80800732432363,295.385231940793,307.00124658944
1,CPO,261,301.149956170971,5.8438168530255,295.306139317945,306.993773023996
1,CPO,262,301.060698836734,5.84841792699999,295.212280909734,306.909116763734
1,CPO,263,301.043454517709,5.83891501227154,295.204539505437,306.88236952998
1,CPO,264,300.932695877377,5.91984790505889,295.012847972319,306.852543782436
1,CPO,265,300.800651360318,5.92895238404528,294.871698976272,306.729603744363
1,CPO,266,300.780141692792,5.96264142124737,294.817500271545,306.74278311404
1,CPO,267,300.641658939352,5.87850760590518,294.763151333447,306.520166545258
1,CPO,268,300.573100898036,5.84744084905653,294.72566004898,306.420541747093
1,CPO,269,300.542314860197,5.84052475391485,294.701790106282,306.382839614112
1,CPO,270,300.444073063117,5.90080540602882,294.543267657088,306.344878469146
1,CPO,271,300.361829328914,5.98037664040208,294.381452688512,306.342205969316
1,CPO,272,300.289392634037,5.9819403634446,294.307452270592,306.271332997482
1,CPO,273,300.220324979169,5.9313613915907,294.288963587578,306.151686370759
1,CPO,274,300.194063877927,5.9360278201048,294.258036057823,306.130091698032
1,CPO,275,300.149409938514,5.95254370026451,294.19686623825,306.101953638779
1,CPO,276,299.963714514629,5.87315648160296,294.090558033026,305.836870996232
1,CPO,277,299.92099801942,5.85844353142603,294.062554487994,305.779441550846
1,CPO,278,299.849959966717,5.90461919677313,293.945340769944,305.75457916349
1,CPO,279,299.803019578121,5.93663881754634,293.866380760575,305.739658395667
1,CPO,280,299.741522401349,5.93653760561074,293.804984795738,305.678060006959
1,CPO,281,299.635185038009,5.87981563563323,293.755369402376,305.515000673643
1,CPO,282,299.575743180326,5.84814697323783,293.727596207088,305.423890153564
1,CPO,283,299.495597246471,5.82137684167935,293.674220404791,305.31697408815
1,CPO,284,299.430487123693,5.81908842908656,293.611398694606,305.24957555278
1,CPO,285,299.399494778888,5.79528142239279,293.604213356495,305.194776201281
1,CPO,286,299.284864060614,5.69337177411246,293.591492286502,304.978235834727
1,CPO,287,299.274830824246,5.70267133948037,293.572159484765,304.977502163726
1,CPO,288,299.139727916318,5.71317711252058,293.426550803798,304.852905028839
1,CPO,289,299.112841851872,5.7481416376886,293.364700214183,304.86098348956
1,CPO,290,299.041348680607,5.72275673129533,293.318591949312,304.764105411903
1,CPO,291,298.995309880041,5.7194175218926,293.275892358148,304.714727401934
1,CPO,292,298.955281747951,5.70677167787462,293.248510070077,304.662053425826
1,CPO,293,298.889938643253,5.72237142282265,293.16756722043,304.612310066075
1,CPO,294,298.858063192299,5.70470968864717,293.153353503652,304.562772880946
1,CPO,295,298.695281245217,5.67968596815343,293.015595277063,304.37496721337
1,CPO,296,298.635431009854,5.63175715377241,293.003673856081,304.267188163626
1,CPO,297,298.535855351032,5.61374295867385,292.922112392358,304.149598309706
1,CPO,298,298.47079772012,5.57506681456378,292.895730905556,304.045864534684
1,CPO,299,298.424875479329,5.59036067447725,292.834514804851,304.015236153806
1,CPO,300,298.359427916365,5.57943310837686,292.779994807988,303.938861024742
1,DBO,1,1079.62575190546,473.706580942612,605.91917096285,1553.33233284807
1,DBO,2,737.96387896767,281.583266619126,456.380612348544,1019.5471455868
1,DBO,3,627.51108490203,163.18340654503,464.327678357,790.69449144706
1,DBO,4,584.279054399057,144.54977337001,439.729281029047,728.828827769068
1,DBO,5,569.813906850999,145.020189573663,424.793717277336,714.834096424662
1,DBO,6,547.190464248722,86.3922189569589,460.798245291763,633.582683205681
1,DBO,7,532.795152968869,88.3544405458294,444.440712423039,621.149593514698
1,DBO,8,515.399408425351,71.7884397045583,443.610968720792,587.187848129909
1,DBO,9,507.407989862818,71.8704411479858,435.537548714833,579.278431010804
1,DBO,10,495.075154777964,49.0557464496564,446.019408328307,544.13090122762
1,DBO,11,490.16610441095,45.437184090997,444.728920319953,535.603288501947
1,DBO,12,486.124381168869,47.5291660261126,438.595215142756,533.653547194982
1,DBO,13,481.48956399216,46.7074038666287,434.782160125531,528.196967858789
1,DBO,14,475.556304161953,47.5999599668824,427.95634419507,523.156264128835
1,DBO,15,473.031797505646,46.7348191563327,426.296978349313,519.766616661978
1,DBO,16,468.270638686743,44.8624332599687,423.408205426774,513.133071946711
1,DBO,17,465.133472552933,47.040249844952,418.093222707981,512.173722397885
1,DBO,18,464.938063449377,46.9985101221545,417.939553327222,511.936573571531
1,DBO,19,456.670480961573,41.9986532566569,414.671827704916,498.66913421823
1,DBO,20,453.252814841446,43.0813617940934,410.171453047353,496.33417663554
1,DBO,21,449.672156625175,41.4888687595957,408.18328786558,491.161025384771
1,DBO,22,447.418735740154,39.7443804875443,407.674355252609,487.163116227698
1,DBO,23,444.609305797283,40.4344126900962,404.174893107187,485.043718487379
1,DBO,24,443.474415090565,40.6283886533889,402.846026437176,484.102803743954
1,DBO,25,441.167141354315,39.9421479789467,401.224993375369,481.109289333262
1,DBO,26,440.233630018953,40.5720075263648,399.661622492588,480.805637545317
1,DBO,27,438.78712718124,40.9452269202277,397.841900261012,479.732354101467
1,DBO,28,437.696575615193,40.1150258792949,397.581549735898,477.811601494488
1,DBO,29,436.454471451704,41.3735713185165,395.080900133188,477.828042770221
1,DBO,30,435.510029561436,42.0723166030124,393.437712958424,477.582346164448
1,DBO,31,432.108878365002,43.4668305584302,388.642047806572,475.575708923432
1,DBO,32,429.902450792722,42.557042499916,387.345408292806,472.459493292638
1,DBO,33,427.024637355679,43.1046307164011,383.920006639278,470.129268072081
1,DBO,34,426.03461073319,42.4428844610834,383.591726272107,468.477495194273
1,DBO,35,423.982885739451,40.3397382428967,383.643147496555,464.322623982348
1,DBO,36,422.282471655257,38.9438408484679,383.338630806789,461.226312503725
1,DBO,37,422.004681406237,39.2662546407918,382.738426765446,461.270936047029
1,DBO,38,420.161037400781,36.5864889648463,383.574548435935,456.747526365628
1,DBO,39,419.968055697139,36.2406925788086,383.727363118331,456.208748275948
1,DBO,40,418.779876023723,36.6940972207003,382.085778803022,455.473973244423
1,DBO,41,418.111138074582,36.7850663047238,381.326071769858,454.896204379306
1,DBO,42,418.002168714637,36.8680932904794,381.134075424158,454.870262005117
1,DBO,43,417.279989317832,37.5059401587531,379.774049159079,454.785929476585
1,DBO,44,416.506134481244,37.2281931454447,379.277941335799,453.734327626689
1,DBO,45,416.506134481244,37.2281931454447,379.277941335799,453.734327626689
1,DBO,46,416.089357632326,36.5251234686382,379.564234163688,452.614481100964
1,DBO,47,415.476523095955,36.8282054187233,378.648317677232,452.304728514679
1,DBO,48,415.335608206175,36.906005405228,378.429602800947,452.241613611403
1,DBO,49,414.667791828734,35.9463910265777,378.721400802156,450.614182855311
1,DBO,50,413.218133885544,35.8561303515487,377.362003533996,449.074264237093
1,DBO,51,412.567581038834,36.3699170557773,376.197663983057,448.937498094611
1,DBO,52,411.909871864694,35.9530322817148,375.956839582979,447.862904146409
1,DBO,53,411.545202267689,35.3890191447653,376.156183122923,446.934221412454
1,DBO,54,411.2650933355,35.696101015205,375.568992320295,446.961194350705
1,DBO,55,410.425966427992,35.7059057333981,374.720060694594,446.131872161391
1,DBO,56,409.780836705349,36.4092180549344,373.371618650414,446.190054760283
1,DBO,57,408.965243651956,35.9260297842427,373.039213867713,444.891273436198
1,DBO,58,406.285492052135,35.0520092707716,371.233482781364,441.337501322907
1,DBO,59,406.150755282416,34.9843253583039,371.166429924112,441.13508064072
1,DBO,60,405.893434570086,34.7474654644157,371.14596910567,440.640900034501
1,DBO,61,405.357898993486,35.0689173634504,370.288981630035,440.426816356936
1,DBO,62,405.357898993486,35.0689173634504,370.288981630035,440.426816356936
1,DBO,63,404.945382504668,34.3590789084405,370.586303596228,439.304461413109
1,DBO,64,404.834033269464,34.3544730614578,370.479560208006,439.188506330922
1,DBO,65,404.690819481815,34.3370216933645,370.35379778845,439.027841175179
1,DBO,66,404.508950093073,34.168065420377,370.340884672696,438.67701551345
1,DBO,67,404.287752681311,34.1108045261165,370.176948155194,438.398557207427
1,DBO,68,403.274086277713,32.9360611126874,370.338025165025,436.2101473904
1,DBO,69,402.870228162561,33.2004367574983,369.669791405062,436.070664920059
1,DBO,70,402.252655320778,33.8708260137742,368.381829307004,436.123481334553
1,DBO,71,402.244568932642,33.8764104835159,368.368158449126,436.120979416158
1,DBO,72,401.740368879733,34.0738144641705,367.666554415562,435.814183343903
1,DBO,73,400.821407975405,33.5671771286446,367.254230846761,434.38858510405
1,DBO,74,400.774554008313,33.629776707458,367.144777300855,434.404330715771
1,DBO,75,400.007400458869,32.6109320563687,367.3964684025,432.618332515237
1,DBO,76,400.007400458869,32.6109320563687,367.3964684025,432.618332515237
1,DBO,77,399.433437995141,33.3590449788825,366.074393016259,432.792482974024
1,DBO,78,399.433437995141,33.3590449788825,366.074393016259,432.792482974024
1,DBO,79,399.075604715065,33.4080005548432,365.667604160222,432.483605269908
1,DBO,80,397.902558375099,32.7211818377005,365.181376537399,430.6237402128
1,DBO,81,397.780535982163,32.6928557499208,365.087680232242,430.473391732084
1,DBO,82,397.655938228791,32.530469691274,365.125468537517,430.186407920065
1,DBO,83,395.218636748938,33.1846633793644,362.033973369574,428.403300128302
1,DBO,84,394.868366702315,33.212364870007,361.656001832308,428.080731572322
1,DBO,85,394.1387642191,34.1154274524542,360.023336766646,428.254191671554
1,DBO,86,393.698854656689,33.820783986871,359.878070669818,427.51963864356
1,DBO,87,393.698854656689,33.820783986871,359.878070669818,427.51963864356
1,DBO,88,393.536154173654,33.4521334176332,360.08402075602,426.988287591287
1,DBO,89,393.536154173654,33.4521334176332,360.08402075602,426.988287591287
1,DBO,90,393.04784237762,33.5199487743243,359.527893603295,426.567791151944
1,DBO,91,392.567637882056,32.8999747845749,359.667663097482,425.467612666631
1,DBO,92,391.499656723855,32.538863961299,358.960792762556,424.038520685154
1,DBO,93,390.881224319524,31.8860363218535,358.99518799767,422.767260641377
1,DBO,94,390.881224319524,31.8860363218535,358.99518799767,422.767260641377
1,DBO,95,390.61678765734,31.5108770791393,359.105910578201,422.127664736479
1,DBO,96,390.471974880005,31.1914209607415,359.280553919264,421.663395840746
1,DBO,97,390.411360785448,31.1131148100892,359.298245975359,421.524475595537
1,DBO,98,390.022000189692,30.9147073720289,359.107292817663,420.93670756172
1,DBO,99,389.391719793931,30.3375830740379,359.054136719893,419.729302867969
1,DBO,100,389.283014018947,30.4398279956027,358.843186023344,419.722842014549
1,DBO,101,389.114264774155,30.4701372911754,358.64412748298,419.584402065331
1,DBO,102,388.7188258757,30.4444030123401,358.27442286336,419.16322888804
1,DBO,103,388.432351720958,30.4803594737634,357.951992247195,418.912711194722
1,DBO,104,388.177752005294,29.930121530577,358.247630474717,418.107873535871
1,DBO,105,387.50624183327,29.7093761736405,357.79686565963,417.215618006911
1,DBO,106,385.785575676172,29.279467888732,356.50610778744,415.065043564903
1,DBO,107,385.556229851299,29.2339063980947,356.322323453205,414.790136249394
1,DBO,108,385.556229851299,29.2339063980947,356.322323453205,414.790136249394
1,DBO,109,385.013224764874,29.3916236086562,355.621601156217,414.40484837353
1,DBO,110,384.401465487403,29.5654179633592,354.836047524044,413.966883450762
1,DBO,111,384.401465487403,29.5654179633592,354.836047524044,413.966883450762
1,DBO,112,383.900928288223,29.0545664170126,354.84636187121,412.955494705235
1,DBO,113,383.299114685202,29.7381872812486,353.560927403953,413.037301966451
1,DBO,114,382.70428681186,29.6726241313036,353.031662680556,412.376910943163
1,DBO,115,382.70428681186,29.6726241313036,353.031662680556,412.376910943163
1,DBO,116,381.931203663291,29.5581555749631,352.373048088328,411.489359238254
1,DBO,117,381.433742006983,29.7608042010735,351.672937805909,411.194546208056
1,DBO,118,381.433742006983,29.7608042010735,351.672937805909,411.194546208056
1,DBO,119,381.031540341208,29.7703955988766,351.261144742331,410.801935940084
1,DBO,120,380.753361101004,28.9889005712874,351.764460529717,409.742261672292
1,DBO,121,380.532644036716,29.0371314446263,351.495512592089,409.569775481342
1,DBO,122,380.237185381284,29.26076720443,350.976418176854,409.497952585714
1,DBO,123,379.82280662548,29.4244356590442,350.398370966436,409.247242284525
1,DBO,124,379.201860367096,28.9301781921518,350.271682174945,408.132038559248
1,DBO,125,379.180911739501,28.9339174778234,350.246994261678,408.114829217325
1,DBO,126,379.180911739501,28.9339174778234,350.246994261678,408.114829217325
1,DBO,127,379.180911739501,28.9339174778234,350.246994261678,408.114829217325
1,DBO,128,379.000816727754,29.0356643345065,349.965152393248,408.03648106226
1,DBO,129,378.487075609983,29.5527893320646,348.934286277918,408.039864942047
1,DBO,130,378.339027397427,29.4986130600532,348.840414337373,407.83764045748
1,DBO,131,378.215562245306,29.4964085835101,348.719153661796,407.711970828816
1,DBO,132,378.215562245306,29.4964085835101,348.719153661796,407.711970828816
1,DBO,133,378.092826219846,29.5230906374585,348.569735582387,407.615916857305
1,DBO,134,378.085080669538,29.5284434318844,348.556637237653,407.613524101422
1,DBO,135,378.085080669538,29.5284434318844,348.556637237653,407.613524101422
1,DBO,136,378.004956930275,29.5678790848102,348.437077845465,407.572836015085
1,DBO,137,377.628100555053,29.5630222558613,348.065078299192,407.191122810914
1,DBO,138,375.533660502478,27.4498024200742,348.083858082403,402.983462922552
1,DBO,139,375.165710727032,27.6711848446388,347.494525882394,402.836895571671
1,DBO,140,375.158408623468,27.6797730825019,347.478635540966,402.838181705969
1,DBO,141,375.158408623468,27.6797730825019,347.478635540966,402.838181705969
1,DBO,142,375.158408623468,27.6797730825019,347.478635540966,402.838181705969
1,DBO,143,374.852740276597,27.7943835455539,347.058356731043,402.647123822151
1,DBO,144,374.774515656999,27.5589609685055,347.215554688493,402.333476625504
1,DBO,145,374.774515656999,27.5589609685055,347.215554688493,402.333476625504
1,DBO,146,374.751824047023,27.5761379186533,347.17568612837,402.327961965677
1,DBO,147,373.915437056421,27.6774166754771,346.238020380944,401.592853731898
1,DBO,148,373.506825655523,27.7218726607755,345.784952994748,401.228698316299
1,DBO,149,373.324204304066,27.7152576070568,345.608946697009,401.039461911123
1,DBO,150,373.25672028402,27.7181037137132,345.538616570307,400.974823997733
1,DBO,151,373.147442952518,27.818669987834,345.328772964684,400.966112940352
1,DBO,152,373.147442952518,27.818669987834,345.328772964684,400.966112940352
1,DBO,153,373.147442952518,27.818669987834,345.328772964684,400.966112940352
1,DBO,154,373.122324250178,27.8343299218647,345.287994328313,400.956654172042
1,DBO,155,373.122324250178,27.8343299218647,345.287994328313,400.956654172042
1,DBO,156,372.516258680462,28.7029338869615,343.8133247935,401.219192567423
1,DBO,157,372.510754908325,28.7019158752533,343.808839033072,401.212670783579
1,DBO,158,372.320294552397,28.3169259508374,344.00336860156,400.637220503235
1,DBO,159,372.099118230645,28.2882015138739,343.810916716771,400.387319744519
1,DBO,160,372.099118230645,28.2882015138739,343.810916716771,400.387319744519
1,DBO,161,372.087642989924,28.2943951245019,343.793247865422,400.382038114426
1,DBO,162,372.038563257091,28.3367105536981,343.701852703392,400.375273810789
1,DBO,163,371.815947240804,28.4227078691379,343.393239371666,400.238655109942
1,DBO,164,371.697795309486,28.3559349223588,343.341860387127,400.053730231845
1,DBO,165,371.697795309486,28.3559349223588,343.341860387127,400.053730231845
1,DBO,166,371.697795309486,28.3559349223588,343.341860387127,400.053730231845
1,DBO,167,371.460318112834,28.266194517957,343.194123594877,399.726512630791
1,DBO,168,370.976785213549,28.1487116738317,342.828073539718,399.125496887381
1,DBO,169,370.785889544321,28.2608485941043,342.525040950217,399.046738138425
1,DBO,170,370.486939052818,28.3531596829338,342.133779369884,398.840098735751
1,DBO,171,370.486939052818,28.3531596829338,342.133779369884,398.840098735751
1,DBO,172,370.486939052818,28.3531596829338,342.133779369884,398.840098735751
1,DBO,173,370.486939052818,28.3531596829338,342.133779369884,398.840098735751
1,DBO,174,370.483375089579,28.3552805207987,342.12809456878,398.838655610377
1,DBO,175,370.144339670113,28.4708666591495,341.673473010964,398.615206329263
1,DBO,176,369.942606597901,28.4868595695346,341.455747028366,398.429466167435
1,DBO,177,368.917726440984,28.8270265509055,340.090699890078,397.744752991889
1,DBO,178,368.851546893937,28.8392827098997,340.012264184037,397.690829603837
1,DBO,179,368.830837552921,28.8497080832704,339.981129469651,397.680545636192
1,DBO,180,368.555555334829,28.9360584546176,339.619496880212,397.491613789447
1,DBO,181,368.555555334829,28.9360584546176,339.619496880212,397.491613789447
1,DBO,182,368.255279188196,28.7446332698951,339.510645918301,396.999912458092
1,DBO,183,367.584155370331,28.6702061230309,338.9139492473,396.254361493361
1,DBO,184,367.388865729919,28.5531741815262,338.835691548393,395.942039911445
1,DBO,185,367.388865729919,28.5531741815262,338.835691548393,395.942039911445
1,DBO,186,367.388865729919,28.5531741815262,338.835691548393,395.942039911445
1,DBO,187,366.648927717011,28.4137079358529,338.235219781158,395.062635652864
1,DBO,188,366.330458878897,28.4866108009967,337.8438480779,394.817069679893
1,DBO,189,366.241292585726,28.4717796418965,337.769512943829,394.713072227622
1,DBO,190,365.821447235304,28.1841364807922,337.637310754512,394.005583716096
1,DBO,191,365.821447235304,28.1841364807922,337.637310754512,394.005583716096
1,DBO,192,365.625640387515,28.2396391609025,337.386001226613,393.865279548418
1,DBO,193,365.625640387515,28.2396391609025,337.386001226613,393.865279548418
1,DBO,194,365.414429646999,28.3492206122668,337.065209034733,393.763650259266
1,DBO,195,365.414429646999,28.3492206122668,337.065209034733,393.763650259266
1,DBO,196,365.372504239784,28.3411816907296,337.031322549055,393.713685930514
1,DBO,197,365.250375508713,28.3350674244486,336.915308084264,393.585442933161
1,DBO,198,364.915604306372,28.2399851091182,336.675619197254,393.15558941549
1,DBO,199,364.915604306372,28.2399851091182,336.675619197254,393.15558941549
1,DBO,200,364.850848979836,28.2447219836923,336.606126996143,393.095570963528
1,DBO,201,364.592506488728,28.3548847318753,336.237621756853,392.947391220603
1,DBO,202,363.913674066826,27.2319765682026,336.681697498623,391.145650635028
1,DBO,203,363.626892594644,26.8396442132555,336.787248381389,390.4665368079
1,DBO,204,363.626892594644,26.8396442132555,336.787248381389,390.4665368079
1,DBO,205,363.5655306217,26.8709264597656,336.694604161934,390.436457081466
1,DBO,206,363.313407033512,26.9205274869769,336.392879546535,390.233934520489
1,DBO,207,363.282914677186,26.91163595901,336.371278718176,390.194550636196
1,DBO,208,363.282914677186,26.91163595901,336.371278718176,390.194550636196
1,DBO,209,363.191696971236,26.9613225832607,336.230374387976,390.153019554497
1,DBO,210,363.191696971236,26.9613225832607,336.230374387976,390.153019554497
1,DBO,211,362.99432398863,26.9688366858455,336.025487302784,389.963160674475
1,DBO,212,362.684674917446,27.0801260388885,335.604548878558,389.764800956335
1,DBO,213,362.206524636207,27.5570677514664,334.64945688474,389.763592387673
1,DBO,214,362.206524636207,27.5570677514664,334.64945688474,389.763592387673
1,DBO,215,362.168131765575,27.4931616151145,334.67497015046,389.661293380689
1,DBO,216,362.140382560053,27.4891812784838,334.651201281569,389.629563838537
1,DBO,217,362.041136456865,27.6502613954104,334.390875061454,389.691397852275
1,DBO,218,361.955371932232,27.5131790860714,334.442192846161,389.468551018304
1,DBO,219,361.894510735791,27.5249274757417,334.36958326005,389.419438211533
1,DBO,220,361.894510735791,27.5249274757417,334.36958326005,389.419438211533
1,DBO,221,361.686822931306,27.6459032596891,334.040919671617,389.332726190995
1,DBO,222,361.132761349821,27.8494441540001,333.283317195821,388.982205503821
1,DBO,223,360.963658386082,27.9628102479147,333.000848138167,388.926468633996
1,DBO,224,360.602601322429,28.0863581727653,332.516243149664,388.688959495195
1,DBO,225,360.602601322429,28.0863581727653,332.516243149664,388.688959495195
1,DBO,226,360.435856888937,28.1797827397021,332.256074149235,388.61563962864
1,DBO,227,360.170781429113,28.1561125371409,332.014668891972,388.326893966254
1,DBO,228,360.084389791695,28.1867692646321,331.897620527063,388.271159056327
1,DBO,229,359.93826440311,28.2309920741859,331.707272328924,388.169256477295
1,DBO,230,359.607014150671,27.8849020462632,331.722112104408,387.491916196935
1,DBO,231,359.327770494134,28.0281365810223,331.299633913111,387.355907075156
1,DBO,232,359.057436684706,28.2837832530671,330.773653431639,387.341219937773
1,DBO,233,359.013764782284,28.227544206132,330.786220576152,387.241308988416
1,DBO,234,358.730168499045,28.2344872668435,330.495681232202,386.964655765889
1,DBO,235,358.721722531249,28.2450734118751,330.476649119374,386.966795943124
1,DBO,236,357.692549863425,27.5623859888377,330.130163874587,385.254935852262
1,DBO,237,357.645958054987,27.5116440436857,330.134314011301,385.157602098673
1,DBO,238,357.579198849817,27.5334523919803,330.045746457836,385.112651241797
1,DBO,239,357.579198849817,27.5334523919803,330.045746457836,385.112651241797
1,DBO,240,357.577626091203,27.5344170383153,330.043209052887,385.112043129518
1,DBO,241,357.227605327965,27.7689901984381,329.458615129527,384.996595526403
1,DBO,242,357.213152445161,27.786781126938,329.426371318222,384.999933572099
1,DBO,243,357.060739862117,27.6769238945124,329.383815967605,384.73766375663
1,DBO,244,356.908567912756,27.7432380414564,329.165329871299,384.651805954212
1,DBO,245,356.560668320661,27.6597107012325,328.900957619429,384.220379021894
1,DBO,246,356.274560406385,27.7446090395887,328.529951366796,384.019169445974
1,DBO,247,355.862137866339,27.6565630580279,328.205574808311,383.518700924367
1,DBO,248,355.487856853685,27.7593308892826,327.728525964402,383.247187742968
1,DBO,249,354.973067461678,27.7226090527568,327.250458408921,382.695676514435
1,DBO,250,354.873955248907,27.7598206286139,327.114134620293,382.633775877521
1,DBO,251,354.664624830533,27.724399227032,326.940225603501,382.389024057565
1,DBO,252,354.481412002753,27.5987779661453,326.882634036608,382.080189968898
1,DBO,253,353.838626337754,27.5966768419676,326.241949495787,381.435303179722
1,DBO,254,353.838626337754,27.5966768419676,326.241949495787,381.435303179722
1,DBO,255,353.730682457204,27.5235008122448,326.207181644959,381.254183269449
1,DBO,256,353.54185182798,27.4916062076334,326.050245620346,381.033458035613
1,DBO,257,353.510859643794,27.5367562878003,325.974103355993,381.047615931594
1,DBO,258,353.50392385741,27.5402954693931,325.963628388017,381.044219326803
1,DBO,259,353.205056631717,27.4303583770643,325.774698254653,380.635415008782
1,DBO,260,352.840485996877,26.5022116960675,326.33827430081,379.342697692945
1,DBO,261,352.807724264106,26.5208637055489,326.286860558557,379.328587969654
1,DBO,262,352.693385997559,26.4850167568044,326.208369240755,379.178402754364
1,DBO,263,352.661064956934,26.4946201860153,326.166444770919,379.15568514295
1,DBO,264,352.551613288133,26.4646635467392,326.086949741394,379.016276834873
1,DBO,265,352.155392570168,26.2621146548334,325.893277915335,378.417507225001
1,DBO,266,351.818181871732,25.375434365937,326.442747505795,377.193616237669
1,DBO,267,351.51382501945,25.3799408222025,326.133884197248,376.893765841653
1,DBO,268,350.988494286312,25.5437245577804,325.444769728531,376.532218844092
1,DBO,269,350.88472355972,25.5668693057195,325.317854254001,376.45159286544
1,DBO,270,350.620609622713,25.515913980179,325.104695642534,376.136523602892
1,DBO,271,350.561512597607,25.5287302877135,325.032782309894,376.090242885321
1,DBO,272,350.458813837474,25.6120697939853,324.846744043489,376.07088363146
1,DBO,273,350.306953551874,25.6997721342409,324.607181417633,376.006725686115
1,DBO,274,350.116933841512,25.8557558211897,324.261178020323,375.972689662702
1,DBO,275,350.016908909901,25.9293268185974,324.087582091303,375.946235728498
1,DBO,276,349.747484248805,25.8459855424198,323.901498706385,375.593469791225
1,DBO,277,349.510001906036,25.9001618391289,323.609840066908,375.410163745165
1,DBO,278,349.333730200975,25.723295755297,323.610434445678,375.057025956272
1,DBO,279,348.967735622424,24.746399473412,324.221336149012,373.714135095836
1,DBO,280,348.646986037982,24.4890204524416,324.15796558554,373.136006490423
1,DBO,281,348.368930898705,24.3080277765127,324.060903122193,372.676958675218
1,DBO,282,347.359547069684,21.8608959988556,325.498651070828,369.220443068539
1,DBO,283,347.070116067184,21.2026325402968,325.867483526887,368.272748607481
1,DBO,284,347.024677623342,21.2091704296367,325.815507193705,368.233848052979
1,DBO,285,346.699462525049,20.8792501586247,325.820212366424,367.578712683674
1,DBO,286,346.507890416464,20.8012254359721,325.706664980492,367.309115852437
1,DBO,287,346.474276273836,20.8128450439921,325.661431229844,367.287121317828
1,DBO,288,346.343137659977,20.648911354331,325.694226305646,366.992049014308
1,DBO,289,346.286380717091,20.6685643946782,325.617816322413,366.954945111769
1,DBO,290,346.239999438217,20.6595661165428,325.580433321675,366.89956555476
1,DBO,291,346.138638887189,20.6564810051094,325.48215788208,366.795119892299
1,DBO,292,345.846097111079,20.6712525000837,325.174844610995,366.517349611162
1,DBO,293,345.750912524563,20.6366457003318,325.114266824232,366.387558224895
1,DBO,294,345.660369231088,20.6446681975262,325.015701033562,366.305037428614
1,DBO,295,345.41706756783,19.9870738604376,325.429993707392,365.404141428267
1,DBO,296,345.316798952628,19.9495431694239,325.367255783204,365.266342122052
1,DBO,297,345.163485544245,19.9054677466597,325.258017797585,365.068953290904
1,DBO,298,345.028655986377,19.9861072975099,325.042548688867,365.014763283887
1,DBO,299,344.956626551878,19.997217004917,324.959409546961,364.953843556795
1,DBO,300,344.882678794258,19.9702827242648,324.912396069993,364.852961518523
1,GWO,1,1823.42447522025,1020.75619585662,802.668279363624,2844.18067107687
1,GWO,2,1776.21070401774,1301.056701016,475.154003001743,3077.26740503375
1,GWO,3,1117.49290061384,932.102080881621,185.390819732222,2049.59498149546
1,GWO,4,956.713259043223,591.135592200816,365.577666842407,1547.84885124404
1,GWO,5,741.486584987357,437.405641918103,304.080943069254,1178.89222690546
1,GWO,6,729.842740197022,396.320964014587,333.521776182435,1126.16370421161
1,GWO,7,712.956499489743,453.414648686691,259.541850803052,1166.37114817643
1,GWO,8,623.436225819412,362.04644825366,261.389777565752,985.482674073072
1,GWO,9,606.044449521968,367.116121128081,238.928328393887,973.160570650048
1,GWO,10,565.142805808074,255.56102266913,309.581783138944,820.703828477205
1,GWO,11,557.710887749852,334.257677845582,223.45320990427,891.968565595433
1,GWO,12,584.440294371016,374.895765501624,209.544528869392,959.33605987264
1,GWO,13,540.053254233184,393.982951935681,146.070302297503,934.036206168865
1,GWO,14,491.014664958977,209.668675955595,281.345989003381,700.683340914572
1,GWO,15,506.155084746818,307.133303111556,199.021781635262,813.288387858373
1,GWO,16,506.759563049209,331.950597566305,174.808965482905,838.710160615514
1,GWO,17,468.664686598191,173.719518597539,294.945168000652,642.384205195731
1,GWO,18,450.836777401808,135.667424711631,315.169352690177,586.504202113439
1,GWO,19,439.31936462236,132.832237029338,306.487127593022,572.151601651698
1,GWO,20,440.65294791857,129.206093466724,311.446854451845,569.859041385294
1,GWO,21,442.117320947803,128.104853671634,314.012467276169,570.222174619436
1,GWO,22,441.026200469322,132.140209108566,308.885991360756,573.166409577889
1,GWO,23,446.778310820601,148.532494357206,298.245816463394,595.310805177807
1,GWO,24,445.811911315199,135.279561722373,310.532349592825,581.091473037572
1,GWO,25,441.35532439624,152.230420453809,289.12490394243,593.585744850049
1,GWO,26,444.786926918887,150.923569280818,293.863357638069,595.710496199705
1,GWO,27,443.982800483172,173.582226755629,270.400573727543,617.565027238802
1,GWO,28,430.878452512611,123.447084021942,307.431368490669,554.325536534553
1,GWO,29,446.722262283655,166.622230042651,280.100032241004,613.344492326305
1,GWO,30,449.391997099451,180.652227077415,268.739770022036,630.044224176866
1,GWO,31,444.339906844136,167.491524525581,276.848382318554,611.831431369717
1,GWO,32,439.589070064504,155.8421920131,283.746878051404,595.431262077604
1,GWO,33,427.318593938642,118.476142362475,308.842451576167,545.794736301117
1,GWO,34,423.68415860073,116.854107802214,306.830050798516,540.538266402944
1,GWO,35,417.453587926047,106.700164571482,310.753423354564,524.153752497529
1,GWO,36,408.543562437122,97.4423162827306,311.101246154391,505.985878719852
1,GWO,37,402.488971075596,90.7956800623758,311.693291013221,493.284651137972
1,GWO,38,399.944656945308,89.8450507030758,310.099606242232,489.789707648383
1,GWO,39,402.808481799113,86.6054590069345,316.203022792178,489.413940806048
1,GWO,40,397.201367169475,87.509257330579,309.692109838896,484.710624500054
1,GWO,41,396.087837285575,85.6652788526785,310.422558432897,481.753116138254
1,GWO,42,393.272098486739,88.7318547941403,304.540243692599,482.00395328088
1,GWO,43,392.951427407187,88.5500369014549,304.401390505732,481.501464308642
1,GWO,44,391.584173054749,86.1920961299975,305.392076924752,477.776269184747
1,GWO,45,398.277081846934,88.0802848043944,310.196797042539,486.357366651328
1,GWO,46,389.638540947136,82.3654805498031,307.273060397333,472.004021496939
1,GWO,47,392.474251009856,86.4585369893205,306.015714020535,478.932787999176
1,GWO,48,388.322186831397,87.8957098062889,300.426477025108,476.217896637685
1,GWO,49,392.501447099118,85.7495441199245,306.751902979194,478.250991219043
1,GWO,50,391.401827142453,86.8947629448315,304.507064197621,478.296590087284
1,GWO,51,388.308215029553,83.7612756171215,304.546939412432,472.069490646675
1,GWO,52,388.076433085199,81.5999056169053,306.476527468294,469.676338702104
1,GWO,53,388.60119802385,80.7688049240521,307.832393099798,469.370002947902
1,GWO,54,388.687541232091,83.6114338464483,305.076107385642,472.298975078539
1,GWO,55,390.879012349201,88.9901413171182,301.888871032083,479.869153666319
1,GWO,56,387.592481612133,84.3792795425427,303.21320206959,471.971761154675
1,GWO,57,389.411523662168,82.6925589058046,306.718964756363,472.104082567972
1,GWO,58,387.271545494453,85.690131446625,301.581414047828,472.961676941078
1,GWO,59,388.453252371089,82.6614077507703,305.791844620319,471.114660121859
1,GWO,60,389.135036399627,87.9772595849835,301.157776814643,477.11229598461
1,GWO,61,388.723779439417,87.1095974119662,301.614182027451,475.833376851384
1,GWO,62,386.344836999089,83.5598588686614,302.784978130428,469.904695867751
1,GWO,63,384.299301570656,84.7946572504982,299.504644320158,469.093958821154
1,GWO,64,386.535944984451,81.3588319871664,305.177112997284,467.894776971617
1,GWO,65,387.98735343522,86.2343042560942,301.753049179126,474.221657691314
1,GWO,66,389.772839430107,86.8910578571367,302.881781572971,476.663897287244
1,GWO,67,389.134073788453,83.5347794775728,305.59929431088,472.668853266025
1,GWO,68,386.54282531112,82.5887807047305,303.954044606389,469.13160601585
1,GWO,69,388.793956640655,88.3853499113636,300.408606729292,477.179306552019
1,GWO,70,387.879527234595,84.9746799900203,302.904847244575,472.854207224616
1,GWO,71,387.573601749919,86.7601012658096,300.81350048411,474.333703015729
1,GWO,72,387.386361802831,86.2284560586102,301.15790574422,473.614817861441
1,GWO,73,386.565971073372,83.5882716101568,302.977699463215,470.154242683529
1,GWO,74,387.93411700828,84.6803978624785,303.253719145801,472.614514870758
1,GWO,75,384.893143001954,84.9237625200376,299.969380481916,469.816905521992
1,GWO,76,387.920804832621,88.4030131405679,299.517791692053,476.323817973189
1,GWO,77,382.946987749525,86.9272282007379,296.019759548787,469.874215950263
1,GWO,78,385.265740859582,87.1938155759346,298.071925283647,472.459556435517
1,GWO,79,385.171541133988,85.7949063153042,299.376634818684,470.966447449293
1,GWO,80,386.39839965254,88.0229395879488,298.375460064591,474.421339240489
1,GWO,81,385.10704662092,85.4908596088227,299.616187012098,470.597906229743
1,GWO,82,383.049214878068,85.3702301836279,297.67898469444,468.419445061696
1,GWO,83,383.241358851294,83.4656372437315,299.775721607563,466.706996095026
1,GWO,84,382.053880257624,86.3499287018112,295.703951555813,468.403808959435
1,GWO,85,381.007037825387,87.0904461960809,293.916591629306,468.097484021468
1,GWO,86,382.09986051089,86.8173101500641,295.282550360826,468.917170660954
1,GWO,87,382.7525802243,89.9786968796528,292.773883344648,472.731277103953
1,GWO,88,382.377371503373,90.8300152289956,291.547356274378,473.207386732369
1,GWO,89,378.85132911739,87.4518303008142,291.399498816576,466.303159418204
1,GWO,90,380.56666847368,89.1508792013374,291.415789272342,469.717547675017
1,GWO,91,379.694389214719,88.3583532612331,291.336035953486,468.052742475952
1,GWO,92,380.86149313806,85.0382274856909,295.823265652369,465.899720623751
1,GWO,93,382.159052269095,86.5148858687422,295.644166400353,468.673938137837
1,GWO,94,381.994374559805,85.7230306019929,296.271343957813,467.717405161798
1,GWO,95,379.29540082298,83.0364860549568,296.258914768023,462.331886877936
1,GWO,96,378.920241328403,85.1202339445468,293.800007383856,464.04047527295
1,GWO,97,379.125616798579,80.1210565436267,299.004560254952,459.246673342205
1,GWO,98,377.368091300982,79.6781535360714,297.68993776491,457.046244837053
1,GWO,99,377.395157366822,79.7076708516473,297.687486515175,457.10282821847
1,GWO,100,375.707249367715,82.9989933082083,292.708256059507,458.706242675923
1,GWO,101,374.863721835234,83.4745399264714,291.389181908763,458.338261761705
1,GWO,102,375.515850188936,84.7827041649097,290.733146024026,460.298554353846
1,GWO,103,374.054866576851,81.386231977984,292.668634598867,455.441098554835
1,GWO,104,374.320828772391,83.1038524451326,291.216976327258,457.424681217524
1,GWO,105,375.391729878224,85.9527885531915,289.438941325033,461.344518431416
1,GWO,106,375.430474645231,86.9748208879986,288.455653757233,462.40529553323
1,GWO,107,375.436996612018,86.2374625239486,289.199534088069,461.674459135966
1,GWO,108,375.687596381404,86.7948148669478,288.892781514457,462.482411248352
1,GWO,109,373.117851875381,83.4103280098775,289.707523865503,456.528179885258
1,GWO,110,372.425955264828,81.6381305533052,290.787824711522,454.064085818133
1,GWO,111,373.16851409107,79.787479293034,293.381034798036,452.955993384104
1,GWO,112,371.016002828808,81.7595993936391,289.256403435169,452.775602222447
1,GWO,113,370.417235607004,82.2125385033054,288.204697103699,452.629774110309
1,GWO,114,370.317855934564,81.33848716017,288.979368774395,451.656343094734
1,GWO,115,368.716805336963,84.5588632518683,284.157942085095,453.275668588831
1,GWO,116,371.323675139449,85.4847250761085,285.838950063341,456.808400215558
1,GWO,117,372.539054380734,83.0587936508818,289.480260729852,455.597848031616
1,GWO,118,369.556918364097,84.6877269478775,284.869191416219,454.244645311974
1,GWO,119,370.380338081177,87.4171325163401,282.963205564837,457.797470597518
1,GWO,120,371.130155521538,88.7141049962329,282.416050525305,459.844260517771
1,GWO,121,369.710040984111,86.8094388015559,282.900602182555,456.519479785667
1,GWO,122,367.811206668065,86.7841012188133,281.027105449252,454.595307886878
1,GWO,123,367.230362190513,85.6897331146103,281.540629075903,452.920095305123
1,GWO,124,371.534159631029,85.38578825866,286.148371372369,456.919947889689
1,GWO,125,369.858792509052,88.0096069604595,281.849185548593,457.868399469512
1,GWO,126,370.421665753502,83.5118151263796,286.909850627123,453.933480879882
1,GWO,127,367.879162039022,82.1888549005633,285.690307138458,450.068016939585
1,GWO,128,367.453564767082,82.9571155626154,284.496449204467,450.410680329697
1,GWO,129,367.350855294205,84.4321831650411,282.918672129164,451.783038459246
1,GWO,130,364.735240165699,84.7999292308853,279.935310934814,449.535169396585
1,GWO,131,366.546980376837,82.0339042433907,284.513076133446,448.580884620227
1,GWO,132,366.435033217495,84.6854972258084,281.749535991686,451.120530443303
1,GWO,133,367.020193034735,81.6749353870621,285.345257647673,448.695128421797
1,GWO,134,366.031577818635,81.2887248452933,284.742852973341,447.320302663928
1,GWO,135,366.676702916238,82.5553331702387,284.121369746,449.232036086477
1,GWO,136,366.555057686229,81.7227726859997,284.832285000229,448.277830372229
1,GWO,137,367.233210876814,80.586809765568,286.646401111246,447.820020642382
1,GWO,138,366.37416290569,81.3346022438728,285.039560661818,447.708765149563
1,GWO,139,365.566764352901,81.310473117063,284.256291235838,446.877237469964
1,GWO,140,365.111257469282,82.4533267745193,282.657930694763,447.564584243801
1,GWO,141,365.814631709378,83.215429416401,282.599202292977,449.030061125779
1,GWO,142,366.506947775756,80.3573822430674,286.149565532689,446.864330018823
1,GWO,143,366.286978052149,80.7975454494341,285.489432602715,447.084523501583
1,GWO,144,365.498011663001,83.2734653134031,282.224546349598,448.771476976404
1,GWO,145,364.555311639817,81.0530459396598,283.502265700158,445.608357579477
1,GWO,146,364.584533881856,78.8261943027018,285.758339579154,443.410728184558
1,GWO,147,365.79587030109,84.0737238650827,281.722146436007,449.869594166172
1,GWO,148,364.016642642076,83.3476903706272,280.668952271449,447.364333012704
1,GWO,149,365.578093448318,80.4136749953634,285.164418452955,445.991768443682
1,GWO,150,366.080782779321,82.6662798275609,283.41450295176,448.747062606882
1,GWO,151,363.563262544292,82.1827158463568,281.380546697935,445.745978390649
1,GWO,152,362.647589833867,79.0616542310665,283.585935602801,441.709244064934
1,GWO,153,363.732849469642,80.6256013226706,283.107248146971,444.358450792313
1,GWO,154,361.803229170253,80.7070664012146,281.096162769039,442.510295571468
1,GWO,155,363.954037751084,79.2973251530892,284.656712597995,443.251362904174
1,GWO,156,360.273652194811,79.3224279114826,280.951224283328,439.596080106293
1,GWO,157,360.87731701884,79.1424012772982,281.734915741542,440.019718296139
1,GWO,158,360.250600449805,79.4089552833272,280.841645166478,439.659555733133
1,GWO,159,362.489125130583,81.2024270014791,281.286698129104,443.691552132062
1,GWO,160,361.012863009461,79.0770418977324,281.935821111728,440.089904907193
1,GWO,161,362.149044527098,81.4414405697745,280.707603957323,443.590485096872
1,GWO,162,361.714436870831,81.3133043479528,280.401132522878,443.027741218784
1,GWO,163,360.922873715442,78.9703575791522,281.95251613629,439.893231294595
1,GWO,164,360.093570153091,81.9743431196151,278.119227033476,442.067913272706
1,GWO,165,360.451921029588,81.4165566075809,279.035364422007,441.868477637169
1,GWO,166,359.79083646323,79.4183637752724,280.372472687957,439.209200238502
1,GWO,167,360.935029313811,80.2982976435751,280.636731670236,441.233326957386
1,GWO,168,359.592510305578,80.2866456496329,279.305864655945,439.879155955211
1,GWO,169,359.442367937541,79.6668103526855,279.775557584856,439.109178290227
1,GWO,170,358.318585899437,80.3694200417073,277.949165857729,438.688005941144
1,GWO,171,359.232920135354,78.4346434222449,280.798276713109,437.667563557599
1,GWO,172,358.275261239283,79.4611114142138,278.814149825069,437.736372653497
1,GWO,173,357.715170699029,79.4033774846372,278.311793214392,437.118548183666
1,GWO,174,358.689854213643,79.4308933887981,279.258960824844,438.120747602441
1,GWO,175,358.616889326077,80.795226638203,277.821662687874,439.41211596428
1,GWO,176,358.106802869631,81.7318631146945,276.374939754936,439.838665984325
1,GWO,177,359.256320280795,82.5289127952941,276.727407485501,441.78523307609
1,GWO,178,359.115700391768,81.4580131730251,277.657687218743,440.573713564793
1,GWO,179,357.865599622613,78.9603811180763,278.905218504537,436.825980740689
1,GWO,180,357.248710479997,80.0135905037668,277.23511997623,437.262300983763
1,GWO,181,356.38604625015,79.7776364260084,276.608409824141,436.163682676158
1,GWO,182,357.442536635207,82.7583696475083,274.684166987699,440.200906282715
1,GWO,183,356.829702215603,82.7055498961609,274.124152319442,439.535252111764
1,GWO,184,356.241583662903,82.8544202938008,273.387163369102,439.096003956704
1,GWO,185,356.039608042629,78.6673256723366,277.372282370292,434.706933714965
1,GWO,186,355.797535181558,80.9005767838756,274.896958397682,436.698111965433
1,GWO,187,354.827481705136,80.004151908585,274.823329796551,434.831633613721
1,GWO,188,354.663187249318,79.9188384393564,274.744348809962,434.582025688675
1,GWO,189,354.787491381779,80.5709402447493,274.21655113703,435.358431626528
1,GWO,190,355.323341873585,81.1914140066744,274.131927866911,436.514755880259
1,GWO,191,355.661367888165,82.5800521445955,273.081315743569,438.24142003276
1,GWO,192,354.651003213855,80.3864681707107,274.264535043145,435.037471384566
1,GWO,193,354.396266533279,80.9226324917492,273.47363404153,435.318899025028
1,GWO,194,354.558272436281,80.1223835835099,274.435888852771,434.68065601979
1,GWO,195,354.445734903249,82.6977969590936,271.747937944156,437.143531862343
1,GWO,196,353.672923312635,80.1667499402458,273.506173372389,433.83967325288
1,GWO,197,354.387055889951,81.3243786460911,273.06267724386,435.711434536042
1,GWO,198,353.856001850579,82.4645953848113,271.391406465768,436.320597235391
1,GWO,199,354.199847282638,82.5402356985778,271.65961158406,436.740082981216
1,GWO,200,353.15740099818,82.11382564622,271.04357535196,435.2712266444
1,GWO,201,352.143232147187,80.4747880413554,271.668444105832,432.618020188542
1,GWO,202,353.206261997821,80.0038406892673,273.202421308554,433.210102687088
1,GWO,203,352.225218700847,81.9124322090027,270.312786491844,434.13765090985
1,GWO,204,352.386798211534,81.3400513372909,271.046746874243,433.726849548825
1,GWO,205,352.836870096611,80.5616163042759,272.275253792336,433.398486400887
1,GWO,206,351.43118658973,79.2247047087593,272.206481880971,430.65589129849
1,GWO,207,352.35662920827,79.5295254495073,272.827103758762,431.886154657777
1,GWO,208,352.976962292198,80.3534024192158,272.623559872982,433.330364711414
1,GWO,209,352.482457920546,80.5836082073736,271.898849713173,433.06606612792
1,GWO,210,351.209647978701,78.2772247399338,272.932423238767,429.486872718634
1,GWO,211,353.001253000232,80.9718198159995,272.029433184233,433.973072816232
1,GWO,212,351.581519256496,79.7968026321971,271.784716624299,431.378321888693
1,GWO,213,351.576884608351,79.5930201480526,271.983864460299,431.169904756404
1,GWO,214,351.318779201894,80.7952454079446,270.523533793949,432.114024609838
1,GWO,215,351.696058106288,79.5710248904879,272.1250332158,431.267082996776
1,GWO,216,350.763228777435,80.1283081927173,270.634920584718,430.891536970152
1,GWO,217,350.833705676604,79.1241708476099,271.709534828994,429.957876524214
1,GWO,218,350.92510664475,79.7709321703969,271.154174474353,430.696038815147
1,GWO,219,350.917832726635,79.4156105592721,271.502222167363,430.333443285907
1,GWO,220,349.979242456337,79.1130409204022,270.866201535935,429.092283376739
1,GWO,221,349.748547348152,79.0655331551393,270.683014193013,428.814080503291
1,GWO,222,350.284912269255,80.3499427704685,269.934969498787,430.634855039724
1,GWO,223,349.560255542224,79.4379945744479,270.122260967776,428.998250116671
1,GWO,224,348.989120687886,80.4743014577802,268.514819230106,429.463422145666
1,GWO,225,349.06194705961,80.8828178366492,268.179129222961,429.944764896259
1,GWO,226,348.990849679734,81.4574944586087,267.533355221126,430.448344138343
1,GWO,227,348.867690008824,81.7544366058238,267.113253403,430.622126614648
1,GWO,228,348.958920092381,80.2910244877698,268.667895604612,429.249944580151
1,GWO,229,348.729256623421,79.8364591161633,268.892797507258,428.565715739584
1,GWO,230,349.224146850006,80.2495123846165,268.97463446539,429.473659234623
1,GWO,231,348.64138910629,80.1124462284771,268.528942877813,428.753835334767
1,GWO,232,348.408254434145,80.6767623956462,267.731492038499,429.085016829791
1,GWO,233,348.096376570014,80.4802439658561,267.616132604158,428.57662053587
1,GWO,234,347.545718747325,81.0776714909022,266.468047256423,428.623390238227
1,GWO,235,347.79166907163,79.5129222714569,268.278746800173,427.304591343087
1,GWO,236,347.551486075758,79.2730239469269,268.278462128831,426.824510022685
1,GWO,237,347.89015797692,80.4492390476838,267.440918929236,428.339397024604
1,GWO,238,347.284513413075,79.8460601019945,267.43845331108,427.130573515069
1,GWO,239,347.581170803184,79.7353273360046,267.845843467179,427.316498139189
1,GWO,240,347.339567116611,80.4092242192,266.930342897411,427.748791335811
1,GWO,241,347.246075643648,79.7661711391888,267.479904504459,427.012246782837
1,GWO,242,346.86771073074,79.8710356483588,266.996675082381,426.738746379099
1,GWO,243,346.771521569262,80.8972978091145,265.874223760147,427.668819378376
1,GWO,244,346.833552283237,80.5945989837454,266.238953299492,427.428151266983
1,GWO,245,346.949857880785,79.8743398643349,267.07551801645,426.82419774512
1,GWO,246,346.456241966982,80.1287958511838,266.327446115799,426.585037818166
1,GWO,247,346.786496705132,80.6034932752815,266.18300342985,427.389989980413
1,GWO,248,346.377503342691,79.9851619586877,266.392341384003,426.362665301379
1,GWO,249,346.453343543004,80.1534946481976,266.299848894806,426.606838191201
1,GWO,250,345.76609585117,80.2281290365843,265.537966814585,425.994224887754
1,GWO,251,346.10706214522,79.9551555174475,266.151906627773,426.062217662668
1,GWO,252,345.830773162033,80.0945598189995,265.736213343034,425.925332981033
1,GWO,253,345.585254862487,79.3461979209031,266.239056941584,424.93145278339
1,GWO,254,345.325411964613,79.3692097012727,265.95620226334,424.694621665885
1,GWO,255,345.365235627301,79.4854343795679,265.879801247733,424.850670006869
1,GWO,256,345.100981474135,79.216305385605,265.88467608853,424.31728685974
1,GWO,257,345.069386351861,79.3239817770503,265.74540457481,424.393368128911
1,GWO,258,345.14687338331,79.0973268164672,266.049546566843,424.244200199777
1,GWO,259,344.491748927477,79.3382078448834,265.153541082594,423.82995677236
1,GWO,260,344.449809807631,79.3220524893732,265.127757318258,423.771862297004
1,GWO,261,344.382166177115,78.8959193790377,265.486246798078,423.278085556153
1,GWO,262,344.059165830026,79.1562371257129,264.902928704313,423.215402955739
1,GWO,263,344.005325560298,79.5300441655411,264.475281394757,423.53536972584
1,GWO,264,343.758882581765,79.4953101627325,264.263572419032,423.254192744497
1,GWO,265,343.874411811909,79.5212304996681,264.353181312241,423.395642311577
1,GWO,266,343.562112097359,78.960536808719,264.60157528864,422.522648906078
1,GWO,267,343.543096110475,79.1561599535588,264.386936156916,422.699256064034
1,GWO,268,343.529756884813,79.4297154065488,264.100041478264,422.959472291362
1,GWO,269,343.285611822607,79.4077165977573,263.87789522485,422.693328420364
1,GWO,270,343.133423193642,79.5817039689774,263.551719224665,422.71512716262
1,GWO,271,343.232266597415,79.2947213885903,263.937545208825,422.526987986005
1,GWO,272,342.889324249213,79.5445851317051,263.344739117508,422.433909380918
1,GWO,273,343.161068019242,79.6596631117974,263.501404907445,422.82073113104
1,GWO,274,342.795730651921,79.2167814145278,263.578949237393,422.012512066449
1,GWO,275,342.580151443063,79.0620225579794,263.518128885084,421.642174001043
1,GWO,276,342.577837278051,79.1140784442046,263.463758833846,421.691915722256
1,GWO,277,342.566468398253,78.9059003003705,263.660568097883,421.472368698624
1,GWO,278,342.201106796589,79.0218576645458,263.179249132043,421.222964461135
1,GWO,279,342.168093849235,79.1902109601999,262.977882889035,421.358304809435
1,GWO,280,342.124260825501,78.8296857578652,263.294575067635,420.953946583366
1,GWO,281,342.032501386917,78.8523950472938,263.180106339623,420.88489643421
1,GWO,282,342.00140945932,78.949264475743,263.052144983577,420.950673935063
1,GWO,283,341.705888246465,78.8185984285962,262.887289817868,420.524486675061
1,GWO,284,341.697094210199,78.7740899843918,262.923004225807,420.471184194591
1,GWO,285,341.571276804947,78.8759777534657,262.695299051481,420.447254558413
1,GWO,286,341.427390734667,78.7921009998558,262.635289734811,420.219491734523
1,GWO,287,341.303313312953,78.799414017447,262.503899295506,420.1027273304
1,GWO,288,341.143463633325,78.8430673499541,262.300396283371,419.986530983279
1,GWO,289,341.114254863305,78.7742463314688,262.340008531837,419.888501194774
1,GWO,290,341.002099577885,78.7459334376345,262.256166140251,419.74803301552
1,GWO,291,340.928887004124,78.7687772148684,262.160109789255,419.697664218992
1,GWO,292,340.791791495686,78.6430424935461,262.148749002139,419.434833989232
1,GWO,293,340.74742914274,78.9045835192949,261.842845623445,419.652012662035
1,GWO,294,340.634010924986,78.7906041925169,261.84340673247,419.424615117503
1,GWO,295,340.556060688313,78.7021278349359,261.853932853378,419.258188523249
1,GWO,296,340.506281504573,78.7446422959976,261.761639208576,419.250923800571
1,GWO,297,340.448313962279,78.7108198350248,261.737494127254,419.159133797304
1,GWO,298,340.386548652178,78.6817213320908,261.704827320087,419.068269984268
1,GWO,299,340.355456690584,78.6785812408824,261.676875449701,419.034037931466
1,GWO,300,345.369451984251,81.8961556697385,263.473296314512,427.265607653989
1,AE,1,2849.77919227241,1153.80511103586,1695.97408123656,4003.58430330827
1,AE,2,2644.12822322215,957.306688746522,1686.82153447562,3601.43491196867
1,AE,3,2579.33693334011,935.698299258284,1643.63863408183,3515.03523259839
1,AE,4,2520.73134814526,956.333624054754,1564.3977240905,3477.06497220001
1,AE,5,2406.71629131723,912.392729212469,1494.32356210476,3319.1090205297
1,AE,6,2279.59387303101,801.711675932233,1477.88219709878,3081.30554896325
1,AE,7,2124.38413442109,772.873820238902,1351.51031418219,2897.25795465999
1,AE,8,1974.63386754927,603.973006316504,1370.66086123277,2578.60687386578
1,AE,9,1923.41403256235,612.786505759782,1310.62752680256,2536.20053832213
1,AE,10,1822.85575346673,632.550815678645,1190.30493778808,2455.40656914537
1,AE,11,1790.75707781712,616.022105554891,1174.73497226223,2406.77918337201
1,AE,12,1768.84583112765,605.219722552069,1163.62610857558,2374.06555367972
1,AE,13,1721.4609396096,629.364307423166,1092.09663218643,2350.82524703277
1,AE,14,1700.30961174679,631.562424096478,1068.74718765031,2331.87203584327
1,AE,15,1690.40580806869,634.276286304139,1056.12952176455,2324.68209437283
1,AE,16,1660.11784897156,622.162556721596,1037.95529224997,2282.28040569316
1,AE,17,1644.56345611292,622.689236164449,1021.87421994847,2267.25269227737
1,AE,18,1644.56345611292,622.689236164449,1021.87421994847,2267.25269227737
1,AE,19,1627.10098695967,610.323192758602,1016.77779420106,2237.42417971827
1,AE,20,1583.91416913908,575.247781014474,1008.6663881246,2159.16195015355
1,AE,21,1568.13565949678,568.619474944452,999.516184552331,2136.75513444124
1,AE,22,1563.25329831291,569.234547774388,994.018750538519,2132.4878460873
1,AE,23,1554.56329464291,572.94408818223,981.619206460679,2127.50738282514
1,AE,24,1541.14711915621,561.300279215794,979.84683994042,2102.44739837201
1,AE,25,1518.04703801752,557.695702205944,960.351335811577,2075.74274022346
1,AE,26,1511.22887691072,559.135335992457,952.093540918265,2070.36421290318
1,AE,27,1511.22887691072,559.135335992457,952.093540918265,2070.36421290318
1,AE,28,1490.55645723634,564.65206563444,925.904391601904,2055.20852287078
1,AE,29,1490.48382697013,564.608642370936,925.875184599192,2055.09246934106
1,AE,30,1455.70398001279,555.470424405377,900.233555607416,2011.17440441817
1,AE,31,1454.40920401929,557.96953155507,896.439672464217,2012.37873557436
1,AE,32,1449.92407829737,559.858805361372,890.065272935996,2009.78288365874
1,AE,33,1411.26700859004,518.448043855847,892.818964734192,1929.71505244589
1,AE,34,1411.26700859004,518.448043855847,892.818964734192,1929.71505244589
1,AE,35,1410.54088109564,518.700824377776,891.840056717866,1929.24170547342
1,AE,36,1400.99974063465,514.730818915332,886.268921719314,1915.73055954998
1,AE,37,1360.18635350609,515.930424132691,844.255929373395,1876.11677763878
1,AE,38,1348.9728831614,513.206388430204,835.766494731198,1862.17927159161
1,AE,39,1342.33522329337,517.591536910504,824.743686382867,1859.92676020387
1,AE,40,1330.25049116296,514.877507797565,815.372983365394,1845.12799896052
1,AE,41,1324.59644466217,520.723886896853,803.872557765313,1845.32033155902
1,AE,42,1323.44313356101,521.088805086113,802.354328474893,1844.53193864712
1,AE,43,1318.95024954777,521.418220670434,797.532028877331,1840.3684702182
1,AE,44,1310.48748048194,526.551134454767,783.936346027169,1837.0386149367
1,AE,45,1310.44617253292,526.568927831015,783.877244701904,1837.01510036393
1,AE,46,1310.44617253292,526.568927831015,783.877244701904,1837.01510036393
1,AE,47,1293.44453214042,520.586295185982,772.858236954433,1814.0308273264
1,AE,48,1293.44453214042,520.586295185982,772.858236954433,1814.0308273264
1,AE,49,1293.41894397007,520.611781968634,772.807162001438,1814.03072593871
1,AE,50,1286.19389560384,514.708686435203,771.485209168638,1800.90258203904
1,AE,51,1284.09542303212,514.898432566012,769.196990466109,1798.99385559813
1,AE,52,1273.02935319491,522.971859837091,750.057493357822,1796.001213032
1,AE,53,1267.91038933156,528.736888897981,739.17350043358,1796.64727822954
1,AE,54,1267.34056268192,527.836983713941,739.503578967983,1795.17754639587
1,AE,55,1257.54011750115,531.399283149594,726.140834351557,1788.93940065074
1,AE,56,1249.62955533756,511.598176702468,738.031378635092,1761.22773204003
1,AE,57,1246.5611674722,512.446962759528,734.114204712671,1759.00813023173
1,AE,58,1246.5611674722,512.446962759528,734.114204712671,1759.00813023173
1,AE,59,1241.20637992951,515.75305970306,725.453320226446,1756.95943963257
1,AE,60,1239.95730674091,515.625076344768,724.332230396141,1755.58238308568
1,AE,61,1239.86934069697,515.775890453201,724.09345024377,1755.64523115017
1,AE,62,1236.35134169843,515.761860247093,720.589481451333,1752.11320194552
1,AE,63,1229.12171451596,518.098445465761,711.023269050203,1747.22015998172
1,AE,64,1229.12171451596,518.098445465761,711.023269050203,1747.22015998172
1,AE,65,1229.12171451596,518.098445465761,711.023269050203,1747.22015998172
1,AE,66,1225.53840585839,513.841519295778,711.696886562609,1739.37992515416
1,AE,67,1225.3836851265,513.854036853138,711.529648273366,1739.23772197964
1,AE,68,1224.68675058787,513.27944178063,711.40730880724,1737.9661923685
1,AE,69,1219.94254306503,516.402495914604,703.540047150429,1736.34503897964
1,AE,70,1208.02153798784,499.816801440402,708.204736547436,1707.83833942824
1,AE,71,1207.83515734934,499.83802452002,707.997132829321,1707.67318186936
1,AE,72,1202.72753205515,496.376925535745,706.350606519401,1699.10445759089
1,AE,73,1202.71653715637,496.393989366603,706.322547789771,1699.11052652298
1,AE,74,1185.81018798053,493.293552185582,692.516635794946,1679.10374016611
1,AE,75,1185.04825351803,493.429218230636,691.619035287396,1678.47747174867
1,AE,76,1184.81034174316,493.448362909519,691.361978833642,1678.25870465268
1,AE,77,1180.44003865292,497.231715541617,683.208323111306,1677.67175419454
1,AE,78,1158.2973333799,511.171412692643,647.125920687259,1669.46874607255
1,AE,79,1157.71585044873,511.25181932792,646.464031120812,1668.96766977665
1,AE,80,1156.58673896084,510.899738085807,645.687000875028,1667.48647704664
1,AE,81,1146.86900699461,519.549237277288,627.319769717317,1666.41824427189
1,AE,82,1146.20661197529,519.58138103423,626.625230941058,1665.78799300952
1,AE,83,1141.86915322445,519.585091365577,622.284061858871,1661.45424459003
1,AE,84,1137.67798252198,516.034974171073,621.643008350905,1653.71295669305
1,AE,85,1136.71458907876,517.197231312113,619.517357766644,1653.91182039087
1,AE,86,1132.28735434082,510.497658182452,621.789696158365,1642.78501252327
1,AE,87,1132.32331100833,510.464777574344,621.85853343399,1642.78808858268
1,AE,88,1130.86207988377,511.565261339921,619.296818543846,1642.42734122369
1,AE,89,1130.86207988377,511.565261339921,619.296818543846,1642.42734122369
1,AE,90,1130.43188114502,511.397587826307,619.034293318708,1641.82946897132
1,AE,91,1129.24380864535,512.421829680215,616.821978965136,1641.66563832557
1,AE,92,1124.92256052196,504.773700633157,620.148859888805,1629.69626115512
1,AE,93,1106.33597810595,481.569868528355,624.766109577594,1587.9058466343
1,AE,94,1105.15489316563,481.915141547951,623.239751617674,1587.07003471358
1,AE,95,1105.15489316563,481.915141547951,623.239751617674,1587.07003471358
1,AE,96,1103.55301952578,481.067050105137,622.485969420643,1584.62006963092
1,AE,97,1096.90818519618,488.369869935416,608.538315260761,1585.27805513159
1,AE,98,1097.21908664537,488.989870164167,608.229216481205,1586.20895680954
1,AE,99,1097.09494572806,489.171840780945,607.923104947114,1586.266786509
1,AE,100,1096.65644822509,489.240921930025,607.415526295068,1585.89737015512
1,AE,101,1085.72084446708,472.409365111446,613.311479355635,1558.13020957853
1,AE,102,1085.20154240753,473.095703847231,612.105838560296,1558.29724625476
1,AE,103,1085.00185966187,473.337627227728,611.664232434143,1558.3394868896
1,AE,104,1084.85026270698,473.516806650382,611.333456056601,1558.36706935736
1,AE,105,1084.46725866125,473.514518908248,610.952739753001,1557.9817775695
1,AE,106,1083.85778102379,474.33635123021,609.52142979358,1558.194132254
1,AE,107,1083.33330195107,474.369271096205,608.964030854866,1557.70257304728
1,AE,108,1071.9746988358,468.66573949503,603.308959340767,1540.64043833083
1,AE,109,1070.83911955173,469.054445994219,601.784673557513,1539.89356554595
1,AE,110,1070.7642240996,469.16219900813,601.602025091468,1539.92642310773
1,AE,111,1068.8317864486,469.563639100003,599.268147348594,1538.3954255486
1,AE,112,1067.74202007244,470.322094528097,597.419925544343,1538.06411460054
1,AE,113,1063.33457629356,467.932917044231,595.401659249332,1531.26749333779
1,AE,114,1061.31822749068,467.181186805587,594.137040685093,1528.49941429627
1,AE,115,1051.8258950435,457.739211919907,594.086683123594,1509.56510696341
1,AE,116,1051.34009295627,457.613273860003,593.726819096272,1508.95336681628
1,AE,117,1051.34009295627,457.613273860003,593.726819096272,1508.95336681628
1,AE,118,1045.93389395762,452.805577327408,593.128316630212,1498.73947128503
1,AE,119,1045.31374364184,453.452724518852,591.861019122987,1498.76646816069
1,AE,120,1044.83201503294,454.106963935482,590.725051097458,1498.93897896842
1,AE,121,1044.80518289164,454.10705031052,590.698132581122,1498.91223320216
1,AE,122,1041.19587115188,455.542576266567,585.653294885309,1496.73844741844
1,AE,123,1041.19544278997,455.542574514676,585.652868275295,1496.73801730465
1,AE,124,1038.96522871336,454.897050456596,584.06817825676,1493.86227916995
1,AE,125,1038.11408449711,455.427457516338,582.686626980772,1493.54154201345
1,AE,126,1035.76793549346,453.618607416737,582.149328076718,1489.38654291019
1,AE,127,1031.35474685997,451.100235499849,580.254511360123,1482.45498235982
1,AE,128,1024.25644911777,441.782740211573,582.473708906201,1466.03918932935
1,AE,129,1024.25644911777,441.782740211573,582.473708906201,1466.03918932935
1,AE,130,1013.07905602087,431.11210200984,581.966954011034,1444.19115803071
1,AE,131,1011.728191782,430.685066372116,581.043125409888,1442.41325815412
1,AE,132,1010.61912387354,431.647144127543,578.971979745993,1442.26626800108
1,AE,133,1010.3704766661,431.981453306148,578.389023359955,1442.35192997225
1,AE,134,998.687394597976,432.707163796545,565.980230801431,1431.39455839452
1,AE,135,998.470143808191,432.999730929373,565.470412878818,1431.46987473756
1,AE,136,998.40497027401,433.098152383128,565.306817890881,1431.50312265714
1,AE,137,992.502357651749,429.39446875277,563.107888898979,1421.89682640452
1,AE,138,991.450402188619,429.486610872683,561.963791315936,1420.9370130613
1,AE,139,991.063579410359,429.542474456529,561.52110495383,1420.60605386689
1,AE,140,990.998254813053,429.630448390746,561.367806422307,1420.6287032038
1,AE,141,990.460966966057,429.8069401839,560.654026782156,1420.26790714996
1,AE,142,990.417390774901,429.865116313695,560.552274461207,1420.2825070886
1,AE,143,989.463576306698,429.583438190743,559.880138115956,1419.04701449744
1,AE,144,983.590189249547,432.755408188618,550.834781060929,1416.34559743817
1,AE,145,983.485190630532,432.765214245252,550.71997638528,1416.25040487578
1,AE,146,981.375691414694,431.976198059656,549.399493355038,1413.35188947435
1,AE,147,980.739856636911,432.76659769286,547.973258944051,1413.50645432977
1,AE,148,978.154623248606,433.547963969704,544.606659278902,1411.70258721831
1,AE,149,978.154623248606,433.547963969704,544.606659278902,1411.70258721831
1,AE,150,972.798338161558,431.058249410504,541.740088751054,1403.85658757206
1,AE,151,972.071467128978,430.866681637206,541.204785491771,1402.93814876618
1,AE,152,967.608415778377,430.353468160757,537.254947617621,1397.96188393913
1,AE,153,967.748958318488,430.780295152002,536.968663166486,1398.52925347049
1,AE,154,962.280820961059,431.884863616142,530.395957344916,1394.1656845772
1,AE,155,956.372097522279,431.540746219915,524.831351302364,1387.91284374219
1,AE,156,956.303082174814,431.523853924445,524.779228250369,1387.82693609926
1,AE,157,956.303082174814,431.523853924445,524.779228250369,1387.82693609926
1,AE,158,955.970649157251,431.339412358814,524.631236798437,1387.31006151606
1,AE,159,955.970649157251,431.339412358814,524.631236798437,1387.31006151606
1,AE,160,955.748979029588,431.60089103791,524.148087991679,1387.3498700675
1,AE,161,952.840606153566,430.79034119714,522.050264956426,1383.63094735071
1,AE,162,952.528705258139,430.717092618991,521.811612639148,1383.24579787713
1,AE,163,951.702810027418,431.401703587356,520.301106440062,1383.10451361477
1,AE,164,951.113008640793,431.90683350493,519.206175135862,1383.01984214572
1,AE,165,949.863551741669,433.002752182201,516.860799559468,1382.86630392387
1,AE,166,949.406356901333,433.235836380187,516.170520521146,1382.64219328152
1,AE,167,949.04138165841,433.072063944324,515.969317714086,1382.11344560273
1,AE,168,948.225639704689,433.479194189034,514.746445515655,1381.70483389372
1,AE,169,947.528255068269,434.300925915729,513.227329152541,1381.829180984
1,AE,170,947.514556187513,434.31920998956,513.195346197953,1381.83376617707
1,AE,171,947.475063300753,434.344600080897,513.130463219856,1381.81966338165
1,AE,172,945.511578310116,434.410619135737,511.100959174379,1379.92219744585
1,AE,173,944.739380332666,434.374905460427,510.364474872239,1379.11428579309
1,AE,174,944.739380332666,434.374905460427,510.364474872239,1379.11428579309
1,AE,175,944.654643609521,434.443303030356,510.211340579165,1379.09794663988
1,AE,176,946.409483617957,435.534851065942,510.874632552015,1381.9443346839
1,AE,177,946.409483617957,435.534851065942,510.874632552015,1381.9443346839
1,AE,178,932.935141531532,398.533287461331,534.401854070201,1331.46842899286
1,AE,179,931.134772267506,398.79338205861,532.341390208896,1329.92815432612
1,AE,180,930.521537312827,398.657528985773,531.864008327054,1329.1790662986
1,AE,181,928.659120042482,399.914189471408,528.744930571074,1328.57330951389
1,AE,182,928.088962269416,400.375774178938,527.713188090479,1328.46473644835
1,AE,183,926.985878867262,400.319946975424,526.665931891839,1327.30582584269
1,AE,184,922.20574401999,397.687592507998,524.518151511993,1319.89333652799
1,AE,185,922.063253737863,397.859754515952,524.203499221911,1319.92300825381
1,AE,186,921.873886883073,398.089010825173,523.7848760579,1319.96289770825
1,AE,187,915.209934395982,386.034303917365,529.175630478617,1301.24423831335
1,AE,188,915.014721560065,386.317625569003,528.697095991063,1301.33234712907
1,AE,189,913.609014535058,384.501418603334,529.107595931725,1298.11043313839
1,AE,190,910.103069049713,377.332060280524,532.771008769189,1287.43512933024
1,AE,191,898.237866783704,358.134259457651,540.103607326053,1256.37212624135
1,AE,192,893.638712312553,354.391767551658,539.246944760895,1248.03047986421
1,AE,193,893.352320321949,354.723184136067,538.629136185882,1248.07550445802
1,AE,194,893.205768511115,354.878423343796,538.32734516732,1248.08419185491
1,AE,195,892.183646170208,356.15067625578,536.032969914428,1248.33432242599
1,AE,196,892.023942902449,356.26540272006,535.75854018239,1248.28934562251
1,AE,197,886.068968879385,357.390154737779,528.678814141607,1243.45912361716
1,AE,198,885.593370422226,357.957281856424,527.636088565803,1243.55065227865
1,AE,199,883.93365467791,358.068250506645,525.865404171265,1242.00190518456
1,AE,200,878.286361831426,361.019933879982,517.266427951443,1239.30629571141
1,AE,201,878.081374034775,361.285712971322,516.795661063453,1239.3670870061
1,AE,202,878.03458838345,361.354692345848,516.679896037602,1239.3892807293
1,AE,203,877.693777658964,361.778336779932,515.915440879032,1239.4721144389
1,AE,204,877.476740934899,361.59959549669,515.87714543821,1239.07633643159
1,AE,205,877.449598007237,361.579933723049,515.869664284187,1239.02953173029
1,AE,206,876.993482465486,361.60311876279,515.390363702696,1238.59660122828
1,AE,207,876.948628638729,361.665488646358,515.283139992371,1238.61411728509
1,AE,208,875.839901866588,362.206346074874,513.633555791714,1238.04624794146
1,AE,209,874.690571658996,361.516828726996,513.173742931999,1236.20740038599
1,AE,210,874.021630982632,362.153481285664,511.868149696969,1236.1751122683
1,AE,211,873.878214347009,362.074907288114,511.803307058894,1235.95312163512
1,AE,212,873.535000958611,362.538751059236,510.996249899376,1236.07375201785
1,AE,213,873.330052326946,362.402512238108,510.927540088838,1235.73256456505
1,AE,214,873.330052326946,362.402512238108,510.927540088838,1235.73256456505
1,AE,215,873.240000213086,362.527708456227,510.712291756858,1235.76770866931
1,AE,216,873.10022628634,362.67051333432,510.42971295202,1235.77073962066
1,AE,217,872.709836312265,363.042900991999,509.666935320266,1235.75273730426
1,AE,218,872.682619523048,363.07595792959,509.606661593457,1235.75857745264
1,AE,219,872.615058802197,363.118697574168,509.496361228029,1235.73375637637
1,AE,220,872.269519635932,363.084453112545,509.185066523386,1235.35397274848
1,AE,221,867.581089000613,358.42971435161,509.151374649003,1226.01080335222
1,AE,222,866.748117644118,358.004853965465,508.743263678652,1224.75297160958
1,AE,223,866.604655049505,358.181429393122,508.423225656383,1224.78608444263
1,AE,224,861.814410692365,363.696029633452,498.118381058912,1225.51044032582
1,AE,225,861.398182502231,363.666441989702,497.731740512529,1225.06462449193
1,AE,226,860.375631997138,362.193522152703,498.182109844436,1222.56915414984
1,AE,227,860.067816042479,362.576102248259,497.49171379422,1222.64391829074
1,AE,228,860.047043537269,362.602154180335,497.444889356934,1222.6491977176
1,AE,229,859.840108457244,362.482301302998,497.357807154246,1222.32240976024
1,AE,230,859.741018136637,362.607008806395,497.134009330242,1222.34802694303
1,AE,231,859.581966651345,362.757287484449,496.824679166897,1222.33925413579
1,AE,232,859.330823121908,363.080012356886,496.250810765022,1222.41083547879
1,AE,233,858.963179427991,363.556970361034,495.406209066957,1222.52014978902
1,AE,234,858.534142448772,363.88164479544,494.652497653332,1222.41578724421
1,AE,235,858.230789473258,363.75585703099,494.474932442268,1221.98664650425
1,AE,236,858.158781262025,363.823044175362,494.335737086663,1221.98182543739
1,AE,237,858.09730896885,363.888531550816,494.208777418034,1221.98584051967
1,AE,238,857.871703961748,364.177811422737,493.69389253901,1222.04951538448
1,AE,239,857.871703961748,364.177811422737,493.69389253901,1222.04951538448
1,AE,240,857.850043531943,364.208428898121,493.641614633822,1222.05847243006
1,AE,241,857.573372021957,364.23912268289,493.334249339067,1221.81249470485
1,AE,242,847.612804055345,344.384289495836,503.228514559509,1191.99709355118
1,AE,243,847.612804055345,344.384289495836,503.228514559509,1191.99709355118
1,AE,244,847.562726506384,344.450674434705,503.112052071679,1192.01340094109
1,AE,245,846.770707824576,344.351289033644,502.419418790932,1191.12199685822
1,AE,246,846.105710706528,344.925238197337,501.180472509191,1191.03094890387
1,AE,247,846.060443170818,344.989039527832,501.071403642986,1191.04948269865
1,AE,248,845.972454839701,345.109103784181,500.86335105552,1191.08155862388
1,AE,249,845.778777763991,345.310002530405,500.468775233586,1191.0887802944
1,AE,250,845.705864784614,345.35196474101,500.353900043604,1191.05782952562
1,AE,251,845.269518114678,345.80849619754,499.461021917137,1191.07801431222
1,AE,252,844.946481484535,345.607205898797,499.339275585738,1190.55368738333
1,AE,253,844.004568162876,346.534826251419,497.469741911457,1190.5393944143
1,AE,254,844.004568162876,346.534826251419,497.469741911457,1190.5393944143
1,AE,255,843.901093362068,346.585143633343,497.315949728725,1190.48623699541
1,AE,256,843.369790259553,346.606589219061,496.763201040491,1189.97637947861
1,AE,257,843.192160032809,346.789010007679,496.40315002513,1189.98117004049
1,AE,258,842.755865615434,347.375437560694,495.38042805474,1190.13130317613
1,AE,259,842.727044661609,347.352715707112,495.374328954497,1190.07976036872
1,AE,260,842.555539829473,347.222658610437,495.332881219036,1189.77819843991
1,AE,261,842.403717171871,347.368013957321,495.03570321455,1189.77173112919
1,AE,262,842.363242962175,347.425334385949,494.937908576226,1189.78857734812
1,AE,263,842.093913409365,347.666570386682,494.427343022683,1189.76048379605
1,AE,264,842.063964242621,347.709936038993,494.354028203628,1189.77390028161
1,AE,265,839.492017084994,346.160547043395,493.331470041599,1185.65256412839
1,AE,266,838.854975055792,346.127457260206,492.727517795585,1184.982432316
1,AE,267,838.514735422431,346.041825323575,492.472910098856,1184.55656074601
1,AE,268,838.427901193694,346.084804281886,492.343096911809,1184.51270547558
1,AE,269,834.354080129645,338.773782745876,495.58029738377,1173.12786287552
1,AE,270,834.327816896,338.812362556243,495.515454339757,1173.14017945224
1,AE,271,833.889386159508,339.194343854678,494.69504230483,1173.08373001419
1,AE,272,833.889386159508,339.194343854678,494.69504230483,1173.08373001419
1,AE,273,833.312961098238,339.838986921978,493.47397417626,1173.15194802022
1,AE,274,833.312961098238,339.838986921978,493.47397417626,1173.15194802022
1,AE,275,833.03067547904,339.980236838877,493.050438640163,1173.01091231792
1,AE,276,831.706685060027,341.088184258341,490.618500801686,1172.79486931837
1,AE,277,831.009037226664,341.192544015407,489.816493211257,1172.20158124207
1,AE,278,821.288580132172,327.980204593217,493.308375538955,1149.26878472539
1,AE,279,820.86683746726,327.731563524331,493.135273942928,1148.59840099159
1,AE,280,820.86683746726,327.731563524331,493.135273942928,1148.59840099159
1,AE,281,820.017449958691,327.43278242211,492.584667536581,1147.4502323808
1,AE,282,819.832448301425,327.562229589274,492.270218712151,1147.3946778907
1,AE,283,819.832448301425,327.562229589274,492.270218712151,1147.3946778907
1,AE,284,819.813235386967,327.588660999303,492.224574387664,1147.40189638627
1,AE,285,819.010389573541,328.417798761521,490.59259081202,1147.42818833506
1,AE,286,813.519353837627,328.023055632425,485.496298205201,1141.54240947005
1,AE,287,813.463464132507,328.019144707613,485.444319424894,1141.48260884012
1,AE,288,813.405105028047,328.083439735305,485.321665292742,1141.48854476335
1,AE,289,813.312605398238,328.215524474688,485.097080923549,1141.52812987293
1,AE,290,812.773618627194,327.705095946317,485.068522680876,1140.47871457351
1,AE,291,812.758346797744,327.712410054176,485.045936743569,1140.47075685192
1,AE,292,812.713769443625,327.777260491999,484.936508951627,1140.49102993562
1,AE,293,812.520109335591,327.626142771854,484.893966563736,1140.14625210744
1,AE,294,812.333728868917,327.499214738202,484.834514130715,1139.83294360712
1,AE,295,812.171343957822,327.63542427158,484.535919686242,1139.8067682294
1,AE,296,811.95020139249,327.741156958107,484.209044434384,1139.6913583506
1,AE,297,811.695344487481,327.759729150458,483.935615337023,1139.45507363794
1,AE,298,811.541627274519,327.641823495863,483.899803778655,1139.18345077038
1,AE,299,811.312535895665,327.715561621109,483.596974274556,1139.02809751677
1,AE,300,810.325824286047,328.282889753162,482.042934532884,1138.60871403921
1,PSO,1,2154.94500322189,1056.87441965748,1098.07058356441,3211.81942287937
1,PSO,2,1650.08378108117,831.020579728689,819.063201352479,2481.10436080986
1,PSO,3,1311.14290815553,628.892023270948,682.250884884585,1940.03493142648
1,PSO,4,1133.40445732016,545.841663761392,587.562793558768,1679.24612108155
1,PSO,5,982.136534353888,483.758927937888,498.377606416,1465.89546229178
1,PSO,6,901.471990039853,402.81890891655,498.653081123303,1304.2908989564
1,PSO,7,883.475492596614,414.683601587942,468.791891008672,1298.15909418456
1,PSO,8,811.044075896221,391.823352485274,419.220723410947,1202.86742838149
1,PSO,9,786.647296995701,397.331126508014,389.316170487688,1183.97842350372
1,PSO,10,754.563817694105,382.405002372603,372.158815321501,1136.96882006671
1,PSO,11,716.01190878186,368.088312917569,347.923595864291,1084.10022169943
1,PSO,12,697.242708569338,357.788109118106,339.454599451232,1055.03081768744
1,PSO,13,680.478934684417,358.99113603265,321.487798651767,1039.47007071707
1,PSO,14,669.270191488809,361.847302490071,307.422888998738,1031.11749397888
1,PSO,15,663.975911937753,362.525997360113,301.44991457764,1026.50190929787
1,PSO,16,657.578963536932,363.062239204983,294.516724331949,1020.64120274192
1,PSO,17,654.01942314504,365.372768952949,288.646654192092,1019.39219209799
1,PSO,18,647.138321025366,365.871188414446,281.26713261092,1013.00950943981
1,PSO,19,635.113225243181,361.626806817527,273.486418425655,996.740032060708
1,PSO,20,632.25390280636,361.056042151966,271.197860654394,993.309944958326
1,PSO,21,626.787431572138,360.776071517324,266.011360054814,987.563503089462
1,PSO,22,615.39632813763,360.680110243267,254.716217894363,976.076438380896
1,PSO,23,609.397541096052,354.375591815952,255.0219492801,963.773132912004
1,PSO,24,605.56482981238,353.215011796598,252.349818015782,958.779841608978
1,PSO,25,602.617149361282,353.847202906462,248.76994645482,956.464352267745
1,PSO,26,598.891214834931,355.109090886837,243.782123948094,954.000305721767
1,PSO,27,592.02542775967,339.897991248414,252.127436511256,931.923419008084
1,PSO,28,589.007463397929,340.225073498699,248.78238989923,929.232536896628
1,PSO,29,583.05640706435,336.818042334549,246.2383647298,919.874449398899
1,PSO,30,570.410446902402,326.193730261951,244.216716640451,896.604177164353
1,PSO,31,567.07326676033,326.869834380016,240.203432380314,893.943101140347
1,PSO,32,563.84266425018,328.005285486016,235.837378764164,891.847949736196
1,PSO,33,560.314965732611,328.737353460924,231.577612271687,889.052319193535
1,PSO,34,557.980358321685,328.614725910464,229.365632411221,886.595084232149
1,PSO,35,556.073908062593,328.895252233884,227.178655828709,884.969160296478
1,PSO,36,552.841082296441,328.139359086616,224.701723209824,880.980441383057
1,PSO,37,549.618374459167,320.938057242468,228.680317216699,870.556431701635
1,PSO,38,547.146998717992,320.252774972019,226.894223745972,867.399773690011
1,PSO,39,544.583988020478,320.142805898497,224.441182121981,864.726793918974
1,PSO,40,539.987220730626,319.32915937764,220.658061352986,859.316380108266
1,PSO,41,533.750681485131,318.810370254393,214.940311230738,852.561051739523
1,PSO,42,528.234452899769,317.654204657686,210.580248242083,845.888657557455
1,PSO,43,524.456423204888,317.959965677187,206.496457527701,842.416388882075
1,PSO,44,522.2894876545,318.727739929582,203.561747724919,841.017227584082
1,PSO,45,520.703013644713,318.9339220298,201.769091614913,839.636935674514
1,PSO,46,513.842218980448,301.458267289766,212.383951690682,815.300486270214
1,PSO,47,513.187722040624,301.027464929792,212.160257110832,814.215186970415
1,PSO,48,510.893829113561,299.493135373834,211.400693739727,810.386964487394
1,PSO,49,508.540020457623,297.55747859668,210.982541860943,806.097499054303
1,PSO,50,503.14932369981,291.053225733973,212.096097965838,794.202549433783
1,PSO,51,501.151139102037,289.267040684048,211.884098417989,790.418179786085
1,PSO,52,497.935053393632,288.453562416217,209.481490977416,786.388615809849
1,PSO,53,495.271121543657,287.781034149459,207.490087394199,783.052155693116
1,PSO,54,494.372810689175,287.767221396759,206.605589292416,782.140032085933
1,PSO,55,492.814122604969,287.641497733106,205.172624871863,780.455620338075
1,PSO,56,490.994345912586,284.34777320705,206.646572705536,775.342119119636
1,PSO,57,488.93335619723,282.341014043705,206.592342153525,771.274370240935
1,PSO,58,480.589916526215,262.31927855521,218.270637971005,742.909195081425
1,PSO,59,479.362012539857,261.509953345874,217.852059193983,740.871965885732
1,PSO,60,476.536835072007,257.220297901339,219.316537170668,733.757132973346
1,PSO,61,474.90599492903,255.13012918386,219.77586574517,730.036124112891
1,PSO,62,473.118538263651,253.456713290741,219.66182497291,726.575251554391
1,PSO,63,472.278403861402,252.891939807672,219.38646405373,725.170343669074
1,PSO,64,469.283563790236,250.613897037414,218.669666752822,719.897460827651
1,PSO,65,468.192600251798,249.925731102315,218.266869149482,718.118331354113
1,PSO,66,467.392427974809,249.152258249818,218.240169724991,716.544686224627
1,PSO,67,466.384546652049,248.749138726926,217.635407925122,715.133685378975
1,PSO,68,465.827427542582,247.913732226928,217.913695315655,713.74115976951
1,PSO,69,464.862590107169,247.160880283336,217.701709823833,712.023470390505
1,PSO,70,463.590229080121,246.506862376027,217.083366704094,710.097091456147
1,PSO,71,463.058688334497,246.396558184503,216.662130149994,709.455246519
1,PSO,72,462.351881961107,245.678740831503,216.673141129604,708.03062279261
1,PSO,73,456.597082659358,229.051177314045,227.545905345312,685.648259973403
1,PSO,74,456.515070370052,229.090185113843,227.424885256209,685.605255483895
1,PSO,75,455.880999646532,229.220915408451,226.660084238081,685.101915054983
1,PSO,76,455.358493017718,229.061151393093,226.297341624624,684.419644410811
1,PSO,77,455.107296939963,229.171473934426,225.935823005537,684.278770874389
1,PSO,78,454.098705825795,228.65644579539,225.442260030405,682.755151621185
1,PSO,79,452.812584592664,227.858397368512,224.954187224153,680.670981961176
1,PSO,80,452.498586023532,227.475679287052,225.02290673648,679.974265310583
1,PSO,81,451.925575809419,226.826414814079,225.09916099534,678.751990623498
1,PSO,82,451.4202523938,226.570306454538,224.849945939262,677.990558848339
1,PSO,83,448.791050773055,226.864934082968,221.926116690086,675.655984856023
1,PSO,84,448.353774761598,226.763941204348,221.58983355725,675.117715965946
1,PSO,85,443.269204819173,225.531234638637,217.737970180536,668.80043945781
1,PSO,86,443.091336135553,225.586256570294,217.505079565259,668.677592705847
1,PSO,87,442.932556690135,225.618102546029,217.314454144106,668.550659236164
1,PSO,88,442.725772130957,225.486633488089,217.239138642868,668.212405619046
1,PSO,89,442.435902708755,225.319283789584,217.116618919171,667.755186498339
1,PSO,90,441.537793174346,224.490417429529,217.047375744817,666.028210603875
1,PSO,91,441.219136460337,224.435864472998,216.783271987339,665.655000933335
1,PSO,92,440.959292141528,224.467034748037,216.492257393491,665.426326889565
1,PSO,93,440.670377998162,224.174328106648,216.496049891514,664.84470610481
1,PSO,94,440.184844876227,224.326431965181,215.858412911047,664.511276841408
1,PSO,95,439.492937859294,224.323443487338,215.169494371955,663.816381346632
1,PSO,96,439.410192198835,224.343082923799,215.067109275036,663.753275122634
1,PSO,97,437.52952566298,224.773592178974,212.755933484005,662.303117841954
1,PSO,98,437.09420241405,224.709138930152,212.385063483897,661.803341344202
1,PSO,99,436.595634400436,224.664997896886,211.93063650355,661.260632297322
1,PSO,100,435.60837069745,222.191809078903,213.416561618547,657.800179776352
1,PSO,101,435.090001126597,221.649750862745,213.440250263853,656.739751989342
1,PSO,102,434.645287474073,221.655820990792,212.989466483281,656.301108464865
1,PSO,103,434.400834817236,221.72741044616,212.673424371076,656.128245263396
1,PSO,104,433.870693017494,221.041511750463,212.829181267031,654.912204767957
1,PSO,105,433.281139052705,220.994149823113,212.286989229592,654.275288875818
1,PSO,106,432.83443906148,220.153143918509,212.681295142971,652.98758297999
1,PSO,107,432.727164643717,220.174809190531,212.552355453186,652.901973834247
1,PSO,108,432.544771010688,219.835934282099,212.708836728589,652.380705292787
1,PSO,109,432.048057186419,219.855760270706,212.192296915713,651.903817457125
1,PSO,110,431.649336198772,219.795987618554,211.853348580218,651.445323817326
1,PSO,111,431.380424312495,219.469758281343,211.910666031153,650.850182593838
1,PSO,112,431.112246330065,219.242848484617,211.869397845449,650.355094814682
1,PSO,113,430.40990997374,218.596887056821,211.813022916919,649.006797030561
1,PSO,114,429.346408886943,216.562331474892,212.784077412051,645.908740361836
1,PSO,115,428.634295323828,214.950179388396,213.684115935432,643.584474712224
1,PSO,116,427.917131505109,213.393464766335,214.523666738774,641.310596271445
1,PSO,117,427.712249565635,212.994301805916,214.717947759719,640.706551371551
1,PSO,118,427.44408478872,212.816719987465,214.627364801255,640.260804776185
1,PSO,119,427.257284901679,212.897430512003,214.359854389676,640.154715413682
1,PSO,120,426.999527827084,212.649665991946,214.349861835138,639.649193819031
1,PSO,121,426.621458781313,211.981448535798,214.640010245515,638.60290731711
1,PSO,122,426.575532751017,211.97956436921,214.595968381807,638.555097120227
1,PSO,123,426.464156668313,211.752162061721,214.711994606592,638.216318730034
1,PSO,124,426.204865365664,211.410069317423,214.794796048242,637.614934683087
1,PSO,125,426.025067891974,211.347028072186,214.678039819788,637.37209596416
1,PSO,126,425.769471250178,210.774802020774,214.994669229404,636.544273270952
1,PSO,127,425.591123154711,210.841147634719,214.749975519991,636.43227078943
1,PSO,128,425.372705583483,210.556901647497,214.815803935986,635.929607230979
1,PSO,129,425.330380942651,210.557271089685,214.773109852966,635.887652032337
1,PSO,130,425.189042141433,210.568764642862,214.620277498571,635.757806784295
1,PSO,131,425.059401325477,210.596683741064,214.462717584413,635.656085066541
1,PSO,132,424.965203493277,210.531806615666,214.433396877611,635.497010108944
1,PSO,133,424.832391850573,210.435154067771,214.397237782802,635.267545918344
1,PSO,134,424.797321518203,210.437819235478,214.359502282725,635.235140753681
1,PSO,135,424.708417064307,210.457159767189,214.251257297117,635.165576831496
1,PSO,136,424.583012337877,210.365414283167,214.21759805471,634.948426621045
1,PSO,137,424.543993156154,210.367487786314,214.17650536984,634.911480942469
1,PSO,138,424.418036349711,210.168773889583,214.249262460128,634.586810239295
1,PSO,139,424.19895613753,209.944998602687,214.253957534843,634.143954740216
1,PSO,140,424.065057845097,209.772698452158,214.292359392939,633.837756297255
1,PSO,141,423.903892717702,209.602885119329,214.301007598374,633.506777837031
1,PSO,142,423.77215153843,209.446088722375,214.326062816055,633.218240260805
1,PSO,143,423.709407409042,209.381276500555,214.328130908487,633.090683909597
1,PSO,144,423.556711797255,209.452094792506,214.104617004749,633.00880658976
1,PSO,145,423.474302499586,209.490057459893,213.984245039693,632.964359959479
1,PSO,146,423.416466086143,209.506342376452,213.910123709691,632.922808462595
1,PSO,147,423.357097638589,209.439095842358,213.918001796231,632.796193480947
1,PSO,148,423.217060557432,209.373984540137,213.843076017294,632.591045097569
1,PSO,149,423.074483353188,208.978126637301,214.096356715888,632.052609990489
1,PSO,150,422.949307463583,208.920634473138,214.028672990445,631.86994193672
1,PSO,151,422.920806312554,208.932292405847,213.988513906708,631.853098718401
1,PSO,152,422.785430119575,208.984232633963,213.801197485611,631.769662753538
1,PSO,153,422.614635089336,208.921685035064,213.692950054273,631.5363201244
1,PSO,154,422.467049442657,208.818117242341,213.648932200316,631.285166684998
1,PSO,155,422.336332607238,208.642560488402,213.693772118837,630.978893095641
1,PSO,156,422.215513265008,208.437147390108,213.7783658749,630.652660655116
1,PSO,157,422.158357800924,208.453257450618,213.705100350306,630.611615251542
1,PSO,158,422.104959302796,208.452790373639,213.652168929157,630.557749676435
1,PSO,159,422.042546100952,208.477995882331,213.564550218621,630.520541983282
1,PSO,160,421.969337896323,208.517196700483,213.452141195839,630.486534596806
1,PSO,161,421.866600873086,208.545362548168,213.321238324918,630.411963421254
1,PSO,162,421.725575498688,208.51429487658,213.211280622108,630.239870375268
1,PSO,163,421.692013997956,208.508653040858,213.183360957098,630.200667038814
1,PSO,164,421.621366793919,208.533481952054,213.087884841865,630.154848745973
1,PSO,165,421.58007510874,208.540605636994,213.039469471746,630.120680745734
1,PSO,166,421.53461687304,208.549888210146,212.984728662893,630.084505083186
1,PSO,167,421.439194704029,208.530046456588,212.909148247441,629.969241160617
1,PSO,168,421.379530332431,208.51613907366,212.863391258771,629.895669406091
1,PSO,169,421.311699001415,208.541399302767,212.770299698648,629.853098304182
1,PSO,170,421.265740518267,208.560060674659,212.705679843608,629.825801192926
1,PSO,171,421.208590382739,208.546166707744,212.662423674995,629.754757090483
1,PSO,172,421.174675527568,208.554663250393,212.620012277175,629.729338777961
1,PSO,173,421.100468217271,208.566634245774,212.533833971497,629.667102463045
1,PSO,174,420.937368695971,208.59900076795,212.338367928021,629.53636946392
1,PSO,175,420.60003818456,208.759930868729,211.840107315831,629.359969053288
1,PSO,176,420.538500311992,208.792694697178,211.745805614814,629.331195009169
1,PSO,177,420.482551044511,208.763711533409,211.718839511102,629.24626257792
1,PSO,178,420.46699128668,208.733322282504,211.733669004177,629.200313569184
1,PSO,179,420.393295613347,208.761080700845,211.632214912502,629.154376314192
1,PSO,180,420.304726852405,208.786835556732,211.517891295673,629.091562409137
1,PSO,181,420.130766308854,208.706977066053,211.423789242801,628.837743374908
1,PSO,182,419.931416975961,208.64717442771,211.284242548252,628.578591403671
1,PSO,183,419.537219460691,208.58231999273,210.954899467961,628.119539453421
1,PSO,184,419.360570621183,208.57947584999,210.781094771193,627.940046471173
1,PSO,185,419.290035508937,208.588051251601,210.701984257336,627.878086760537
1,PSO,186,419.186881871424,208.57936326326,210.607518608164,627.766245134684
1,PSO,187,419.138780658403,208.563605555123,210.57517510328,627.702386213526
1,PSO,188,419.087331407102,208.543689454928,210.543641952174,627.63102086203
1,PSO,189,419.003272574241,208.417812123211,210.58546045103,627.421084697452
1,PSO,190,418.95162830125,208.396758931304,210.554869369946,627.348387232554
1,PSO,191,418.916678282873,208.411391982129,210.505286300743,627.328070265002
1,PSO,192,418.842750499929,208.436625975763,210.406124524166,627.279376475692
1,PSO,193,418.807386129288,208.42876330108,210.378622828208,627.236149430368
1,PSO,194,418.655607223202,208.339056891737,210.316550331465,626.994664114939
1,PSO,195,413.59626007058,198.560056687168,215.036203383412,612.156316757748
1,PSO,196,413.574495092836,198.566683048164,215.007812044673,612.141178141
1,PSO,197,411.997817251794,195.672723239285,216.32509401251,607.670540491079
1,PSO,198,411.974524393196,195.68003420299,216.294490190206,607.654558596185
1,PSO,199,406.071866600722,187.653182680763,218.418683919959,593.725049281485
1,PSO,200,406.033767636062,187.606638720783,218.427128915278,593.640406356845
1,PSO,201,405.466393003343,187.12594273995,218.340450263394,592.592335743293
1,PSO,202,405.411409346592,187.12429599638,218.287113350212,592.535705342972
1,PSO,203,405.327074222169,187.124694427894,218.202379794275,592.451768650063
1,PSO,204,405.214015313053,187.100963107354,218.113052205699,592.314978420407
1,PSO,205,405.129557600401,187.061288522661,218.06826907774,592.190846123062
1,PSO,206,405.039978786993,187.061922686458,217.978056100535,592.101901473451
1,PSO,207,404.970660960387,187.041704185455,217.928956774931,592.012365145842
1,PSO,208,404.817356130124,186.947600421024,217.8697557091,591.764956551149
1,PSO,209,404.737741670054,186.919726698376,217.818014971678,591.65746836843
1,PSO,210,404.711784620349,186.926960233957,217.784824386391,591.638744854306
1,PSO,211,403.474427456106,186.024982027177,217.449445428928,589.499409483283
1,PSO,212,403.427469134907,185.977549046539,217.449920088368,589.405018181445
1,PSO,213,402.505789801948,185.491317605576,217.014472196372,587.997107407523
1,PSO,214,402.413462712127,185.510075517285,216.903387194842,587.923538229411
1,PSO,215,402.337598763739,185.435213976167,216.902384787572,587.772812739905
1,PSO,216,402.314032653153,185.437991338887,216.876041314265,587.75202399204
1,PSO,217,402.279095529593,185.454753471047,216.824342058545,587.73384900064
1,PSO,218,402.249066636038,185.453353763694,216.795712872343,587.702420399732
1,PSO,219,402.172043125073,185.399502604068,216.772540521005,587.571545729141
1,PSO,220,402.148868485904,185.369074375319,216.779794110586,587.517942861223
1,PSO,221,402.113150377773,185.375503113978,216.737647263795,587.48865349175
1,PSO,222,401.87943399403,185.263962740862,216.615471253169,587.143396734892
1,PSO,223,401.807850440218,185.264306653567,216.543543786651,587.072157093785
1,PSO,224,401.754525394354,185.256885868983,216.497639525371,587.011411263338
1,PSO,225,401.678654046274,185.245708664279,216.432945381995,586.924362710553
1,PSO,226,401.574102877404,185.183777741373,216.390325136031,586.757880618777
1,PSO,227,401.512744239751,185.217446641339,216.295297598411,586.73019088109
1,PSO,228,401.459103780067,185.231557911906,216.227545868161,586.690661691973
1,PSO,229,401.213830455217,185.156985955769,216.056844499448,586.370816410986
1,PSO,230,401.138523925713,185.118461220054,216.020062705659,586.256985145767
1,PSO,231,400.987684141692,184.998062354642,215.98962178705,585.985746496334
1,PSO,232,400.850249534392,184.941697300369,215.908552234023,585.79194683476
1,PSO,233,400.775096853294,184.942641085629,215.832455767665,585.717737938922
1,PSO,234,400.710632476054,184.944888089288,215.765744386765,585.655520565342
1,PSO,235,400.634104791696,184.943139642172,215.690965149524,585.577244433869
1,PSO,236,400.561739990102,184.907138981123,215.654601008979,585.468878971225
1,PSO,237,400.446429483612,184.847342605553,215.599086878059,585.293772089165
1,PSO,238,400.318173010411,184.822424780568,215.495748229843,585.140597790979
1,PSO,239,400.309428123745,184.823979938367,215.485448185378,585.133408062111
1,PSO,240,400.271112625086,184.816421933206,215.45469069188,585.087534558292
1,PSO,241,400.216602241544,184.771097222013,215.445505019532,584.987699463557
1,PSO,242,400.101300231158,184.715737654119,215.385562577038,584.817037885277
1,PSO,243,400.003928596775,184.68375774079,215.320170855985,584.687686337565
1,PSO,244,399.960753678888,184.654201076896,215.306552601992,584.614954755784
1,PSO,245,399.949450887482,184.642631030618,215.306819856864,584.592081918101
1,PSO,246,399.925864031131,184.636632317086,215.289231714045,584.562496348217
1,PSO,247,399.908458748669,184.58891352216,215.31954522651,584.497372270829
1,PSO,248,399.887931929317,184.595809862076,215.292122067241,584.483741791394
1,PSO,249,399.863464249481,184.581306458889,215.282157790592,584.44477070837
1,PSO,250,399.854927222491,184.585178265769,215.269748956722,584.44010548826
1,PSO,251,399.821917404467,184.580931986614,215.240985417852,584.402849391081
1,PSO,252,399.646343577037,184.522919079583,215.123424497454,584.169262656619
1,PSO,253,399.578184172892,184.501741289587,215.076442883304,584.079925462479
1,PSO,254,399.542313165229,184.483973489576,215.058339675653,584.026286654806
1,PSO,255,399.521810495341,184.472259978892,215.049550516449,583.994070474234
1,PSO,256,399.500916637746,184.474202219265,215.026714418482,583.975118857011
1,PSO,257,399.483774524236,184.470055906632,215.013718617604,583.953830430868
1,PSO,258,399.427145554816,184.440754956101,214.986390598715,583.867900510917
1,PSO,259,399.317906464758,184.422863542943,214.895042921815,583.740770007701
1,PSO,260,399.303682918234,184.425096064816,214.878586853417,583.72877898305
1,PSO,261,399.219906281878,184.409056145314,214.810850136564,583.628962427192
1,PSO,262,399.104883769114,184.348746024452,214.756137744661,583.453629793566
1,PSO,263,399.097520519046,184.349110952015,214.74840956703,583.446631471061
1,PSO,264,399.076521648581,184.336699831902,214.739821816679,583.413221480483
1,PSO,265,399.053013433059,184.318338247922,214.734675185136,583.371351680981
1,PSO,266,399.039272709857,184.321691716953,214.717580992904,583.36096442681
1,PSO,267,398.98078571472,184.306312137885,214.674473576834,583.287097852605
1,PSO,268,398.962813980399,184.30011797611,214.662696004289,583.262931956509
1,PSO,269,398.932460326784,184.272422297815,214.660038028969,583.204882624599
1,PSO,270,398.912976079903,184.277819541151,214.635156538752,583.190795621055
1,PSO,271,398.891369161693,184.260544080412,214.630825081281,583.151913242104
1,PSO,272,398.885403815102,184.260565192533,214.624838622569,583.145969007635
1,PSO,273,398.832913620069,184.246112260635,214.586801359434,583.079025880705
1,PSO,274,398.794674369732,184.199752364202,214.59492200553,582.994426733934
1,PSO,275,398.728820983538,184.172918180904,214.555902802634,582.901739164442
1,PSO,276,398.680633198264,184.143875945674,214.53675725259,582.824509143938
1,PSO,277,398.625055474935,184.084692554125,214.54036292081,582.70974802906
1,PSO,278,398.620009099919,184.086167809784,214.533841290136,582.706176909703
1,PSO,279,398.572101106421,184.072925801528,214.499175304893,582.64502690795
1,PSO,280,398.50219934161,184.047257965991,214.454941375619,582.5494573076
1,PSO,281,398.376174623636,184.008110911026,214.36806371261,582.384285534661
1,PSO,282,398.257983401429,183.973947139433,214.284036261995,582.231930540862
1,PSO,283,398.091637030672,183.942009500715,214.149627529956,582.033646531387
1,PSO,284,398.068962499641,183.905466169415,214.163496330226,581.974428669056
1,PSO,285,398.018685098327,183.896703865834,214.121981232493,581.915388964161
1,PSO,286,397.935552286838,183.862296898776,214.073255388062,581.797849185613
1,PSO,287,397.922840602923,183.85710116792,214.065739435003,581.779941770844
1,PSO,288,397.847034286561,183.842955409088,214.004078877474,581.689989695649
1,PSO,289,397.842879645925,183.843100767012,213.999778878913,581.685980412936
1,PSO,290,397.831737230035,183.840050712392,213.991686517643,581.671787942427
1,PSO,291,397.817884757457,183.839893191497,213.97799156596,581.657777948955
1,PSO,292,397.806680223886,183.840267085949,213.966413137937,581.646947309836
1,PSO,293,397.692171543877,183.814467372772,213.877704171105,581.50663891665
1,PSO,294,397.690151035843,183.815251923761,213.874899112082,581.505402959604
1,PSO,295,397.67664498459,183.812637459171,213.864007525419,581.48928244376
1,PSO,296,397.652799108569,183.822519446824,213.830279661744,581.475318555393
1,PSO,297,397.62181293785,183.826427776097,213.795385161753,581.448240713946
1,PSO,298,397.605314591063,183.825720500486,213.779594090577,581.431035091549
1,PSO,299,397.57188856874,183.826438416981,213.74545015176,581.398326985721
1,PSO,300,397.508683252933,183.82733574219,213.681347510743,581.336018995124
1,HHO,1,1325.300923754,469.14598205623,856.15494169777,1794.44690581023
1,HHO,2,1156.43090368735,432.395371393896,724.035532293451,1588.82627508124
1,HHO,3,1063.48772546564,418.135601509725,645.352123955917,1481.62332697537
1,HHO,4,1035.33186908239,410.934893457475,624.396975624912,1446.26676253986
1,HHO,5,1016.27526876881,400.371875900561,615.903392868247,1416.64714466937
1,HHO,6,1004.65911315176,399.693513810926,604.965599340836,1404.35262696269
1,HHO,7,1001.85269893489,399.64767016621,602.205028768681,1401.5003691011
1,HHO,8,966.025301341233,388.421885686133,577.6034156551,1354.44718702737
1,HHO,9,953.17704583946,393.377305350774,559.799740488686,1346.55435119023
1,HHO,10,945.551858883633,397.328533804004,548.223325079629,1342.88039268764
1,HHO,11,939.550450747508,400.489623364501,539.060827383007,1340.04007411201
1,HHO,12,936.42885112838,399.791720538105,536.637130590275,1336.22057166649
1,HHO,13,935.424759234028,399.785072596927,535.639686637101,1335.20983183096
1,HHO,14,924.195247321828,395.347546025684,528.847701296145,1319.54279334751
1,HHO,15,914.009767387487,401.003808118427,513.00595926906,1315.01357550591
1,HHO,16,891.706396325679,380.684925475069,511.02147085061,1272.39132180075
1,HHO,17,877.814357079612,377.352166686889,500.462190392723,1255.1665237665
1,HHO,18,868.247691280978,376.66376747152,491.583923809459,1244.9114587525
1,HHO,19,851.976269168893,370.246754635071,481.729514533821,1222.22302380396
1,HHO,20,846.337281029906,370.910165697471,475.427115332434,1217.24744672738
1,HHO,21,841.383823232902,372.283986387809,469.099836845093,1213.66780962071
1,HHO,22,817.38838215001,358.042904128366,459.345478021644,1175.43128627838
1,HHO,23,812.990186343173,356.640694982166,456.349491361007,1169.63088132534
1,HHO,24,808.183541188703,357.541938347244,450.641602841458,1165.72547953595
1,HHO,25,803.177589489997,359.521729545009,443.655859944988,1162.69931903501
1,HHO,26,787.802110710288,360.76345917895,427.038651531339,1148.56556988924
1,HHO,27,786.625718420776,361.19489754422,425.430820876556,1147.820615965
1,HHO,28,783.665393020806,362.907716508046,420.75767651276,1146.57310952885
1,HHO,29,781.577078834966,363.973227636714,417.603851198251,1145.55030647168
1,HHO,30,778.720138761674,363.349187026812,415.370951734861,1142.06932578849
1,HHO,31,777.099971572539,363.302443355005,413.797528217534,1140.40241492754
1,HHO,32,775.066046558306,364.145905604235,410.920140954071,1139.21195216254
1,HHO,33,774.426473055637,363.513678239851,410.912794815786,1137.94015129549
1,HHO,34,769.389621391125,356.800056214769,412.589565176355,1126.18967760589
1,HHO,35,767.936390017298,357.236992260216,410.699397757082,1125.17338227751
1,HHO,36,765.818227578079,358.505006060422,407.313221517657,1124.3232336385
1,HHO,37,763.859995962717,358.746189778464,405.113806184253,1122.60618574118
1,HHO,38,761.552349154759,358.476319794409,403.07602936035,1120.02866894917
1,HHO,39,759.790490388139,357.93826428487,401.852226103269,1117.72875467301
1,HHO,40,758.188671187573,358.185295883381,400.003375304192,1116.37396707095
1,HHO,41,756.137248123609,358.148642585867,397.988605537742,1114.28589070948
1,HHO,42,755.284402552112,358.662695898492,396.62170665362,1113.9470984506
1,HHO,43,748.318995632072,357.064868848628,391.254126783443,1105.3838644807
1,HHO,44,747.467213460275,357.64494460126,389.822268859014,1105.11215806154
1,HHO,45,745.410202151493,356.028313281518,389.381888869975,1101.43851543301
1,HHO,46,743.000148580208,357.823778061792,385.176370518417,1100.823926642
1,HHO,47,741.277296762712,358.918425261844,382.358871500868,1100.19572202456
1,HHO,48,739.013385373754,360.612590303796,378.400795069958,1099.62597567755
1,HHO,49,738.281708488276,360.635986458524,377.645722029752,1098.9176949468
1,HHO,50,737.520388923098,361.025193748979,376.495195174119,1098.54558267208
1,HHO,51,737.191774528533,361.121254472216,376.070520056318,1098.31302900075
1,HHO,52,736.614144828334,361.360241459567,375.253903368768,1097.9743862879
1,HHO,53,734.242339672305,362.377875615881,371.864464056424,1096.62021528819
1,HHO,54,732.360946451102,361.025531418335,371.335415032767,1093.38647786944
1,HHO,55,731.7392733129,361.33604001491,370.403233297991,1093.07531332781
1,HHO,56,730.741785482174,361.803530853588,368.938254628586,1092.54531633576
1,HHO,57,717.094059887404,345.239486768957,371.854573118447,1062.33354665636
1,HHO,58,714.315434649478,344.011961606272,370.303473043206,1058.32739625575
1,HHO,59,713.868206736792,343.936574095737,369.931632641054,1057.80478083253
1,HHO,60,707.990749402803,336.676729715135,371.314019687667,1044.66747911794
1,HHO,61,706.490470970195,336.042308669974,370.448162300221,1042.53277964017
1,HHO,62,705.437564150567,335.952167475639,369.485396674929,1041.38973162621
1,HHO,63,705.141237196296,335.99350788984,369.147729306456,1041.13474508614
1,HHO,64,704.81216585869,335.979148095118,368.833017763572,1040.79131395381
1,HHO,65,704.022234512795,336.19810641021,367.824128102586,1040.220340923
1,HHO,66,703.111051645316,335.793438495881,367.317613149435,1038.9044901412
1,HHO,67,702.475388743265,335.544515721905,366.93087302136,1038.01990446517
1,HHO,68,702.165368140229,335.423504768117,366.741863372112,1037.58887290835
1,HHO,69,701.791797410593,335.481236689922,366.310560720671,1037.27303410052
1,HHO,70,701.12747259462,335.463383400026,365.664089194594,1036.59085599465
1,HHO,71,699.963215092992,335.845049487581,364.118165605411,1035.80826458057
1,HHO,72,699.229840035487,335.89880683294,363.331033202547,1035.12864686843
1,HHO,73,695.914504795734,334.652647252569,361.261857543165,1030.5671520483
1,HHO,74,694.897218692538,334.133252193167,360.76396649937,1029.03047088571
1,HHO,75,693.91340901126,334.378014288975,359.535394722284,1028.29142330023
1,HHO,76,693.366841809053,334.511707946838,358.855133862214,1027.87854975589
1,HHO,77,692.544385651377,334.800478756835,357.743906894542,1027.34486440821
1,HHO,78,677.899276140333,316.042699696031,361.856576444302,993.941975836363
1,HHO,79,677.206008783516,315.803977761287,361.40203102223,993.009986544803
1,HHO,80,675.402734948934,316.141549719308,359.261185229626,991.544284668242
1,HHO,81,674.669170331525,316.325801310202,358.343369021323,990.994971641727
1,HHO,82,674.323488302891,316.390486414269,357.933001888622,990.71397471716
1,HHO,83,669.931146707349,316.431319173427,353.499827533922,986.362465880776
1,HHO,84,662.999726845887,319.111502812317,343.88822403357,982.111229658204
1,HHO,85,661.400450561317,319.550069298495,341.850381262823,980.950519859812
1,HHO,86,660.284351046884,320.193956067205,340.090394979678,980.478307114089
1,HHO,87,659.752558315001,320.389894772398,339.362663542604,980.142453087399
1,HHO,88,658.785513412961,320.940989293385,337.844524119575,979.726502706346
1,HHO,89,657.855416401157,321.522859454367,336.33255694679,979.378275855523
1,HHO,90,656.802404879597,321.786999105251,335.015405774345,978.589403984848
1,HHO,91,656.190183904819,321.877243136488,334.312940768331,978.067427041306
1,HHO,92,655.701693020383,321.609900623317,334.091792397066,977.3115936437
1,HHO,93,654.988189206229,322.019561867214,332.968627339015,977.007751073444
1,HHO,94,654.444984155114,322.263211464052,332.181772691062,976.708195619166
1,HHO,95,654.008543590346,322.351443841251,331.657099749094,976.359987431597
1,HHO,96,653.645643139107,322.404296642664,331.241346496443,976.049939781772
1,HHO,97,652.899974981533,321.69544039451,331.204534587022,974.595415376043
1,HHO,98,652.447547535041,321.876778147072,330.57076938797,974.324325682113
1,HHO,99,651.002867306247,322.439040364225,328.563826942022,973.441907670473
1,HHO,100,650.562029386312,322.625621256382,327.93640812993,973.187650642694
1,HHO,101,650.089251758383,322.766039994814,327.323211763569,972.855291753196
1,HHO,102,649.768406563043,322.933153945578,326.835252617465,972.701560508621
1,HHO,103,649.274296006357,323.163593383236,326.110702623121,972.437889389594
1,HHO,104,648.731140983649,323.470136317842,325.261004665807,972.201277301491
1,HHO,105,648.421377363658,323.693180646632,324.728196717026,972.11455801029
1,HHO,106,648.055911776108,323.830101559798,324.22581021631,971.886013335906
1,HHO,107,647.657852870996,323.996996738733,323.660856132263,971.654849609728
1,HHO,108,647.019690987785,324.286772861939,322.732918125846,971.306463849724
1,HHO,109,646.630622526218,324.467033591587,322.163588934631,971.097656117805
1,HHO,110,646.394112398972,324.582090597721,321.812021801251,970.976202996692
1,HHO,111,645.980691860706,324.630454442943,321.350237417763,970.611146303649
1,HHO,112,645.393324016774,324.91000299863,320.483321018144,970.303327015405
1,HHO,113,645.052084285272,325.0983414153,319.953742869972,970.150425700572
1,HHO,114,644.874777418525,325.167453387421,319.707324031104,970.042230805946
1,HHO,115,644.203711311191,325.662992230175,318.540719081016,969.866703541367
1,HHO,116,643.972432914041,325.753277015042,318.219155898999,969.725709929083
1,HHO,117,643.78416720275,325.736124162051,318.048043040699,969.520291364801
1,HHO,118,642.833226532301,325.725742978508,317.107483553793,968.558969510809
1,HHO,119,642.325445679109,325.98339243581,316.342053243299,968.308838114919
1,HHO,120,641.855807363121,326.032690612222,315.823116750899,967.888497975343
1,HHO,121,641.583396760759,326.091578814919,315.49181794584,967.674975575678
1,HHO,122,631.326952559531,326.023363533816,305.303589025715,957.350316093347
1,HHO,123,629.189151408859,326.873983719748,302.31516768911,956.063135128607
1,HHO,124,628.671962755715,327.124941582106,301.547021173609,955.796904337821
1,HHO,125,627.644984689813,327.602072928797,300.042911761016,955.24705761861
1,HHO,126,627.415502023419,327.705110733323,299.710391290096,955.120612756742
1,HHO,127,621.961014475774,327.463311643082,294.497702832692,949.424326118856
1,HHO,128,619.292828678148,328.470260300286,290.822568377862,947.763088978435
1,HHO,129,616.521385815006,329.077808855437,287.443576959569,945.599194670444
1,HHO,130,615.083866967261,329.440242212304,285.643624754957,944.524109179565
1,HHO,131,614.438020715195,329.403309977945,285.03471073725,943.841330693139
1,HHO,132,612.793517458144,329.6132099588,283.180307499344,942.406727416943
1,HHO,133,612.067090727338,329.838627617745,282.228463109594,941.905718345083
1,HHO,134,611.513583492995,330.128169826879,281.385413666116,941.641753319873
1,HHO,135,610.768961796851,330.473706708319,280.295255088532,941.24266850517
1,HHO,136,610.131730629924,330.796109232099,279.335621397825,940.927839862023
1,HHO,137,609.696413055058,330.995390985011,278.701022070047,940.691804040069
1,HHO,138,609.307442527313,331.135918856495,278.171523670818,940.443361383807
1,HHO,139,608.967508133707,331.302368953447,277.66513918026,940.269877087154
1,HHO,140,608.88822599522,331.350825342762,277.537400652458,940.239051337981
1,HHO,141,608.462825698135,331.543088645337,276.919737052799,940.005914343472
1,HHO,142,608.095871395402,331.714729244051,276.381142151351,939.810600639453
1,HHO,143,607.59554247301,331.973044859429,275.622497613581,939.568587332438
1,HHO,144,593.303961646423,309.828228920953,283.47573272547,903.132190567376
1,HHO,145,590.90736601896,310.108676815257,280.798689203704,901.016042834217
1,HHO,146,590.105926805671,310.091926860258,280.013999945414,900.197853665929
1,HHO,147,589.451731643548,309.986836510752,279.464895132796,899.4385681543
1,HHO,148,588.604033206466,309.933455509311,278.670577697155,898.537488715776
1,HHO,149,587.727095758341,310.320020619933,277.407075138408,898.047116378274
1,HHO,150,587.11141010942,310.586614615902,276.524795493519,897.698024725322
1,HHO,151,586.320689862222,310.925061114959,275.395628747263,897.245750977182
1,HHO,152,584.39539988776,311.375215094165,273.020184793595,895.770614981926
1,HHO,153,583.210448253901,311.38699903381,271.823449220091,894.597447287711
1,HHO,154,580.859773462861,310.391833631784,270.467939831077,891.251607094645
1,HHO,155,578.623437315139,310.038654175702,268.584783139437,888.66209149084
1,HHO,156,577.438495759136,310.6095666225,266.828929136636,888.048062381636
1,HHO,157,576.234616303222,310.148885874456,266.085730428766,886.383502177678
1,HHO,158,575.586827865996,309.981848228997,265.604979636999,885.568676094992
1,HHO,159,575.092257109495,310.025763171166,265.066493938329,885.118020280661
1,HHO,160,574.538471189339,310.193340570274,264.345130619066,884.731811759613
1,HHO,161,573.811665236552,310.419180148384,263.392485088168,884.230845384936
1,HHO,162,572.549281334782,310.799218887309,261.750062447472,883.348500222091
1,HHO,163,571.578492890197,310.775930037725,260.802562852472,882.354422927922
1,HHO,164,571.039068404864,310.856495767056,260.182572637808,881.89556417192
1,HHO,165,565.935405763899,305.567435546965,260.367970216934,871.502841310863
1,HHO,166,565.488420322834,305.629691241702,259.858729081133,871.118111564536
1,HHO,167,565.366633234975,305.637638784047,259.728994450927,871.004272019022
1,HHO,168,565.148349208758,305.725820099851,259.422529108907,870.874169308608
1,HHO,169,564.734857106791,305.962405863938,258.772451242853,870.69726297073
1,HHO,170,564.160686935999,306.291812640878,257.868874295121,870.452499576877
1,HHO,171,563.733269758661,306.362549515865,257.370720242796,870.095819274526
1,HHO,172,563.184304513457,306.328487554499,256.855816958957,869.512792067956
1,HHO,173,562.109991916192,306.316120496405,255.793871419787,868.426112412597
1,HHO,174,561.81124878005,306.382096898786,255.429151881264,868.193345678836
1,HHO,175,561.617421840639,306.487995909583,255.129425931056,868.105417750222
1,HHO,176,561.431516516994,306.57321832544,254.858298191554,868.004734842434
1,HHO,177,560.906498857874,306.809675755316,254.096823102559,867.71617461319
1,HHO,178,560.54673162256,306.850225598865,253.696506023695,867.396957221425
1,HHO,179,559.926938939937,306.967287503807,252.95965143613,866.894226443745
1,HHO,180,559.548041687137,306.902289988292,252.645751698845,866.450331675429
1,HHO,181,558.99259500072,306.243995143499,252.748599857221,865.236590144219
1,HHO,182,558.623176871368,306.01396674356,252.609210127808,864.637143614928
1,HHO,183,558.427709318516,305.995841944685,252.431867373831,864.423551263202
1,HHO,184,557.831328751316,306.150068676786,251.68126007453,863.981397428103
1,HHO,185,557.423702244784,306.098034701353,251.32566754343,863.521736946137
1,HHO,186,557.291668486519,306.098392443668,251.193276042851,863.390060930187
1,HHO,187,557.167093224721,306.115842529959,251.051250694763,863.28293575468
1,HHO,188,556.811584827348,306.279532317575,250.532052509773,863.091117144923
1,HHO,189,556.656930638651,306.332656900261,250.32427373839,862.989587538912
1,HHO,190,556.325429619713,306.510549281466,249.814880338247,862.835978901179
1,HHO,191,555.782336329974,305.520701924369,250.261634405605,861.303038254343
1,HHO,192,555.357245162796,305.739496296517,249.617748866279,861.096741459314
1,HHO,193,555.081893173627,305.901597402913,249.180295770714,860.983490576541
1,HHO,194,554.969514979198,305.915835788654,249.053679190543,860.885350767852
1,HHO,195,554.402368558884,305.804069834086,248.598298724799,860.20643839297
1,HHO,196,553.980986486715,305.87372898724,248.107257499475,859.854715473955
1,HHO,197,552.729934788135,305.940042988245,246.789891799889,858.66997777638
1,HHO,198,552.385491887091,305.743609720862,246.641882166229,858.129101607953
1,HHO,199,551.935954313926,305.763098772202,246.172855541724,857.699053086129
1,HHO,200,549.977686275483,301.316941280214,248.660744995269,851.294627555697
1,HHO,201,549.565876382738,301.106079226672,248.459797156066,850.671955609409
1,HHO,202,549.142261599548,301.213277714043,247.928983885504,850.355539313591
1,HHO,203,548.826199531283,301.344225186553,247.48197434473,850.170424717836
1,HHO,204,548.437943989298,301.077625946469,247.36031804283,849.515569935767
1,HHO,205,547.991484649811,301.050230461768,246.941254188043,849.04171511158
1,HHO,206,547.715685667025,301.08848522994,246.627200437085,848.804170896966
1,HHO,207,521.516233741965,264.219753603668,257.296480138297,785.735987345633
1,HHO,208,520.761790125893,264.270896133435,256.490893992457,785.032686259328
1,HHO,209,520.535217747613,264.293125801505,256.242091946107,784.828343549118
1,HHO,210,520.475005777784,264.294382198665,256.18062357912,784.769387976449
1,HHO,211,520.374304655781,264.296989770484,256.077314885297,784.671294426265
1,HHO,212,520.262923953992,264.288327590158,255.974596363834,784.551251544149
1,HHO,213,519.176633925806,264.401355369952,254.775278555854,783.577989295758
1,HHO,214,518.760020267782,264.194528834063,254.565491433719,782.954549101845
1,HHO,215,518.553785910304,264.108062971649,254.445722938655,782.661848881953
1,HHO,216,517.732580384368,264.319464517189,253.413115867179,782.052044901557
1,HHO,217,517.213187011469,264.502129879483,252.711057131986,781.715316890951
1,HHO,218,516.999730935264,264.54228396076,252.457446974504,781.542014896024
1,HHO,219,516.853212745668,264.569687458827,252.283525286842,781.422900204495
1,HHO,220,516.737273839057,264.59558849002,252.141685349037,781.332862329077
1,HHO,221,516.58646147084,264.595896088401,251.990565382439,781.182357559241
1,HHO,222,516.199100743968,264.606734357877,251.592366386091,780.805835101846
1,HHO,223,515.326319486298,263.834040061567,251.492279424731,779.160359547865
1,HHO,224,514.027403840986,262.816566547227,251.21083729376,776.843970388213
1,HHO,225,513.005042742676,261.983346967165,251.02169577551,774.988389709841
1,HHO,226,512.350452235554,261.630683543196,250.719768692357,773.98113577875
1,HHO,227,512.062960428979,261.67908387614,250.38387655284,773.742044305119
1,HHO,228,511.808475528619,261.72657287067,250.08190265795,773.535048399289
1,HHO,229,511.633997830994,261.69294923422,249.941048596773,773.326947065214
1,HHO,230,510.56101107407,258.657452040372,251.903559033698,769.218463114441
1,HHO,231,510.242857724097,258.637711164249,251.605146559848,768.880568888346
1,HHO,232,509.887124383727,258.461089700134,251.426034683593,768.348214083861
1,HHO,233,504.823407651442,242.503827800412,262.31957985103,747.327235451855
1,HHO,234,488.438116349768,224.240072788071,264.198043561697,712.678189137839
1,HHO,235,487.410477433601,222.491259908733,264.919217524868,709.901737342334
1,HHO,236,486.383164332296,222.353285434993,264.029878897303,708.736449767289
1,HHO,237,485.720166564169,222.036754475301,263.683412088868,707.75692103947
1,HHO,238,485.500855163449,221.848891309393,263.651963854056,707.349746472842
1,HHO,239,485.184336984939,221.649679417887,263.534657567052,706.834016402827
1,HHO,240,484.787207038402,221.200571363684,263.586635674717,705.987778402086
1,HHO,241,484.595603484038,220.98840849955,263.607194984488,705.584011983588
1,HHO,242,484.371135470535,220.764530320448,263.606605150087,705.135665790983
1,HHO,243,484.103295392773,220.744126915347,263.359168477426,704.84742230812
1,HHO,244,483.832086138652,220.335963681917,263.496122456735,704.168049820569
1,HHO,245,483.390672252194,220.001636669832,263.389035582362,703.392308922025
1,HHO,246,483.036610778104,219.602250696908,263.434360081196,702.638861475012
1,HHO,247,482.8528736102,219.586151364703,263.266722245497,702.439024974904
1,HHO,248,482.2577810674,218.600846523767,263.656934543634,700.858627591167
1,HHO,249,472.886340231809,213.541833579776,259.344506652033,686.428173811585
1,HHO,250,472.39382092387,213.331814374279,259.062006549592,685.725635298149
1,HHO,251,471.718543718873,213.23623326298,258.482310455893,684.954776981852
1,HHO,252,471.103030203822,213.26630989372,257.836720310102,684.369340097541
1,HHO,253,470.778178132425,213.369347750222,257.408830382203,684.147525882647
1,HHO,254,470.03333345366,212.931476030946,257.101857422714,682.964809484605
1,HHO,255,469.745552703572,212.931981483833,256.813571219739,682.677534187405
1,HHO,256,468.592795747205,212.102223169427,256.490572577778,680.695018916632
1,HHO,257,468.141992628178,211.974430028793,256.167562599385,680.116422656972
1,HHO,258,467.900676853349,211.857606051952,256.043070801397,679.7582829053
1,HHO,259,467.667916006614,211.684619934786,255.983296071829,679.3525359414
1,HHO,260,467.56944024684,211.587697487155,255.981742759684,679.157137733995
1,HHO,261,467.174925117372,211.084843067005,256.090082050366,678.259768184377
1,HHO,262,466.56927082868,211.064482144316,255.504788684365,677.633752972996
1,HHO,263,466.349494332006,210.891169434206,255.458324897799,677.240663766212
1,HHO,264,466.060938345344,210.930872683499,255.130065661845,676.991811028843
1,HHO,265,465.561633932106,211.058900946375,254.502732985731,676.62053487848
1,HHO,266,465.38139820254,211.053863464141,254.327534738399,676.435261666681
1,HHO,267,464.703875464789,210.510324495421,254.193550969368,675.21419996021
1,HHO,268,464.025997244527,208.902192711978,255.12380453255,672.928189956505
1,HHO,269,462.713547925858,207.942504190743,254.771043735115,670.656052116601
1,HHO,270,461.920326724892,206.385621764506,255.534704960386,668.305948489397
1,HHO,271,461.360148380784,205.598381974148,255.761766406637,666.958530354932
1,HHO,272,460.678256850667,203.948347074423,256.729909776244,664.62660392509
1,HHO,273,460.432645130491,203.554902423702,256.877742706789,663.987547554193
1,HHO,274,460.112560661363,203.069399311021,257.043161350343,663.181959972384
1,HHO,275,459.66425902932,202.584941107873,257.079317921447,662.249200137193
1,HHO,276,459.286216322864,202.035811546454,257.250404776411,661.322027869318
1,HHO,277,458.858231084037,202.08685974073,256.771371343306,660.945090824767
1,HHO,278,458.585383995505,202.03676417762,256.548619817885,660.622148173125
1,HHO,279,457.98425816316,202.074822978931,255.909435184229,660.059081142091
1,HHO,280,457.664473557003,201.909678999127,255.754794557876,659.57415255613
1,HHO,281,457.344553623035,201.718737138107,255.625816484928,659.063290761141
1,HHO,282,457.257963670635,201.702371503331,255.555592167305,658.960335173966
1,HHO,283,456.902376261302,201.550549647245,255.351826614056,658.452925908547
1,HHO,284,456.365308550206,201.317550041653,255.047758508553,657.682858591858
1,HHO,285,456.201316873516,201.221274743756,254.98004212976,657.422591617272
1,HHO,286,456.045459349194,201.141066128208,254.904393220986,657.186525477401
1,HHO,287,454.858389273188,199.961658385752,254.896730887436,654.82004765894
1,HHO,288,454.551983828371,199.862137491539,254.689846336832,654.41412131991
1,HHO,289,454.381990710065,199.874082772343,254.507907937722,654.256073482407
1,HHO,290,453.963749566528,200.01848524271,253.945264323818,653.982234809238
1,HHO,291,453.759603701891,199.924103452352,253.835500249539,653.683707154243
1,HHO,292,453.047072643402,199.531520033353,253.515552610049,652.578592676755
1,HHO,293,452.744815125299,199.49056777046,253.254247354839,652.235382895759
1,HHO,294,452.293271264759,198.81011135775,253.483159907009,651.103382622509
1,HHO,295,451.968072616913,198.642290043899,253.325782573014,650.610362660812
1,HHO,296,451.355036908834,198.715110789702,252.639926119132,650.070147698537
1,HHO,297,451.228316435093,198.687990080627,252.540326354466,649.916306515721
1,HHO,298,450.948938928822,198.246526599031,252.702412329791,649.195465527854
1,HHO,299,450.557517163338,198.362819241478,252.19469792186,648.920336404816
1,HHO,300,450.557517163338,198.362819241478,252.19469792186,648.920336404816
2,CVF-AE,1,2504.59193906922,1561.56097526387,943.03096380535,4066.1529143331
2,CVF-AE,2,1485.45494886538,1113.40665925957,372.048289605817,2598.86160812495
2,CVF-AE,3,1102.09408838535,925.485333176135,176.608755209216,2027.57942156149
2,CVF-AE,4,815.55976684316,670.838680231266,144.721086611894,1486.39844707443
2,CVF-AE,5,593.589259601985,396.978464809672,196.610794792313,990.567724411658
2,CVF-AE,6,571.117868318958,384.8712410173,186.246627301658,955.989109336259
2,CVF-AE,7,543.881104791161,367.722464234628,176.158640556533,911.603569025788
2,CVF-AE,8,482.769424980305,269.91894922709,212.850475753216,752.688374207395
2,CVF-AE,9,442.720926910314,223.872753464779,218.848173445535,666.593680375093
2,CVF-AE,10,409.533254492252,207.666313255092,201.86694123716,617.199567747344
2,CVF-AE,11,376.980584327354,125.080401606949,251.900182720405,502.060985934303
2,CVF-AE,12,372.14159274453,123.926713297245,248.214879447285,496.068306041774
2,CVF-AE,13,352.745851501294,75.7432325024419,277.002618998852,428.489084003736
2,CVF-AE,14,341.812297562426,63.1653076395674,278.646989922858,404.977605201993
2,CVF-AE,15,328.636638264203,11.4711824513299,317.165455812874,340.107820715533
2,CVF-AE,16,328.242444798128,11.4025154788378,316.839929319291,339.644960276966
2,CVF-AE,17,325.414340941043,8.83861234100906,316.575728600034,334.252953282052
2,CVF-AE,18,324.149824218053,8.26245159807028,315.887372619983,332.412275816124
2,CVF-AE,19,323.714856872378,7.83213339431651,315.882723478062,331.546990266695
2,CVF-AE,20,322.463822122239,6.89990262713823,315.5639194951,329.363724749377
2,CVF-AE,21,322.1823895073,6.42262400452685,315.759765502773,328.605013511827
2,CVF-AE,22,320.674573943075,5.18429982175994,315.490274121316,325.858873764835
2,CVF-AE,23,320.534144848184,5.16626605997758,315.367878788206,325.700410908162
2,CVF-AE,24,320.484018238558,5.07288308914826,315.411135149409,325.556901327706
2,CVF-AE,25,320.104059247205,5.05429447129065,315.049764775914,325.158353718496
2,CVF-AE,26,319.944700441423,5.01655571487983,314.928144726543,324.961256156303
2,CVF-AE,27,319.15488376043,4.76575560360827,314.389128156821,323.920639364038
2,CVF-AE,28,318.114166328547,4.22950523731678,313.88466109123,322.343671565864
2,CVF-AE,29,318.062323313704,4.28350926515249,313.778814048552,322.345832578857
2,CVF-AE,30,317.572296538226,4.16346205372255,313.408834484503,321.735758591949
2,CVF-AE,31,317.49706495666,4.19433879407678,313.302726162583,321.691403750736
2,CVF-AE,32,316.662375461378,3.75961545295857,312.90276000842,320.421990914337
2,CVF-AE,33,316.483784055607,3.54864561809077,312.935138437516,320.032429673698
2,CVF-AE,34,316.276298380093,3.21341892602652,313.062879454067,319.48971730612
2,CVF-AE,35,316.069513045461,3.48604545928874,312.583467586172,319.555558504749
2,CVF-AE,36,316.002262841815,3.44703261388665,312.555230227929,319.449295455702
2,CVF-AE,37,315.898236013357,3.28765437430363,312.610581639054,319.185890387661
2,CVF-AE,38,315.760029488244,3.29709168336397,312.46293780488,319.057121171608
2,CVF-AE,39,315.760029488244,3.29709168336397,312.46293780488,319.057121171608
2,CVF-AE,40,315.591372553758,3.15780844339061,312.433564110368,318.749180997149
2,CVF-AE,41,315.499417839937,3.14783428206972,312.351583557867,318.647252122007
2,CVF-AE,42,315.409081657744,3.17586731433511,312.233214343409,318.584948972079
2,CVF-AE,43,315.346275970383,3.08340375560217,312.262872214781,318.429679725985
2,CVF-AE,44,314.925605146887,3.77340917064384,311.152195976243,318.699014317531
2,CVF-AE,45,314.925605146887,3.77340917064384,311.152195976243,318.699014317531
2,CVF-AE,46,314.121700557961,4.21051268869171,309.91118786927,318.332213246653
2,CVF-AE,47,314.03352697114,4.25707143765371,309.776455533486,318.290598408794
2,CVF-AE,48,313.33680574711,4.51590947356118,308.820896273549,317.852715220671
2,CVF-AE,49,313.309770076918,4.48079298821785,308.8289770887,317.790563065136
2,CVF-AE,50,313.112094831016,4.37036752506777,308.741727305948,317.482462356084
2,CVF-AE,51,312.753538815149,4.36647762545779,308.387061189691,317.120016440607
2,CVF-AE,52,312.59788812393,4.45145938953989,308.14642873439,317.049347513469
2,CVF-AE,53,312.349634394851,4.71290525512558,307.636729139726,317.062539649977
2,CVF-AE,54,312.178488797505,4.70587478233796,307.472614015167,316.884363579843
2,CVF-AE,55,311.938283929822,4.66596905245173,307.272314877371,316.604252982274
2,CVF-AE,56,311.898421179317,4.64425832944143,307.254162849876,316.542679508759
2,CVF-AE,57,311.872456643699,4.63559623893181,307.236860404767,316.50805288263
2,CVF-AE,58,311.857886919444,4.60555588527639,307.252331034168,316.463442804721
2,CVF-AE,59,311.655342517134,4.29306117357661,307.362281343557,315.948403690711
2,CVF-AE,60,311.623903670554,4.26979153380089,307.354112136753,315.893695204355
2,CVF-AE,61,311.591973749976,4.23887037818994,307.353103371786,315.830844128166
2,CVF-AE,62,311.425455248569,4.11401511742666,307.311440131142,315.539470365995
2,CVF-AE,63,311.226258768683,4.17629527999512,307.049963488688,315.402554048679
2,CVF-AE,64,311.055723785768,4.17809399739364,306.877629788374,315.233817783161
2,CVF-AE,65,311.055723785768,4.17809399739364,306.877629788374,315.233817783161
2,CVF-AE,66,310.718424538991,4.14767465169155,306.5707498873,314.866099190683
2,CVF-AE,67,310.660756032722,4.04242881429825,306.618327218424,314.703184847021
2,CVF-AE,68,310.633921318559,3.99861475311754,306.635306565441,314.632536071676
2,CVF-AE,69,310.223025985902,4.00732146926987,306.215704516632,314.230347455172
2,CVF-AE,70,310.223025985902,4.00732146926987,306.215704516632,314.230347455172
2,CVF-AE,71,310.150553883359,3.96339691252813,306.187156970831,314.113950795887
2,CVF-AE,72,310.150553883359,3.96339691252813,306.187156970831,314.113950795887
2,CVF-AE,73,310.01696736134,4.00111952634487,306.015847834995,314.018086887685
2,CVF-AE,74,309.989458128064,3.97018581995392,306.01927230811,313.959643948018
2,CVF-AE,75,309.907834393853,3.9169701808179,305.990864213035,313.82480457467
2,CVF-AE,76,309.907834393853,3.9169701808179,305.990864213035,313.82480457467
2,CVF-AE,77,309.907834393853,3.9169701808179,305.990864213035,313.82480457467
2,CVF-AE,78,309.748274682253,3.7932248363551,305.955049845898,313.541499518608
2,CVF-AE,79,309.543635187635,3.57042667152467,305.973208516111,313.11406185916
2,CVF-AE,80,309.543635187635,3.57042667152467,305.973208516111,313.11406185916
2,CVF-AE,81,309.543635187635,3.57042667152467,305.973208516111,313.11406185916
2,CVF-AE,82,309.516530842324,3.54674110819552,305.969789734129,313.06327195052
2,CVF-AE,83,309.333341668148,3.70605832465379,305.627283343495,313.039399992802
2,CVF-AE,84,308.746591147106,4.17970188943506,304.566889257671,312.926293036541
2,CVF-AE,85,308.631843838911,4.1379065084887,304.493937330423,312.7697503474
2,CVF-AE,86,308.631843838911,4.1379065084887,304.493937330423,312.7697503474
2,CVF-AE,87,308.522340193788,4.10494871215609,304.417391481632,312.627288905945
2,CVF-AE,88,308.522340193788,4.10494871215609,304.417391481632,312.627288905945
2,CVF-AE,89,308.433770394186,4.06204021048109,304.371730183705,312.495810604667
2,CVF-AE,90,308.433770394186,4.06204021048109,304.371730183705,312.495810604667
2,CVF-AE,91,308.271714034442,4.03113001952949,304.240584014913,312.302844053972
2,CVF-AE,92,308.271714034442,4.03113001952949,304.240584014913,312.302844053972
2,CVF-AE,93,308.271714034442,4.03113001952949,304.240584014913,312.302844053972
2,CVF-AE,94,308.271714034442,4.03113001952949,304.240584014913,312.302844053972
2,CVF-AE,95,308.271714034442,4.03113001952949,304.240584014913,312.302844053972
2,CVF-AE,96,308.231721784475,3.95266950971615,304.279052274759,312.184391294191
2,CVF-AE,97,308.082955589796,4.03430032865687,304.04865526114,312.117255918453
2,CVF-AE,98,307.930020018989,3.92732066180529,304.002699357184,311.857340680794
2,CVF-AE,99,307.930020018989,3.92732066180529,304.002699357184,311.857340680794
2,CVF-AE,100,307.930020018989,3.92732066180529,304.002699357184,311.857340680794
2,CVF-AE,101,307.930020018989,3.92732066180529,304.002699357184,311.857340680794
2,CVF-AE,102,307.868832818762,3.96926343388949,303.899569384873,311.838096252652
2,CVF-AE,103,307.803274841599,3.88478533197254,303.918489509626,311.688060173571
2,CVF-AE,104,307.803274841599,3.88478533197254,303.918489509626,311.688060173571
2,CVF-AE,105,307.698063646885,3.78401128714811,303.914052359737,311.482074934033
2,CVF-AE,106,307.698063646885,3.78401128714811,303.914052359737,311.482074934033
2,CVF-AE,107,307.538527401651,3.78258915909277,303.755938242558,311.321116560743
2,CVF-AE,108,307.538527401651,3.78258915909277,303.755938242558,311.321116560743
2,CVF-AE,109,307.538527401651,3.78258915909277,303.755938242558,311.321116560743
2,CVF-AE,110,307.461109433588,3.74185865036188,303.719250783226,311.20296808395
2,CVF-AE,111,307.420422980184,3.67047380832294,303.749949171861,311.090896788507
2,CVF-AE,112,307.420422980184,3.67047380832294,303.749949171861,311.090896788507
2,CVF-AE,113,307.388088496686,3.67535796600839,303.712730530678,311.063446462694
2,CVF-AE,114,307.320599477312,3.5625894608791,303.758010016432,310.883188938191
2,CVF-AE,115,306.927654346306,3.79568968805093,303.131964658255,310.723344034357
2,CVF-AE,116,306.927654346306,3.79568968805093,303.131964658255,310.723344034357
2,CVF-AE,117,306.663348935056,3.70428129652204,302.959067638534,310.367630231578
2,CVF-AE,118,306.663348935056,3.70428129652204,302.959067638534,310.367630231578
2,CVF-AE,119,306.663348935056,3.70428129652204,302.959067638534,310.367630231578
2,CVF-AE,120,306.569438908225,3.50987001450964,303.059568893715,310.079308922735
2,CVF-AE,121,306.554344305308,3.51104587206511,303.043298433243,310.065390177373
2,CVF-AE,122,306.538150514833,3.50990128765667,303.028249227177,310.04805180249
2,CVF-AE,123,306.538150514833,3.50990128765667,303.028249227177,310.04805180249
2,CVF-AE,124,306.500281076046,3.46328493670049,303.036996139346,309.963566012747
2,CVF-AE,125,306.500281076046,3.46328493670049,303.036996139346,309.963566012747
2,CVF-AE,126,306.500281076046,3.46328493670049,303.036996139346,309.963566012747
2,CVF-AE,127,306.500281076046,3.46328493670049,303.036996139346,309.963566012747
2,CVF-AE,128,306.500281076046,3.46328493670049,303.036996139346,309.963566012747
2,CVF-AE,129,306.500281076046,3.46328493670049,303.036996139346,309.963566012747
2,CVF-AE,130,306.492965211851,3.44725922239867,303.045705989452,309.940224434249
2,CVF-AE,131,306.492965211851,3.44725922239867,303.045705989452,309.940224434249
2,CVF-AE,132,306.492965211851,3.44725922239867,303.045705989452,309.940224434249
2,CVF-AE,133,306.492965211851,3.44725922239867,303.045705989452,309.940224434249
2,CVF-AE,134,306.423682238774,3.4894119864323,302.934270252341,309.913094225206
2,CVF-AE,135,306.423682238774,3.4894119864323,302.934270252341,309.913094225206
2,CVF-AE,136,306.423682238774,3.4894119864323,302.934270252341,309.913094225206
2,CVF-AE,137,306.423682238774,3.4894119864323,302.934270252341,309.913094225206
2,CVF-AE,138,306.341150656647,3.39760926959571,302.943541387051,309.738759926243
2,CVF-AE,139,306.341150656647,3.39760926959571,302.943541387051,309.738759926243
2,CVF-AE,140,306.341150656647,3.39760926959571,302.943541387051,309.738759926243
2,CVF-AE,141,306.25393617325,3.23163240993195,303.022303763318,309.485568583182
2,CVF-AE,142,306.25393617325,3.23163240993195,303.022303763318,309.485568583182
2,CVF-AE,143,306.25393617325,3.23163240993195,303.022303763318,309.485568583182
2,CVF-AE,144,306.25393617325,3.23163240993195,303.022303763318,309.485568583182
2,CVF-AE,145,306.218462956005,3.27379220408561,302.944670751919,309.49225516009
2,CVF-AE,146,306.218462956005,3.27379220408561,302.944670751919,309.49225516009
2,CVF-AE,147,306.072804486,3.26411854141652,302.808685944583,309.336923027416
2,CVF-AE,148,305.970871708904,3.37154862014013,302.599323088764,309.342420329044
2,CVF-AE,149,305.970871708904,3.37154862014013,302.599323088764,309.342420329044
2,CVF-AE,150,305.970871708904,3.37154862014013,302.599323088764,309.342420329044
2,CVF-AE,151,305.473798837758,3.82550525100693,301.648293586751,309.299304088764
2,CVF-AE,152,305.399603822738,3.7344938163865,301.665110006352,309.134097639124
2,CVF-AE,153,305.357085643967,3.73017100295555,301.626914641011,309.087256646922
2,CVF-AE,154,305.342890318926,3.72605645568724,301.616833863239,309.068946774613
2,CVF-AE,155,305.320154124394,3.69800316339238,301.622150961001,309.018157287786
2,CVF-AE,156,305.320154124394,3.69800316339238,301.622150961001,309.018157287786
2,CVF-AE,157,305.154431366014,3.61858024357092,301.535851122443,308.773011609584
2,CVF-AE,158,305.154431366014,3.61858024357092,301.535851122443,308.773011609584
2,CVF-AE,159,304.747645194579,3.77681665278989,300.970828541789,308.524461847369
2,CVF-AE,160,304.747645194579,3.77681665278989,300.970828541789,308.524461847369
2,CVF-AE,161,304.576293061897,3.85333324666621,300.72295981523,308.429626308563
2,CVF-AE,162,304.534389721205,3.85318992679702,300.681199794408,308.387579648002
2,CVF-AE,163,304.534389721205,3.85318992679702,300.681199794408,308.387579648002
2,CVF-AE,164,304.534389721205,3.85318992679702,300.681199794408,308.387579648002
2,CVF-AE,165,304.403185840966,3.82706385798526,300.576121982981,308.230249698951
2,CVF-AE,166,304.316334787849,3.66483960282788,300.651495185021,307.981174390677
2,CVF-AE,167,304.316334787849,3.66483960282788,300.651495185021,307.981174390677
2,CVF-AE,168,304.316334787849,3.66483960282788,300.651495185021,307.981174390677
2,CVF-AE,169,304.316334787849,3.66483960282788,300.651495185021,307.981174390677
2,CVF-AE,170,304.316334787849,3.66483960282788,300.651495185021,307.981174390677
2,CVF-AE,171,304.316334787849,3.66483960282788,300.651495185021,307.981174390677
2,CVF-AE,172,304.185956501317,3.48060474708914,300.705351754228,307.666561248407
2,CVF-AE,173,304.185956501317,3.48060474708914,300.705351754228,307.666561248407
2,CVF-AE,174,304.163892289117,3.44339921493855,300.720493074178,307.607291504056
2,CVF-AE,175,304.163892289117,3.44339921493855,300.720493074178,307.607291504056
2,CVF-AE,176,304.163892289117,3.44339921493855,300.720493074178,307.607291504056
2,CVF-AE,177,304.07610961806,3.33817753993961,300.737932078121,307.414287158
2,CVF-AE,178,304.07610961806,3.33817753993961,300.737932078121,307.414287158
2,CVF-AE,179,304.07610961806,3.33817753993961,300.737932078121,307.414287158
2,CVF-AE,180,304.07610961806,3.33817753993961,300.737932078121,307.414287158
2,CVF-AE,181,304.07610961806,3.33817753993961,300.737932078121,307.414287158
2,CVF-AE,182,304.07610961806,3.33817753993961,300.737932078121,307.414287158
2,CVF-AE,183,304.07610961806,3.33817753993961,300.737932078121,307.414287158
2,CVF-AE,184,303.888796445179,3.34537617539899,300.54342026978,307.234172620578
2,CVF-AE,185,303.775015761154,3.32658752205149,300.448428239102,307.101603283205
2,CVF-AE,186,303.775015761154,3.32658752205149,300.448428239102,307.101603283205
2,CVF-AE,187,303.666977211756,3.1842638718748,300.482713339881,306.851241083631
2,CVF-AE,188,303.666977211756,3.1842638718748,300.482713339881,306.851241083631
2,CVF-AE,189,303.666977211756,3.1842638718748,300.482713339881,306.851241083631
2,CVF-AE,190,303.666977211756,3.1842638718748,300.482713339881,306.851241083631
2,CVF-AE,191,303.666977211756,3.1842638718748,300.482713339881,306.851241083631
2,CVF-AE,192,303.666977211756,3.1842638718748,300.482713339881,306.851241083631
2,CVF-AE,193,303.466958299241,3.4703338229163,299.996624476325,306.937292122158
2,CVF-AE,194,303.383164827798,3.40747467509607,299.975690152702,306.790639502894
2,CVF-AE,195,303.271079355435,3.36731481489741,299.903764540538,306.638394170333
2,CVF-AE,196,303.271079355435,3.36731481489741,299.903764540538,306.638394170333
2,CVF-AE,197,303.271079355435,3.36731481489741,299.903764540538,306.638394170333
2,CVF-AE,198,303.14373161429,3.17537445663664,299.968357157653,306.319106070927
2,CVF-AE,199,303.083771588141,3.15392726169879,299.929844326442,306.237698849839
2,CVF-AE,200,303.052163535022,3.09887417214615,299.953289362875,306.151037707168
2,CVF-AE,201,303.033093333178,3.09037495027728,299.942718382901,306.123468283456
2,CVF-AE,202,303.033093333178,3.09037495027728,299.942718382901,306.123468283456
2,CVF-AE,203,302.875624053512,2.98004162919254,299.895582424319,305.855665682704
2,CVF-AE,204,302.875624053512,2.98004162919254,299.895582424319,305.855665682704
2,CVF-AE,205,302.875624053512,2.98004162919254,299.895582424319,305.855665682704
2,CVF-AE,206,302.875624053512,2.98004162919254,299.895582424319,305.855665682704
2,CVF-AE,207,302.875624053512,2.98004162919254,299.895582424319,305.855665682704
2,CVF-AE,208,302.875624053512,2.98004162919254,299.895582424319,305.855665682704
2,CVF-AE,209,302.875624053512,2.98004162919254,299.895582424319,305.855665682704
2,CVF-AE,210,302.875624053512,2.98004162919254,299.895582424319,305.855665682704
2,CVF-AE,211,302.875624053512,2.98004162919254,299.895582424319,305.855665682704
2,CVF-AE,212,302.875624053512,2.98004162919254,299.895582424319,305.855665682704
2,CVF-AE,213,302.875624053512,2.98004162919254,299.895582424319,305.855665682704
2,CVF-AE,214,302.836758851768,2.99951992533136,299.837238926436,305.836278777099
2,CVF-AE,215,302.686852359139,2.96753287827395,299.719319480865,305.654385237413
2,CVF-AE,216,302.663769737261,2.96013703096123,299.7036327063,305.623906768222
2,CVF-AE,217,302.663769737261,2.96013703096123,299.7036327063,305.623906768222
2,CVF-AE,218,302.663769737261,2.96013703096123,299.7036327063,305.623906768222
2,CVF-AE,219,302.663769737261,2.96013703096123,299.7036327063,305.623906768222
2,CVF-AE,220,302.598432220198,2.81808752171099,299.780344698487,305.416519741909
2,CVF-AE,221,302.598432220198,2.81808752171099,299.780344698487,305.416519741909
2,CVF-AE,222,302.598432220198,2.81808752171099,299.780344698487,305.416519741909
2,CVF-AE,223,302.598432220198,2.81808752171099,299.780344698487,305.416519741909
2,CVF-AE,224,302.598432220198,2.81808752171099,299.780344698487,305.416519741909
2,CVF-AE,225,302.598432220198,2.81808752171099,299.780344698487,305.416519741909
2,CVF-AE,226,302.598432220198,2.81808752171099,299.780344698487,305.416519741909
2,CVF-AE,227,302.598432220198,2.81808752171099,299.780344698487,305.416519741909
2,CVF-AE,228,302.598432220198,2.81808752171099,299.780344698487,305.416519741909
2,CVF-AE,229,302.576354054513,2.8149247718842,299.761429282629,305.391278826397
2,CVF-AE,230,302.576354054513,2.8149247718842,299.761429282629,305.391278826397
2,CVF-AE,231,302.576354054513,2.8149247718842,299.761429282629,305.391278826397
2,CVF-AE,232,302.576354054513,2.8149247718842,299.761429282629,305.391278826397
2,CVF-AE,233,302.576354054513,2.8149247718842,299.761429282629,305.391278826397
2,CVF-AE,234,302.576354054513,2.8149247718842,299.761429282629,305.391278826397
2,CVF-AE,235,302.388347478685,2.87894324218,299.509404236505,305.267290720866
2,CVF-AE,236,302.324098321079,2.87732854618593,299.446769774893,305.201426867265
2,CVF-AE,237,302.324098321079,2.87732854618593,299.446769774893,305.201426867265
2,CVF-AE,238,302.324098321079,2.87732854618593,299.446769774893,305.201426867265
2,CVF-AE,239,302.324098321079,2.87732854618593,299.446769774893,305.201426867265
2,CVF-AE,240,302.324098321079,2.87732854618593,299.446769774893,305.201426867265
2,CVF-AE,241,302.324098321079,2.87732854618593,299.446769774893,305.201426867265
2,CVF-AE,242,302.324098321079,2.87732854618593,299.446769774893,305.201426867265
2,CVF-AE,243,302.324098321079,2.87732854618593,299.446769774893,305.201426867265
2,CVF-AE,244,302.324098321079,2.87732854618593,299.446769774893,305.201426867265
2,CVF-AE,245,302.31594975514,2.86616332728219,299.449786427857,305.182113082422
2,CVF-AE,246,302.246729351454,2.85843924207358,299.388290109381,305.105168593528
2,CVF-AE,247,302.246729351454,2.85843924207358,299.388290109381,305.105168593528
2,CVF-AE,248,302.246729351454,2.85843924207358,299.388290109381,305.105168593528
2,CVF-AE,249,302.246729351454,2.85843924207358,299.388290109381,305.105168593528
2,CVF-AE,250,302.246729351454,2.85843924207358,299.388290109381,305.105168593528
2,CVF-AE,251,302.212164925235,2.84897230588763,299.363192619347,305.061137231123
2,CVF-AE,252,302.159780495748,2.855156914303,299.304623581445,305.014937410051
2,CVF-AE,253,302.159780495748,2.855156914303,299.304623581445,305.014937410051
2,CVF-AE,254,302.159780495748,2.855156914303,299.304623581445,305.014937410051
2,CVF-AE,255,302.159780495748,2.855156914303,299.304623581445,305.014937410051
2,CVF-AE,256,302.159780495748,2.855156914303,299.304623581445,305.014937410051
2,CVF-AE,257,302.150974395368,2.84713753857826,299.30383685679,304.998111933947
2,CVF-AE,258,302.150974395368,2.84713753857826,299.30383685679,304.998111933947
2,CVF-AE,259,302.150974395368,2.84713753857826,299.30383685679,304.998111933947
2,CVF-AE,260,302.150974395368,2.84713753857826,299.30383685679,304.998111933947
2,CVF-AE,261,302.150974395368,2.84713753857826,299.30383685679,304.998111933947
2,CVF-AE,262,302.150974395368,2.84713753857826,299.30383685679,304.998111933947
2,CVF-AE,263,302.150974395368,2.84713753857826,299.30383685679,304.998111933947
2,CVF-AE,264,302.040794698283,2.84141300776837,299.199381690515,304.882207706052
2,CVF-AE,265,302.040794698283,2.84141300776837,299.199381690515,304.882207706052
2,CVF-AE,266,301.990559385305,2.76921899557789,299.221340389727,304.759778380882
2,CVF-AE,267,301.990559385305,2.76921899557789,299.221340389727,304.759778380882
2,CVF-AE,268,301.923182632142,2.76399575079273,299.159186881349,304.687178382935
2,CVF-AE,269,301.923182632142,2.76399575079273,299.159186881349,304.687178382935
2,CVF-AE,270,301.923182632142,2.76399575079273,299.159186881349,304.687178382935
2,CVF-AE,271,301.923182632142,2.76399575079273,299.159186881349,304.687178382935
2,CVF-AE,272,301.923182632142,2.76399575079273,299.159186881349,304.687178382935
2,CVF-AE,273,301.923182632142,2.76399575079273,299.159186881349,304.687178382935
2,CVF-AE,274,301.923182632142,2.76399575079273,299.159186881349,304.687178382935
2,CVF-AE,275,301.923182632142,2.76399575079273,299.159186881349,304.687178382935
2,CVF-AE,276,301.923182632142,2.76399575079273,299.159186881349,304.687178382935
2,CVF-AE,277,301.868947412921,2.72313447022321,299.145812942698,304.592081883144
2,CVF-AE,278,301.868947412921,2.72313447022321,299.145812942698,304.592081883144
2,CVF-AE,279,301.868947412921,2.72313447022321,299.145812942698,304.592081883144
2,CVF-AE,280,301.868947412921,2.72313447022321,299.145812942698,304.592081883144
2,CVF-AE,281,301.868947412921,2.72313447022321,299.145812942698,304.592081883144
2,CVF-AE,282,301.833909946421,2.74075856432046,299.093151382101,304.574668510742
2,CVF-AE,283,301.801216834619,2.75354286354302,299.047673971076,304.554759698162
2,CVF-AE,284,301.801216834619,2.75354286354302,299.047673971076,304.554759698162
2,CVF-AE,285,301.801216834619,2.75354286354302,299.047673971076,304.554759698162
2,CVF-AE,286,301.801216834619,2.75354286354302,299.047673971076,304.554759698162
2,CVF-AE,287,301.801216834619,2.75354286354302,299.047673971076,304.554759698162
2,CVF-AE,288,301.801216834619,2.75354286354302,299.047673971076,304.554759698162
2,CVF-AE,289,301.801216834619,2.75354286354302,299.047673971076,304.554759698162
2,CVF-AE,290,301.801216834619,2.75354286354302,299.047673971076,304.554759698162
2,CVF-AE,291,301.801216834619,2.75354286354302,299.047673971076,304.554759698162
2,CVF-AE,292,301.801216834619,2.75354286354302,299.047673971076,304.554759698162
2,CVF-AE,293,301.790261209153,2.75559046462301,299.03467074453,304.545851673776
2,CVF-AE,294,301.790261209153,2.75559046462301,299.03467074453,304.545851673776
2,CVF-AE,295,301.767542497363,2.75263060434693,299.014911893016,304.52017310171
2,CVF-AE,296,301.650444617724,2.83559609839621,298.814848519327,304.48604071612
2,CVF-AE,297,301.552462027312,2.92797208361312,298.624489943699,304.480434110925
2,CVF-AE,298,301.366949870882,3.12638377545264,298.24056609543,304.493333646335
2,CVF-AE,299,301.201825136219,2.90186972412191,298.299955412097,304.103694860341
2,CVF-AE,300,301.201825136219,2.90186972412191,298.299955412097,304.103694860341
2,CPO,1,1310.61803054298,828.090636544702,482.527393998282,2138.70866708769
2,CPO,2,957.203154622036,618.354895848441,338.848258773596,1575.55805047048
2,CPO,3,764.449975365462,478.369144148584,286.080831216878,1242.81911951405
2,CPO,4,689.981470193157,412.246451820248,277.735018372909,1102.22792201341
2,CPO,5,586.296187336005,318.820487742606,267.475699593399,905.116675078611
2,CPO,6,515.789735953141,193.92998443224,321.8597515209,709.719720385381
2,CPO,7,490.30640451241,186.949256066744,303.357148445666,677.255660579154
2,CPO,8,479.708814269129,187.421043901822,292.287770367307,667.129858170952
2,CPO,9,465.102362709089,188.313798971895,276.788563737194,653.416161680984
2,CPO,10,450.090948412216,148.274736944425,301.816211467791,598.365685356641
2,CPO,11,420.542468808611,82.0286652823214,338.51380352629,502.571134090932
2,CPO,12,412.81073529759,78.9871001174315,333.823635180158,491.797835415021
2,CPO,13,406.410854082103,75.8652911360099,330.545562946093,482.276145218113
2,CPO,14,399.458240594214,66.9508509288768,332.507389665337,466.409091523091
2,CPO,15,396.297479230926,66.4413200558389,329.856159175088,462.738799286765
2,CPO,16,391.887209802371,64.5713806200559,327.315829182315,456.458590422427
2,CPO,17,388.599854192017,65.9275000162618,322.672354175756,454.527354208279
2,CPO,18,385.657793176661,62.2216013233789,323.436191853282,447.87939450004
2,CPO,19,380.70273558517,57.293685663559,323.409049921611,437.996421248729
2,CPO,20,376.459750373696,57.0008200349693,319.458930338727,433.460570408665
2,CPO,21,368.708811849518,43.7009666789307,325.007845170587,412.409778528449
2,CPO,22,364.432121417405,41.714435400001,322.717686017404,406.146556817406
2,CPO,23,359.167246671842,40.7672619867785,318.399984685063,399.93450865862
2,CPO,24,357.788231169445,40.1824330830402,317.605798086405,397.970664252485
2,CPO,25,354.769820261992,35.8156899350258,318.954130326966,390.585510197018
2,CPO,26,352.171504390011,34.6538769638084,317.517627426203,386.825381353819
2,CPO,27,350.250582832826,33.9126407327423,316.337942100084,384.163223565568
2,CPO,28,348.383990356706,32.4770426953081,315.906947661397,380.861033052014
2,CPO,29,346.347031307591,30.8628302631121,315.484201044479,377.209861570703
2,CPO,30,344.821398114909,30.2866749354399,314.534723179469,375.108073050349
2,CPO,31,340.446819881908,29.0576606551064,311.389159226802,369.504480537015
2,CPO,32,338.668036572642,26.6834714084336,311.984565164209,365.351507981076
2,CPO,33,338.260752013902,26.7633566345332,311.497395379369,365.024108648435
2,CPO,34,336.964196174727,26.098540678322,310.865655496405,363.062736853049
2,CPO,35,335.404019373692,23.5131259977885,311.890893375903,358.91714537148
2,CPO,36,334.375461271876,23.5679145482334,310.807546723643,357.943375820109
2,CPO,37,333.049652753171,23.8408331049098,309.208819648261,356.890485858081
2,CPO,38,332.30289773995,24.2080572079353,308.094840532015,356.510954947885
2,CPO,39,330.667106439578,23.6513529594653,307.015753480113,354.318459399043
2,CPO,40,328.76363796752,23.8874944607806,304.876143506739,352.6511324283
2,CPO,41,328.267981144939,23.8922427163534,304.375738428586,352.160223861293
2,CPO,42,326.704364135308,23.0397339603107,303.664630174997,349.744098095618
2,CPO,43,324.355229233377,21.6765558313682,302.678673402008,346.031785064745
2,CPO,44,322.873383309068,21.4408083553313,301.432574953737,344.314191664399
2,CPO,45,320.745435974711,21.6145631629057,299.130872811805,342.359999137617
2,CPO,46,319.806711613628,20.7374641034904,299.069247510138,340.544175717119
2,CPO,47,319.109995904731,20.1417334039283,298.968262500802,339.251729308659
2,CPO,48,318.138341871802,19.5421049000089,298.596236971793,337.680446771811
2,CPO,49,316.921107910098,18.0028783986429,298.918229511455,334.923986308741
2,CPO,50,314.97067684253,15.4833562048004,299.487320637729,330.45403304733
2,CPO,51,314.652143624202,15.5731496752139,299.078993948988,330.225293299416
2,CPO,52,313.418091106291,15.0962489154422,298.321842190848,328.514340021733
2,CPO,53,312.31717269173,14.3441669984168,297.973005693313,326.661339690147
2,CPO,54,312.233860767096,14.3493037128807,297.884557054216,326.583164479977
2,CPO,55,311.427112506469,13.6811107353496,297.746001771119,325.108223241819
2,CPO,56,310.765152840576,13.985990570002,296.779162270574,324.751143410578
2,CPO,57,310.5992190259,13.7129115357569,296.886307490143,324.312130561657
2,CPO,58,309.571240856842,13.8725310402877,295.698709816555,323.44377189713
2,CPO,59,309.37591945676,13.9156496409272,295.460269815833,323.291569097687
2,CPO,60,308.913506479463,14.0367304940821,294.876775985381,322.950236973546
2,CPO,61,308.820605633811,14.1473023736899,294.673303260121,322.967908007501
2,CPO,62,308.598174574971,14.2111687051196,294.387005869852,322.809343280091
2,CPO,63,308.338500142547,14.3142530343018,294.024247108245,322.652753176849
2,CPO,64,308.057456460855,14.5757508757563,293.481705585099,322.633207336612
2,CPO,65,307.265415163572,13.6758123967488,293.589602766823,320.94122756032
2,CPO,66,306.765025229606,13.7102686523807,293.054756577226,320.475293881987
2,CPO,67,306.254593582196,13.7483252469678,292.506268335228,320.002918829163
2,CPO,68,306.117690719063,13.7878776987023,292.32981302036,319.905568417765
2,CPO,69,306.052504675908,13.8335477863903,292.218956889518,319.886052462299
2,CPO,70,305.660634505555,13.985052913709,291.675581591846,319.645687419264
2,CPO,71,305.021485611412,13.2800737922135,291.741411819199,318.301559403626
2,CPO,72,304.813503116749,13.3336421096746,291.479861007074,318.147145226424
2,CPO,73,304.332973190712,13.3365740926459,290.996399098066,317.669547283358
2,CPO,74,303.705292262181,12.8664804213201,290.838811840861,316.571772683501
2,CPO,75,303.507005561,12.8311655304842,290.675840030515,316.338171091484
2,CPO,76,303.129682909648,12.2831717728501,290.846511136798,315.412854682498
2,CPO,77,302.223091796107,11.9168210642608,290.306270731846,314.139912860368
2,CPO,78,302.095803088993,11.9119233612796,290.183879727714,314.007726450273
2,CPO,79,301.884986747954,11.9683884329629,289.916598314991,313.853375180917
2,CPO,80,301.381026539786,11.1056420959308,290.275384443855,312.486668635717
2,CPO,81,301.331740351875,11.0248757522884,290.306864599586,312.356616104163
2,CPO,82,301.041736886848,10.9448222367431,290.096914650105,311.986559123591
2,CPO,83,301.001014890812,10.9592502561835,290.041764634628,311.960265146995
2,CPO,84,300.790387556467,10.8329948452888,289.957392711178,311.623382401755
2,CPO,85,300.039231071476,10.2408180197905,289.798413051686,310.280049091267
2,CPO,86,299.63545347966,10.4171134049018,289.218340074759,310.052566884562
2,CPO,87,299.45164014988,10.2649780573782,289.186662092502,309.716618207258
2,CPO,88,298.96966964386,9.9901861869425,288.979483456917,308.959855830802
2,CPO,89,298.862598185876,10.0595173954103,288.803080790466,308.922115581287
2,CPO,90,298.538955912487,10.0539844428078,288.484971469679,308.592940355295
2,CPO,91,298.020405463633,10.1178877362123,287.90251772742,308.138293199845
2,CPO,92,297.266856114703,9.55638564455909,287.710470470144,306.823241759262
2,CPO,93,296.74712430729,9.4895427720775,287.257581535213,306.236667079368
2,CPO,94,296.245060987855,8.74172312996332,287.503337857891,304.986784117818
2,CPO,95,295.733932943214,8.30954454969548,287.424388393519,304.04347749291
2,CPO,96,295.689130153709,8.33807243694505,287.351057716764,304.027202590654
2,CPO,97,295.622030888603,8.27650863499132,287.345522253612,303.898539523595
2,CPO,98,295.516145378238,8.26936106764672,287.246784310591,303.785506445885
2,CPO,99,295.186889295475,8.01326552410782,287.173623771368,303.200154819583
2,CPO,100,294.888991141837,7.73477351640286,287.154217625434,302.62376465824
2,CPO,101,294.285731735527,6.88281561078428,287.402916124743,301.168547346312
2,CPO,102,294.127740371124,6.88099303488975,287.246747336235,301.008733406014
2,CPO,103,293.877746814672,7.01639930801776,286.861347506654,300.894146122689
2,CPO,104,293.364818222573,6.19877826969988,287.166039952874,299.563596492273
2,CPO,105,293.159373263235,6.22372822505776,286.935645038177,299.383101488293
2,CPO,106,293.029860353984,6.2939784579705,286.735881896014,299.323838811955
2,CPO,107,292.558041580865,6.35753761714784,286.200503963717,298.915579198013
2,CPO,108,292.332662211798,6.03500550405752,286.29765670774,298.367667715855
2,CPO,109,292.165612533497,6.0780652943179,286.087547239179,298.243677827815
2,CPO,110,291.963293241479,5.66056892773413,286.302724313745,297.623862169214
2,CPO,111,291.785090620441,5.39501436795175,286.390076252489,297.180104988393
2,CPO,112,291.392139195098,5.46266744149651,285.929471753602,296.854806636595
2,CPO,113,291.344176336681,5.40487605655037,285.939300280131,296.749052393231
2,CPO,114,291.197879776586,5.42668852417498,285.771191252411,296.624568300761
2,CPO,115,291.197879776586,5.42668852417498,285.771191252411,296.624568300761
2,CPO,116,290.928950943675,5.45946282670167,285.469488116973,296.388413770376
2,CPO,117,290.928950943675,5.45946282670167,285.469488116973,296.388413770376
2,CPO,118,290.808812419767,5.40863329891765,285.40017912085,296.217445718685
2,CPO,119,290.657618111083,5.22928344756194,285.428334663521,295.886901558645
2,CPO,120,290.620115839201,5.23305406674732,285.387061772454,295.853169905949
2,CPO,121,290.412256775354,5.11837585601648,285.293880919338,295.530632631371
2,CPO,122,289.963579307904,4.62155536133146,285.342023946572,294.585134669235
2,CPO,123,289.441834293592,4.61826753233993,284.823566761252,294.060101825932
2,CPO,124,289.391099370171,4.59720981519468,284.793889554977,293.988309185366
2,CPO,125,289.261246615855,4.55118933520355,284.710057280651,293.812435951058
2,CPO,126,289.191520925469,4.55354665236196,284.637974273107,293.745067577831
2,CPO,127,289.16170599842,4.53547088114805,284.626235117272,293.697176879568
2,CPO,128,288.945479338679,4.65141450595514,284.294064832724,293.596893844634
2,CPO,129,288.911136500295,4.60274657377232,284.308389926523,293.513883074068
2,CPO,130,288.770437206474,4.63781274909148,284.132624457382,293.408249955565
2,CPO,131,288.717312461551,4.62347304894689,284.093839412604,293.340785510498
2,CPO,132,288.630145764848,4.52999447750362,284.100151287344,293.160140242352
2,CPO,133,288.621620231883,4.53551399445962,284.086106237424,293.157134226343
2,CPO,134,288.483340214604,4.52874126330584,283.954598951298,293.01208147791
2,CPO,135,288.300022569642,4.50177054669742,283.798252022944,292.801793116339
2,CPO,136,288.229215955416,4.45186685933312,283.777349096083,292.681082814749
2,CPO,137,288.124764298771,4.29270279737698,283.832061501394,292.417467096148
2,CPO,138,288.005435449507,4.34225190893498,283.663183540572,292.347687358442
2,CPO,139,287.802612435711,4.29069546341383,283.511916972297,292.093307899125
2,CPO,140,287.802612435711,4.29069546341383,283.511916972297,292.093307899125
2,CPO,141,287.399959382837,4.3158137563446,283.084145626492,291.715773139181
2,CPO,142,287.20362337115,4.12311955916907,283.080503811981,291.326742930319
2,CPO,143,287.078476098671,4.16008778881405,282.918388309857,291.238563887485
2,CPO,144,286.952824925614,4.13044740811359,282.822377517501,291.083272333728
2,CPO,145,286.919544665502,4.13148418012693,282.788060485375,291.051028845629
2,CPO,146,286.741541579862,4.05899956305024,282.682542016812,290.800541142912
2,CPO,147,286.66564366497,3.96238166098208,282.703262003988,290.628025325952
2,CPO,148,286.652774903243,3.95549411365801,282.697280789585,290.608269016901
2,CPO,149,286.591413504799,3.92838137845138,282.663032126348,290.51979488325
2,CPO,150,286.556515741307,3.93504005867108,282.621475682636,290.491555799978
2,CPO,151,286.461225478185,3.92884222102402,282.532383257161,290.390067699209
2,CPO,152,286.242008858977,3.90505248849405,282.336956370483,290.147061347472
2,CPO,153,286.164273008113,3.91415903261641,282.250113975496,290.078432040729
2,CPO,154,286.054988923266,3.79758044404668,282.257408479219,289.852569367313
2,CPO,155,286.032706588245,3.79715493277451,282.23555165547,289.829861521019
2,CPO,156,285.851540599978,3.76494620040323,282.086594399575,289.616486800382
2,CPO,157,285.786180789948,3.78605243824985,282.000128351698,289.572233228198
2,CPO,158,285.763506263257,3.71508144949297,282.048424813764,289.47858771275
2,CPO,159,285.763506263257,3.71508144949297,282.048424813764,289.47858771275
2,CPO,160,285.697643356646,3.72885099245841,281.968792364188,289.426494349104
2,CPO,161,285.689171151971,3.7344760759418,281.954695076029,289.423647227913
2,CPO,162,285.465676465536,3.900309113456,281.565367352081,289.365985578992
2,CPO,163,285.380324016008,3.93040632687458,281.449917689134,289.310730342883
2,CPO,164,285.351705284467,3.94526344368193,281.406441840785,289.296968728148
2,CPO,165,285.275551429067,3.97234774544832,281.303203683618,289.247899174515
2,CPO,166,285.171203667481,3.83514752033547,281.336056147146,289.006351187817
2,CPO,167,285.117027039486,3.83508700051513,281.281940038971,288.952114040001
2,CPO,168,285.065079402381,3.83767643653501,281.227402965846,288.902755838916
2,CPO,169,285.046432406579,3.84619501762572,281.200237388953,288.892627424204
2,CPO,170,285.032835348063,3.85008229736861,281.182753050694,288.882917645431
2,CPO,171,284.911707519485,3.62076242593431,281.29094509355,288.532469945419
2,CPO,172,284.82797105989,3.56656778083199,281.261403279058,288.394538840722
2,CPO,173,284.81040220583,3.53264337658056,281.277758829249,288.34304558241
2,CPO,174,284.626825014677,3.62039542147431,281.006429593203,288.247220436152
2,CPO,175,284.619971752242,3.60773275254884,281.012238999693,288.22770450479
2,CPO,176,284.519013107458,3.52948467787911,280.989528429579,288.048497785337
2,CPO,177,284.429078008033,3.41018822524113,281.018889782792,287.839266233275
2,CPO,178,284.331206000654,3.18929928564167,281.141906715012,287.520505286295
2,CPO,179,284.191373334734,3.13374345170607,281.057629883028,287.32511678644
2,CPO,180,284.17780307492,3.11610415919574,281.061698915724,287.293907234116
2,CPO,181,284.069393546245,3.11940779971436,280.94998574653,287.188801345959
2,CPO,182,284.013133211934,3.08625354205379,280.92687966988,287.099386753988
2,CPO,183,283.752928187544,2.93026407823488,280.822664109309,286.683192265779
2,CPO,184,283.646468417532,2.94557430738308,280.700894110149,286.592042724915
2,CPO,185,283.556589796865,2.81024115645736,280.746348640407,286.366830953322
2,CPO,186,283.435678614209,2.806502714959,280.62917589925,286.242181329168
2,CPO,187,283.368386080201,2.82879168109092,280.53959439911,286.197177761292
2,CPO,188,283.317194690539,2.86637227943923,280.4508224111,286.183566969979
2,CPO,189,283.19625671832,2.87486423461017,280.32139248371,286.071120952931
2,CPO,190,283.1157786472,2.79129961347908,280.324479033721,285.907078260679
2,CPO,191,283.061906116237,2.85174754338475,280.210158572852,285.913653659622
2,CPO,192,283.024876503999,2.84086396656388,280.184012537435,285.865740470563
2,CPO,193,282.992278702661,2.84680472996802,280.145473972693,285.839083432629
2,CPO,194,282.905674005422,2.77433980152186,280.1313342039,285.680013806944
2,CPO,195,282.889782086655,2.78126069191483,280.10852139474,285.67104277857
2,CPO,196,282.810703997949,2.83174256754836,279.978961430401,285.642446565497
2,CPO,197,282.800057224281,2.8296877302594,279.970369494022,285.629744954541
2,CPO,198,282.74436869178,2.78022607391582,279.964142617864,285.524594765696
2,CPO,199,282.66603705728,2.70550816661331,279.960528890666,285.371545223893
2,CPO,200,282.619702730703,2.70514297030435,279.914559760399,285.324845701007
2,CPO,201,282.619702730703,2.70514297030435,279.914559760399,285.324845701007
2,CPO,202,282.577422723701,2.69208075259341,279.885341971108,285.269503476295
2,CPO,203,282.523566974668,2.66406838915337,279.859498585515,285.187635363821
2,CPO,204,282.518446788413,2.6651504466658,279.853296341747,285.183597235079
2,CPO,205,282.426631334637,2.50698239909038,279.919648935547,284.933613733728
2,CPO,206,282.381883300753,2.52373810169895,279.858145199054,284.905621402451
2,CPO,207,282.308038497847,2.29773956112305,280.010298936724,284.60577805897
2,CPO,208,282.17405848055,2.24704820640238,279.927010274147,284.421106686952
2,CPO,209,282.057987251092,2.16023873844772,279.897748512644,284.218225989539
2,CPO,210,281.887462159332,2.15475792093026,279.732704238402,284.042220080263
2,CPO,211,281.804907391909,2.0900404478104,279.714866944099,283.89494783972
2,CPO,212,281.769580414408,2.10740038910771,279.662180025301,283.876980803516
2,CPO,213,281.724231846221,2.10613507092672,279.618096775295,283.830366917148
2,CPO,214,281.719761159845,2.11376736016171,279.605993799683,283.833528520007
2,CPO,215,281.670871296334,2.1709234588759,279.499947837458,283.84179475521
2,CPO,216,281.565230882625,2.15648915575048,279.408741726875,283.721720038376
2,CPO,217,281.441361599381,2.2372078964808,279.2041537029,283.678569495862
2,CPO,218,281.401616990355,2.27044069026139,279.131176300093,283.672057680616
2,CPO,219,281.378599228392,2.30968548094631,279.068913747446,283.688284709338
2,CPO,220,281.36211841927,2.28867908581231,279.073439333457,283.650797505082
2,CPO,221,281.343066329153,2.26685623515742,279.076210093996,283.609922564311
2,CPO,222,281.343066329153,2.26685623515742,279.076210093996,283.609922564311
2,CPO,223,281.270489771005,2.28533671678942,278.985153054215,283.555826487794
2,CPO,224,281.235547237327,2.3079603679697,278.927586869357,283.543507605297
2,CPO,225,281.134081017771,2.11250529091434,279.021575726857,283.246586308685
2,CPO,226,281.023085480448,2.03906865619459,278.984016824253,283.062154136642
2,CPO,227,280.891377474545,2.03657222254259,278.854805252002,282.927949697088
2,CPO,228,280.845873409367,2.05650711576924,278.789366293597,282.902380525136
2,CPO,229,280.809326689129,2.07842003658775,278.730906652541,282.887746725716
2,CPO,230,280.736267159245,2.0864649811903,278.649802178054,282.822732140435
2,CPO,231,280.640968049608,2.09353992281521,278.547428126793,282.734507972423
2,CPO,232,280.590531652997,2.088979731057,278.50155192194,282.679511384054
2,CPO,233,280.562819035266,2.07841815187534,278.484400883391,282.641237187142
2,CPO,234,280.456637722161,2.08286112494685,278.373776597214,282.539498847108
2,CPO,235,280.438878630766,2.08144363007588,278.35743500069,282.520322260842
2,CPO,236,280.404119405237,2.07774306650591,278.326376338731,282.481862471743
2,CPO,237,280.358563099538,2.12683308185771,278.23173001768,282.485396181396
2,CPO,238,280.327868456481,2.13435414012531,278.193514316356,282.462222596606
2,CPO,239,280.268597672094,2.15906561669127,278.109532055403,282.427663288785
2,CPO,240,280.160023397953,2.15707308820232,278.002950309751,282.317096486156
2,CPO,241,280.123071587827,2.18733431590405,277.935737271923,282.310405903731
2,CPO,242,280.056688011127,2.20810323793102,277.848584773196,282.264791249058
2,CPO,243,280.041417623232,2.22419388097287,277.817223742259,282.265611504204
2,CPO,244,280.028382687913,2.22818878271743,277.800193905196,282.256571470631
2,CPO,245,279.967137899765,2.14588388639142,277.821254013374,282.113021786157
2,CPO,246,279.964418448968,2.14263269978384,277.821785749184,282.107051148752
2,CPO,247,279.954791404533,2.14642993064135,277.808361473891,282.101221335174
2,CPO,248,279.905914609029,2.10018113664136,277.805733472388,282.006095745671
2,CPO,249,279.83447322898,2.05534280967108,277.779130419309,281.889816038651
2,CPO,250,279.812483007942,2.05825937519429,277.754223632747,281.870742383136
2,CPO,251,279.783898600911,2.06173300644869,277.722165594463,281.84563160736
2,CPO,252,279.746908328169,2.05689745962972,277.690010868539,281.803805787799
2,CPO,253,279.630434326008,2.01734542721251,277.613088898796,281.647779753221
2,CPO,254,279.592178081362,1.96543258940205,277.62674549196,281.557610670764
2,CPO,255,279.529584377079,2.0040622286566,277.525522148422,281.533646605735
2,CPO,256,279.488722619257,2.02719188957488,277.461530729683,281.515914508832
2,CPO,257,279.444511902416,2.05666674051881,277.387845161897,281.501178642934
2,CPO,258,279.419398037956,2.0624959350211,277.356902102935,281.481893972977
2,CPO,259,279.400758482243,2.07196583931783,277.328792642925,281.472724321561
2,CPO,260,279.390367989738,2.06233905613133,277.328028933607,281.45270704587
2,CPO,261,279.370049614969,2.06190646094861,277.30814315402,281.431956075918
2,CPO,262,279.328337103885,2.04405687321277,277.284280230673,281.372393977098
2,CPO,263,279.305015268938,2.03024167929386,277.274773589644,281.335256948232
2,CPO,264,279.295735184574,2.04528406641404,277.25045111816,281.341019250988
2,CPO,265,279.194641582787,2.06015149069816,277.134490092089,281.254793073485
2,CPO,266,279.11419538833,2.02053228936989,277.09366309896,281.1347276777
2,CPO,267,279.085765458369,2.01778426754392,277.067981190825,281.103549725913
2,CPO,268,279.060842751271,1.9763708337351,277.084471917536,281.037213585007
2,CPO,269,278.994883444186,1.95414973574239,277.040733708444,280.949033179928
2,CPO,270,278.964996701418,1.9611398280612,277.003856873356,280.926136529479
2,CPO,271,278.940151347666,1.95906060017013,276.981090747496,280.899211947836
2,CPO,272,278.874075045705,1.87722335602061,276.996851689685,280.751298401726
2,CPO,273,278.819060714029,1.88001404631764,276.939046667712,280.699074760347
2,CPO,274,278.809054941949,1.88558081442585,276.923474127523,280.694635756375
2,CPO,275,278.762054211231,1.90665303771159,276.85540117352,280.668707248943
2,CPO,276,278.74294183551,1.88860999091911,276.854331844591,280.631551826429
2,CPO,277,278.726071303079,1.88849472517544,276.837576577904,280.614566028255
2,CPO,278,278.684930755647,1.89416854951131,276.790762206135,280.579099305158
2,CPO,279,278.654837214326,1.88687765930509,276.767959555021,280.541714873631
2,CPO,280,278.638329402849,1.88707149723211,276.751257905617,280.525400900081
2,CPO,281,278.623540530131,1.89025502618227,276.733285503949,280.513795556313
2,CPO,282,278.598087531745,1.88435450845792,276.713733023287,280.482442040203
2,CPO,283,278.563380833798,1.88877021561373,276.674610618185,280.452151049412
2,CPO,284,278.516304204651,1.89627837292114,276.620025831729,280.412582577572
2,CPO,285,278.483436929946,1.92318753312084,276.560249396825,280.406624463067
2,CPO,286,278.477804687748,1.92637450991157,276.551430177837,280.40417919766
2,CPO,287,278.436103718309,1.92801322757621,276.508090490733,280.364116945886
2,CPO,288,278.432577747953,1.93146934832729,276.501108399626,280.36404709628
2,CPO,289,278.415445048061,1.92580252229865,276.489642525763,280.34124757036
2,CPO,290,278.39669303254,1.93683854077397,276.459854491766,280.333531573314
2,CPO,291,278.392668931815,1.93959660448616,276.453072327329,280.332265536301
2,CPO,292,278.374060006594,1.93812665455799,276.435933352036,280.312186661152
2,CPO,293,278.321815023877,1.94726918700395,276.374545836873,280.269084210881
2,CPO,294,278.302922447168,1.94899599393747,276.35392645323,280.251918441105
2,CPO,295,278.291447946677,1.93134447563602,276.360103471041,280.222792422313
2,CPO,296,278.279805345014,1.92997680298309,276.34982854203,280.209782147997
2,CPO,297,278.23975293718,1.87762529809852,276.362127639082,280.117378235279
2,CPO,298,278.191101356262,1.89467422481894,276.296427131443,280.085775581081
2,CPO,299,278.163976954794,1.87809757533973,276.285879379454,280.042074530134
2,CPO,300,278.119562731852,1.87675641582886,276.242806316023,279.99631914768
2,DBO,1,1976.61268473053,905.013007872439,1071.59967685809,2881.62569260297
2,DBO,2,1275.08308023361,632.216156595473,642.866923638142,1907.29923682909
2,DBO,3,859.010499614055,368.440141616074,490.570357997981,1227.45064123013
2,DBO,4,693.531233028431,318.288931341576,375.242301686854,1011.82016437001
2,DBO,5,661.375181840355,282.190153606269,379.185028234086,943.565335446624
2,DBO,6,606.517291770628,181.128638819265,425.388652951363,787.645930589892
2,DBO,7,592.767059325116,177.574839330303,415.192219994814,770.341898655419
2,DBO,8,571.52705924132,172.121841378818,399.405217862502,743.648900620138
2,DBO,9,542.484530905292,103.364764762075,439.119766143217,645.849295667366
2,DBO,10,528.677418147452,99.0893585019288,429.588059645523,627.76677664938
2,DBO,11,523.318365353338,100.11055248436,423.207812868977,623.428917837698
2,DBO,12,513.444219059171,95.4662959174236,417.977923141747,608.910514976595
2,DBO,13,503.240441750136,89.032980010351,414.207461739785,592.273421760487
2,DBO,14,493.749013172484,87.5221796301622,406.226833542322,581.271192802646
2,DBO,15,487.302190691536,88.0849598509895,399.217230840547,575.387150542526
2,DBO,16,485.563421729248,87.0218239425321,398.541597786716,572.58524567178
2,DBO,17,483.697159934773,88.2494621838323,395.447697750941,571.946622118606
2,DBO,18,474.436648710883,75.1136136862528,399.323035024631,549.550262397136
2,DBO,19,468.409163147459,67.5879154163342,400.821247731125,535.997078563793
2,DBO,20,468.129670823622,67.467533701916,400.662137121706,535.597204525538
2,DBO,21,466.634903141072,66.7382083624487,399.896694778624,533.373111503521
2,DBO,22,463.436158114278,66.5412354980718,396.894922616206,529.977393612349
2,DBO,23,461.578052868779,67.4259831860795,394.152069682699,529.004036054858
2,DBO,24,458.243026389125,61.159635158949,397.083391230176,519.402661548074
2,DBO,25,452.819669145504,57.3755960110599,395.444073134445,510.195265156564
2,DBO,26,448.250401099285,56.097011906943,392.153389192342,504.347413006228
2,DBO,27,447.393356775479,56.4775980831542,390.915758692325,503.870954858634
2,DBO,28,445.896227046375,55.8609224326675,390.035304613708,501.757149479043
2,DBO,29,442.779952598401,56.9673314646098,385.812621133791,499.747284063011
2,DBO,30,442.779952598401,56.9673314646098,385.812621133791,499.747284063011
2,DBO,31,442.004399971732,56.9843504295758,385.020049542157,498.988750401308
2,DBO,32,439.883944642795,56.03842419352,383.845520449275,495.922368836315
2,DBO,33,438.505156878118,55.7371484860297,382.768008392088,494.242305364148
2,DBO,34,437.376144832725,55.479476143073,381.896668689652,492.855620975798
2,DBO,35,436.315439773915,55.7785052296611,380.536934544254,492.093945003576
2,DBO,36,434.186373140101,57.4242238929088,376.762149247192,491.61059703301
2,DBO,37,432.675593785131,55.377748447604,377.297845337527,488.053342232735
2,DBO,38,430.631695474281,52.9219230758194,377.709772398461,483.5536185501
2,DBO,39,426.207179011281,52.2576267030112,373.94955230827,478.464805714292
2,DBO,40,423.160504156609,50.0930536892552,373.067450467354,473.253557845864
2,DBO,41,420.31790022326,45.8090118863667,374.508888336893,466.126912109627
2,DBO,42,417.377209118654,45.0820457688131,372.295163349841,462.459254887468
2,DBO,43,415.99330536281,43.400087004949,372.593218357861,459.393392367759
2,DBO,44,415.359945262722,43.6152661976726,371.74467906505,458.975211460395
2,DBO,45,414.594697945103,43.3512814708791,371.243416474224,457.945979415982
2,DBO,46,414.579052658157,43.3261840437133,371.252868614444,457.905236701871
2,DBO,47,413.306573495128,43.7652742104095,369.541299284718,457.071847705537
2,DBO,48,412.854764346169,42.7456624380967,370.109101908073,455.600426784266
2,DBO,49,412.542397614452,42.3837915276105,370.158606086842,454.926189142063
2,DBO,50,412.542397614452,42.3837915276105,370.158606086842,454.926189142063
2,DBO,51,411.026540143955,44.3203891645463,366.706150979409,455.346929308501
2,DBO,52,410.573929671255,44.0031566069331,366.570773064322,454.577086278189
2,DBO,53,409.489051115836,42.1821505897678,367.306900526069,451.671201705604
2,DBO,54,409.489051115836,42.1821505897678,367.306900526069,451.671201705604
2,DBO,55,409.23924966944,41.9978771096163,367.241372559823,451.237126779056
2,DBO,56,409.23924966944,41.9978771096163,367.241372559823,451.237126779056
2,DBO,57,409.108152627838,41.8538045264406,367.254348101397,450.961957154278
2,DBO,58,408.640111165423,41.6248605611592,367.015250604264,450.264971726582
2,DBO,59,406.454665800856,43.4774370510293,362.977228749827,449.932102851885
2,DBO,60,406.416150875433,43.4695182669327,362.9466326085,449.885669142366
2,DBO,61,405.497180190115,43.8538550996993,361.643325090416,449.351035289815
2,DBO,62,404.308264863969,43.6628661554798,360.645398708489,447.971131019449
2,DBO,63,402.786990786291,43.2679903944747,359.519000391816,446.054981180766
2,DBO,64,402.528346223814,43.1290022778811,359.399343945933,445.657348501695
2,DBO,65,402.224532587639,42.9246008782861,359.299931709353,445.149133465925
2,DBO,66,402.224532587639,42.9246008782861,359.299931709353,445.149133465925
2,DBO,67,401.954232924788,42.8916129524516,359.062619972336,444.84584587724
2,DBO,68,401.73506361688,42.7538192519552,358.981244364925,444.488882868835
2,DBO,69,401.623179340489,42.6106799937909,359.012499346698,444.23385933428
2,DBO,70,401.157749028201,42.7001128137824,358.457636214419,443.857861841983
2,DBO,71,400.840672017006,43.1683594436139,357.672312573392,444.00903146062
2,DBO,72,398.379093621907,41.3951334214402,356.983960200467,439.774227043347
2,DBO,73,394.978876392169,42.6088089672137,352.370067424956,437.587685359383
2,DBO,74,394.978876392169,42.6088089672137,352.370067424956,437.587685359383
2,DBO,75,389.516358529851,42.0151089777554,347.501249552095,431.531467507606
2,DBO,76,389.516358529851,42.0151089777554,347.501249552095,431.531467507606
2,DBO,77,387.894664514057,41.2338536562726,346.660810857785,429.12851817033
2,DBO,78,387.348312991102,41.3197907756149,346.028522215487,428.668103766717
2,DBO,79,387.074396469889,41.0434103436075,346.030986126281,428.117806813496
2,DBO,80,386.905845134351,40.8920914307102,346.013753703641,427.797936565061
2,DBO,81,386.905845134351,40.8920914307102,346.013753703641,427.797936565061
2,DBO,82,386.831297897889,40.855829937305,345.975467960584,427.687127835194
2,DBO,83,386.470737989034,40.5060171231359,345.964720865898,426.97675511217
2,DBO,84,386.318470327403,40.4195495065398,345.898920820863,426.738019833943
2,DBO,85,385.830287800231,40.61640590883,345.213881891401,426.446693709061
2,DBO,86,385.830287800231,40.61640590883,345.213881891401,426.446693709061
2,DBO,87,385.830287800231,40.61640590883,345.213881891401,426.446693709061
2,DBO,88,385.826801264306,40.6163466494224,345.210454614883,426.443147913728
2,DBO,89,385.574785770519,40.5587175373747,345.016068233145,426.133503307894
2,DBO,90,385.400977935738,40.594751117667,344.806226818071,425.995729053406
2,DBO,91,385.400977935738,40.594751117667,344.806226818071,425.995729053406
2,DBO,92,383.920278611955,40.318453559602,343.601825052353,424.238732171557
2,DBO,93,383.528819176978,40.3778888652653,343.150930311713,423.906708042244
2,DBO,94,383.528819176978,40.3778888652653,343.150930311713,423.906708042244
2,DBO,95,382.903146335864,39.2926915144596,343.610454821404,422.195837850323
2,DBO,96,382.345569138306,38.9929370679527,343.352632070353,421.338506206259
2,DBO,97,382.345569138306,38.9929370679527,343.352632070353,421.338506206259
2,DBO,98,382.152436439107,39.072691122383,343.079745316724,421.22512756149
2,DBO,99,381.589917272794,39.3614393951705,342.228477877624,420.951356667964
2,DBO,100,381.589917272794,39.3614393951705,342.228477877624,420.951356667964
2,DBO,101,381.013908911503,39.0007132349752,342.013195676528,420.014622146479
2,DBO,102,380.276891343822,39.4958645866479,340.781026757174,419.77275593047
2,DBO,103,380.276891343822,39.4958645866479,340.781026757174,419.77275593047
2,DBO,104,380.026165485668,39.5559963602321,340.470169125436,419.5821618459
2,DBO,105,379.61156112474,39.8086366959716,339.802924428769,419.420197820712
2,DBO,106,379.117810763565,39.9183647562852,339.19944600728,419.03617551985
2,DBO,107,379.117810763565,39.9183647562852,339.19944600728,419.03617551985
2,DBO,108,379.117810763565,39.9183647562852,339.19944600728,419.03617551985
2,DBO,109,378.700644957878,39.7779143350412,338.922730622837,418.478559292919
2,DBO,110,378.358677286528,39.3265753190082,339.03210196752,417.685252605536
2,DBO,111,378.358677286528,39.3265753190082,339.03210196752,417.685252605536
2,DBO,112,377.932367548,38.9359605479041,338.996407000095,416.868328095904
2,DBO,113,377.361073971302,38.192170805201,339.168903166101,415.553244776503
2,DBO,114,377.361073971302,38.192170805201,339.168903166101,415.553244776503
2,DBO,115,376.923574873838,38.1889863143219,338.734588559516,415.11256118816
2,DBO,116,376.910981204555,38.1923458134634,338.718635391092,415.103327018019
2,DBO,117,376.910981204555,38.1923458134634,338.718635391092,415.103327018019
2,DBO,118,376.910981204555,38.1923458134634,338.718635391092,415.103327018019
2,DBO,119,376.910981204555,38.1923458134634,338.718635391092,415.103327018019
2,DBO,120,376.910981204555,38.1923458134634,338.718635391092,415.103327018019
2,DBO,121,376.371147773727,38.5521176121152,337.819030161612,414.923265385842
2,DBO,122,376.021148541649,38.2109526404057,337.810195901244,414.232101182055
2,DBO,123,376.021148541649,38.2109526404057,337.810195901244,414.232101182055
2,DBO,124,376.021148541649,38.2109526404057,337.810195901244,414.232101182055
2,DBO,125,375.524679061987,38.4045565403975,337.12012252159,413.929235602385
2,DBO,126,375.470973463132,38.3834456636244,337.087527799507,413.854419126756
2,DBO,127,375.470973463132,38.3834456636244,337.087527799507,413.854419126756
2,DBO,128,375.470973463132,38.3834456636244,337.087527799507,413.854419126756
2,DBO,129,375.279942274638,38.1615361083507,337.118406166287,413.441478382988
2,DBO,130,375.204841791762,38.0993811954331,337.105460596329,413.304222987195
2,DBO,131,374.42836738478,38.2476047404011,336.180762644379,412.675972125181
2,DBO,132,374.253901547832,38.2530801500256,336.000821397807,412.506981697858
2,DBO,133,374.156247727748,38.3272042839582,335.829043443789,412.483452011706
2,DBO,134,373.799984391695,38.8362991055873,334.963685286108,412.636283497282
2,DBO,135,373.761624084696,38.8236810962659,334.93794298843,412.585305180962
2,DBO,136,373.479346524147,38.9192632402466,334.5600832839,412.398609764393
2,DBO,137,373.479346524147,38.9192632402466,334.5600832839,412.398609764393
2,DBO,138,372.995106884003,39.4063951362916,333.588711747711,412.401502020294
2,DBO,139,372.519890562691,39.5292373227873,332.990653239903,412.049127885478
2,DBO,140,372.384135339648,39.4210824283936,332.963052911254,411.805217768041
2,DBO,141,372.230756839103,39.5308538335993,332.699903005504,411.761610672703
2,DBO,142,371.788082774609,39.479365303903,332.308717470706,411.267448078512
2,DBO,143,371.788082774609,39.479365303903,332.308717470706,411.267448078512
2,DBO,144,371.378817791201,39.1956263298085,332.183191461392,410.574444121009
2,DBO,145,370.643575106026,39.041160618765,331.602414487261,409.684735724791
2,DBO,146,370.631259080506,39.036963381334,331.594295699172,409.66822246184
2,DBO,147,369.957190957056,37.9338096505918,332.023381306464,407.891000607647
2,DBO,148,369.237513823335,38.324732072843,330.912781750492,407.562245896178
2,DBO,149,369.237513823335,38.324732072843,330.912781750492,407.562245896178
2,DBO,150,369.237513823335,38.324732072843,330.912781750492,407.562245896178
2,DBO,151,369.237513823335,38.324732072843,330.912781750492,407.562245896178
2,DBO,152,369.237513823335,38.324732072843,330.912781750492,407.562245896178
2,DBO,153,368.906897205315,38.422082018406,330.484815186909,407.328979223721
2,DBO,154,367.787328118245,37.4678107702949,330.31951734795,405.25513888854
2,DBO,155,367.787328118245,37.4678107702949,330.31951734795,405.25513888854
2,DBO,156,367.787328118245,37.4678107702949,330.31951734795,405.25513888854
2,DBO,157,367.787328118245,37.4678107702949,330.31951734795,405.25513888854
2,DBO,158,367.756542128404,37.4895115274309,330.267030600973,405.246053655835
2,DBO,159,367.756542128404,37.4895115274309,330.267030600973,405.246053655835
2,DBO,160,366.947646120985,37.5717029941123,329.375943126873,404.519349115098
2,DBO,161,366.559924759832,37.7414125771223,328.818512182709,404.301337336954
2,DBO,162,366.559924759832,37.7414125771223,328.818512182709,404.301337336954
2,DBO,163,366.525446236134,37.763103704056,328.762342532078,404.28854994019
2,DBO,164,365.844570428185,37.4138709263857,328.430699501799,403.25844135457
2,DBO,165,365.254764353483,37.1109535196055,328.143810833877,402.365717873088
2,DBO,166,365.183309072062,37.0952182881695,328.088090783892,402.278527360231
2,DBO,167,365.183309072062,37.0952182881695,328.088090783892,402.278527360231
2,DBO,168,364.930730323791,37.1156673346945,327.815062989097,402.046397658486
2,DBO,169,364.777314349526,36.9937137829184,327.783600566607,401.771028132444
2,DBO,170,364.590632735472,36.7862633604672,327.804369375005,401.37689609594
2,DBO,171,364.590632735472,36.7862633604672,327.804369375005,401.37689609594
2,DBO,172,364.590632735472,36.7862633604672,327.804369375005,401.37689609594
2,DBO,173,364.581666125843,36.7744684750569,327.807197650786,401.3561346009
2,DBO,174,364.147880774724,36.9298392566299,327.218041518094,401.077720031354
2,DBO,175,364.147880774724,36.9298392566299,327.218041518094,401.077720031354
2,DBO,176,363.848581548942,36.9200325533314,326.928548995611,400.768614102273
2,DBO,177,363.848581548942,36.9200325533314,326.928548995611,400.768614102273
2,DBO,178,363.140481121022,37.7297310836509,325.410750037371,400.870212204673
2,DBO,179,363.121550627631,37.7308015071107,325.39074912052,400.852352134741
2,DBO,180,363.007381688559,37.7926978107832,325.214683877776,400.800079499343
2,DBO,181,362.90674652844,37.8152358074689,325.091510720971,400.721982335909
2,DBO,182,361.900279132757,37.8976885867153,324.002590546042,399.797967719472
2,DBO,183,361.840639226189,37.8345580059714,324.006081220218,399.67519723216
2,DBO,184,361.025268520002,38.2316179272023,322.793650592799,399.256886447204
2,DBO,185,361.025268520002,38.2316179272023,322.793650592799,399.256886447204
2,DBO,186,361.025268520002,38.2316179272023,322.793650592799,399.256886447204
2,DBO,187,360.972191770203,38.2606647714876,322.711526998715,399.23285654169
2,DBO,188,360.869732736389,38.2652994993743,322.604433237015,399.135032235763
2,DBO,189,360.869732736389,38.2652994993743,322.604433237015,399.135032235763
2,DBO,190,359.67938269626,37.3967126244467,322.282670071813,397.076095320706
2,DBO,191,359.67938269626,37.3967126244467,322.282670071813,397.076095320706
2,DBO,192,359.67938269626,37.3967126244467,322.282670071813,397.076095320706
2,DBO,193,359.58204570354,37.470654232715,322.111391470825,397.052699936255
2,DBO,194,359.541033269903,37.4657515233048,322.075281746599,397.006784793208
2,DBO,195,359.488220858272,37.4614214157003,322.026799442571,396.949642273972
2,DBO,196,359.344610508882,37.5469874765196,321.797623032362,396.891597985401
2,DBO,197,358.865510582172,37.7131905839901,321.152319998182,396.578701166162
2,DBO,198,358.327920865365,38.1675750311072,320.160345834258,396.495495896472
2,DBO,199,358.287273015373,38.1488643658531,320.13840864952,396.436137381226
2,DBO,200,357.838941005282,38.2944687961072,319.544472209175,396.133409801389
2,DBO,201,357.29845908632,37.4195576291944,319.878901457126,394.718016715515
2,DBO,202,357.29845908632,37.4195576291944,319.878901457126,394.718016715515
2,DBO,203,356.698775873002,38.080084520667,318.618691352335,394.778860393669
2,DBO,204,356.572665400089,38.273260220056,318.299405180033,394.845925620145
2,DBO,205,356.437875238443,38.2420568194436,318.195818419,394.679932057887
2,DBO,206,356.437875238443,38.2420568194436,318.195818419,394.679932057887
2,DBO,207,356.409338068535,38.2430935761935,318.166244492341,394.652431644729
2,DBO,208,356.222528930945,38.2389768413304,317.983552089615,394.461505772276
2,DBO,209,355.95063160581,38.3483160145553,317.602315591255,394.298947620366
2,DBO,210,355.75569807843,38.1553128276386,317.600385250791,393.911010906069
2,DBO,211,355.540765113798,38.0891263669754,317.451638746823,393.629891480774
2,DBO,212,355.540765113798,38.0891263669754,317.451638746823,393.629891480774
2,DBO,213,355.335114771795,38.0865443906743,317.248570381121,393.421659162469
2,DBO,214,354.716239372419,37.8863078376881,316.829931534731,392.602547210107
2,DBO,215,354.693260184101,37.8763213393305,316.81693884477,392.569581523431
2,DBO,216,354.544912587699,37.8989088728193,316.64600371488,392.443821460519
2,DBO,217,354.544912587699,37.8989088728193,316.64600371488,392.443821460519
2,DBO,218,354.425804681552,37.9201172269319,316.50568745462,392.345921908484
2,DBO,219,354.157346055882,38.1181821593853,316.039163896497,392.275528215267
2,DBO,220,354.137723836393,38.1484051969785,315.989318639414,392.286129033371
2,DBO,221,353.901376023274,38.256603852837,315.644772170437,392.157979876111
2,DBO,222,353.901376023274,38.256603852837,315.644772170437,392.157979876111
2,DBO,223,353.732160049187,38.332467308405,315.399692740782,392.064627357592
2,DBO,224,353.443946357665,38.4404680776679,315.003478279997,391.884414435333
2,DBO,225,353.393529931072,38.4445211733451,314.949008757727,391.838051104417
2,DBO,226,353.024670498187,38.2829221014581,314.741748396729,391.307592599645
2,DBO,227,353.024670498187,38.2829221014581,314.741748396729,391.307592599645
2,DBO,228,353.024670498187,38.2829221014581,314.741748396729,391.307592599645
2,DBO,229,352.956412361968,38.127367485116,314.829044876852,391.083779847084
2,DBO,230,352.934273873235,38.1315728234684,314.802701049767,391.065846696704
2,DBO,231,352.872731148749,38.0848550321787,314.78787611657,390.957586180927
2,DBO,232,352.610345880592,37.7694216854652,314.840924195127,390.379767566057
2,DBO,233,352.295650335053,37.7317251476432,314.56392518741,390.027375482696
2,DBO,234,351.814841361164,37.6705666805976,314.144274680567,389.485408041762
2,DBO,235,351.370268332547,37.9497600797779,313.420508252769,389.320028412324
2,DBO,236,351.17753981795,37.822662781409,313.354877036541,389.000202599359
2,DBO,237,350.873914811704,37.8531486579724,313.020766153731,388.727063469676
2,DBO,238,349.813897393413,37.5102333508749,312.303664042538,387.324130744287
2,DBO,239,349.706436816259,37.5662710221128,312.140165794146,387.272707838372
2,DBO,240,349.566376265087,37.7194009863226,311.846975278765,387.28577725141
2,DBO,241,348.554132477446,37.9773765039443,310.576755973502,386.531508981391
2,DBO,242,348.441334389184,37.9533962047577,310.487938184426,386.394730593942
2,DBO,243,348.421375202611,37.9655092279857,310.455865974626,386.386884430597
2,DBO,244,348.308163758528,38.0369365956123,310.271227162916,386.34510035414
2,DBO,245,348.142919580712,38.0919158205189,310.051003760193,386.234835401231
2,DBO,246,348.055308090933,38.0933371108785,309.961970980055,386.148645201812
2,DBO,247,347.735123387361,37.8674739758543,309.867649411507,385.602597363216
2,DBO,248,347.54454289443,38.0104508995825,309.534091994848,385.554993794013
2,DBO,249,347.51997413486,38.0260511229422,309.493923011918,385.546025257802
2,DBO,250,347.28849961056,38.2948618088538,308.993637801706,385.583361419414
2,DBO,251,347.28849961056,38.2948618088538,308.993637801706,385.583361419414
2,DBO,252,347.256556092435,38.3052735953019,308.951282497133,385.561829687736
2,DBO,253,347.114465753991,38.447493741536,308.666972012455,385.561959495527
2,DBO,254,347.058646707176,38.3463160550803,308.712330652096,385.404962762256
2,DBO,255,346.917326290024,38.241991795189,308.675334494835,385.159318085213
2,DBO,256,346.861254024741,38.2312645911096,308.629989433632,385.092518615851
2,DBO,257,346.804619037527,38.243189841262,308.561429196265,385.047808878789
2,DBO,258,346.783589736467,38.2601204081059,308.523469328361,385.043710144573
2,DBO,259,346.258222910975,38.4758032840964,307.782419626879,384.734026195071
2,DBO,260,346.258222910975,38.4758032840964,307.782419626879,384.734026195071
2,DBO,261,346.120637934919,38.408075014415,307.712562920504,384.528712949334
2,DBO,262,346.076161355037,38.4327155931898,307.643445761847,384.508876948226
2,DBO,263,345.989277293095,38.3232294967194,307.666047796375,384.312506789814
2,DBO,264,345.847341387527,38.2174292135948,307.629912173933,384.064770601122
2,DBO,265,345.845264307208,38.2204515426903,307.624812764518,384.065715849898
2,DBO,266,345.661778595069,38.2558540041203,307.405924590949,383.91763259919
2,DBO,267,345.65786616037,38.2615307921054,307.396335368264,383.919396952475
2,DBO,268,345.647995870953,38.2708036282302,307.377192242723,383.918799499183
2,DBO,269,345.523431248929,38.2974953424984,307.225935906431,383.820926591427
2,DBO,270,345.22729473011,38.3358171659429,306.891477564167,383.563111896053
2,DBO,271,344.569947304434,38.0748939170673,306.495053387367,382.644841221501
2,DBO,272,344.569172353355,38.0760162799802,306.493156073375,382.645188633336
2,DBO,273,343.977775412708,37.5590188128033,306.418756599905,381.536794225511
2,DBO,274,343.926564276774,37.5513228484158,306.375241428358,381.477887125189
2,DBO,275,343.796517266058,37.566988200371,306.229529065687,381.363505466429
2,DBO,276,343.622391310809,37.5820192555422,306.040372055267,381.204410566351
2,DBO,277,343.371334339308,37.5617228121275,305.80961152718,380.933057151435
2,DBO,278,343.145645217917,37.637754373278,305.507890844639,380.783399591195
2,DBO,279,343.081889047077,37.6829774344492,305.398911612628,380.764866481526
2,DBO,280,341.766110777118,34.1702646220008,307.595846155117,375.936375399118
2,DBO,281,341.74932225199,34.1454645181856,307.603857733804,375.894786770175
2,DBO,282,341.347195135314,33.7641450989731,307.583050036341,375.111340234287
2,DBO,283,341.165676169611,33.8777480020648,307.287928167546,375.043424171676
2,DBO,284,340.696870326763,33.1171697209086,307.579700605854,373.814040047672
2,DBO,285,340.548783789787,33.0819108602432,307.466872929544,373.630694650031
2,DBO,286,340.451382205097,33.0662081817995,307.385174023298,373.517590386897
2,DBO,287,340.303705660462,33.0055769072728,307.298128753189,373.309282567735
2,DBO,288,340.133081605351,32.9406635481723,307.192418057179,373.073745153524
2,DBO,289,339.914245763932,32.9652498872563,306.948995876676,372.879495651189
2,DBO,290,339.799896931678,32.9821052603717,306.817791671306,372.78200219205
2,DBO,291,338.254544224227,29.074777800894,309.179766423333,367.329322025121
2,DBO,292,338.159421432523,29.0532471343334,309.10617429819,367.212668566857
2,DBO,293,338.132368491415,29.0838990115396,309.048469479876,367.216267502955
2,DBO,294,338.108908448143,29.0885315574478,309.020376890695,367.197440005591
2,DBO,295,338.036987433081,29.083493762117,308.953493670964,367.120481195198
2,DBO,296,337.97531692576,29.1074421413177,308.867874784442,367.082759067078
2,DBO,297,337.883246064975,29.0995718947958,308.783674170179,366.982817959771
2,DBO,298,337.841982443076,29.1213853755444,308.720597067532,366.963367818621
2,DBO,299,337.809341829219,29.1231739767155,308.686167852504,366.932515805935
2,DBO,300,337.786717755373,29.1339905205832,308.65272723479,366.920708275956
2,GWO,1,3804.07584532114,1606.45240218072,2197.62344314041,5410.52824750186
2,GWO,2,2671.62627622844,1140.07691496335,1531.54936126508,3811.70319119179
2,GWO,3,2394.49159258055,1068.48993900441,1326.00165357614,3462.98153158495
2,GWO,4,2126.07111602093,1203.40583296246,922.665283058463,3329.47694898339
2,GWO,5,1252.63556203383,885.802872582155,366.832689451673,2138.43843461598
2,GWO,6,1359.79685064197,817.852358692762,541.94449194921,2177.64920933473
2,GWO,7,1111.49427766679,668.143669520938,443.350608145848,1779.63794718772
2,GWO,8,926.503812335644,625.029594466287,301.474217869357,1551.53340680193
2,GWO,9,762.314288196401,443.084293888628,319.229994307773,1205.39858208503
2,GWO,10,730.123951301728,405.434016188018,324.68993511371,1135.55796748975
2,GWO,11,651.089511006063,318.505260034978,332.584250971085,969.59477104104
2,GWO,12,660.290019094002,465.137132484103,195.152886609898,1125.4271515781
2,GWO,13,554.742315446081,276.236945602894,278.505369843187,830.979261048975
2,GWO,14,506.645869610465,123.273874457791,383.371995152674,629.919744068256
2,GWO,15,491.828556319812,79.6640412449105,412.164515074901,571.492597564722
2,GWO,16,472.497375517616,75.8136235419472,396.683751975669,548.310999059563
2,GWO,17,470.751931263573,72.7733567282648,397.978574535308,543.525287991838
2,GWO,18,479.026127035339,147.8903461863,331.135780849039,626.916473221638
2,GWO,19,463.306515822687,70.7315962300881,392.574919592599,534.038112052776
2,GWO,20,445.278272315843,55.6028762115001,389.675396104343,500.881148527343
2,GWO,21,442.315407795651,53.9540999244233,388.361307871228,496.269507720074
2,GWO,22,439.325832097757,49.7030269315241,389.622805166233,489.028859029281
2,GWO,23,457.076275004858,84.4542091437793,372.622065861079,541.530484148638
2,GWO,24,442.531187410916,49.0375018816957,393.49368552922,491.568689292611
2,GWO,25,433.898440296773,41.1290987211769,392.769341575597,475.02753901795
2,GWO,26,439.600798984067,41.7551416476953,397.845657336372,481.355940631763
2,GWO,27,428.575663651083,44.2746976843267,384.300965966757,472.85036133541
2,GWO,28,429.030272754234,43.7751388046588,385.255133949575,472.805411558893
2,GWO,29,425.036681693571,41.4490769831186,383.587604710453,466.48575867669
2,GWO,30,426.64863938644,43.8710669610478,382.777572425392,470.519706347488
2,GWO,31,425.969575539575,39.2664083349004,386.703167204674,465.235983874475
2,GWO,32,423.227161667496,37.6492364159841,385.577925251511,460.87639808348
2,GWO,33,417.989603976897,38.2211854708969,379.768418506,456.210789447794
2,GWO,34,416.009197943775,41.9391638287553,374.07003411502,457.94836177253
2,GWO,35,418.601122990308,44.2382281967788,374.362894793529,462.839351187087
2,GWO,36,421.7264413283,43.387662232294,378.338779096006,465.114103560594
2,GWO,37,423.987335314935,40.9279664260707,383.059368888864,464.915301741006
2,GWO,38,419.471185875652,41.0405132019722,378.430672673679,460.511699077624
2,GWO,39,417.029480122409,45.3035197198978,371.725960402512,462.332999842307
2,GWO,40,416.191877237394,46.332806456329,369.859070781065,462.524683693723
2,GWO,41,415.714146015327,45.1492613493029,370.564884666024,460.86340736463
2,GWO,42,414.02173056732,40.0224559984087,373.999274568912,454.044186565729
2,GWO,43,418.624623786088,37.6168533314732,381.007770454615,456.241477117561
2,GWO,44,419.406124388017,38.1027258596498,381.303398528367,457.508850247666
2,GWO,45,414.431064658039,36.3718036938128,378.059260964226,450.802868351851
2,GWO,46,411.957670391684,38.8966226347152,373.061047756969,450.8542930264
2,GWO,47,416.114562197394,35.4086679840039,380.70589421339,451.523230181398
2,GWO,48,409.675005273954,31.0646433707081,378.610361903245,440.739648644662
2,GWO,49,412.375739791243,38.2492370611487,374.126502730094,450.624976852392
2,GWO,50,417.853216390906,37.6807569952427,380.172459395664,455.533973386149
2,GWO,51,412.359197212161,35.1819521419781,377.177245070183,447.541149354139
2,GWO,52,412.931842200606,41.1921429437557,371.73969925685,454.123985144362
2,GWO,53,412.0994876239,36.3852379571434,375.714249666756,448.484725581043
2,GWO,54,413.888397070879,39.045776879435,374.842620191444,452.934173950314
2,GWO,55,410.475810775728,45.1715048743808,365.304305901348,455.647315650109
2,GWO,56,414.673443342167,44.9508983588508,369.722544983316,459.624341701018
2,GWO,57,412.099739991917,55.9160016473772,356.18373834454,468.015741639294
2,GWO,58,412.275598821868,40.1378326910309,372.137766130837,452.413431512899
2,GWO,59,412.356224905891,42.8311234156032,369.525101490287,455.187348321494
2,GWO,60,404.518555970011,46.3898098529464,358.128746117064,450.908365822957
2,GWO,61,410.995352928582,43.8396733566999,367.155679571882,454.835026285282
2,GWO,62,410.729901988427,42.1700039508673,368.55989803756,452.899905939294
2,GWO,63,407.678671073154,41.9477922153509,365.730878857803,449.626463288505
2,GWO,64,405.941216603028,41.1579334609837,364.783283142044,447.099150064011
2,GWO,65,406.356480460822,39.9805069894335,366.375973471388,446.336987450255
2,GWO,66,409.044601319538,40.1291799545648,368.915421364973,449.173781274103
2,GWO,67,411.033951419517,42.0469731407361,368.986978278781,453.080924560253
2,GWO,68,407.404201702152,44.0285998030601,363.375601899092,451.432801505212
2,GWO,69,402.995762394738,38.4557305082801,364.540031886458,441.451492903018
2,GWO,70,403.160436724724,37.3296695549842,365.830767169739,440.490106279708
2,GWO,71,403.155597606552,42.2423174230441,360.913280183508,445.397915029596
2,GWO,72,403.776106546224,40.3073562688798,363.468750277344,444.083462815104
2,GWO,73,405.556778873454,35.9756745818757,369.581104291578,441.53245345533
2,GWO,74,405.0203580806,36.9174227601907,368.102935320409,441.93778084079
2,GWO,75,405.877265272356,37.8088599868893,368.068405285466,443.686125259245
2,GWO,76,405.307321332046,39.0567647359161,366.25055659613,444.364086067962
2,GWO,77,405.909837650818,36.7194208752986,369.190416775519,442.629258526116
2,GWO,78,403.487023239337,37.3329859789976,366.154037260339,440.820009218334
2,GWO,79,405.042483594431,38.1377121591788,366.904771435252,443.180195753609
2,GWO,80,402.702240567251,39.0122888867029,363.689951680548,441.714529453954
2,GWO,81,402.853175495527,41.5056510229309,361.347524472596,444.358826518458
2,GWO,82,403.610505440498,38.2329779669608,365.377527473537,441.843483407459
2,GWO,83,400.398369944762,40.2622680268136,360.136101917948,440.660637971576
2,GWO,84,400.495309882031,38.4727342053339,362.022575676697,438.968044087365
2,GWO,85,397.935838752511,39.2674285044991,358.668410248012,437.20326725701
2,GWO,86,400.82046376842,37.5627766685967,363.257687099824,438.383240437017
2,GWO,87,396.401985787859,40.3952365622642,356.006749225595,436.797222350123
2,GWO,88,397.950039621149,36.2514404960662,361.698599125083,434.201480117215
2,GWO,89,394.109138139095,37.5180115752124,356.591126563882,431.627149714307
2,GWO,90,395.795329706363,40.3777083876543,355.417621318709,436.173038094017
2,GWO,91,396.317019461213,37.7612273693335,358.55579209188,434.078246830547
2,GWO,92,397.267485097709,40.4583501458217,356.809134951887,437.725835243531
2,GWO,93,395.862382168871,38.997129973596,356.865252195275,434.859512142467
2,GWO,94,396.165414078355,40.2553857355516,355.910028342803,436.420799813907
2,GWO,95,406.856059910263,56.8988368547639,349.957223055499,463.754896765027
2,GWO,96,396.836937525715,36.8062336985989,360.030703827116,433.643171224314
2,GWO,97,395.141283036056,34.843308231051,360.297974805005,429.984591267107
2,GWO,98,394.608126527016,35.7885443050196,358.819582221996,430.396670832035
2,GWO,99,393.69027966813,39.3284626871068,354.361816981023,433.018742355236
2,GWO,100,392.524027418269,39.9177994057609,352.606228012508,432.44182682403
2,GWO,101,395.065212581208,42.1096518412544,352.955560739954,437.174864422463
2,GWO,102,389.8090918442,37.2994605947763,352.509631249423,427.108552438976
2,GWO,103,393.878845845047,39.9132876721752,353.965558172872,433.792133517222
2,GWO,104,392.524487170752,38.4631040153789,354.061383155373,430.987591186131
2,GWO,105,392.780834966618,38.277960074227,354.502874892391,431.058795040845
2,GWO,106,393.11969621898,35.2566308758978,357.863065343082,428.376327094877
2,GWO,107,391.895211682766,38.097477382376,353.79773430039,429.992689065142
2,GWO,108,392.974486571727,34.2542683785108,358.720218193216,427.228754950238
2,GWO,109,390.684794768741,33.2554534254013,357.429341343339,423.940248194142
2,GWO,110,390.815132389637,34.2151035321308,356.600028857507,425.030235921768
2,GWO,111,390.53804093442,34.0732143909362,356.464826543483,424.611255325356
2,GWO,112,391.975138401414,35.7895511651923,356.185587236222,427.764689566606
2,GWO,113,391.66540488457,40.1926424549612,351.472762429609,431.858047339531
2,GWO,114,392.218270157206,34.6278976218194,357.590372535386,426.846167779025
2,GWO,115,389.805066904436,38.1495300399224,351.655536864514,427.954596944358
2,GWO,116,391.756293771935,33.1725824601279,358.583711311807,424.928876232063
2,GWO,117,389.04350075022,36.7325590926611,352.310941657559,425.776059842881
2,GWO,118,390.644625526309,35.3586072620297,355.28601826428,426.003232788339
2,GWO,119,387.07034368522,37.2123052847553,349.858038400465,424.282648969975
2,GWO,120,384.448493001931,37.8549266358579,346.593566366073,422.303419637789
2,GWO,121,387.54882424639,36.2873808805048,351.261443365885,423.836205126895
2,GWO,122,388.252636313732,40.3492219364595,347.903414377273,428.601858250192
2,GWO,123,384.13397397776,42.0296646302877,342.104309347472,426.163638608048
2,GWO,124,384.554929504419,38.3927562595099,346.162173244909,422.947685763929
2,GWO,125,386.103397313434,39.9762220715899,346.127175241845,426.079619385024
2,GWO,126,384.62444978027,38.005341741707,346.619108038563,422.629791521977
2,GWO,127,383.756867538352,39.8417065621945,343.915160976158,423.598574100547
2,GWO,128,385.492289496946,39.5378439886755,345.954445508271,425.030133485622
2,GWO,129,380.294793241646,41.0066050511735,339.288188190473,421.30139829282
2,GWO,130,382.291342984021,38.1119232685396,344.179419715481,420.40326625256
2,GWO,131,384.430704261932,38.9582313720161,345.472472889916,423.388935633948
2,GWO,132,384.834364764845,37.5663295333683,347.268035231477,422.400694298214
2,GWO,133,379.927020178181,37.5325417388615,342.394478439319,417.459561917042
2,GWO,134,386.238712884778,33.7115359055588,352.52717697922,419.950248790337
2,GWO,135,385.782339309756,34.6861969418468,351.096142367909,420.468536251602
2,GWO,136,387.498621350135,40.2464637939168,347.252157556218,427.745085144052
2,GWO,137,387.537191396167,39.3368879128386,348.200303483328,426.874079309005
2,GWO,138,383.269062133046,38.6951149720052,344.573947161041,421.964177105051
2,GWO,139,387.449309307063,50.5601917292469,336.889117577816,438.00950103631
2,GWO,140,385.827413884995,43.4155492157816,342.411864669214,429.242963100777
2,GWO,141,390.068906329889,45.7718789636045,344.297027366285,435.840785293494
2,GWO,142,387.348097239895,46.1904103510861,341.157686888809,433.538507590981
2,GWO,143,387.013865013546,37.7447147451916,349.269150268354,424.758579758737
2,GWO,144,387.057020605489,36.773370542087,350.283650063402,423.830391147576
2,GWO,145,386.994369217965,38.2411724580598,348.753196759905,425.235541676025
2,GWO,146,385.65520672119,39.0423928970095,346.61281382418,424.697599618199
2,GWO,147,383.503680681935,37.0106804090578,346.493000272877,420.514361090993
2,GWO,148,379.064159377751,36.6249182607634,342.439241116988,415.689077638515
2,GWO,149,381.169768293034,39.0354230512484,342.134345241785,420.205191344282
2,GWO,150,380.481538766864,37.3229152560694,343.158623510794,417.804454022933
2,GWO,151,381.943954066719,37.6745742575065,344.269379809213,419.618528324226
2,GWO,152,380.319243086902,38.296824965001,342.022418121901,418.616068051903
2,GWO,153,383.614181961845,39.9933931865019,343.620788775343,423.607575148347
2,GWO,154,381.368586735342,40.3142191158417,341.054367619501,421.682805851184
2,GWO,155,382.195470066499,41.1173993395329,341.078070726966,423.312869406032
2,GWO,156,382.005826480788,37.9104322889063,344.095394191881,419.916258769694
2,GWO,157,380.924542254907,38.9963495830961,341.928192671811,419.920891838003
2,GWO,158,379.852076012811,37.6697044186106,342.1823715942,417.521780431422
2,GWO,159,377.224199852129,39.2602966850225,337.963903167107,416.484496537152
2,GWO,160,376.757499234454,38.4727641376393,338.284735096814,415.230263372093
2,GWO,161,378.201267256271,38.3628627475624,339.838404508709,416.564130003833
2,GWO,162,378.449687510991,37.0859012887078,341.363786222284,415.535588799699
2,GWO,163,378.98272454354,41.7892134228864,337.193511120653,420.771937966426
2,GWO,164,375.694392874599,40.4728982071508,335.221494667448,416.16729108175
2,GWO,165,375.454537004916,39.0183833267816,336.436153678135,414.472920331698
2,GWO,166,376.660062275363,36.4443592532963,340.215703022067,413.104421528659
2,GWO,167,377.333743536901,39.2123212791169,338.121422257784,416.546064816018
2,GWO,168,377.136865264865,37.6665607328197,339.470304532045,414.803425997685
2,GWO,169,378.147647909617,40.8498553070111,337.297792602606,418.997503216628
2,GWO,170,375.186463050936,39.5175661587871,335.668896892149,414.704029209724
2,GWO,171,374.582325883715,41.2877658639942,333.294560019721,415.870091747709
2,GWO,172,374.622166750969,41.0212947594296,333.60087199154,415.643461510399
2,GWO,173,375.734201448397,43.7292162150687,332.004985233329,419.463417663466
2,GWO,174,374.718030364957,42.526910754968,332.191119609989,417.244941119925
2,GWO,175,373.413387484926,40.3724685293367,333.040918955589,413.785856014262
2,GWO,176,373.013807510214,38.9201904360418,334.093617074173,411.933997946256
2,GWO,177,370.77582260423,40.8168425724202,329.95898003181,411.59266517665
2,GWO,178,370.369306291891,43.6370901263197,326.732216165571,414.006396418211
2,GWO,179,367.910875087296,41.8282719794623,326.082603107834,409.739147066759
2,GWO,180,367.768960731933,42.4263981312351,325.342562600697,410.195358863168
2,GWO,181,367.878294618647,41.8095951513151,326.068699467332,409.687889769962
2,GWO,182,368.942592684684,42.1834622168191,326.759130467865,411.126054901503
2,GWO,183,369.248896459276,42.6372711282081,326.611625331068,411.886167587484
2,GWO,184,367.140566768187,41.7940216185387,325.346545149648,408.934588386726
2,GWO,185,367.630106274711,43.8972499362722,323.732856338439,411.527356210983
2,GWO,186,366.381240272084,42.067417691785,324.313822580299,408.448657963869
2,GWO,187,366.343311299945,41.011985870983,325.331325428962,407.355297170928
2,GWO,188,363.667590573719,42.6785609786001,320.989029595118,406.346151552319
2,GWO,189,364.101531113444,42.925079034906,321.176452078538,407.02661014835
2,GWO,190,365.068326711737,41.2526327825295,323.815693929208,406.320959494267
2,GWO,191,364.67009285095,40.7538560140147,323.916236836936,405.423948864965
2,GWO,192,362.583522560016,41.6635457823191,320.919976777696,404.247068342335
2,GWO,193,362.99802518489,42.6009624330389,320.397062751851,405.598987617928
2,GWO,194,367.083428453177,56.187923877017,310.89550457616,423.271352330194
2,GWO,195,361.453897705244,40.9712318872565,320.482665817988,402.425129592501
2,GWO,196,362.07396038869,42.862502191291,319.211458197399,404.936462579981
2,GWO,197,362.503334806133,42.4550258312987,320.048308974834,404.958360637431
2,GWO,198,368.727257585755,48.6078091416758,320.119448444079,417.335066727431
2,GWO,199,362.598052537553,44.3261823946349,318.271870142918,406.924234932188
2,GWO,200,360.965239913603,40.8669787716633,320.098261141939,401.832218685266
2,GWO,201,361.711700186297,41.5672607073761,320.144439478921,403.278960893673
2,GWO,202,360.604518516683,42.4140320598469,318.190486456836,403.01855057653
2,GWO,203,359.683965512011,42.1285627915056,317.555402720506,401.812528303517
2,GWO,204,358.850845978003,41.7059764874536,317.14486949055,400.556822465457
2,GWO,205,358.576610725031,41.4982304812815,317.078380243749,400.074841206312
2,GWO,206,358.016333747785,43.1873144778024,314.829019269983,401.203648225588
2,GWO,207,357.393187548661,39.7967413504297,317.596446198231,397.189928899091
2,GWO,208,357.383411368208,39.8867951921355,317.496616176073,397.270206560344
2,GWO,209,358.94297568843,41.6837275686927,317.259248119737,400.626703257123
2,GWO,210,357.83300686212,41.4387956852225,316.394211176898,399.271802547343
2,GWO,211,361.47470787103,55.5969712375058,305.877736633524,417.071679108536
2,GWO,212,356.953743640472,41.7635297149429,315.190213925529,398.717273355415
2,GWO,213,357.678399185777,42.4885006156428,315.189898570134,400.16689980142
2,GWO,214,357.212214631524,41.9621576296406,315.250057001883,399.174372261165
2,GWO,215,357.504338935277,42.8425046151943,314.661834320083,400.346843550471
2,GWO,216,356.688891750762,42.3590775832309,314.329814167531,399.047969333993
2,GWO,217,355.590501110086,42.4099033282184,313.180597781867,398.000404438304
2,GWO,218,356.441171558715,43.3360656325755,313.10510592614,399.777237191291
2,GWO,219,355.043268516138,41.4398851324838,313.603383383654,396.483153648622
2,GWO,220,355.14074523575,42.355120586537,312.785624649213,397.495865822287
2,GWO,221,354.362440614901,41.2136948606392,313.148745754262,395.57613547554
2,GWO,222,352.593079118559,40.1201784968064,312.472900621753,392.713257615365
2,GWO,223,353.528089959414,40.6062523705599,312.921837588854,394.134342329974
2,GWO,224,353.706607083526,40.6253985886914,313.081208494835,394.332005672218
2,GWO,225,353.039944255488,40.5414444622544,312.498499793234,393.581388717743
2,GWO,226,352.823132803155,40.5955875497376,312.227545253418,393.418720352893
2,GWO,227,353.163790541123,41.0721904174928,312.091600123631,394.235980958616
2,GWO,228,352.514432591931,40.1223219871712,312.392110604759,392.636754579102
2,GWO,229,352.667591409467,39.7449511339937,312.922640275473,392.41254254346
2,GWO,230,351.684870641706,40.7903395881726,310.894531053533,392.475210229879
2,GWO,231,351.80713034068,40.2773884335297,311.529741907151,392.08451877421
2,GWO,232,351.447115587763,39.580171588643,311.86694399912,391.027287176406
2,GWO,233,351.354031091279,41.3582132132951,309.995817877984,392.712244304574
2,GWO,234,351.013616820544,39.6141282016133,311.399488618931,390.627745022157
2,GWO,235,350.780029825621,40.1095600576942,310.670469767927,390.889589883315
2,GWO,236,350.104407589699,39.7856552558145,310.318752333885,389.890062845514
2,GWO,237,349.853619243814,39.7755314263225,310.078087817492,389.629150670137
2,GWO,238,350.17370894236,40.0691243307647,310.104584611595,390.242833273125
2,GWO,239,350.108879064892,40.2995003393156,309.809378725576,390.408379404207
2,GWO,240,350.444803707823,40.7555601931846,309.689243514639,391.200363901008
2,GWO,241,349.617187086358,40.432149516045,309.185037570313,390.049336602403
2,GWO,242,350.650195744382,40.7930202467727,309.857175497609,391.443215991154
2,GWO,243,349.645773647811,40.0799739268328,309.565799720978,389.725747574644
2,GWO,244,349.708396077119,40.0672734046706,309.641122672449,389.77566948179
2,GWO,245,349.918884538904,40.8593636171646,309.059520921739,390.778248156069
2,GWO,246,348.753557678621,40.3411888316021,308.412368847019,389.094746510223
2,GWO,247,348.989059063383,40.6201096896098,308.368949373774,389.609168752993
2,GWO,248,348.632637504697,40.5123522007079,308.120285303989,389.144989705405
2,GWO,249,348.969361216712,40.5100976668885,308.459263549824,389.4794588836
2,GWO,250,347.933637402091,40.2295890817183,307.704048320372,388.163226483809
2,GWO,251,348.102998509936,40.1573379485336,307.945660561402,388.260336458469
2,GWO,252,348.789223050438,41.4357206046899,307.353502445748,390.224943655127
2,GWO,253,347.899925692122,40.2029385231073,307.696987169014,388.102864215229
2,GWO,254,347.604197232399,40.6571793999569,306.947017832442,388.261376632356
2,GWO,255,347.572650769368,40.7162855938239,306.856365175544,388.288936363192
2,GWO,256,347.523718791867,40.6393210162961,306.884397775571,388.163039808163
2,GWO,257,347.055885103817,40.344968070477,306.71091703334,387.400853174294
2,GWO,258,346.719395342071,40.2516720613721,306.467723280699,386.971067403443
2,GWO,259,346.516681484415,40.1294398753572,306.387241609058,386.646121359772
2,GWO,260,346.91900744025,40.6449174314633,306.274090008787,387.563924871713
2,GWO,261,346.809072415936,40.9282547539472,305.880817661989,387.737327169884
2,GWO,262,346.582786468884,40.8261971431025,305.756589325781,387.408983611986
2,GWO,263,346.436849023546,40.6867283457516,305.750120677794,387.123577369298
2,GWO,264,346.34258734946,40.1270224576414,306.215564891819,386.469609807101
2,GWO,265,346.191379356451,40.4589969076579,305.732382448793,386.650376264109
2,GWO,266,345.73658411552,40.1508286385987,305.585755476921,385.887412754118
2,GWO,267,345.601074491023,40.0592336997501,305.541840791273,385.660308190773
2,GWO,268,345.351277811603,40.7334067044417,304.617871107161,386.084684516044
2,GWO,269,345.284191548453,40.3394364335916,304.944755114861,385.623627982044
2,GWO,270,345.155926697986,40.2032429191834,304.952683778803,385.359169617169
2,GWO,271,344.535148201024,39.6385152592416,304.896632941782,384.173663460265
2,GWO,272,344.416983265277,39.7234567999705,304.693526465307,384.140440065248
2,GWO,273,344.198910081579,39.6475564935074,304.551353588071,383.846466575086
2,GWO,274,344.553522406635,40.0413327051868,304.512189701448,384.594855111822
2,GWO,275,344.077615264862,39.7331466572062,304.344468607656,383.810761922068
2,GWO,276,344.104637464231,40.0245883577448,304.080049106486,384.129225821976
2,GWO,277,344.047582612845,39.6866828171212,304.360899795724,383.734265429967
2,GWO,278,343.91975022452,39.7913594653365,304.128390759183,383.711109689856
2,GWO,279,343.748996325,39.5482721934664,304.200724131534,383.297268518467
2,GWO,280,343.556615105716,39.570760228306,303.98585487741,383.127375334022
2,GWO,281,343.118986033391,39.4337585552171,303.685227478174,382.552744588608
2,GWO,282,343.19390596124,39.5274196772747,303.666486283965,382.721325638514
2,GWO,283,343.025955647666,39.4807892910016,303.545166356664,382.506744938667
2,GWO,284,342.919302595771,39.5409862701519,303.378316325619,382.460288865923
2,GWO,285,342.853540025505,39.5664772241389,303.287062801366,382.420017249644
2,GWO,286,342.810340094184,39.6762546101694,303.134085484015,382.486594704354
2,GWO,287,342.406680105873,39.2594921582993,303.147187947574,381.666172264172
2,GWO,288,342.504844707084,39.5565534317897,302.948291275294,382.061398138874
2,GWO,289,342.163415203105,39.0803479623403,303.083067240765,381.243763165445
2,GWO,290,342.11200435645,39.2589738023844,302.853030554065,381.370978158834
2,GWO,291,341.980629187229,39.237858264098,302.742770923131,381.218487451327
2,GWO,292,341.835122160301,39.2322988361792,302.602823324122,381.06742099648
2,GWO,293,341.704520704942,39.1430532056248,302.561467499317,380.847573910567
2,GWO,294,341.572831562504,39.0101374333252,302.562694129178,380.582968995829
2,GWO,295,341.476371518374,38.9759144389335,302.500457079441,380.452285957308
2,GWO,296,341.39425029344,38.9496592298586,302.444591063581,380.343909523298
2,GWO,297,341.283865441612,38.9047086064319,302.37915683518,380.188574048043
2,GWO,298,341.211825453498,38.8918556657084,302.31996978779,380.103681119206
2,GWO,299,341.148902091709,38.8524561747442,302.296445916965,380.001358266453
2,GWO,300,341.161120497287,38.8515934412663,302.309527056021,380.012713938553
2,AE,1,4295.24386141454,1432.38523788648,2862.85862352806,5727.62909930102
2,AE,2,3721.27278025217,1100.87241158411,2620.40036866806,4822.14519183628
2,AE,3,3552.80836973195,969.785852680942,2583.022517051,4522.59422241289
2,AE,4,3341.29314246997,1036.65185504268,2304.64128742729,4377.94499751264
2,AE,5,3219.60029567726,959.420667954068,2260.17962772319,4179.02096363133
2,AE,6,3160.23878933076,917.04402056441,2243.19476876635,4077.28280989517
2,AE,7,2998.45182268716,893.687115222144,2104.76470746501,3892.1389379093
2,AE,8,2925.60339544931,838.904962280152,2086.69843316916,3764.50835772946
2,AE,9,2835.00973579381,810.154213512277,2024.85552228153,3645.16394930609
2,AE,10,2821.38812944267,810.52942715121,2010.85870229146,3631.91755659388
2,AE,11,2701.42743928092,758.692248692249,1942.73519058867,3460.11968797317
2,AE,12,2618.92383174111,663.757932276984,1955.16589946413,3282.68176401809
2,AE,13,2519.49851553116,651.310947331109,1868.18756820005,3170.80946286227
2,AE,14,2472.64702548268,648.312396624693,1824.33462885799,3120.95942210738
2,AE,15,2434.38115557791,649.494835070003,1784.88632050791,3083.87599064792
2,AE,16,2381.6788279358,686.872951305506,1694.80587663029,3068.5517792413
2,AE,17,2340.68826820198,702.31868308064,1638.36958512134,3043.00695128262
2,AE,18,2297.51831995994,659.693766441598,1637.82455351835,2957.21208640154
2,AE,19,2263.23507248895,630.516108840727,1632.71896364822,2893.75118132967
2,AE,20,2251.14882224547,625.737387493435,1625.41143475204,2876.88620973891
2,AE,21,2215.14439473603,573.816466319076,1641.32792841695,2788.9608610551
2,AE,22,2200.03528658042,570.204708443976,1629.83057813644,2770.2399950244
2,AE,23,2168.38086628146,532.958253512053,1635.42261276941,2701.33911979351
2,AE,24,2164.40662219739,530.718963434202,1633.68765876319,2695.12558563159
2,AE,25,2160.76325964724,535.426881740804,1625.33637790643,2696.19014138804
2,AE,26,2154.2789446942,545.975791057127,1608.30315363707,2700.25473575132
2,AE,27,2144.76288113714,546.975387318383,1597.78749381876,2691.73826845552
2,AE,28,2143.20836203876,546.776340167823,1596.43202187094,2689.98470220659
2,AE,29,2137.08136529324,537.400270614247,1599.681094679,2674.48163590749
2,AE,30,2132.80948041873,536.419814167025,1596.38966625171,2669.22929458576
2,AE,31,2132.54598404969,533.124142808059,1599.42184124163,2665.67012685774
2,AE,32,2132.54598404969,533.124142808059,1599.42184124163,2665.67012685774
2,AE,33,2115.75427002631,511.785135582902,1603.96913444341,2627.53940560922
2,AE,34,2112.85357504215,510.679701963024,1602.17387307913,2623.53327700518
2,AE,35,2111.79992567931,510.285557859051,1601.51436782026,2622.08548353836
2,AE,36,2111.65644902584,510.175769950472,1601.48067907536,2621.83221897631
2,AE,37,2107.68668541273,506.258481826164,1601.42820358657,2613.9451672389
2,AE,38,2101.94842817698,513.977086382324,1587.97134179466,2615.92551455931
2,AE,39,2089.47904242506,508.848284225054,1580.63075820001,2598.32732665012
2,AE,40,2084.08764776043,515.318063629334,1568.76958413109,2599.40571138976
2,AE,41,2075.38628520094,511.729820191188,1563.65646500975,2587.11610539213
2,AE,42,2057.76269793077,506.789094228995,1550.97360370178,2564.55179215977
2,AE,43,2047.55428050705,523.127470329093,1524.42681017795,2570.68175083614
2,AE,44,2040.26510712523,523.269499368037,1516.99560775719,2563.53460649327
2,AE,45,2032.91151827583,517.583322792234,1515.32819548359,2550.49484106806
2,AE,46,2032.77350587259,517.817422884891,1514.9560829877,2550.59092875748
2,AE,47,2020.46964502059,509.646534731588,1510.823110289,2530.11617975218
2,AE,48,2010.15273794978,502.485879963973,1507.66685798581,2512.63861791376
2,AE,49,2002.44331647702,514.483848680585,1487.95946779644,2516.92716515761
2,AE,50,2000.93983042307,514.916092897256,1486.02373752581,2515.85592332032
2,AE,51,1994.79138580536,509.985716941259,1484.8056688641,2504.77710274662
2,AE,52,1993.90803457157,510.335453890772,1483.5725806808,2504.24348846235
2,AE,53,1986.16332745279,503.623617384316,1482.53971006848,2489.78694483711
2,AE,54,1978.38027925145,500.422948071452,1477.95733117999,2478.8032273229
2,AE,55,1978.03129044806,500.233723046629,1477.79756740144,2478.26501349469
2,AE,56,1973.55492109899,495.015467507379,1478.53945359162,2468.57038860637
2,AE,57,1969.0644859862,497.436716449915,1471.62776953629,2466.50120243612
2,AE,58,1962.40724390526,493.65015549082,1468.75708841444,2456.05739939608
2,AE,59,1956.37584542184,490.566283392975,1465.80956202887,2446.94212881482
2,AE,60,1950.35960880322,487.947806646204,1462.41180215702,2438.30741544943
2,AE,61,1948.45428817077,488.337791926472,1460.1164962443,2436.79208009724
2,AE,62,1947.47046619789,488.191867796794,1459.27859840109,2435.66233399468
2,AE,63,1936.69416082577,485.465910608962,1451.22825021681,2422.16007143473
2,AE,64,1936.69416082577,485.465910608962,1451.22825021681,2422.16007143473
2,AE,65,1935.58374155394,485.93252077784,1449.6512207761,2421.51626233178
2,AE,66,1929.20591307465,483.237419194433,1445.96849388022,2412.44333226908
2,AE,67,1928.21629836064,481.312987203866,1446.90331115678,2409.52928556451
2,AE,68,1928.21629836064,481.312987203866,1446.90331115678,2409.52928556451
2,AE,69,1927.94372920205,481.390170270666,1446.55355893138,2409.33389947272
2,AE,70,1927.00701622379,480.224871784268,1446.78214443952,2407.23188800806
2,AE,71,1923.75553068173,479.595177662807,1444.16035301892,2403.35070834453
2,AE,72,1923.25544272788,478.731440606621,1444.52400212126,2401.9868833345
2,AE,73,1923.22704324389,478.726559065115,1444.50048417877,2401.953602309
2,AE,74,1921.79260225429,479.156931398425,1442.63567085586,2400.94953365271
2,AE,75,1914.4060838563,493.28925218443,1421.11683167187,2407.69533604073
2,AE,76,1909.09895997603,494.847269628425,1414.2516903476,2403.94622960445
2,AE,77,1908.03759461259,495.41693578501,1412.62065882758,2403.4545303976
2,AE,78,1904.70420017684,496.073271123867,1408.63092905297,2400.7774713007
2,AE,79,1904.00896945189,495.190894153637,1408.81807529826,2399.19986360553
2,AE,80,1904.16633682348,495.194444828844,1408.97189199464,2399.36078165232
2,AE,81,1904.16633682348,495.194444828844,1408.97189199464,2399.36078165232
2,AE,82,1901.74196856783,492.694500831962,1409.04746773586,2394.43646939979
2,AE,83,1900.69554891329,491.444504395145,1409.25104451815,2392.14005330844
2,AE,84,1899.11140318349,491.641474850852,1407.46992833264,2390.75287803434
2,AE,85,1898.30500134028,493.167865950669,1405.13713538961,2391.47286729095
2,AE,86,1895.80652030785,488.568253311751,1407.2382669961,2384.3747736196
2,AE,87,1889.81222139331,487.907511373284,1401.90471002002,2377.71973276659
2,AE,88,1889.81222139331,487.907511373284,1401.90471002002,2377.71973276659
2,AE,89,1885.9535846167,489.168345878801,1396.7852387379,2375.1219304955
2,AE,90,1885.9535846167,489.168345878801,1396.7852387379,2375.1219304955
2,AE,91,1885.89567184398,489.201482682879,1396.6941891611,2375.09715452686
2,AE,92,1883.07116185745,488.216078905965,1394.85508295149,2371.28724076342
2,AE,93,1882.17377206012,488.545476891372,1393.62829516875,2370.7192489515
2,AE,94,1881.19162992512,487.887418264695,1393.30421166042,2369.07904818981
2,AE,95,1875.96328699144,479.206217246243,1396.75706974519,2355.16950423768
2,AE,96,1874.77682899039,479.762904331954,1395.01392465844,2354.53973332234
2,AE,97,1874.32704157419,479.745270670957,1394.58177090323,2354.07231224515
2,AE,98,1848.80914599011,471.443590009897,1377.36555598022,2320.25273600001
2,AE,99,1844.22566448664,471.490583323164,1372.73508116348,2315.7162478098
2,AE,100,1840.76116096053,469.95610691978,1370.80505404075,2310.71726788031
2,AE,101,1840.76116096053,469.95610691978,1370.80505404075,2310.71726788031
2,AE,102,1840.15898666728,469.907830083585,1370.25115658369,2310.06681675086
2,AE,103,1840.15898666728,469.907830083585,1370.25115658369,2310.06681675086
2,AE,104,1840.15898666728,469.907830083585,1370.25115658369,2310.06681675086
2,AE,105,1837.53392149901,469.668249480208,1367.8656720188,2307.20217097922
2,AE,106,1837.53392149901,469.668249480208,1367.8656720188,2307.20217097922
2,AE,107,1827.38192702414,456.777784515735,1370.60414250841,2284.15971153988
2,AE,108,1826.58061234066,455.558250488015,1371.02236185265,2282.13886282868
2,AE,109,1826.06404488481,454.822165622087,1371.24187926272,2280.8862105069
2,AE,110,1821.77189570449,449.42465551333,1372.34724019116,2271.19655121782
2,AE,111,1817.86695950671,446.587307183073,1371.27965232364,2264.45426668979
2,AE,112,1813.69452269476,444.31055301235,1369.38396968241,2258.00507570711
2,AE,113,1809.28142242259,440.517698777597,1368.763723645,2249.79912120019
2,AE,114,1807.96900069138,441.331653697131,1366.63734699425,2249.30065438851
2,AE,115,1805.04614687179,439.078508962447,1365.96763790934,2244.12465583424
2,AE,116,1803.33271944763,437.915144532272,1365.41757491535,2241.2478639799
2,AE,117,1798.29381020442,438.082310084025,1360.2115001204,2236.37612028845
2,AE,118,1798.29381020442,438.082310084025,1360.2115001204,2236.37612028845
2,AE,119,1796.31769564127,439.071236337935,1357.24645930333,2235.3889319792
2,AE,120,1796.31769564127,439.071236337935,1357.24645930333,2235.3889319792
2,AE,121,1789.91945195746,438.195889404106,1351.72356255335,2228.11534136156
2,AE,122,1789.76441909102,438.536288777028,1351.22813031399,2228.30070786804
2,AE,123,1790.76202954038,440.982084615863,1349.77994492452,2231.74411415625
2,AE,124,1789.6938350743,441.413601100238,1348.28023397406,2231.10743617454
2,AE,125,1789.6938350743,441.413601100238,1348.28023397406,2231.10743617454
2,AE,126,1788.74832111706,441.760877569132,1346.98744354793,2230.50919868619
2,AE,127,1778.54836041055,448.894958632522,1329.65340177802,2227.44331904307
2,AE,128,1778.11330759068,448.609368433197,1329.50393915748,2226.72267602388
2,AE,129,1776.58643658435,449.144781584347,1327.441655,2225.7312181687
2,AE,130,1775.73522709645,449.676325471186,1326.05890162526,2225.41155256764
2,AE,131,1775.73522709645,449.676325471186,1326.05890162526,2225.41155256764
2,AE,132,1773.31080563251,448.163665390269,1325.14714024224,2221.47447102278
2,AE,133,1773.13154191602,448.518246826224,1324.61329508979,2221.64978874224
2,AE,134,1773.08818336987,448.600655032997,1324.48752833688,2221.68883840287
2,AE,135,1770.91187770839,447.708776960224,1323.20310074817,2218.62065466861
2,AE,136,1770.76020401499,447.998386508507,1322.76181750649,2218.7585905235
2,AE,137,1767.65105792974,446.702501702422,1320.94855622732,2214.35355963216
2,AE,138,1767.4723055388,446.939517303355,1320.53278823545,2214.41182284216
2,AE,139,1767.4723055388,446.939517303355,1320.53278823545,2214.41182284216
2,AE,140,1768.79486959708,448.766199643895,1320.02866995318,2217.56106924097
2,AE,141,1768.79008283606,448.77535928834,1320.01472354772,2217.5654421244
2,AE,142,1767.41220422052,448.966725480839,1318.44547873968,2216.37892970136
2,AE,143,1766.91681686497,449.163737432638,1317.75307943233,2216.08055429761
2,AE,144,1766.31626997015,448.729505783475,1317.58676418668,2215.04577575363
2,AE,145,1762.82134078512,449.209498454107,1313.61184233101,2212.03083923923
2,AE,146,1762.76044295774,449.316141343726,1313.44430161402,2212.07658430147
2,AE,147,1762.76044295774,449.316141343726,1313.44430161402,2212.07658430147
2,AE,148,1762.76044295774,449.316141343726,1313.44430161402,2212.07658430147
2,AE,149,1761.88484139247,450.217651417118,1311.66718997535,2212.10249280959
2,AE,150,1754.78014822171,444.811709701366,1309.96843852034,2199.59185792308
2,AE,151,1754.78014822171,444.811709701366,1309.96843852034,2199.59185792308
2,AE,152,1754.18383000973,444.879283193761,1309.30454681597,2199.06311320349
2,AE,153,1752.59613468365,443.864927698241,1308.73120698541,2196.46106238189
2,AE,154,1752.57373490491,443.911910195687,1308.66182470922,2196.4856451006
2,AE,155,1752.57373490491,443.911910195687,1308.66182470922,2196.4856451006
2,AE,156,1750.2931858621,439.856221801443,1310.43696406065,2190.14940766354
2,AE,157,1748.39586208657,439.347319161959,1309.04854292462,2187.74318124853
2,AE,158,1747.91800946416,439.871107904952,1308.04690155921,2187.78911736911
2,AE,159,1743.11358323548,434.506077407783,1308.6075058277,2177.61966064327
2,AE,160,1742.92415286075,434.844385260433,1308.07976760031,2177.76853812118
2,AE,161,1739.05674752703,429.839790968265,1309.21695655877,2168.8965384953
2,AE,162,1739.04964585804,429.8367343068,1309.21291155124,2168.88638016484
2,AE,163,1739.04964585804,429.8367343068,1309.21291155124,2168.88638016484
2,AE,164,1734.0736232819,430.194994859569,1303.87862842233,2164.26861814147
2,AE,165,1730.34193766544,427.645959598088,1302.69597806736,2157.98789726353
2,AE,166,1729.6213297855,427.718402712366,1301.90292707314,2157.33973249787
2,AE,167,1725.1064274376,421.47378095485,1303.63264648275,2146.58020839245
2,AE,168,1724.94033008693,421.546685355057,1303.39364473187,2146.48701544199
2,AE,169,1724.24118113941,422.926336912312,1301.3148442271,2147.16751805172
2,AE,170,1724.24118113941,422.926336912312,1301.3148442271,2147.16751805172
2,AE,171,1724.17120565274,423.0659790663,1301.10522658644,2147.23718471904
2,AE,172,1723.94076954136,423.128987261611,1300.81178227975,2147.06975680297
2,AE,173,1723.74706532827,423.040523197642,1300.70654213063,2146.78758852591
2,AE,174,1721.54628753332,424.609860271674,1296.93642726164,2146.15614780499
2,AE,175,1721.54628753332,424.609860271674,1296.93642726164,2146.15614780499
2,AE,176,1721.54628753332,424.609860271674,1296.93642726164,2146.15614780499
2,AE,177,1721.15145610378,424.292589145834,1296.85886695795,2145.44404524961
2,AE,178,1718.24436619452,422.92584355545,1295.31852263907,2141.17020974997
2,AE,179,1713.74989979168,427.234780713092,1286.51511907859,2140.98468050477
2,AE,180,1713.74989979168,427.234780713092,1286.51511907859,2140.98468050477
2,AE,181,1712.52777024684,426.055892775188,1286.47187747166,2138.58366302203
2,AE,182,1712.1810308217,425.734872435968,1286.44615838573,2137.91590325766
2,AE,183,1712.1810308217,425.734872435968,1286.44615838573,2137.91590325766
2,AE,184,1706.15538320263,422.986548380066,1283.16883482257,2129.1419315827
2,AE,185,1706.13000599102,422.973160000961,1283.15684599006,2129.10316599198
2,AE,186,1701.1086989441,416.73102917992,1284.37766976418,2117.83972812402
2,AE,187,1701.1086989441,416.73102917992,1284.37766976418,2117.83972812402
2,AE,188,1701.1086989441,416.73102917992,1284.37766976418,2117.83972812402
2,AE,189,1700.89720821884,417.152535274963,1283.74467294388,2118.04974349381
2,AE,190,1700.89720821884,417.152535274963,1283.74467294388,2118.04974349381
2,AE,191,1700.70206641536,417.427460054402,1283.27460636095,2118.12952646976
2,AE,192,1700.6734581583,417.484793599059,1283.18866455924,2118.15825175736
2,AE,193,1699.59875538111,416.590527440756,1283.00822794036,2116.18928282187
2,AE,194,1699.42360979347,416.927959618972,1282.4956501745,2116.35156941244
2,AE,195,1698.82489251223,416.183525864654,1282.64136664757,2115.00841837688
2,AE,196,1698.51461500606,416.809145400871,1281.70546960518,2115.32376040693
2,AE,197,1698.51461500606,416.809145400871,1281.70546960518,2115.32376040693
2,AE,198,1698.36055335807,416.973244100581,1281.38730925749,2115.33379745865
2,AE,199,1698.28935144697,416.93730987902,1281.35204156795,2115.22666132599
2,AE,200,1697.74753095117,416.790981283512,1280.95654966766,2114.53851223468
2,AE,201,1700.38581124599,420.94082585463,1279.44498539136,2121.32663710062
2,AE,202,1700.06724442582,421.075461807642,1278.99178261817,2121.14270623346
2,AE,203,1699.9701839628,421.100429911269,1278.86975405153,2121.07061387407
2,AE,204,1699.81491422976,421.022038008256,1278.7928762215,2120.83695223802
2,AE,205,1699.81491422976,421.022038008256,1278.7928762215,2120.83695223802
2,AE,206,1699.49742045875,421.085828135754,1278.41159232299,2120.5832485945
2,AE,207,1697.52888801256,417.869788884234,1279.65909912833,2115.3986768968
2,AE,208,1697.15307051449,418.556864896544,1278.59620561794,2115.70993541103
2,AE,209,1697.13275824455,418.578615724934,1278.55414251961,2115.71137396948
2,AE,210,1697.1023108954,418.640077039811,1278.46223385558,2115.74238793521
2,AE,211,1697.09534986718,418.654136701696,1278.44121316548,2115.74948656887
2,AE,212,1697.02261393298,418.750524568323,1278.27208936466,2115.77313850131
2,AE,213,1697.02261393298,418.750524568323,1278.27208936466,2115.77313850131
2,AE,214,1696.91312697733,418.926467004245,1277.98665997308,2115.83959398157
2,AE,215,1696.43833178899,418.729552915294,1277.70877887369,2115.16788470428
2,AE,216,1696.31631280798,418.737549888516,1277.57876291947,2115.0538626965
2,AE,217,1691.81449309872,424.257841169844,1267.55665192888,2116.07233426857
2,AE,218,1691.81449309872,424.257841169844,1267.55665192888,2116.07233426857
2,AE,219,1691.77850033765,424.32958674328,1267.44891359437,2116.10808708093
2,AE,220,1691.77850033765,424.32958674328,1267.44891359437,2116.10808708093
2,AE,221,1691.63785951033,424.610692150121,1267.02716736021,2116.24855166045
2,AE,222,1691.63785951033,424.610692150121,1267.02716736021,2116.24855166045
2,AE,223,1691.52759947228,424.839791008593,1266.68780846369,2116.36739048087
2,AE,224,1691.52759947228,424.839791008593,1266.68780846369,2116.36739048087
2,AE,225,1691.41121817221,425.073166153498,1266.33805201871,2116.48438432571
2,AE,226,1690.1024878522,424.751822600026,1265.35066525218,2114.85431045223
2,AE,227,1690.1024878522,424.751822600026,1265.35066525218,2114.85431045223
2,AE,228,1690.1024878522,424.751822600026,1265.35066525218,2114.85431045223
2,AE,229,1690.1024878522,424.751822600026,1265.35066525218,2114.85431045223
2,AE,230,1690.0345173593,424.893211561111,1265.14130579819,2114.92772892041
2,AE,231,1690.01562194542,424.931234060626,1265.0843878848,2114.94685600605
2,AE,232,1689.55799371425,424.911774968847,1264.6462187454,2114.4697686831
2,AE,233,1685.98591433946,421.302087203906,1264.68382713555,2107.28800154337
2,AE,234,1685.97349083553,421.32732588149,1264.64616495404,2107.30081671702
2,AE,235,1685.84754040838,421.378147755432,1264.46939265295,2107.22568816381
2,AE,236,1685.04838841116,421.048108517254,1264.00027989391,2106.09649692842
2,AE,237,1684.92774006845,421.134523620877,1263.79321644757,2106.06226368932
2,AE,238,1684.92774006845,421.134523620877,1263.79321644757,2106.06226368932
2,AE,239,1684.13942925994,421.737347117902,1262.40208214204,2105.87677637784
2,AE,240,1683.41745136242,421.038595908038,1262.37885545438,2104.45604727046
2,AE,241,1683.41745136242,421.038595908038,1262.37885545438,2104.45604727046
2,AE,242,1683.41745136242,421.038595908038,1262.37885545438,2104.45604727046
2,AE,243,1683.31125632777,421.184175523281,1262.12708080449,2104.49543185105
2,AE,244,1683.26825237015,421.272011423675,1261.99624094647,2104.54026379382
2,AE,245,1683.21160174805,421.390140055002,1261.82146169305,2104.60174180305
2,AE,246,1682.92287577303,421.78948306851,1261.13339270452,2104.71235884154
2,AE,247,1682.92287577303,421.78948306851,1261.13339270452,2104.71235884154
2,AE,248,1682.92287577303,421.78948306851,1261.13339270452,2104.71235884154
2,AE,249,1682.92287577303,421.78948306851,1261.13339270452,2104.71235884154
2,AE,250,1682.92287577303,421.78948306851,1261.13339270452,2104.71235884154
2,AE,251,1682.92287577303,421.78948306851,1261.13339270452,2104.71235884154
2,AE,252,1682.57620901381,421.952204445245,1260.62400456857,2104.52841345906
2,AE,253,1682.53722295928,422.031737087425,1260.50548587185,2104.5689600467
2,AE,254,1682.53722295928,422.031737087425,1260.50548587185,2104.5689600467
2,AE,255,1682.49525479725,422.115874888622,1260.37937990863,2104.61112968587
2,AE,256,1682.38236164087,422.34698724955,1260.03537439132,2104.72934889042
2,AE,257,1682.20895562748,422.231615472106,1259.97734015538,2104.44057109959
2,AE,258,1682.20895562748,422.231615472106,1259.97734015538,2104.44057109959
2,AE,259,1682.17978444271,422.291464636513,1259.8883198062,2104.47124907922
2,AE,260,1681.67680133089,421.836114103397,1259.84068722749,2103.51291543428
2,AE,261,1681.67680133089,421.836114103397,1259.84068722749,2103.51291543428
2,AE,262,1681.42613511953,421.726041702684,1259.70009341684,2103.15217682221
2,AE,263,1681.42613511953,421.726041702684,1259.70009341684,2103.15217682221
2,AE,264,1680.22998672463,422.111204048693,1258.11878267594,2102.34119077332
2,AE,265,1680.18389538282,422.205716451121,1257.9781789317,2102.38961183394
2,AE,266,1678.77866992351,421.082242247193,1257.69642767632,2099.8609121707
2,AE,267,1678.71191247656,421.220605251673,1257.49130722489,2099.93251772823
2,AE,268,1678.58397860492,421.252767302664,1257.33121130226,2099.83674590759
2,AE,269,1678.16460387626,421.322179535297,1256.84242434097,2099.48678341156
2,AE,270,1678.07773956466,421.294596448501,1256.78314311616,2099.37233601317
2,AE,271,1676.51367806479,420.728714841905,1255.78496322289,2097.2423929067
2,AE,272,1676.33872623934,420.799111680907,1255.53961455843,2097.13783792025
2,AE,273,1676.3293031338,420.800864888534,1255.52843824527,2097.13016802234
2,AE,274,1676.3293031338,420.800864888534,1255.52843824527,2097.13016802234
2,AE,275,1675.98300035364,421.03667234337,1254.94632801028,2097.01967269701
2,AE,276,1675.57057553057,421.619305488704,1253.95127004186,2097.18988101927
2,AE,277,1675.57057553057,421.619305488704,1253.95127004186,2097.18988101927
2,AE,278,1675.54457902568,421.672936414951,1253.87164261073,2097.21751544063
2,AE,279,1675.46056862776,421.619024688453,1253.84154393931,2097.07959331622
2,AE,280,1675.44062820895,421.660190989811,1253.78043721914,2097.10081919876
2,AE,281,1675.38079835697,421.783853256577,1253.59694510039,2097.16465161354
2,AE,282,1671.64753434859,423.715739920452,1247.93179442814,2095.36327426904
2,AE,283,1671.17902310665,422.969123711876,1248.20989939477,2094.14814681852
2,AE,284,1671.04596521679,422.747606854648,1248.29835836214,2093.79357207143
2,AE,285,1671.03212286161,422.776038819611,1248.256084042,2093.80816168122
2,AE,286,1670.96948349874,422.735594136864,1248.23388936187,2093.7050776356
2,AE,287,1670.01360311603,421.681558721209,1248.33204439482,2091.69516183724
2,AE,288,1669.95085388927,421.688207047284,1248.26264684199,2091.63906093655
2,AE,289,1669.89539947698,421.802439003117,1248.09296047386,2091.6978384801
2,AE,290,1669.89187230879,421.800457767559,1248.09141454123,2091.69233007635
2,AE,291,1668.94370443585,421.487971512646,1247.4557329232,2090.4316759485
2,AE,292,1668.94370443585,421.487971512646,1247.4557329232,2090.4316759485
2,AE,293,1668.94370443585,421.487971512646,1247.4557329232,2090.4316759485
2,AE,294,1668.94370443585,421.487971512646,1247.4557329232,2090.4316759485
2,AE,295,1668.54105264124,421.829222930714,1246.71182971053,2090.37027557195
2,AE,296,1668.52180213914,421.868854981566,1246.65294715757,2090.39065712071
2,AE,297,1668.52180213914,421.868854981566,1246.65294715757,2090.39065712071
2,AE,298,1668.50647020561,421.900435850834,1246.60603435477,2090.40690605644
2,AE,299,1668.50647020561,421.900435850834,1246.60603435477,2090.40690605644
2,AE,300,1668.40423813825,421.846106869853,1246.5581312684,2090.2503450081
2,PSO,1,4309.44149417495,1401.95004967832,2907.49144449663,5711.39154385326
2,PSO,2,3436.50337326812,1287.57729121146,2148.92608205667,4724.08066447958
2,PSO,3,3011.89459774639,929.409187835976,2082.48540991042,3941.30378558237
2,PSO,4,2455.82984460136,820.272412621279,1635.55743198008,3276.10225722264
2,PSO,5,2012.69976093148,862.480438172,1150.21932275948,2875.18019910348
2,PSO,6,1817.0050484534,843.196229516663,973.808818936742,2660.20127797007
2,PSO,7,1690.88309797838,823.245014440509,867.638083537874,2514.12811241889
2,PSO,8,1574.41622793999,717.124896959061,857.291330980929,2291.54112489905
2,PSO,9,1514.31070148498,684.531470560843,829.779230924135,2198.84217204582
2,PSO,10,1418.21895148384,663.983742998659,754.235208485181,2082.2026944825
2,PSO,11,1367.74375515278,643.791350298005,723.952404854779,2011.53510545079
2,PSO,12,1302.464222365,655.084839692015,647.379382672988,1957.54906205702
2,PSO,13,1278.70681002473,644.954096978239,633.752713046489,1923.66090700297
2,PSO,14,1256.74342663966,632.11605090713,624.627375732529,1888.85947754679
2,PSO,15,1235.32312240065,624.722662737137,610.60045966351,1860.04578513778
2,PSO,16,1217.6300261238,627.028481489358,590.601544634443,1844.65850761316
2,PSO,17,1201.01277142466,622.866470816434,578.146300608226,1823.87924224109
2,PSO,18,1166.42833959671,614.661690113701,551.766649483014,1781.09002971042
2,PSO,19,1132.96155048024,589.658985494038,543.302564986202,1722.62053597428
2,PSO,20,1078.57369917598,599.166375396988,479.407323778993,1677.74007457297
2,PSO,21,1059.0407462568,605.896461224815,453.14428503199,1664.93720748162
2,PSO,22,1045.52214579595,593.201388659816,452.320757136138,1638.72353445577
2,PSO,23,1040.4556464979,594.25525121956,446.200395278337,1634.71089771746
2,PSO,24,1025.23037096005,565.90329966637,459.327071293683,1591.13367062642
2,PSO,25,1020.8368402466,567.082531980681,453.754308265918,1587.91937222728
2,PSO,26,1007.04480702423,557.414528576136,449.630278448097,1564.45933560037
2,PSO,27,1001.49100360592,556.404956773328,445.086046832589,1557.89596037924
2,PSO,28,999.765986526436,557.394428323111,442.371558203325,1557.16041484955
2,PSO,29,990.727231742505,550.07481073231,440.652421010195,1540.80204247481
2,PSO,30,988.950905940044,549.845572610804,439.10533332924,1538.79647855085
2,PSO,31,973.259840400505,543.083038900812,430.176801499693,1516.34287930132
2,PSO,32,966.133734871565,539.66956140288,426.464173468685,1505.80329627444
2,PSO,33,962.551282551423,541.051109031651,421.500173519772,1503.60239158307
2,PSO,34,958.236489510803,537.614103390114,420.62238612069,1495.85059290092
2,PSO,35,951.951250021325,529.630391501045,422.32085852028,1481.58164152237
2,PSO,36,946.824642256985,527.598623396142,419.226018860843,1474.42326565313
2,PSO,37,943.577522345269,526.45003164798,417.127490697289,1470.02755399325
2,PSO,38,931.899818813709,523.108605401898,408.791213411811,1455.00842421561
2,PSO,39,928.82607746738,521.809688331159,407.016389136221,1450.63576579854
2,PSO,40,926.979006267251,522.635196098461,404.34381016879,1449.61420236571
2,PSO,41,897.164662656434,474.463120683708,422.701541972726,1371.62778334014
2,PSO,42,888.67607488463,468.525444546727,420.150630337904,1357.20151943136
2,PSO,43,887.717786770986,468.431219310607,419.286567460378,1356.14900608159
2,PSO,44,884.232017902575,466.441645354067,417.790372548507,1350.67366325664
2,PSO,45,882.033454354227,466.701666830176,415.331787524052,1348.7351211844
2,PSO,46,879.019710052618,465.324594894483,413.695115158135,1344.3443049471
2,PSO,47,877.142900702134,465.174567317995,411.96833338414,1342.31746802013
2,PSO,48,875.065130465328,464.467539898709,410.597590566619,1339.53267036404
2,PSO,49,869.19829576114,462.205488804269,406.992806956871,1331.40378456541
2,PSO,50,866.811972755394,461.905341721036,404.906631034359,1328.71731447643
2,PSO,51,865.461587447436,461.723012512097,403.738574935339,1327.18459995953
2,PSO,52,864.507605170478,461.651592445111,402.856012725366,1326.15919761559
2,PSO,53,863.306380264043,461.248834948668,402.057545315375,1324.55521521271
2,PSO,54,862.072351977877,461.052432500272,401.019919477605,1323.12478447815
2,PSO,55,861.10203217938,460.687653110183,400.414379069197,1321.78968528956
2,PSO,56,860.116501521745,460.951527562907,399.164973958839,1321.06802908465
2,PSO,57,858.61229894138,460.289810226909,398.322488714472,1318.90210916829
2,PSO,58,856.65054450337,460.282013301629,396.36853120174,1316.932557805
2,PSO,59,854.600839641543,459.760692587635,394.840147053908,1314.36153222918
2,PSO,60,852.932110104127,459.464348740106,393.46776136402,1312.39645884423
2,PSO,61,851.745083747726,459.362276584873,392.382807162853,1311.1073603326
2,PSO,62,849.240244832287,459.192743706041,390.047501126246,1308.43298853833
2,PSO,63,848.143615040617,458.852217945827,389.29139709479,1306.99583298644
2,PSO,64,847.044125807657,457.911061720661,389.133064086995,1304.95518752832
2,PSO,65,845.820145296496,457.334237910206,388.48590738629,1303.1543832067
2,PSO,66,845.345815360623,457.080132545234,388.265682815389,1302.42594790586
2,PSO,67,843.480329947008,456.309810311317,387.170519635691,1299.79014025832
2,PSO,68,842.577450435393,455.83777619792,386.739674237474,1298.41522663331
2,PSO,69,841.204691121368,455.701242350791,385.503448770577,1296.90593347216
2,PSO,70,840.148752568091,454.687586143935,385.461166424156,1294.83633871203
2,PSO,71,838.747308775779,454.702425185817,384.044883589962,1293.4497339616
2,PSO,72,837.999568535277,454.383428383594,383.616140151684,1292.38299691887
2,PSO,73,837.239682877696,454.070343587149,383.169339290547,1291.31002646485
2,PSO,74,836.524305686511,453.790119309371,382.73418637714,1290.31442499588
2,PSO,75,835.383959715876,452.959873904192,382.424085811684,1288.34383362007
2,PSO,76,834.175616313191,452.912356770467,381.263259542723,1287.08797308366
2,PSO,77,833.417520149856,453.095758170462,380.321761979394,1286.51327832032
2,PSO,78,832.936931192591,453.096757724181,379.84017346841,1286.03368891677
2,PSO,79,832.255489035323,453.136631160312,379.118857875011,1285.39212019563
2,PSO,80,831.233833750537,452.602683976724,378.631149773814,1283.83651772726
2,PSO,81,830.134409998932,452.197681378107,377.936728620825,1282.33209137704
2,PSO,82,829.2981362377,452.122029033172,377.176107204528,1281.42016527087
2,PSO,83,828.498272605648,452.016793614466,376.481478991182,1280.51506622011
2,PSO,84,826.237805488499,452.07319754656,374.164607941939,1278.31100303506
2,PSO,85,824.445131021025,452.096512331785,372.34861868924,1276.54164335281
2,PSO,86,823.310133626159,451.556606818039,371.75352680812,1274.8667404442
2,PSO,87,822.601579490565,451.644624234757,370.956955255808,1274.24620372532
2,PSO,88,821.420058626019,451.03297283062,370.387085795399,1272.45303145664
2,PSO,89,820.834438413333,451.090524611155,369.743913802178,1271.92496302449
2,PSO,90,820.33810613565,451.285632679739,369.052473455911,1271.62373881539
2,PSO,91,819.698983946503,451.135569214622,368.563414731881,1270.83455316113
2,PSO,92,818.362446258132,450.746126114504,367.616320143627,1269.10857237264
2,PSO,93,816.872556313041,450.080003091153,366.792553221888,1266.95255940419
2,PSO,94,816.288495601533,450.333759667122,365.954735934411,1266.62225526865
2,PSO,95,814.958969568546,449.963375406276,364.99559416227,1264.92234497482
2,PSO,96,813.536027265707,448.715661763994,364.820365501712,1262.2516890297
2,PSO,97,812.879481852745,448.677786732634,364.201695120111,1261.55726858538
2,PSO,98,812.112438324751,448.772280513881,363.34015781087,1260.88471883863
2,PSO,99,811.569547765267,448.807265820565,362.762281944702,1260.37681358583
2,PSO,100,810.862551501826,449.025185993784,361.837365508041,1259.88773749561
2,PSO,101,810.3409970092,449.03247733595,361.308519673249,1259.37347434515
2,PSO,102,809.833252236454,449.022368598858,360.810883637596,1258.85562083531
2,PSO,103,809.143183296397,448.734920433553,360.408262862845,1257.87810372995
2,PSO,104,808.480158099139,448.714286308424,359.765871790715,1257.19444440756
2,PSO,105,808.040061902226,448.604046049222,359.436015853004,1256.64410795145
2,PSO,106,807.174248374163,448.527945691319,358.646302682845,1255.70219406548
2,PSO,107,806.842135224104,448.415349563065,358.426785661039,1255.25748478717
2,PSO,108,806.049336231654,448.140199469722,357.909136761932,1254.18953570138
2,PSO,109,805.09757037126,447.529289123618,357.568281247643,1252.62685949488
2,PSO,110,804.53863091663,447.208438242494,357.330192674136,1251.74706915912
2,PSO,111,804.010973852647,446.69033086011,357.320642992537,1250.70130471276
2,PSO,112,803.639417325336,446.62961030239,357.009807022945,1250.26902762773
2,PSO,113,803.373743302254,446.482589981546,356.891153320707,1249.8563332838
2,PSO,114,802.714875743442,445.758471046766,356.956404696676,1248.47334679021
2,PSO,115,801.814253126309,445.261206229315,356.553046896994,1247.07545935562
2,PSO,116,801.104570614409,444.896530504212,356.208040110197,1246.00110111862
2,PSO,117,800.870145913805,444.748749828959,356.121396084846,1245.61889574276
2,PSO,118,800.594422785089,444.752328746117,355.842094038972,1245.34675153121
2,PSO,119,794.428422318716,440.798872360421,353.629549958295,1235.22729467914
2,PSO,120,793.914364753382,440.845975321293,353.068389432088,1234.76034007467
2,PSO,121,792.637832533713,440.295111159026,352.342721374687,1232.93294369274
2,PSO,122,792.212668513702,439.922643476565,352.290025037137,1232.13531199027
2,PSO,123,791.985960122554,439.799467944687,352.186492177867,1231.78542806724
2,PSO,124,790.995761730402,439.532581198188,351.463180532214,1230.52834292859
2,PSO,125,790.807691783369,439.557426402025,351.250265381344,1230.36511818539
2,PSO,126,790.50297187011,439.401822111441,351.101149758669,1229.90479398155
2,PSO,127,790.314865510649,439.345254260522,350.969611250127,1229.66011977117
2,PSO,128,789.56487202397,438.874735685621,350.690136338349,1228.43960770959
2,PSO,129,785.146959437679,437.678004764354,347.468954673326,1222.82496420203
2,PSO,130,785.002095546258,437.640626490414,347.361469055844,1222.64272203667
2,PSO,131,784.854873937179,437.60277291779,347.252101019389,1222.45764685497
2,PSO,132,784.559947790159,437.38183652186,347.178111268299,1221.94178431202
2,PSO,133,784.12842521894,437.258679377713,346.869745841226,1221.38710459665
2,PSO,134,784.011759120841,437.134271359407,346.877487761434,1221.14603048025
2,PSO,135,783.708454312697,436.872878781158,346.835575531538,1220.58133309386
2,PSO,136,783.245305803868,436.4275648021,346.817741001768,1219.67287060597
2,PSO,137,782.82072094023,436.097552034959,346.723168905271,1218.91827297519
2,PSO,138,782.662578432688,436.052682299492,346.609896133196,1218.71526073218
2,PSO,139,782.560696541747,435.980416595528,346.580279946219,1218.54111313728
2,PSO,140,782.334361143801,435.897582074608,346.436779069193,1218.23194321841
2,PSO,141,782.115159845934,435.827086813681,346.288073032254,1217.94224665962
2,PSO,142,781.889618270185,435.776342386884,346.113275883301,1217.66596065707
2,PSO,143,781.737944803938,435.664052764393,346.073892039545,1217.40199756833
2,PSO,144,781.306392977793,435.63182321003,345.674569767763,1216.93821618782
2,PSO,145,781.048997498503,435.313893163135,345.735104335368,1216.36289066164
2,PSO,146,780.565297052068,435.167368338836,345.397928713232,1215.7326653909
2,PSO,147,779.797987358233,435.121523863191,344.676463495042,1214.91951122142
2,PSO,148,779.654406952432,435.132984440466,344.521422511966,1214.7873913929
2,PSO,149,779.278751305937,435.084653919103,344.194097386834,1214.36340522504
2,PSO,150,779.126432389276,435.058198000659,344.068234388617,1214.18463038993
2,PSO,151,778.96099459044,435.114634158537,343.846360431903,1214.07562874898
2,PSO,152,778.459518031046,435.330391630704,343.129126400341,1213.78990966175
2,PSO,153,778.046148450315,435.282918101248,342.763230349067,1213.32906655156
2,PSO,154,777.899245792434,435.236699155061,342.662546637373,1213.1359449475
2,PSO,155,777.656046589648,435.143553893523,342.512492696125,1212.79960048317
2,PSO,156,777.505405876109,435.13115751355,342.374248362558,1212.63656338966
2,PSO,157,777.243434439761,435.25108286684,341.992351572922,1212.4945173066
2,PSO,158,777.143132397883,435.283455711743,341.85967668614,1212.42658810963
2,PSO,159,777.057022706217,435.336446681326,341.720576024891,1212.39346938754
2,PSO,160,776.876499897285,435.316388409715,341.560111487571,1212.192888307
2,PSO,161,776.723046227454,435.340638516691,341.382407710763,1212.06368474415
2,PSO,162,776.384926520896,435.386915654858,340.998010866038,1211.77184217575
2,PSO,163,776.166081777857,435.338729295345,340.827352482512,1211.5048110732
2,PSO,164,775.97000689939,435.331476558185,340.638530341205,1211.30148345758
2,PSO,165,775.697430069601,435.212665901975,340.484764167625,1210.91009597158
2,PSO,166,775.545306695807,435.094866790455,340.450439905353,1210.64017348626
2,PSO,167,775.229353151003,434.948205611609,340.281147539394,1210.17755876261
2,PSO,168,774.559604309229,434.490702134375,340.068902174854,1209.0503064436
2,PSO,169,774.483366405935,434.444244551009,340.039121854926,1208.92761095694
2,PSO,170,774.371985765409,434.44593607067,339.92604969474,1208.81792183608
2,PSO,171,774.125457198154,434.482514543219,339.642942654935,1208.60797174137
2,PSO,172,772.133245258556,433.302581918863,338.830663339693,1205.43582717742
2,PSO,173,770.663116794139,432.640598859053,338.022517935086,1203.30371565319
2,PSO,174,769.18395670869,432.224797797874,336.959158910816,1201.40875450656
2,PSO,175,768.958585187981,432.198831267804,336.759753920177,1201.15741645578
2,PSO,176,768.841173962349,432.232604589679,336.60856937267,1201.07377855203
2,PSO,177,768.317310948081,432.249188758711,336.06812218937,1200.56649970679
2,PSO,178,767.238018194624,432.123173371581,335.114844823043,1199.3611915662
2,PSO,179,766.757583078571,432.479915525346,334.277667553225,1199.23749860392
2,PSO,180,766.559800066928,432.495804380408,334.063995686521,1199.05560444734
2,PSO,181,765.880904555479,432.810365871314,333.070538684165,1198.69127042679
2,PSO,182,765.703750556482,432.756388530554,332.947362025928,1198.46013908704
2,PSO,183,765.532569539537,432.668834995573,332.863734543964,1198.20140453511
2,PSO,184,765.36397921224,432.594241478855,332.769737733385,1197.95822069109
2,PSO,185,765.103306969704,432.520860674591,332.582446295113,1197.6241676443
2,PSO,186,764.763346416942,432.341712942382,332.42163347456,1197.10505935932
2,PSO,187,764.55946753277,432.320283005886,332.239184526885,1196.87975053866
2,PSO,188,764.218957740378,432.305091142751,331.913866597627,1196.52404888313
2,PSO,189,763.820443078489,432.162907297449,331.65753578104,1195.98335037594
2,PSO,190,763.464584535931,432.159218133985,331.305366401946,1195.62380266992
2,PSO,191,763.286631694109,432.070912714852,331.215718979258,1195.35754440896
2,PSO,192,762.991856933364,431.951770622135,331.040086311229,1194.9436275555
2,PSO,193,749.189743176177,438.645701259425,310.544041916752,1187.8354444356
2,PSO,194,749.125073202337,438.613694890498,310.51137831184,1187.73876809283
2,PSO,195,748.236118854049,439.378477329741,308.857641524308,1187.61459618379
2,PSO,196,747.969638439839,439.285195624597,308.684442815243,1187.25483406444
2,PSO,197,747.866426117954,439.25615085335,308.610275264604,1187.1225769713
2,PSO,198,747.713843346915,439.170391502881,308.543451844034,1186.8842348498
2,PSO,199,747.551616636714,439.160577029251,308.391039607462,1186.71219366597
2,PSO,200,747.337486947002,439.208477216004,308.129009730998,1186.54596416301
2,PSO,201,747.257196821252,439.167923532737,308.089273288515,1186.42512035399
2,PSO,202,747.139783932129,439.0879894228,308.051794509329,1186.22777335493
2,PSO,203,746.81594936163,438.816703119353,307.999246242277,1185.63265248098
2,PSO,204,746.237817884249,438.479805650013,307.758012234237,1184.71762353426
2,PSO,205,745.584792143352,437.91646731908,307.668324824272,1183.50125946243
2,PSO,206,745.34107836292,438.05405226195,307.28702610097,1183.39513062487
2,PSO,207,744.394858709058,437.884709317336,306.510149391722,1182.27956802639
2,PSO,208,744.069549892616,437.540194024331,306.529355868285,1181.60974391695
2,PSO,209,743.901971482638,437.530044553177,306.371926929461,1181.43201603581
2,PSO,210,743.735838681479,437.516807324205,306.219031357274,1181.25264600568
2,PSO,211,743.500412717235,437.567231703566,305.933181013669,1181.0676444208
2,PSO,212,742.999783726367,437.947024120651,305.052759605716,1180.94680784702
2,PSO,213,742.680579955898,437.922070469012,304.758509486886,1180.60265042491
2,PSO,214,742.477907394078,437.877768170922,304.600139223156,1180.355675565
2,PSO,215,742.334596662992,437.84062191075,304.493974752242,1180.17521857374
2,PSO,216,742.182593156383,437.754097874582,304.428495281801,1179.93669103097
2,PSO,217,742.026148840794,437.731201892927,304.294946947867,1179.75735073372
2,PSO,218,741.974486519676,437.721231200543,304.253255319133,1179.69571772022
2,PSO,219,741.768653192723,437.753954514535,304.014698678188,1179.52260770726
2,PSO,220,741.728205315402,437.721197235699,304.007008079704,1179.4494025511
2,PSO,221,741.640888548962,437.696845358091,303.944043190871,1179.33773390705
2,PSO,222,741.545491870706,437.648615130649,303.896876740057,1179.19410700136
2,PSO,223,741.470475898288,437.646454014275,303.824021884013,1179.11692991256
2,PSO,224,741.339646381356,437.536750464779,303.802895916577,1178.87639684613
2,PSO,225,741.244417498609,437.486364439178,303.758053059431,1178.73078193779
2,PSO,226,741.123859439842,437.50038510846,303.623474331382,1178.6242445483
2,PSO,227,741.047735149673,437.432392022883,303.61534312679,1178.48012717256
2,PSO,228,740.925800598013,437.465793585174,303.460007012839,1178.39159418319
2,PSO,229,740.750495434974,437.554975182854,303.195520252121,1178.30547061783
2,PSO,230,737.757828128429,434.912235393739,302.84559273469,1172.67006352217
2,PSO,231,737.650248399606,434.939053106556,302.71119529305,1172.58930150616
2,PSO,232,737.555059822925,434.853917110196,302.701142712729,1172.40897693312
2,PSO,233,737.471133181098,434.878943985256,302.592189195842,1172.35007716635
2,PSO,234,737.40202329989,434.895067603426,302.506955696464,1172.29709090332
2,PSO,235,737.269450286217,434.85782045523,302.411629830986,1172.12727074145
2,PSO,236,736.390016366122,434.200024646719,302.189991719403,1170.59004101284
2,PSO,237,736.272167749299,434.087640529791,302.184527219508,1170.35980827909
2,PSO,238,736.203943017602,434.048899418262,302.15504359934,1170.25284243586
2,PSO,239,736.104111408118,434.00381553769,302.100295870428,1170.10792694581
2,PSO,240,736.060652551926,434.013054275177,302.047598276748,1170.0737068271
2,PSO,241,736.027547440508,434.014900942738,302.01264649777,1170.04244838325
2,PSO,242,735.976095548217,433.990419294926,301.985676253291,1169.96651484314
2,PSO,243,735.89857354562,433.997004877223,301.901568668397,1169.89557842284
2,PSO,244,735.805263126925,433.965755908976,301.839507217948,1169.7710190359
2,PSO,245,735.738881306074,433.977438246364,301.76144305971,1169.71631955244
2,PSO,246,735.638910833344,433.983498185185,301.65541264816,1169.62240901853
2,PSO,247,735.585174110522,433.973785899517,301.611388211005,1169.55896001004
2,PSO,248,735.545207409569,433.963686820921,301.581520588648,1169.50889423049
2,PSO,249,735.516834928429,433.985568013119,301.53126691531,1169.50240294155
2,PSO,250,735.459137585489,434.01984249485,301.439295090639,1169.47898008034
2,PSO,251,735.398341393858,433.986595075112,301.411746318746,1169.38493646897
2,PSO,252,735.321076040727,433.979350210364,301.341725830362,1169.30042625109
2,PSO,253,735.242986934397,433.925901598675,301.317085335722,1169.16888853307
2,PSO,254,735.150306615638,433.911731544563,301.238575071075,1169.0620381602
2,PSO,255,735.042716742938,433.923730806046,301.118985936892,1168.96644754898
2,PSO,256,734.832080800551,433.924160623044,300.907920177506,1168.75624142359
2,PSO,257,734.674564622812,433.946238601107,300.728326021706,1168.62080322392
2,PSO,258,734.51254904804,434.012250425313,300.500298622727,1168.52479947335
2,PSO,259,734.381464606776,434.027491182142,300.353973424635,1168.40895578892
2,PSO,260,734.351800324236,434.039965111605,300.311835212631,1168.39176543584
2,PSO,261,734.294956099821,434.012890100744,300.282065999077,1168.30784620057
2,PSO,262,734.276363073759,434.006964507065,300.269398566694,1168.28332758082
2,PSO,263,734.216314319575,434.040422944537,300.175891375038,1168.25673726411
2,PSO,264,734.108635349506,434.028653529758,300.079981819748,1168.13728887926
2,PSO,265,733.939968576818,433.962292700431,299.977675876387,1167.90226127725
2,PSO,266,733.80269887839,433.948122895541,299.854575982849,1167.75082177393
2,PSO,267,733.67160383106,434.02037011002,299.65123372104,1167.69197394108
2,PSO,268,733.549536571836,433.994584599521,299.554951972314,1167.54412117136
2,PSO,269,733.262248001387,434.128378109061,299.133869892326,1167.39062611045
2,PSO,270,732.170489481536,435.035981808199,297.134507673337,1167.20647128973
2,PSO,271,731.717760898328,435.267083423142,296.450677475186,1166.98484432147
2,PSO,272,731.679983784085,435.284461466537,296.395522317548,1166.96444525062
2,PSO,273,731.616002857965,435.294692892544,296.321309965421,1166.91069575051
2,PSO,274,731.487321609572,435.242787011312,296.24453459826,1166.73010862088
2,PSO,275,731.460850766122,435.230413596881,296.230437169241,1166.691264363
2,PSO,276,731.356179452751,435.239895679156,296.116283773595,1166.59607513191
2,PSO,277,731.278376598139,435.16797331522,296.110403282919,1166.44634991336
2,PSO,278,731.200598715476,435.215430835852,295.985167879624,1166.41602955133
2,PSO,279,731.172267375989,435.186706187656,295.985561188332,1166.35897356365
2,PSO,280,731.161164833694,435.182471288903,295.978693544792,1166.3436361226
2,PSO,281,731.090084548675,435.233293524801,295.856791023874,1166.32337807348
2,PSO,282,731.061871715812,435.223164145983,295.838707569829,1166.28503586179
2,PSO,283,730.943413453839,435.092600934483,295.850812519355,1166.03601438832
2,PSO,284,730.863266415982,434.970339328311,295.892927087671,1165.83360574429
2,PSO,285,730.814428561262,434.94831231046,295.866116250802,1165.76274087172
2,PSO,286,730.751141265866,434.92959871406,295.821542551806,1165.68073997993
2,PSO,287,730.662333350232,434.912767989602,295.74956536063,1165.57510133983
2,PSO,288,730.526586096561,434.854146534727,295.672439561834,1165.38073263129
2,PSO,289,730.463266714553,434.783187462384,295.680079252169,1165.24645417694
2,PSO,290,730.400462215073,434.773207018279,295.627255196794,1165.17366923335
2,PSO,291,730.334769995798,434.780177991052,295.554592004745,1165.11494798685
2,PSO,292,730.293005350497,434.784898840624,295.508106509874,1165.07790419112
2,PSO,293,730.251163046985,434.783063427567,295.468099619418,1165.03422647455
2,PSO,294,730.188126924929,434.763405812228,295.424721112701,1164.95153273716
2,PSO,295,730.143632267513,434.762898571864,295.380733695649,1164.90653083938
2,PSO,296,730.122043206833,434.758282543617,295.363760663216,1164.88032575045
2,PSO,297,730.078199749879,434.665307976811,295.412891773068,1164.74350772669
2,PSO,298,730.009468052338,434.652384942584,295.357083109754,1164.66185299492
2,PSO,299,729.979455318754,434.647569003551,295.331886315204,1164.62702432231
2,PSO,300,729.948994581617,434.631052838891,295.317941742726,1164.58004742051
2,HHO,1,1764.46965455533,496.005394069916,1268.46426048542,2260.47504862525
2,HHO,2,1551.48334394086,492.068072551912,1059.41527138895,2043.55141649277
2,HHO,3,1378.25953707724,518.834183696358,859.425353380878,1897.09372077359
2,HHO,4,1279.14995441642,539.97308159589,739.176872820528,1819.12303601231
2,HHO,5,1200.03609020435,537.878694987732,662.157395216622,1737.91478519209
2,HHO,6,1190.53605220052,538.042922014636,652.493130185884,1728.57897421516
2,HHO,7,1165.68010517599,536.150826361554,629.529278814432,1701.83093153754
2,HHO,8,1130.32117007802,530.236293975594,600.084876102422,1660.55746405361
2,HHO,9,1108.10563876099,514.732504409021,593.37313435197,1622.83814317001
2,HHO,10,1072.5368237137,513.427509526579,559.109314187126,1585.96433324028
2,HHO,11,1044.35698653183,492.607416197336,551.749570334491,1536.96440272916
2,HHO,12,1035.74101542186,485.410194835902,550.330820585957,1521.15121025776
2,HHO,13,1019.16370246678,488.857871507987,530.305830958795,1508.02157397477
2,HHO,14,992.697811424317,486.884462281249,505.813349143068,1479.58227370557
2,HHO,15,993.593494588893,487.050351792694,506.543142796199,1480.64384638159
2,HHO,16,947.413697176057,488.869440867449,458.544256308608,1436.28313804351
2,HHO,17,942.238634222046,488.180907185351,454.057727036695,1430.4195414074
2,HHO,18,936.411356306678,487.640657837861,448.770698468817,1424.05201414454
2,HHO,19,932.030734823153,490.036709030014,441.994025793139,1422.06744385317
2,HHO,20,930.854279469682,490.63502323248,440.219256237201,1421.48930270216
2,HHO,21,929.527814720694,491.233055764457,438.294758956236,1420.76087048515
2,HHO,22,928.65290650853,491.328863374327,437.324043134203,1419.98176988286
2,HHO,23,927.15972978476,491.404436041009,435.755293743751,1418.56416582577
2,HHO,24,924.18206588662,492.891063011305,431.291002875315,1417.07312889793
2,HHO,25,922.339858671477,493.291551571696,429.048307099781,1415.63141024317
2,HHO,26,915.305578469732,485.918441032524,429.387137437208,1401.22401950226
2,HHO,27,913.987040260463,485.804051268098,428.182988992365,1399.79109152856
2,HHO,28,907.23487975669,483.362666749843,423.872213006847,1390.59754650653
2,HHO,29,899.858587429989,479.759889518929,420.09869791106,1379.61847694892
2,HHO,30,872.763752040889,475.748688228643,397.015063812246,1348.51244026953
2,HHO,31,865.10745478668,475.436163483444,389.671291303236,1340.54361827012
2,HHO,32,865.497058562199,476.119490772224,389.377567789975,1341.61654933442
2,HHO,33,863.638796520281,474.971513951379,388.667282568902,1338.61031047166
2,HHO,34,862.681421748929,472.746220965838,389.935200783091,1335.42764271477
2,HHO,35,861.366167091285,472.949274367977,388.416892723308,1334.31544145926
2,HHO,36,855.198356143687,473.379741795378,381.818614348309,1328.57809793907
2,HHO,37,843.437132207925,478.00568742035,365.431444787574,1321.44281962827
2,HHO,38,841.768439186478,478.246920338426,363.521518848052,1320.0153595249
2,HHO,39,839.893525613133,479.235414772994,360.658110840139,1319.12894038613
2,HHO,40,835.233100418642,480.385052692278,354.848047726364,1315.61815311092
2,HHO,41,834.006926523946,480.935189581121,353.071736942825,1314.94211610507
2,HHO,42,833.32561805581,480.799166776358,352.526451279452,1314.12478483217
2,HHO,43,829.301669125926,481.606318971353,347.695350154573,1310.90798809728
2,HHO,44,828.64993318413,481.663084717403,346.986848466727,1310.31301790153
2,HHO,45,828.112055359124,481.505116317018,346.606939042106,1309.61717167614
2,HHO,46,825.966648277045,481.459626704196,344.507021572849,1307.42627498124
2,HHO,47,824.291579787178,481.809288868502,342.482290918676,1306.10086865568
2,HHO,48,823.234822847326,482.169157381016,341.06566546631,1305.40398022834
2,HHO,49,820.911653698693,483.153710570411,337.757943128282,1304.0653642691
2,HHO,50,806.788114281031,484.28883558848,322.499278692551,1291.07694986951
2,HHO,51,804.278611441384,485.370155136557,318.908456304828,1289.64876657794
2,HHO,52,798.501739313837,481.047678650959,317.454060662878,1279.5494179648
2,HHO,53,797.063815279559,481.760045570697,315.303769708863,1278.82386085026
2,HHO,54,795.930796593297,482.332531777682,313.598264815615,1278.26332837098
2,HHO,55,795.51069167513,482.471578918566,313.039112756564,1277.9822705937
2,HHO,56,795.209448848913,482.599781194357,312.609667654556,1277.80923004327
2,HHO,57,792.88209644487,480.69800720386,312.18408924101,1273.58010364873
2,HHO,58,792.049794785741,480.942927355918,311.106867429823,1272.99272214166
2,HHO,59,791.478572651515,481.130501017599,310.348071633916,1272.60907366911
2,HHO,60,789.35633845941,480.660507250215,308.695831209195,1270.01684570963
2,HHO,61,789.067678076501,480.650561790595,308.417116285906,1269.7182398671
2,HHO,62,788.294270262365,480.887057508732,307.407212753633,1269.1813277711
2,HHO,63,787.700211449196,481.179497473398,306.520713975799,1268.87970892259
2,HHO,64,785.571839248362,480.794605522988,304.777233725374,1266.36644477135
2,HHO,65,784.448123857357,480.873018828368,303.57510502899,1265.32114268572
2,HHO,66,783.362729223467,480.534942217854,302.827787005613,1263.89767144132
2,HHO,67,781.833074644323,481.059698730943,300.77337591338,1262.89277337527
2,HHO,68,777.159565913072,480.57577266495,296.583793248123,1257.73533857802
2,HHO,69,766.683706152998,481.302649650245,285.381056502753,1247.98635580324
2,HHO,70,765.33282575327,481.251386820654,284.081438932615,1246.58421257392
2,HHO,71,763.952075128234,480.75608762039,283.195987507844,1244.70816274862
2,HHO,72,762.994205541537,480.249080859972,282.745124681565,1243.24328640151
2,HHO,73,762.159662157041,480.407976354165,281.751685802876,1242.56763851121
2,HHO,74,761.115002303162,480.572067865198,280.542934437964,1241.68707016836
2,HHO,75,760.428175473577,480.468472859719,279.959702613859,1240.8966483333
2,HHO,76,759.808027397869,480.738392702494,279.069634695375,1240.54642010036
2,HHO,77,759.484691186793,480.809412611028,278.675278575765,1240.29410379782
2,HHO,78,758.7597957353,481.133730019257,277.626065716044,1239.89352575456
2,HHO,79,755.236154275026,475.039829627575,280.196324647451,1230.2759839026
2,HHO,80,749.491029825866,463.023673073067,286.467356752799,1212.51470289893
2,HHO,81,743.696049657339,453.188721174034,290.507328483304,1196.88477083137
2,HHO,82,743.047242339065,453.559568360379,289.487673978686,1196.60681069944
2,HHO,83,741.650979349382,454.089003163053,287.561976186329,1195.73998251244
2,HHO,84,740.992861212805,454.20326981058,286.789591402226,1195.19613102339
2,HHO,85,740.108593033516,453.799448704607,286.309144328909,1193.90804173812
2,HHO,86,737.761195140741,453.313339578236,284.447855562505,1191.07453471898
2,HHO,87,737.183707682232,453.448927558556,283.734780123676,1190.63263524079
2,HHO,88,734.907444238876,454.06352221366,280.843922025216,1188.97096645254
2,HHO,89,730.845637410561,449.412067962324,281.433569448237,1180.25770537288
2,HHO,90,730.337955099272,449.331066280635,281.006888818637,1179.66902137991
2,HHO,91,729.816389590372,449.381858695443,280.434530894929,1179.19824828581
2,HHO,92,727.127835546187,448.334534720644,278.793300825543,1175.46237026683
2,HHO,93,721.525161247507,444.118600428398,277.406560819109,1165.64376167591
2,HHO,94,718.152404756881,444.588345260716,273.564059496165,1162.7407500176
2,HHO,95,715.09552884591,445.22895407582,269.86657477009,1160.32448292173
2,HHO,96,713.842419886595,445.373316531637,268.469103354958,1159.21573641823
2,HHO,97,711.07341734869,445.082292309875,265.991125038815,1156.15570965857
2,HHO,98,707.272005514232,447.167153693889,260.104851820343,1154.43915920812
2,HHO,99,705.095053785678,447.909153723971,257.185900061707,1153.00420750965
2,HHO,100,704.114014603839,447.670866657555,256.443147946283,1151.78488126139
2,HHO,101,702.228417624312,448.032512156615,254.195905467698,1150.26092978093
2,HHO,102,701.511282047009,449.128860169367,252.382421877641,1150.64014221638
2,HHO,103,699.533117698278,447.337829669802,252.195288028476,1146.87094736808
2,HHO,104,679.129840535038,415.816303937132,263.313536597906,1094.94614447217
2,HHO,105,672.732545112083,410.483350689981,262.249194422102,1083.21589580206
2,HHO,106,672.133813342521,410.768047583639,261.365765758882,1082.90186092616
2,HHO,107,671.779563484645,410.881442180946,260.8981213037,1082.66100566559
2,HHO,108,663.229952584874,401.247577766863,261.982374818011,1064.47753035174
2,HHO,109,662.639385036912,401.198503553004,261.440881483908,1063.83788858992
2,HHO,110,662.03462705925,400.869855463688,261.164771595562,1062.90448252294
2,HHO,111,661.470463976528,400.508132748998,260.96233122753,1061.97859672553
2,HHO,112,660.527818860101,399.980339350669,260.547479509432,1060.50815821077
2,HHO,113,659.896884420602,399.975436505446,259.921447915157,1059.87232092605
2,HHO,114,657.267405721746,398.337306132024,258.930099589722,1055.60471185377
2,HHO,115,647.178626872525,394.391371095987,252.787255776538,1041.56999796851
2,HHO,116,646.592113730635,394.559938068058,252.032175662578,1041.15205179869
2,HHO,117,642.012278229783,391.385445331042,250.626832898741,1033.39772356082
2,HHO,118,640.87911932823,391.484107722516,249.395011605714,1032.36322705075
2,HHO,119,632.955401866601,389.404679704379,243.550722162222,1022.36008157098
2,HHO,120,631.800587966525,388.740668619435,243.05991934709,1020.54125658596
2,HHO,121,630.410657931403,389.019445349711,241.391212581692,1019.43010328111
2,HHO,122,623.713174515629,380.735155941947,242.978018573682,1004.44833045758
2,HHO,123,623.572799710477,380.793022277784,242.779777432693,1004.36582198826
2,HHO,124,622.487072875228,381.001374161549,241.485698713679,1003.48844703678
2,HHO,125,620.89829790728,380.36726475282,240.53103315446,1001.2655626601
2,HHO,126,620.739580244167,381.301011136937,239.43856910723,1002.0405913811
2,HHO,127,619.628630429838,381.189418399364,238.439212030474,1000.8180488292
2,HHO,128,614.685733155737,376.698761379463,237.986971776274,991.3844945352
2,HHO,129,614.188450117373,376.796934736083,237.39151538129,990.985384853456
2,HHO,130,612.995968251431,376.806234279433,236.189733971998,989.802202530863
2,HHO,131,612.413745675722,376.922311473966,235.491434201757,989.336057149688
2,HHO,132,610.858916242523,375.850138119134,235.008778123388,986.709054361657
2,HHO,133,610.312618662173,375.637437485037,234.675181177136,985.95005614721
2,HHO,134,597.093728457516,373.124195902014,223.969532555502,970.217924359529
2,HHO,135,591.404346101769,373.358646230598,218.045699871171,964.762992332368
2,HHO,136,590.98135365637,373.308521281287,217.672832375083,964.289874937657
2,HHO,137,590.546591222717,373.360438904584,217.186152318132,963.907030127301
2,HHO,138,590.143783644646,373.450006339917,216.693777304729,963.593789984562
2,HHO,139,589.239257528719,373.875029050932,215.364228477787,963.114286579651
2,HHO,140,588.297253026438,374.191796133337,214.105456893101,962.489049159775
2,HHO,141,586.657399785182,374.638404056437,212.018995728745,961.29580384162
2,HHO,142,585.984322667806,374.868379824098,211.115942843708,960.852702491904
2,HHO,143,585.093585948144,375.099790093921,209.993795854222,960.193376042065
2,HHO,144,583.67533875081,375.548586085882,208.126752664928,959.223924836692
2,HHO,145,582.580099410807,375.93349254598,206.646606864827,958.513591956787
2,HHO,146,581.808217698092,375.725430164005,206.082787534087,957.533647862097
2,HHO,147,581.427979809473,375.824803880559,205.603175928914,957.252783690032
2,HHO,148,580.781494644608,375.70679116172,205.074703482888,956.488285806327
2,HHO,149,580.53691508245,375.80325918946,204.73365589299,956.34017427191
2,HHO,150,580.097820117568,375.670306162898,204.42751395467,955.768126280467
2,HHO,151,578.418941567964,371.954819748345,206.46412181962,950.373761316309
2,HHO,152,571.965205287754,352.270704826983,219.694500460771,924.235910114737
2,HHO,153,564.101758780884,331.216449135585,232.885309645298,895.318207916469
2,HHO,154,533.604466742967,286.517364300521,247.087102442446,820.121831043487
2,HHO,155,532.05093805253,285.679911356093,246.371026696437,817.730849408623
2,HHO,156,530.958084081656,285.531312131037,245.426771950619,816.489396212692
2,HHO,157,530.229750869065,285.033095999041,245.196654870024,815.262846868106
2,HHO,158,529.496375875429,284.824111087512,244.672264787917,814.320486962941
2,HHO,159,528.43783508864,282.924924502709,245.51291058593,811.362759591349
2,HHO,160,527.821005700212,283.106421992956,244.714583707256,810.927427693169
2,HHO,161,527.58582365754,283.11639586816,244.46942778938,810.7022195257
2,HHO,162,527.264037057626,283.18759762915,244.076439428476,810.451634686776
2,HHO,163,527.046624622171,283.26381353557,243.7828110866,810.310438157741
2,HHO,164,526.620371945577,283.280414976577,243.339956969,809.900786922153
2,HHO,165,526.06640466205,283.40608410926,242.66032055279,809.47248877131
2,HHO,166,525.109500954077,283.562407510086,241.547093443991,808.671908464163
2,HHO,167,524.105549103627,282.640073046201,241.465476057426,806.745622149828
2,HHO,168,523.268018081055,282.66658022821,240.601437852845,805.934598309266
2,HHO,169,522.246078322392,282.707289596452,239.53878872594,804.953367918843
2,HHO,170,521.480070742255,282.873327471637,238.606743270618,804.353398213892
2,HHO,171,520.531195971647,283.173624966638,237.357571005009,803.704820938284
2,HHO,172,519.939669315427,283.33301484378,236.606654471647,803.272684159207
2,HHO,173,518.992608100178,282.720734994317,236.271873105861,801.713343094495
2,HHO,174,517.687125281596,282.963415361156,234.72370992044,800.650540642752
2,HHO,175,517.185528853218,283.112300194952,234.073228658267,800.29782904817
2,HHO,176,516.999873908928,283.11299010344,233.886883805488,800.112864012368
2,HHO,177,515.688999433323,281.140087705058,234.548911728265,796.829087138382
2,HHO,178,514.832427209912,281.414421777195,233.418005432717,796.246848987108
2,HHO,179,513.701449160696,281.717112610264,231.984336550432,795.418561770959
2,HHO,180,512.991249907831,281.904629074514,231.086620833317,794.895878982344
2,HHO,181,512.857325889755,281.824809970955,231.0325159188,794.682135860711
2,HHO,182,511.916721311365,282.147920899144,229.768800412222,794.064642210509
2,HHO,183,511.575045617625,282.091797265261,229.483248352364,793.666842882886
2,HHO,184,510.8736158427,282.250037268748,228.623578573952,793.123653111448
2,HHO,185,510.456630607236,282.37506022279,228.081570384446,792.831690830027
2,HHO,186,510.061327203056,282.474927512022,227.586399691035,792.536254715078
2,HHO,187,509.652655083621,282.510760460345,227.141894623276,792.163415543966
2,HHO,188,509.107183739953,281.932260998104,227.174922741848,791.039444738057
2,HHO,189,508.30608110821,281.838966842791,226.467114265419,790.145047951001
2,HHO,190,506.655359073776,281.917888155245,224.737470918531,788.573247229021
2,HHO,191,506.074884212091,282.025904730377,224.048979481714,788.100788942468
2,HHO,192,504.668075189237,281.537951356645,223.130123832592,786.206026545882
2,HHO,193,503.714049556423,280.180164242142,223.533885314281,783.894213798565
2,HHO,194,501.835630158701,277.20664497559,224.628985183111,779.042275134291
2,HHO,195,501.304926011718,276.705925304247,224.599000707471,778.010851315966
2,HHO,196,500.440154799229,276.713243507458,223.726911291772,777.153398306687
2,HHO,197,498.798163570595,275.554064737833,223.244098832762,774.352228308428
2,HHO,198,497.408078709567,274.237971778051,223.170106931516,771.646050487618
2,HHO,199,496.844139680144,274.294923486468,222.549216193676,771.139063166612
2,HHO,200,490.451235533555,265.425814087134,225.025421446421,755.877049620689
2,HHO,201,485.454357890339,259.096688524499,226.35766936584,744.551046414837
2,HHO,202,484.72494201179,259.180477115524,225.544464896266,743.905419127313
2,HHO,203,484.447948356205,259.278995772365,225.16895258384,743.72694412857
2,HHO,204,484.115202794996,259.358405331092,224.756797463904,743.473608126088
2,HHO,205,484.000375297251,259.315606925591,224.68476837166,743.315982222843
2,HHO,206,483.533091121191,259.393335363336,224.139755757855,742.926426484527
2,HHO,207,482.783552845986,259.539198150198,223.244354695788,742.322750996184
2,HHO,208,478.920785083146,257.309413872999,221.611371210147,736.230198956144
2,HHO,209,477.968779333322,257.120311134544,220.848468198778,735.089090467865
2,HHO,210,471.46308376103,252.256407217011,219.206676544019,723.719490978041
2,HHO,211,465.131786640928,250.986122098122,214.145664542806,716.117908739051
2,HHO,212,464.145462460154,251.184602880693,212.960859579462,715.330065340847
2,HHO,213,462.984897188508,250.273326946265,212.711570242243,713.258224134772
2,HHO,214,462.53025742798,250.245290762726,212.284966665254,712.775548190705
2,HHO,215,461.820425910836,250.167568569241,211.652857341595,711.987994480077
2,HHO,216,460.867565092835,250.185213185114,210.682351907721,711.052778277949
2,HHO,217,460.523706052339,250.142443764706,210.381262287633,710.666149817045
2,HHO,218,460.112671911629,250.24401601931,209.868655892319,710.356687930939
2,HHO,219,459.864984307386,250.23350977447,209.631474532916,710.098494081857
2,HHO,220,459.683792490732,250.249106679393,209.434685811339,709.932899170125
2,HHO,221,459.228323723715,250.372356440759,208.855967282956,709.600680164474
2,HHO,222,458.890915454698,250.437360877104,208.453554577595,709.328276331802
2,HHO,223,458.379865484332,250.447184927392,207.93268055694,708.827050411724
2,HHO,224,458.137141162115,250.496597295465,207.64054386665,708.633738457581
2,HHO,225,457.426252949756,250.717650889906,206.70860205985,708.143903839663
2,HHO,226,456.630945047895,251.018072780306,205.612872267589,707.649017828201
2,HHO,227,456.160769688756,251.170856742844,204.989912945913,707.3316264316
2,HHO,228,454.868116222578,251.537045467848,203.331070754729,706.405161690426
2,HHO,229,453.194513200452,251.937683244723,201.256829955729,705.132196445174
2,HHO,230,442.445772085679,214.825485739319,227.62028634636,657.271257824998
2,HHO,231,436.472878787078,197.968327049614,238.504551737463,634.441205836692
2,HHO,232,435.945028239927,197.987544665371,237.957483574556,633.932572905297
2,HHO,233,435.563041562253,197.996222437597,237.566819124656,633.55926399985
2,HHO,234,434.722522553051,198.148285363499,236.574237189553,632.87080791655
2,HHO,235,430.459747791512,187.436811606251,243.022936185261,617.896559397763
2,HHO,236,430.116417316575,187.20977637083,242.906640945745,617.326193687405
2,HHO,237,429.333755417015,187.205179596671,242.128575820344,616.538935013686
2,HHO,238,428.060645704298,187.268563978828,240.792081725471,615.329209683126
2,HHO,239,427.468193489454,187.163929980261,240.304263509194,614.632123469715
2,HHO,240,426.781846355422,186.8858805258,239.895965829622,613.667726881222
2,HHO,241,426.524233308954,186.847000489636,239.677232819318,613.37123379859
2,HHO,242,426.221885391703,186.831066770866,239.390818620837,613.052952162569
2,HHO,243,425.866555997134,186.801081270736,239.065474726398,612.667637267871
2,HHO,244,425.526459140602,186.739516025634,238.786943114968,612.265975166236
2,HHO,245,425.147559432006,186.909294102686,238.23826532932,612.056853534692
2,HHO,246,423.59617455377,186.012317727486,237.583856826284,609.608492281256
2,HHO,247,422.704037434498,186.328717455357,236.375319979141,609.032754889855
2,HHO,248,421.220554342407,185.986513274651,235.234041067756,607.207067617058
2,HHO,249,420.823649205282,186.145683285571,234.677965919712,606.969332490853
2,HHO,250,420.382192847505,186.061201096082,234.320991751424,606.443393943587
2,HHO,251,420.052331748124,186.157423724831,233.894908023294,606.209755472955
2,HHO,252,419.722794609897,186.152023120192,233.570771489706,605.874817730089
2,HHO,253,419.466413500991,186.221185718927,233.245227782064,605.687599219918
2,HHO,254,418.535457247212,184.520833850933,234.014623396279,603.056291098145
2,HHO,255,418.368594493262,184.42300533414,233.945589159122,602.791599827403
2,HHO,256,418.138010636514,184.40520695137,233.732803685144,602.543217587885
2,HHO,257,417.850623266454,183.931120333567,233.919502932887,601.781743600021
2,HHO,258,417.449283622731,183.812829377243,233.636454245489,601.262112999974
2,HHO,259,417.312218755548,183.772424289333,233.539794466215,601.084643044882
2,HHO,260,416.578214005616,184.089109032901,232.489104972715,600.667323038517
2,HHO,261,415.86767665558,183.23678154154,232.63089511404,599.10445819712
2,HHO,262,415.479184854118,183.205393323243,232.273791530875,598.684578177361
2,HHO,263,415.05062626243,183.240351631029,231.810274631401,598.290977893458
2,HHO,264,414.786684525412,183.225410538353,231.56127398706,598.012095063765
2,HHO,265,414.238436609228,183.485811146729,230.752625462499,597.724247755957
2,HHO,266,414.079304252707,183.51159074239,230.567713510318,597.590894995097
2,HHO,267,413.80712853596,183.62409522171,230.183033314249,597.43122375767
2,HHO,268,413.647482237541,183.655798750131,229.99168348741,597.303280987672
2,HHO,269,413.385194762399,183.550652807437,229.834541954961,596.935847569836
2,HHO,270,412.037485456662,183.326437278279,228.711048178384,595.363922734941
2,HHO,271,411.455932367342,182.982273581958,228.473658785384,594.438205949299
2,HHO,272,410.949018045519,183.000385196385,227.948632849134,593.949403241904
2,HHO,273,410.391034259387,183.085813936224,227.305220323163,593.476848195612
2,HHO,274,410.165370303819,183.147682141895,227.017688161925,593.313052445714
2,HHO,275,409.655004378959,183.208063018138,226.446941360821,592.863067397097
2,HHO,276,409.324684619439,183.030084049651,226.294600569788,592.354768669089
2,HHO,277,408.821710966742,183.150191637893,225.671519328849,591.971902604635
2,HHO,278,407.879852051823,183.161601906904,224.718250144919,591.041453958727
2,HHO,279,406.964549247332,183.467108915535,223.497440331797,590.431658162867
2,HHO,280,406.17331677681,183.162692435568,223.010624341242,589.336009212378
2,HHO,281,405.754347564661,183.095966915487,222.658380649174,588.850314480149
2,HHO,282,405.23439493325,183.281489910221,221.952905023029,588.51588484347
2,HHO,283,404.641703959646,183.295396558851,221.346307400795,587.937100518497
2,HHO,284,404.244885906432,183.097622991374,221.147262915057,587.342508897806
2,HHO,285,403.663985053937,183.184961828839,220.479023225098,586.848946882776
2,HHO,286,403.373132928627,183.226108058395,220.147024870232,586.599240987022
2,HHO,287,403.134987485256,183.308000657836,219.82698682742,586.442988143093
2,HHO,288,402.463883827405,182.777300560024,219.686583267381,585.241184387429
2,HHO,289,402.017839222061,182.800805137843,219.217034084218,584.818644359905
2,HHO,290,401.34739135552,182.837611943441,218.509779412079,584.185003298961
2,HHO,291,401.098572732183,182.907429617051,218.191143115132,584.006002349235
2,HHO,292,400.908643974766,182.953749986697,217.954893988069,583.862393961463
2,HHO,293,400.488782439283,183.064831373003,217.423951066281,583.553613812286
2,HHO,294,400.183150106424,183.189556013195,216.993594093229,583.372706119619
2,HHO,295,398.299671094564,181.025497574065,217.2741735205,579.325168668629
2,HHO,296,397.524670019804,181.041542317186,216.483127702619,578.56621233699
2,HHO,297,396.608057257735,181.253389662298,215.354667595436,577.861446920033
2,HHO,298,396.255010276407,181.29052131032,214.964488966087,577.545531586726
2,HHO,299,395.834300530036,180.517182230101,215.317118299935,576.351482760137
2,HHO,300,395.834300530036,180.517182230101,215.317118299935,576.351482760137
4,CVF-AE,1,428.426806365238,2.89075858129086e-13,428.426806365238,428.426806365238
4,CVF-AE,2,427.952273113775,2.59912566112485,425.35314745265,430.5513987749
4,CVF-AE,3,427.952273113775,2.59912566112485,425.35314745265,430.5513987749
4,CVF-AE,4,426.781247175625,5.10743597959812,421.673811196027,431.888683155224
4,CVF-AE,5,426.505549173235,5.23713099734069,421.268418175894,431.742680170575
4,CVF-AE,6,426.459805003269,5.22575192671784,421.234053076551,431.685556929987
4,CVF-AE,7,424.313221521345,9.44313250746298,414.870089013882,433.756354028808
4,CVF-AE,8,424.313221521345,9.44313250746298,414.870089013882,433.756354028808
4,CVF-AE,9,424.313221521345,9.44313250746298,414.870089013882,433.756354028808
4,CVF-AE,10,424.313221521345,9.44313250746298,414.870089013882,433.756354028808
4,CVF-AE,11,423.596973394159,9.74665921957746,413.850314174581,433.343632613736
4,CVF-AE,12,423.543663153927,9.72367775439375,413.819985399534,433.267340908321
4,CVF-AE,13,423.543663153927,9.72367775439375,413.819985399534,433.267340908321
4,CVF-AE,14,423.193363892835,9.73885054254257,413.454513350293,432.932214435378
4,CVF-AE,15,422.553325878457,10.0102176991972,412.54310817926,432.563543577654
4,CVF-AE,16,422.553325878457,10.0102176991972,412.54310817926,432.563543577654
4,CVF-AE,17,421.864210712339,10.2993544723823,411.564856239956,432.163565184721
4,CVF-AE,18,420.232445972367,11.193378055906,409.039067916461,431.425824028273
4,CVF-AE,19,418.615010768312,11.2474551814228,407.367555586889,429.862465949735
4,CVF-AE,20,418.147543635407,11.116263138871,407.031280496536,429.263806774278
4,CVF-AE,21,416.441052138275,10.9454411186503,405.495611019625,427.386493256925
4,CVF-AE,22,416.441052138275,10.9454411186503,405.495611019625,427.386493256925
4,CVF-AE,23,415.467800266368,11.1350446521181,404.332755614249,426.602844918486
4,CVF-AE,24,415.033473032912,11.1607980383084,403.872674994604,426.194271071221
4,CVF-AE,25,414.723165477171,10.980454190777,403.742711286394,425.703619667948
4,CVF-AE,26,413.748190021926,10.8774954565741,402.870694565352,424.6256854785
4,CVF-AE,27,413.680224113027,10.8664397425391,402.813784370488,424.546663855566
4,CVF-AE,28,413.259329571048,10.5143956098255,402.744933961222,423.773725180873
4,CVF-AE,29,412.651062481242,10.3661794519669,402.284883029276,423.017241933209
4,CVF-AE,30,411.622004933243,9.63011595559384,401.991888977649,421.252120888837
4,CVF-AE,31,411.226470308085,9.17500264537884,402.051467662706,420.401472953464
4,CVF-AE,32,409.863117971457,9.34026306296967,400.522854908487,419.203381034426
4,CVF-AE,33,409.388190618686,9.46282338479398,399.925367233892,418.85101400348
4,CVF-AE,34,409.247893697198,9.41700256388469,399.830891133313,418.664896261082
4,CVF-AE,35,409.203298987334,9.46338752867249,399.739911458662,418.666686516007
4,CVF-AE,36,409.087145739766,9.58179248172151,399.505353258045,418.668938221488
4,CVF-AE,37,409.087145739766,9.58179248172151,399.505353258045,418.668938221488
4,CVF-AE,38,409.087145739766,9.58179248172151,399.505353258045,418.668938221488
4,CVF-AE,39,408.966800966815,9.58829613904174,399.378504827773,418.555097105857
4,CVF-AE,40,408.861323073413,9.50464955537939,399.356673518034,418.365972628793
4,CVF-AE,41,408.861323073413,9.50464955537939,399.356673518034,418.365972628793
4,CVF-AE,42,408.861323073413,9.50464955537939,399.356673518034,418.365972628793
4,CVF-AE,43,408.219223278612,10.1234900606772,398.095733217935,418.342713339289
4,CVF-AE,44,407.985470759926,10.0679146672607,397.917556092666,418.053385427187
4,CVF-AE,45,407.760786801597,10.1560717040546,397.604715097542,417.916858505651
4,CVF-AE,46,406.968334736312,11.7497140681512,395.21862066816,418.718048804463
4,CVF-AE,47,406.42678946078,11.9954136456869,394.431375815093,418.422203106467
4,CVF-AE,48,405.330560916104,13.918896570653,391.411664345451,419.249457486757
4,CVF-AE,49,404.198053799696,13.2803934187574,390.917660380939,417.478447218454
4,CVF-AE,50,404.153814993098,13.2163697559382,390.93744523716,417.370184749036
4,CVF-AE,51,401.648056222341,16.4400360040973,385.208020218244,418.088092226438
4,CVF-AE,52,401.648056222341,16.4400360040973,385.208020218244,418.088092226438
4,CVF-AE,53,401.648056222341,16.4400360040973,385.208020218244,418.088092226438
4,CVF-AE,54,401.515427264331,16.4728979870188,385.042529277312,417.98832525135
4,CVF-AE,55,401.439618224875,16.4367756740924,385.002842550783,417.876393898968
4,CVF-AE,56,400.716514142658,16.1243094846416,384.592204658016,416.8408236273
4,CVF-AE,57,400.496311861086,15.971850194564,384.524461666522,416.46816205565
4,CVF-AE,58,400.157306705337,15.9076177739556,384.249688931382,416.064924479293
4,CVF-AE,59,399.68823345517,16.0223860259403,383.66584742923,415.710619481111
4,CVF-AE,60,398.966351284038,15.7500271683126,383.216324115725,414.71637845235
4,CVF-AE,61,398.966351284038,15.7500271683126,383.216324115725,414.71637845235
4,CVF-AE,62,398.794417455001,15.6769031497311,383.11751430527,414.471320604732
4,CVF-AE,63,398.665013601439,15.6295840107706,383.035429590669,414.29459761221
4,CVF-AE,64,397.292164120636,14.8481124186037,382.444051702032,412.140276539239
4,CVF-AE,65,397.292164120636,14.8481124186037,382.444051702032,412.140276539239
4,CVF-AE,66,396.563054492449,14.540377048439,382.02267744401,411.103431540888
4,CVF-AE,67,396.106088042198,14.2096492002212,381.896438841977,410.315737242419
4,CVF-AE,68,396.071432995476,14.2082427544046,381.863190241072,410.279675749881
4,CVF-AE,69,394.139712474046,16.2712521552026,377.868460318844,410.410964629249
4,CVF-AE,70,394.042618634925,16.2729252996342,377.76969333529,410.315543934559
4,CVF-AE,71,394.042618634925,16.2729252996342,377.76969333529,410.315543934559
4,CVF-AE,72,393.814373530636,16.1482951594699,377.666078371166,409.962668690106
4,CVF-AE,73,393.814373530636,16.1482951594699,377.666078371166,409.962668690106
4,CVF-AE,74,392.968348961303,15.2180159512286,377.750333010075,408.186364912532
4,CVF-AE,75,392.968348961303,15.2180159512286,377.750333010075,408.186364912532
4,CVF-AE,76,392.844404557321,15.1777599102002,377.66664464712,408.022164467521
4,CVF-AE,77,392.844404557321,15.1777599102002,377.66664464712,408.022164467521
4,CVF-AE,78,392.844404557321,15.1777599102002,377.66664464712,408.022164467521
4,CVF-AE,79,392.844404557321,15.1777599102002,377.66664464712,408.022164467521
4,CVF-AE,80,392.716245628954,15.1468730383469,377.569372590607,407.8631186673
4,CVF-AE,81,392.716245628954,15.1468730383469,377.569372590607,407.8631186673
4,CVF-AE,82,392.318117979709,14.9488989460311,377.369219033678,407.26701692574
4,CVF-AE,83,392.044191438946,15.7854980457824,376.258693393164,407.829689484728
4,CVF-AE,84,392.003751201407,15.7729294846334,376.230821716774,407.77668068604
4,CVF-AE,85,391.84819195254,15.6945895675613,376.153602384979,407.542781520102
4,CVF-AE,86,390.469164400567,17.5208621734662,372.948302227101,407.990026574033
4,CVF-AE,87,390.469164400567,17.5208621734662,372.948302227101,407.990026574033
4,CVF-AE,88,390.353050495914,17.4236221824173,372.929428313497,407.776672678332
4,CVF-AE,89,390.353050495914,17.4236221824173,372.929428313497,407.776672678332
4,CVF-AE,90,390.353050495914,17.4236221824173,372.929428313497,407.776672678332
4,CVF-AE,91,390.353050495914,17.4236221824173,372.929428313497,407.776672678332
4,CVF-AE,92,390.353050495914,17.4236221824173,372.929428313497,407.776672678332
4,CVF-AE,93,390.353050495914,17.4236221824173,372.929428313497,407.776672678332
4,CVF-AE,94,390.339706941731,17.4176392625321,372.922067679199,407.757346204264
4,CVF-AE,95,388.445599737714,19.4033811998719,369.042218537842,407.848980937586
4,CVF-AE,96,388.445599737714,19.4033811998719,369.042218537842,407.848980937586
4,CVF-AE,97,388.305908770783,19.2994419757845,369.006466794999,407.605350746568
4,CVF-AE,98,387.663742497045,19.3496091724218,368.314133324623,407.013351669467
4,CVF-AE,99,387.663742497045,19.3496091724218,368.314133324623,407.013351669467
4,CVF-AE,100,386.791328601365,19.8080534589225,366.983275142443,406.599382060288
4,CVF-AE,101,386.65160535796,19.6655657639608,366.986039593999,406.317171121921
4,CVF-AE,102,386.65160535796,19.6655657639608,366.986039593999,406.317171121921
4,CVF-AE,103,386.65160535796,19.6655657639608,366.986039593999,406.317171121921
4,CVF-AE,104,386.65160535796,19.6655657639608,366.986039593999,406.317171121921
4,CVF-AE,105,386.65160535796,19.6655657639608,366.986039593999,406.317171121921
4,CVF-AE,106,386.529757627017,19.5615880206235,366.968169606393,406.09134564764
4,CVF-AE,107,386.020837245858,19.3712254647013,366.649611781157,405.392062710559
4,CVF-AE,108,384.844585801719,20.4343835795207,364.410202222199,405.27896938124
4,CVF-AE,109,384.553917784816,20.3965554935533,364.157362291262,404.950473278369
4,CVF-AE,110,384.544450650297,20.4002995271523,364.144151123145,404.944750177449
4,CVF-AE,111,384.295216962861,20.3993615183692,363.895855444492,404.69457848123
4,CVF-AE,112,384.18310069864,20.6522108359695,363.53088986267,404.835311534609
4,CVF-AE,113,384.18310069864,20.6522108359695,363.53088986267,404.835311534609
4,CVF-AE,114,383.459736009379,21.1504430831968,362.309292926183,404.610179092576
4,CVF-AE,115,383.459736009379,21.1504430831968,362.309292926183,404.610179092576
4,CVF-AE,116,382.381852111434,22.916300540295,359.465551571139,405.298152651729
4,CVF-AE,117,382.381852111434,22.916300540295,359.465551571139,405.298152651729
4,CVF-AE,118,382.013262673746,22.8099381814628,359.203324492283,404.823200855209
4,CVF-AE,119,381.847069471242,22.7231497809752,359.123919690267,404.570219252217
4,CVF-AE,120,380.466326059198,22.6860839091503,357.780242150048,403.152409968348
4,CVF-AE,121,380.466326059198,22.6860839091503,357.780242150048,403.152409968348
4,CVF-AE,122,380.466326059198,22.6860839091503,357.780242150048,403.152409968348
4,CVF-AE,123,380.431066938618,22.6735987426902,357.757468195928,403.104665681309
4,CVF-AE,124,380.431066938618,22.6735987426902,357.757468195928,403.104665681309
4,CVF-AE,125,380.321548145807,22.6452797182245,357.676268427582,402.966827864031
4,CVF-AE,126,379.314783597895,23.85037417743,355.464409420465,403.165157775325
4,CVF-AE,127,379.314783597895,23.85037417743,355.464409420465,403.165157775325
4,CVF-AE,128,378.917062433549,23.5728976872397,355.344164746309,402.489960120788
4,CVF-AE,129,378.484412320279,23.307982999005,355.176429321274,401.792395319284
4,CVF-AE,130,378.484412320279,23.307982999005,355.176429321274,401.792395319284
4,CVF-AE,131,378.484412320279,23.307982999005,355.176429321274,401.792395319284
4,CVF-AE,132,378.475206414911,23.3066317582313,355.16857465668,401.781838173142
4,CVF-AE,133,378.475206414911,23.3066317582313,355.16857465668,401.781838173142
4,CVF-AE,134,378.290960455504,23.1279304517663,355.163030003738,401.418890907271
4,CVF-AE,135,378.212025913642,23.2667747585583,354.945251155083,401.4788006722
4,CVF-AE,136,377.924545214182,23.0335167563326,354.89102845785,400.958061970515
4,CVF-AE,137,377.924545214182,23.0335167563326,354.89102845785,400.958061970515
4,CVF-AE,138,377.924545214182,23.0335167563326,354.89102845785,400.958061970515
4,CVF-AE,139,377.522371355781,22.923112462317,354.599258893464,400.445483818098
4,CVF-AE,140,377.522371355781,22.923112462317,354.599258893464,400.445483818098
4,CVF-AE,141,377.522371355781,22.923112462317,354.599258893464,400.445483818098
4,CVF-AE,142,377.392494971383,22.9403213794497,354.452173591933,400.332816350833
4,CVF-AE,143,377.268612416975,22.8366935161724,354.431918900802,400.105305933147
4,CVF-AE,144,376.882519827488,22.6342564489284,354.248263378559,399.516776276416
4,CVF-AE,145,376.882519827488,22.6342564489284,354.248263378559,399.516776276416
4,CVF-AE,146,375.094322303734,23.5944335115369,351.499888792198,398.688755815271
4,CVF-AE,147,375.094322303734,23.5944335115369,351.499888792198,398.688755815271
4,CVF-AE,148,374.915269409625,23.4662028585253,351.4490665511,398.381472268151
4,CVF-AE,149,374.915269409625,23.4662028585253,351.4490665511,398.381472268151
4,CVF-AE,150,374.915269409625,23.4662028585253,351.4490665511,398.381472268151
4,CVF-AE,151,374.915269409625,23.4662028585253,351.4490665511,398.381472268151
4,CVF-AE,152,374.915269409625,23.4662028585253,351.4490665511,398.381472268151
4,CVF-AE,153,374.75100899951,23.3440839953851,351.406925004124,398.095092994895
4,CVF-AE,154,374.75100899951,23.3440839953851,351.406925004124,398.095092994895
4,CVF-AE,155,374.548191950821,23.1874240433717,351.360767907449,397.735615994193
4,CVF-AE,156,374.548191950821,23.1874240433717,351.360767907449,397.735615994193
4,CVF-AE,157,374.355047199009,23.0291644027843,351.325882796225,397.384211601794
4,CVF-AE,158,374.355047199009,23.0291644027843,351.325882796225,397.384211601794
4,CVF-AE,159,374.355047199009,23.0291644027843,351.325882796225,397.384211601794
4,CVF-AE,160,372.801721297416,22.7962684064266,350.005452890989,395.597989703842
4,CVF-AE,161,372.77907171034,22.7696000241221,350.009471686217,395.548671734462
4,CVF-AE,162,372.77907171034,22.7696000241221,350.009471686217,395.548671734462
4,CVF-AE,163,372.070288152684,23.6991973480055,348.371090804679,395.76948550069
4,CVF-AE,164,372.070288152684,23.6991973480055,348.371090804679,395.76948550069
4,CVF-AE,165,372.070288152684,23.6991973480055,348.371090804679,395.76948550069
4,CVF-AE,166,371.953174100357,23.5987684399387,348.354405660418,395.551942540296
4,CVF-AE,167,371.673268861803,23.4282500227619,348.245018839041,395.101518884565
4,CVF-AE,168,371.673268861803,23.4282500227619,348.245018839041,395.101518884565
4,CVF-AE,169,371.673268861803,23.4282500227619,348.245018839041,395.101518884565
4,CVF-AE,170,371.134011628481,22.9740712205369,348.159940407944,394.108082849018
4,CVF-AE,171,371.134011628481,22.9740712205369,348.159940407944,394.108082849018
4,CVF-AE,172,371.049830833054,22.8904881697756,348.159342663279,393.94031900283
4,CVF-AE,173,371.049830833054,22.8904881697756,348.159342663279,393.94031900283
4,CVF-AE,174,371.049830833054,22.8904881697756,348.159342663279,393.94031900283
4,CVF-AE,175,368.999285316593,23.2243010431499,345.774984273443,392.223586359743
4,CVF-AE,176,368.999285316593,23.2243010431499,345.774984273443,392.223586359743
4,CVF-AE,177,368.999285316593,23.2243010431499,345.774984273443,392.223586359743
4,CVF-AE,178,368.999285316593,23.2243010431499,345.774984273443,392.223586359743
4,CVF-AE,179,368.999285316593,23.2243010431499,345.774984273443,392.223586359743
4,CVF-AE,180,368.84299995085,23.1043154464082,345.738684504442,391.947315397258
4,CVF-AE,181,368.84299995085,23.1043154464082,345.738684504442,391.947315397258
4,CVF-AE,182,368.84299995085,23.1043154464082,345.738684504442,391.947315397258
4,CVF-AE,183,368.84299995085,23.1043154464082,345.738684504442,391.947315397258
4,CVF-AE,184,368.840136704098,23.1017866527384,345.73835005136,391.941923356836
4,CVF-AE,185,368.840136704098,23.1017866527384,345.73835005136,391.941923356836
4,CVF-AE,186,368.346791059985,22.6697203235004,345.677070736485,391.016511383485
4,CVF-AE,187,368.346791059985,22.6697203235004,345.677070736485,391.016511383485
4,CVF-AE,188,368.346791059985,22.6697203235004,345.677070736485,391.016511383485
4,CVF-AE,189,368.346791059985,22.6697203235004,345.677070736485,391.016511383485
4,CVF-AE,190,368.32994346896,22.6846579814653,345.645285487495,391.014601450425
4,CVF-AE,191,368.222710790941,22.6323545717862,345.590356219155,390.855065362727
4,CVF-AE,192,367.159916507637,22.3279250996459,344.831991407991,389.487841607283
4,CVF-AE,193,366.20716713132,22.4873058760536,343.719861255266,388.694473007373
4,CVF-AE,194,366.20716713132,22.4873058760536,343.719861255266,388.694473007373
4,CVF-AE,195,366.20716713132,22.4873058760536,343.719861255266,388.694473007373
4,CVF-AE,196,365.887066029955,22.1975772605105,343.689488769444,388.084643290465
4,CVF-AE,197,365.887066029955,22.1975772605105,343.689488769444,388.084643290465
4,CVF-AE,198,364.647089106336,22.3744361039174,342.272653002419,387.021525210254
4,CVF-AE,199,364.618878084487,22.3302969279456,342.288581156541,386.949175012432
4,CVF-AE,200,364.618878084487,22.3302969279456,342.288581156541,386.949175012432
4,CVF-AE,201,364.388104558643,22.5358523152858,341.852252243357,386.923956873929
4,CVF-AE,202,364.388104558643,22.5358523152858,341.852252243357,386.923956873929
4,CVF-AE,203,364.081214710814,22.8168244779183,341.264390232895,386.898039188732
4,CVF-AE,204,362.645989399922,22.5492931341845,340.096696265737,385.195282534106
4,CVF-AE,205,362.645989399922,22.5492931341845,340.096696265737,385.195282534106
4,CVF-AE,206,362.645989399922,22.5492931341845,340.096696265737,385.195282534106
4,CVF-AE,207,362.221860016916,22.0854762045864,340.136383812329,384.307336221502
4,CVF-AE,208,362.065358881248,21.9823597150242,340.082999166224,384.047718596273
4,CVF-AE,209,362.065358881248,21.9823597150242,340.082999166224,384.047718596273
4,CVF-AE,210,362.065358881248,21.9823597150242,340.082999166224,384.047718596273
4,CVF-AE,211,361.982459727218,22.0746453024741,339.907814424744,384.057105029692
4,CVF-AE,212,361.828833264782,21.8748245064943,339.954008758288,383.703657771277
4,CVF-AE,213,361.775514387586,21.9050606899112,339.870453697675,383.680575077497
4,CVF-AE,214,361.775514387586,21.9050606899112,339.870453697675,383.680575077497
4,CVF-AE,215,361.775514387586,21.9050606899112,339.870453697675,383.680575077497
4,CVF-AE,216,361.775514387586,21.9050606899112,339.870453697675,383.680575077497
4,CVF-AE,217,361.437840364816,22.315674916323,339.122165448493,383.753515281139
4,CVF-AE,218,361.437840364816,22.315674916323,339.122165448493,383.753515281139
4,CVF-AE,219,361.27059812248,22.238602758125,339.031995364355,383.509200880605
4,CVF-AE,220,361.27059812248,22.238602758125,339.031995364355,383.509200880605
4,CVF-AE,221,360.993897499775,22.0678264130468,338.926071086728,383.061723912821
4,CVF-AE,222,360.993897499775,22.0678264130468,338.926071086728,383.061723912821
4,CVF-AE,223,360.993897499775,22.0678264130468,338.926071086728,383.061723912821
4,CVF-AE,224,360.993897499775,22.0678264130468,338.926071086728,383.061723912821
4,CVF-AE,225,360.349945893125,22.1041199410933,338.245825952032,382.454065834218
4,CVF-AE,226,360.191648130517,21.8475104130021,338.344137717515,382.039158543519
4,CVF-AE,227,359.93053001781,21.424626621669,338.505903396141,381.355156639479
4,CVF-AE,228,359.769658498015,21.3628974508718,338.406761047143,381.132555948886
4,CVF-AE,229,359.769658498015,21.3628974508718,338.406761047143,381.132555948886
4,CVF-AE,230,359.319827719096,21.3829209259106,337.936906793186,380.702748645007
4,CVF-AE,231,359.319827719096,21.3829209259106,337.936906793186,380.702748645007
4,CVF-AE,232,359.319827719096,21.3829209259106,337.936906793186,380.702748645007
4,CVF-AE,233,359.319827719096,21.3829209259106,337.936906793186,380.702748645007
4,CVF-AE,234,359.319827719096,21.3829209259106,337.936906793186,380.702748645007
4,CVF-AE,235,359.31240966748,21.3712674207278,337.941142246752,380.683677088208
4,CVF-AE,236,359.31240966748,21.3712674207278,337.941142246752,380.683677088208
4,CVF-AE,237,359.215655369424,21.2553032867573,337.960352082666,380.470958656181
4,CVF-AE,238,359.001862196296,21.0014353012493,338.000426895047,380.003297497545
4,CVF-AE,239,358.950777015523,20.9433156495009,338.007461366023,379.894092665024
4,CVF-AE,240,358.950777015523,20.9433156495009,338.007461366023,379.894092665024
4,CVF-AE,241,358.950777015523,20.9433156495009,338.007461366023,379.894092665024
4,CVF-AE,242,358.950777015523,20.9433156495009,338.007461366023,379.894092665024
4,CVF-AE,243,358.911690920528,20.8872418423039,338.024449078224,379.798932762832
4,CVF-AE,244,358.281744897922,20.5059859346971,337.775758963225,378.78773083262
4,CVF-AE,245,356.841037749885,19.6775447886271,337.163492961258,376.518582538512
4,CVF-AE,246,356.613545869182,20.029949881087,336.583595988095,376.643495750269
4,CVF-AE,247,356.613545869182,20.029949881087,336.583595988095,376.643495750269
4,CVF-AE,248,356.613545869182,20.029949881087,336.583595988095,376.643495750269
4,CVF-AE,249,356.613545869182,20.029949881087,336.583595988095,376.643495750269
4,CVF-AE,250,356.613545869182,20.029949881087,336.583595988095,376.643495750269
4,CVF-AE,251,356.058872358679,20.127123331539,335.93174902714,376.185995690218
4,CVF-AE,252,355.748188729022,19.6511902050558,336.096998523967,375.399378934078
4,CVF-AE,253,355.748188729022,19.6511902050558,336.096998523967,375.399378934078
4,CVF-AE,254,355.748188729022,19.6511902050558,336.096998523967,375.399378934078
4,CVF-AE,255,355.748188729022,19.6511902050558,336.096998523967,375.399378934078
4,CVF-AE,256,355.696459401706,19.7406147701087,335.955844631598,375.437074171815
4,CVF-AE,257,355.575425937318,19.5500582770063,336.025367660312,375.125484214325
4,CVF-AE,258,354.287263232564,19.1059175021536,335.18134573041,373.393180734717
4,CVF-AE,259,354.198524460272,19.1088572112167,335.089667249056,373.307381671489
4,CVF-AE,260,354.198524460272,19.1088572112167,335.089667249056,373.307381671489
4,CVF-AE,261,354.066197090874,18.9100904705065,335.156106620368,372.976287561381
4,CVF-AE,262,353.665308279221,18.8423966284112,334.822911650809,372.507704907632
4,CVF-AE,263,353.466106974227,18.8888611095896,334.577245864638,372.354968083817
4,CVF-AE,264,352.704273490208,19.0963002019453,333.607973288263,371.800573692153
4,CVF-AE,265,352.704273490208,19.0963002019453,333.607973288263,371.800573692153
4,CVF-AE,266,352.704273490208,19.0963002019453,333.607973288263,371.800573692153
4,CVF-AE,267,352.42597896358,19.2101556561325,333.215823307447,371.636134619712
4,CVF-AE,268,352.42597896358,19.2101556561325,333.215823307447,371.636134619712
4,CVF-AE,269,352.42597896358,19.2101556561325,333.215823307447,371.636134619712
4,CVF-AE,270,352.052171725263,19.3076710761914,332.744500649072,371.359842801455
4,CVF-AE,271,352.052171725263,19.3076710761914,332.744500649072,371.359842801455
4,CVF-AE,272,350.967852980145,18.913916509736,332.053936470409,369.881769489881
4,CVF-AE,273,350.902043772395,18.9963502761867,331.905693496208,369.898394048581
4,CVF-AE,274,350.902043772395,18.9963502761867,331.905693496208,369.898394048581
4,CVF-AE,275,350.902043772395,18.9963502761867,331.905693496208,369.898394048581
4,CVF-AE,276,350.902043772395,18.9963502761867,331.905693496208,369.898394048581
4,CVF-AE,277,350.902043772395,18.9963502761867,331.905693496208,369.898394048581
4,CVF-AE,278,350.902043772395,18.9963502761867,331.905693496208,369.898394048581
4,CVF-AE,279,350.691498347419,19.1488484762299,331.542649871189,369.840346823649
4,CVF-AE,280,350.691498347419,19.1488484762299,331.542649871189,369.840346823649
4,CVF-AE,281,350.691498347419,19.1488484762299,331.542649871189,369.840346823649
4,CVF-AE,282,350.551318501318,19.2614627696576,331.289855731661,369.812781270976
4,CVF-AE,283,350.409191676976,19.4021670413531,331.007024635623,369.81135871833
4,CVF-AE,284,350.409191676976,19.4021670413531,331.007024635623,369.81135871833
4,CVF-AE,285,350.409191676976,19.4021670413531,331.007024635623,369.81135871833
4,CVF-AE,286,350.409191676976,19.4021670413531,331.007024635623,369.81135871833
4,CVF-AE,287,350.409096783776,19.4022298400048,331.006866943771,369.81132662378
4,CVF-AE,288,350.35677382983,19.4616156878739,330.895158141956,369.818389517704
4,CVF-AE,289,350.35677382983,19.4616156878739,330.895158141956,369.818389517704
4,CVF-AE,290,350.35677382983,19.4616156878739,330.895158141956,369.818389517704
4,CVF-AE,291,350.35677382983,19.4616156878739,330.895158141956,369.818389517704
4,CVF-AE,292,350.35677382983,19.4616156878739,330.895158141956,369.818389517704
4,CVF-AE,293,349.955053722914,20.0016862622881,329.953367460626,369.956739985203
4,CVF-AE,294,349.955053722914,20.0016862622881,329.953367460626,369.956739985203
4,CVF-AE,295,349.955053722914,20.0016862622881,329.953367460626,369.956739985203
4,CVF-AE,296,349.955053722914,20.0016862622881,329.953367460626,369.956739985203
4,CVF-AE,297,349.587705656836,20.2392446084039,329.348461048432,369.826950265239
4,CVF-AE,298,349.378495424237,20.0582068541843,329.320288570053,369.436702278422
4,CVF-AE,299,349.227029913288,19.8953883191019,329.331641594187,369.12241823239
4,CVF-AE,300,349.227029913288,19.8953883191019,329.331641594187,369.12241823239
4,CPO,1,3520.96075525834,1367.40337713877,2153.55737811956,4888.36413239711
4,CPO,2,2600.01924828944,1384.45136338248,1215.56788490696,3984.47061167192
4,CPO,3,2064.80351514235,1425.31664695977,639.486868182583,3490.12016210213
4,CPO,4,1911.532493506,1335.86489822863,575.667595277365,3247.39739173463
4,CPO,5,1690.97743877794,1134.53484149756,556.442597280383,2825.5122802755
4,CPO,6,1456.88676156249,927.791753805628,529.095007756858,2384.67851536811
4,CPO,7,1369.48982167415,907.540934318368,461.948887355778,2277.03075599251
4,CPO,8,1312.05735639421,896.705633640993,415.351722753219,2208.7629900352
4,CPO,9,1280.18259257597,887.771647729239,392.410944846735,2167.95424030521
4,CPO,10,1192.90940526431,869.48465447814,323.424750786166,2062.39405974245
4,CPO,11,1183.08999098755,871.385958495255,311.704032492298,2054.47594948281
4,CPO,12,1026.75869829605,587.037465884497,439.721232411554,1613.79616418055
4,CPO,13,1012.45349310015,571.540841994908,440.912651105246,1583.99433509506
4,CPO,14,957.165983713556,548.071562718719,409.094420994836,1505.23754643227
4,CPO,15,925.798926641893,558.628316585536,367.170610056358,1484.42724322743
4,CPO,16,915.052659634235,562.7524892654,352.300170368836,1477.80514889964
4,CPO,17,888.165948771447,563.67577357471,324.490175196737,1451.84172234616
4,CPO,18,870.504270117038,561.535398676802,308.968871440237,1432.03966879384
4,CPO,19,863.33494194358,558.793646411196,304.541295532384,1422.12858835478
4,CPO,20,830.281988974907,547.551373140826,282.730615834081,1377.83336211573
4,CPO,21,816.334583227287,539.786420105493,276.548163121794,1356.12100333278
4,CPO,22,806.195044889952,525.297808642144,280.897236247808,1331.4928535321
4,CPO,23,792.887136710682,521.461115901895,271.426020808787,1314.34825261258
4,CPO,24,788.89006113634,519.412543564961,269.477517571379,1308.3026047013
4,CPO,25,781.113307054696,514.70508896229,266.408218092406,1295.81839601699
4,CPO,26,753.799373607615,500.984660121305,252.814713486311,1254.78403372892
4,CPO,27,743.323813418324,499.307603157221,244.016210261104,1242.63141657555
4,CPO,28,741.999885745308,500.189369507408,241.8105162379,1242.18925525272
4,CPO,29,738.767016794375,498.161126651869,240.605890142506,1236.92814344624
4,CPO,30,736.854406966399,499.204467304814,237.649939661584,1236.05887427121
4,CPO,31,735.213337654595,498.317890346495,236.8954473081,1233.53122800109
4,CPO,32,733.854989075999,498.689433661295,235.165555414704,1232.54442273729
4,CPO,33,721.667210103156,483.485928862016,238.18128124114,1205.15313896517
4,CPO,34,719.430098647887,483.32135787909,236.108740768797,1202.75145652698
4,CPO,35,717.974124302795,482.377751347869,235.596372954925,1200.35187565066
4,CPO,36,692.319310280128,468.665664462432,223.653645817696,1160.98497474256
4,CPO,37,682.516996042619,455.40988043377,227.10711560885,1137.92687647639
4,CPO,38,681.332834276749,455.550734325872,225.782099950877,1136.88356860262
4,CPO,39,676.567103907679,449.051326826384,227.515777081294,1125.61843073406
4,CPO,40,672.652991123997,449.326103474662,223.326887649335,1121.97909459866
4,CPO,41,670.968358558417,448.939779787519,222.028578770898,1119.90813834594
4,CPO,42,669.113997030343,449.432550804135,219.681446226208,1118.54654783448
4,CPO,43,664.699285475016,443.583855313675,221.115430161341,1108.28314078869
4,CPO,44,663.751336944875,442.695135308885,221.05620163599,1106.44647225376
4,CPO,45,663.157729881698,443.082822385778,220.074907495919,1106.24055226748
4,CPO,46,661.045864869087,439.501431047125,221.544433821961,1100.54729591621
4,CPO,47,660.621884955738,439.793650577241,220.828234378496,1100.41553553298
4,CPO,48,659.234487237043,439.944348565881,219.290138671162,1099.17883580292
4,CPO,49,657.5868858963,439.951605996579,217.635279899722,1097.53849189288
4,CPO,50,656.872317964729,440.380421592425,216.491896372304,1097.25273955715
4,CPO,51,656.253443717771,440.005991405022,216.247452312749,1096.25943512279
4,CPO,52,656.202998347139,440.036569541015,216.166428806124,1096.23956788815
4,CPO,53,655.600140283341,440.433807046517,215.166333236824,1096.03394732986
4,CPO,54,654.397587922366,441.226235490142,213.171352432223,1095.62382341251
4,CPO,55,654.195305566631,441.357409314091,212.837896252541,1095.55271488072
4,CPO,56,651.121840075377,437.414726920666,213.707113154711,1088.53656699604
4,CPO,57,651.039959575337,437.468516217981,213.571443357357,1088.50847579332
4,CPO,58,650.914357224935,437.552863911626,213.361493313309,1088.46722113656
4,CPO,59,650.179573804872,437.750531373183,212.42904243169,1087.93010517805
4,CPO,60,648.891156759125,436.489753057429,212.401403701695,1085.38090981655
4,CPO,61,647.010688980851,435.073208044804,211.937480936047,1082.08389702566
4,CPO,62,645.884870288737,434.111899486836,211.772970801902,1079.99676977557
4,CPO,63,645.266760378513,434.491455283896,210.775305094618,1079.75821566241
4,CPO,64,645.195112431434,434.536865536462,210.658246894972,1079.7319779679
4,CPO,65,644.886191380728,434.236486486632,210.649704894096,1079.12267786736
4,CPO,66,642.935089640654,431.897472753151,211.037616887503,1074.8325623938
4,CPO,67,641.328932582694,429.583137145717,211.745795436977,1070.91206972841
4,CPO,68,639.776669956604,427.895300585544,211.881369371059,1067.67197054215
4,CPO,69,639.480424671745,427.676674914756,211.803749756989,1067.1570995865
4,CPO,70,639.336777621542,427.772191711426,211.564585910116,1067.10896933297
4,CPO,71,639.280709568653,427.810040513609,211.470669055044,1067.09075008226
4,CPO,72,639.039062407886,427.962498828848,211.076563579038,1067.00156123673
4,CPO,73,637.907910591413,426.536748639283,211.371161952131,1064.4446592307
4,CPO,74,637.413184933591,426.861363595239,210.551821338353,1064.27454852883
4,CPO,75,637.040638226678,427.093734888907,209.946903337771,1064.13437311559
4,CPO,76,636.542371811098,426.900216634558,209.64215517654,1063.44258844566
4,CPO,77,635.677052973932,425.834945624111,209.842107349821,1061.51199859804
4,CPO,78,635.639666066152,425.858877716172,209.780788349981,1061.49854378232
4,CPO,79,635.053617523468,426.164500031895,208.889117491573,1061.21811755536
4,CPO,80,634.894299185766,426.233532157888,208.660767027878,1061.12783134365
4,CPO,81,634.880188631288,426.242829588761,208.637359042527,1061.12301822005
4,CPO,82,634.660450461718,426.387153139001,208.273297322717,1061.04760360072
4,CPO,83,630.283941180279,419.465716360774,210.818224819505,1049.74965754105
4,CPO,84,630.162206882484,419.541131373662,210.621075508822,1049.70333825615
4,CPO,85,629.905157939467,419.705349789599,210.199808149868,1049.61050772907
4,CPO,86,629.089555288191,420.227550548871,208.862004739319,1049.31710583706
4,CPO,87,627.258520427053,418.264342662096,208.994177764956,1045.52286308915
4,CPO,88,626.282692258875,416.496285987495,209.78640627138,1042.77897824637
4,CPO,89,621.01431471683,406.106996125768,214.907318591062,1027.1213108426
4,CPO,90,618.955393223254,404.1573518249,214.798041398354,1023.11274504815
4,CPO,91,618.955393223254,404.1573518249,214.798041398354,1023.11274504815
4,CPO,92,615.313615266413,399.271000435569,216.042614830845,1014.58461570198
4,CPO,93,612.768797234709,395.581629706291,217.187167528418,1008.350426941
4,CPO,94,612.581454223201,395.563171079945,217.018283143256,1008.14462530315
4,CPO,95,612.568948337716,395.571509139819,216.997439197898,1008.14045747753
4,CPO,96,610.113083694766,392.916592579322,217.196491115445,1003.02967627409
4,CPO,97,609.921763621936,393.041965826159,216.879797795777,1002.9637294481
4,CPO,98,609.632746820902,393.23617229441,216.396574526492,1002.86891911531
4,CPO,99,609.200976580819,393.269759015329,215.93121756549,1002.47073559615
4,CPO,100,603.63392516296,384.760842819299,218.873082343661,988.394767982259
4,CPO,101,603.566320520301,384.805556110367,218.760764409933,988.371876630668
4,CPO,102,603.490574427863,384.856445988835,218.634128439028,988.347020416698
4,CPO,103,603.490574427863,384.856445988835,218.634128439028,988.347020416698
4,CPO,104,603.058947327141,385.080438420979,217.978508906162,988.139385748119
4,CPO,105,600.733572673638,381.925642355777,218.807930317861,982.659215029415
4,CPO,106,600.379179244249,381.602899738609,218.776279505641,981.982078982858
4,CPO,107,576.453669204734,356.502158399261,219.951510805472,932.955827603995
4,CPO,108,576.299814152698,356.598363621381,219.701450531317,932.89817777408
4,CPO,109,576.182862254211,356.669196855471,219.51366539874,932.852059109682
4,CPO,110,575.363100289621,356.746435578589,218.616664711033,932.10953586821
4,CPO,111,572.963037385433,356.961314824277,216.001722561156,929.92435220971
4,CPO,112,572.318130533963,357.190493871247,215.127636662716,929.508624405211
4,CPO,113,570.829071305552,356.787340238845,214.041731066707,927.616411544397
4,CPO,114,570.791932788658,356.810603199932,213.981329588726,927.60253598859
4,CPO,115,570.676173893044,356.880635417647,213.795538475397,927.556809310691
4,CPO,116,570.56789417946,356.947849299333,213.620044880128,927.515743478793
4,CPO,117,570.51706219098,356.980486849282,213.536575341699,927.497549040262
4,CPO,118,570.488122769395,356.998897712272,213.489225057123,927.487020481667
4,CPO,119,570.092092822318,357.116405959826,212.975686862493,927.208498782144
4,CPO,120,569.510636222241,357.366529797863,212.144106424379,926.877166020104
4,CPO,121,569.402792152741,357.432092656527,211.970699496213,926.834884809268
4,CPO,122,568.746253758093,357.667476000889,211.078777757205,926.413729758982
4,CPO,123,568.544092013403,357.560798058081,210.983293955322,926.104890071484
4,CPO,124,568.530182931977,357.569249319684,210.960933612293,926.099432251661
4,CPO,125,568.518057411103,357.576600347815,210.941457063288,926.094657758918
4,CPO,126,565.687643783792,353.996647692189,211.690996091602,919.684291475981
4,CPO,127,565.267844545926,353.894371009835,211.373473536091,919.162215555761
4,CPO,128,564.819182122599,353.888005317158,210.931176805441,918.707187439757
4,CPO,129,564.677892367895,353.763938087017,210.913954280878,918.441830454912
4,CPO,130,564.497880157768,353.873852068814,210.624028088955,918.371732226582
4,CPO,131,564.216749841275,353.948388454644,210.268361386631,918.165138295919
4,CPO,132,564.143617256631,353.993951771063,210.149665485569,918.137569027694
4,CPO,133,564.023349856807,354.068921144719,209.954428712087,918.092271001526
4,CPO,134,563.887055571993,353.986948366734,209.900107205258,917.874003938727
4,CPO,135,562.411198749092,352.759130288792,209.652068460301,915.170329037884
4,CPO,136,561.93190970519,352.825480327764,209.106429377427,914.757390032954
4,CPO,137,561.826294242915,352.889802418818,208.936491824097,914.716096661734
4,CPO,138,561.703779933215,352.966257402371,208.737522530844,914.670037335586
4,CPO,139,561.569214757555,352.987088968009,208.582125789547,914.556303725564
4,CPO,140,560.732912136135,352.072786045558,208.660126090577,912.805698181694
4,CPO,141,560.732912136135,352.072786045558,208.660126090577,912.805698181694
4,CPO,142,560.570570510024,352.133976450571,208.436594059453,912.704546960595
4,CPO,143,559.94886620073,351.450542883228,208.498323317502,911.399409083958
4,CPO,144,559.375066719994,350.978187065929,208.396879654065,910.353253785922
4,CPO,145,559.375066719994,350.978187065929,208.396879654065,910.353253785922
4,CPO,146,559.158102985639,350.854115975674,208.303987009965,910.012218961313
4,CPO,147,558.351854480419,349.46666597524,208.885188505179,907.818520455659
4,CPO,148,558.350255729258,349.467620821988,208.882634907269,907.817876551246
4,CPO,149,557.279737545507,347.444743198739,209.834994346769,904.724480744246
4,CPO,150,557.213034790962,347.485540089839,209.727494701123,904.6985748808
4,CPO,151,554.006919280869,341.910981258254,212.095938022615,895.917900539124
4,CPO,152,554.006919280869,341.910981258254,212.095938022615,895.917900539124
4,CPO,153,553.905666942208,341.97231019811,211.933356744098,895.877977140318
4,CPO,154,553.640979760347,341.791342674987,211.84963708536,895.432322435334
4,CPO,155,553.273188843826,341.965300981104,211.307887862722,895.238489824931
4,CPO,156,553.15486409408,341.7418828033,211.41298129078,894.89674689738
4,CPO,157,553.074406195884,341.792903654716,211.281502541168,894.867309850599
4,CPO,158,552.859458909741,341.875920533795,210.983538375946,894.735379443536
4,CPO,159,552.013484965217,340.66317852973,211.350306435487,892.676663494947
4,CPO,160,551.923516774338,340.717568567352,211.205948206986,892.64108534169
4,CPO,161,551.907472244208,340.727540510942,211.179931733267,892.63501275515
4,CPO,162,551.747878044447,340.579791325157,211.16808671929,892.327669369604
4,CPO,163,551.49451178849,340.733560401971,210.760951386519,892.228072190462
4,CPO,164,551.324508341093,340.351987615114,210.972520725979,891.676495956207
4,CPO,165,551.309916705495,340.361048970307,210.948867735188,891.670965675802
4,CPO,166,551.043622611817,340.372593369911,210.671029241906,891.416215981728
4,CPO,167,550.910553973094,340.453752208752,210.456801764342,891.364306181846
4,CPO,168,550.021986355746,339.04626968083,210.975716674915,889.068256036576
4,CPO,169,549.344874303121,338.682074735984,210.662799567137,888.026949039105
4,CPO,170,548.544403615747,338.134156699165,210.410246916582,886.678560314912
4,CPO,171,548.212765230646,338.101928264833,210.110836965814,886.314693495479
4,CPO,172,548.212765230646,338.101928264833,210.110836965814,886.314693495479
4,CPO,173,547.994760971193,338.16872871998,209.826032251213,886.163489691172
4,CPO,174,547.958650151869,338.190776380837,209.767873771031,886.149426532706
4,CPO,175,547.84632832439,338.17372719579,209.6726011286,886.02005552018
4,CPO,176,547.720631543492,338.249624422818,209.471007120674,885.97025596631
4,CPO,177,547.671063297434,338.27901204288,209.392051254554,885.950075340314
4,CPO,178,547.613452870395,338.312927313316,209.300525557079,885.92638018371
4,CPO,179,547.496768780162,338.384571414453,209.112197365709,885.881340194616
4,CPO,180,547.043071639118,338.001825793354,209.041245845764,885.044897432473
4,CPO,181,546.967846871944,338.042573099201,208.925273772743,885.010419971145
4,CPO,182,545.981288396071,336.864790512646,209.116497883424,882.846078908717
4,CPO,183,545.86168117592,336.926337095563,208.935344080357,882.788018271483
4,CPO,184,545.826160047765,336.947860276118,208.878299771647,882.774020323883
4,CPO,185,545.706257121294,336.903353074529,208.802904046766,882.609610195823
4,CPO,186,545.556980200507,336.995127035589,208.561853164918,882.552107236096
4,CPO,187,545.534172847495,336.962361492886,208.571811354609,882.496534340382
4,CPO,188,545.378931811174,337.041138860295,208.337792950879,882.420070671469
4,CPO,189,545.092296662247,336.875475064421,208.216821597826,881.967771726669
4,CPO,190,544.896156697407,336.90779411302,207.988362584386,881.803950810427
4,CPO,191,544.893173950087,336.904405926474,207.988768023613,881.797579876561
4,CPO,192,543.946070116749,335.858728324812,208.087341791937,879.80479844156
4,CPO,193,543.830849029401,335.928642656161,207.90220637324,879.759491685562
4,CPO,194,543.420739776942,335.357605607249,208.063134169692,878.778345384191
4,CPO,195,543.299703975923,335.43133727295,207.868366702973,878.731041248874
4,CPO,196,543.235966435053,335.435811089751,207.800155345302,878.671777524803
4,CPO,197,543.026761201388,335.300979194819,207.725782006569,878.327740396207
4,CPO,198,542.853576193446,335.40734062805,207.446235565396,878.260916821496
4,CPO,199,542.744316249019,335.456152131154,207.288164117866,878.200468380173
4,CPO,200,542.578134768146,335.315795927831,207.262338840316,877.893930695977
4,CPO,201,542.30391856683,335.05675501458,207.24716355225,877.36067358141
4,CPO,202,542.176840277631,335.125557920878,207.051282356753,877.302398198509
4,CPO,203,541.957321464317,334.887191946623,207.070129517695,876.84451341094
4,CPO,204,541.673222143464,334.642660816148,207.030561327316,876.315882959612
4,CPO,205,541.571767356116,334.705776209915,206.865991146202,876.277543566031
4,CPO,206,541.402027422751,334.442066043405,206.959961379346,875.844093466156
4,CPO,207,541.388098815111,334.450660294721,206.93743852039,875.838759109832
4,CPO,208,541.353176328446,334.43310184285,206.920074485597,875.786278171296
4,CPO,209,541.21039625482,334.472829012806,206.737567242014,875.683225267626
4,CPO,210,540.823047781761,334.074505225116,206.748542556645,874.897553006877
4,CPO,211,540.292567176191,333.318978771422,206.973588404769,873.611545947613
4,CPO,212,540.137306837639,333.177805496998,206.959501340642,873.315112334637
4,CPO,213,540.0591025499,333.16928399723,206.88981855267,873.22838654713
4,CPO,214,539.708151294236,332.948429723848,206.759721570388,872.656581018084
4,CPO,215,539.664730076402,332.93953586829,206.725194208112,872.604265944692
4,CPO,216,539.5413544902,333.002429986841,206.53892450336,872.543784477041
4,CPO,217,539.040875479217,332.320877836405,206.719997642811,871.361753315622
4,CPO,218,538.630401680624,331.746537310574,206.88386437005,870.376938991198
4,CPO,219,538.362538551668,331.544682869237,206.817855682432,869.907221420905
4,CPO,220,537.785301058032,330.733510885182,207.05179017285,868.518811943214
4,CPO,221,537.498933594359,330.343147396814,207.155786197545,867.842080991173
4,CPO,222,537.34568184472,330.295850646597,207.049831198123,867.641532491317
4,CPO,223,537.223337223759,330.221858448741,207.001478775018,867.445195672499
4,CPO,224,537.015090664129,330.227593141999,206.78749752213,867.242683806129
4,CPO,225,536.927769199405,330.280681884595,206.64708731481,867.208451084
4,CPO,226,535.945033971935,328.718185367228,207.226848604707,864.663219339163
4,CPO,227,534.959226775342,327.290616463173,207.668610312169,862.249843238515
4,CPO,228,534.788245365498,327.241378657765,207.546866707733,862.029624023263
4,CPO,229,534.771110690495,327.252025506022,207.519085184473,862.023136196517
4,CPO,230,534.765290879153,327.254872093269,207.510418785884,862.020162972422
4,CPO,231,534.510679624063,327.075506442238,207.435173181825,861.5861860663
4,CPO,232,533.96392162204,326.791816743272,207.172104878768,860.755738365312
4,CPO,233,533.293675371015,325.827712493249,207.465962877766,859.121387864264
4,CPO,234,533.20870232729,325.87389961718,207.33480271011,859.082601944469
4,CPO,235,533.072179634444,325.729455809479,207.342723824966,858.801635443923
4,CPO,236,532.564565730867,325.090690926796,207.473874804071,857.655256657664
4,CPO,237,532.528289531038,325.112746772912,207.415542758126,857.64103630395
4,CPO,238,531.220502122156,323.299133756865,207.921368365291,854.519635879022
4,CPO,239,531.034008743044,323.1377256548,207.896283088244,854.171734397845
4,CPO,240,530.990922842434,323.15859736579,207.832325476644,854.149520208225
4,CPO,241,530.875292331964,323.053977384978,207.821314946986,853.929269716942
4,CPO,242,530.847594882078,323.070849565687,207.776745316391,853.918444447765
4,CPO,243,530.62096154944,322.876564432248,207.744397117193,853.497525981688
4,CPO,244,530.518930964122,322.854524435705,207.664406528418,853.373455399827
4,CPO,245,530.383853943813,322.936243548831,207.447610394982,853.320097492644
4,CPO,246,530.10433182312,322.697891186469,207.406440636651,852.802223009589
4,CPO,247,530.064163349458,322.721849432321,207.342313917137,852.786012781779
4,CPO,248,530.062087960168,322.723117750403,207.338970209765,852.785205710572
4,CPO,249,529.827753287125,322.524808973485,207.30294431364,852.35256226061
4,CPO,250,529.757015530625,322.473370083739,207.283645446886,852.230385614365
4,CPO,251,529.631881734298,322.434952296666,207.196929437633,852.066834030964
4,CPO,252,529.631850783088,322.434970975496,207.196879807593,852.066821758584
4,CPO,253,529.573793279114,322.470042119897,207.103751159217,852.043835399011
4,CPO,254,529.070979939631,321.866797862782,207.20418207685,850.937777802413
4,CPO,255,528.343111662077,320.888528945767,207.45458271631,849.231640607844
4,CPO,256,528.290093480275,320.919786631876,207.370306848399,849.209880112152
4,CPO,257,528.073166869293,320.679963960749,207.393202908545,848.753130830042
4,CPO,258,528.073166869293,320.679963960749,207.393202908545,848.753130830042
4,CPO,259,527.849175980755,320.658702602606,207.190473378149,848.50787858336
4,CPO,260,527.783095671249,320.698995502756,207.084100168493,848.482091174005
4,CPO,261,527.740033857561,320.724597120882,207.015436736679,848.464630978443
4,CPO,262,527.710049485699,320.699474611254,207.010574874445,848.409524096953
4,CPO,263,527.588380269758,320.767987776272,206.820392493485,848.35636804603
4,CPO,264,527.257878977972,320.354313512435,206.903565465537,847.612192490407
4,CPO,265,527.199253357022,320.347629176947,206.851624180075,847.546882533969
4,CPO,266,527.123997541214,320.244432569143,206.879564972071,847.368430110357
4,CPO,267,527.05177205543,320.221274174362,206.830497881067,847.273046229792
4,CPO,268,526.967496893557,320.154232276979,206.813264616578,847.121729170537
4,CPO,269,526.870537719182,320.172052717572,206.69848500161,847.042590436753
4,CPO,270,526.7940226761,320.207621654924,206.586401021176,847.001644331023
4,CPO,271,525.850059104473,318.994107056645,206.855952047828,844.844166161119
4,CPO,272,525.514757890463,318.788698999317,206.726058891147,844.30345688978
4,CPO,273,525.467233563092,318.811431569979,206.655801993113,844.278665133071
4,CPO,274,525.309285119976,318.649680395107,206.659604724869,843.958965515082
4,CPO,275,524.836678316784,318.002710544186,206.833967772598,842.839388860971
4,CPO,276,524.739788199929,317.922733460925,206.817054739004,842.662521660855
4,CPO,277,524.675251120864,317.881669387191,206.793581733673,842.556920508055
4,CPO,278,524.410348458059,317.60511878558,206.805229672479,842.015467243639
4,CPO,279,524.06749682233,317.178310301682,206.889186520648,841.245807124011
4,CPO,280,523.72800897392,316.80662539202,206.9213835819,840.53463436594
4,CPO,281,523.216335044822,316.201075681548,207.015259363274,839.41741072637
4,CPO,282,523.131003929588,316.213001689069,206.918002240518,839.344005618657
4,CPO,283,523.005020698437,316.0449384259,206.960082272537,839.049959124337
4,CPO,284,522.958235431038,316.072499080887,206.885736350151,839.030734511924
4,CPO,285,522.790596076585,315.889943319727,206.900652756859,838.680539396312
4,CPO,286,522.742758719109,315.919169790158,206.823588928951,838.661928509267
4,CPO,287,522.67448158807,315.954089775739,206.720391812331,838.628571363809
4,CPO,288,522.529864325318,315.865888684455,206.663975640863,838.395753009773
4,CPO,289,521.843717272405,315.006781998853,206.836935273552,836.850499271258
4,CPO,290,521.587957203302,314.656218125693,206.931739077609,836.244175328996
4,CPO,291,521.546925492332,314.681262431988,206.865663060344,836.22818792432
4,CPO,292,521.321639373343,314.348463039173,206.97317633417,835.670102412517
4,CPO,293,521.283284303588,314.342432745494,206.940851558094,835.625717049082
4,CPO,294,521.087797794264,314.125868530752,206.961929263512,835.213666325016
4,CPO,295,520.546020328678,313.575021361107,206.970998967571,834.121041689786
4,CPO,296,520.308451246292,313.340441572841,206.96800967345,833.648892819133
4,CPO,297,520.247385632343,313.358713523334,206.88867210901,833.606099155677
4,CPO,298,520.140702021554,313.279568236058,206.861133785495,833.420270257612
4,CPO,299,519.919645792488,313.18526180437,206.734383988118,833.104907596859
4,CPO,300,519.879650912483,313.206082734113,206.67356817837,833.085733646596
4,DBO,1,4261.33050009373,1753.44604305574,2507.88445703799,6014.77654314947
4,DBO,2,2234.50671191384,1091.45996132048,1143.04675059336,3325.96667323432
4,DBO,3,1774.22606163782,878.480077566438,895.745984071382,2652.70613920426
4,DBO,4,1564.37081422684,814.249649770128,750.121164456711,2378.62046399697
4,DBO,5,1311.9078164886,614.706100374224,697.201716114371,1926.61391686282
4,DBO,6,1187.04764888293,614.049502291902,572.998146591031,1801.09715117484
4,DBO,7,1085.14036443617,586.323096974745,498.817267461421,1671.46346141091
4,DBO,8,1026.51637137223,600.416930735213,426.099440637018,1626.93330210744
4,DBO,9,897.829720062146,514.094852450021,383.734867612125,1411.92457251217
4,DBO,10,871.662405709214,511.892522126609,359.769883582605,1383.55492783582
4,DBO,11,852.526525645818,479.81337641899,372.713149226828,1332.33990206481
4,DBO,12,815.758303670774,457.035379756072,358.722923914701,1272.79368342685
4,DBO,13,790.653315215266,434.664292645932,355.989022569335,1225.3176078612
4,DBO,14,778.290547958773,439.690231959416,338.600315999358,1217.98077991819
4,DBO,15,767.875374671168,443.050401461132,324.824973210036,1210.9257761323
4,DBO,16,750.533520701201,430.988024097848,319.545496603354,1181.52154479905
4,DBO,17,756.696930310301,439.335166944339,317.361763365963,1196.03209725464
4,DBO,18,730.117265914753,418.583504408111,311.533761506642,1148.70077032286
4,DBO,19,690.114859719538,383.582057906717,306.532801812821,1073.69691762626
4,DBO,20,688.051813493838,383.552011970476,304.499801523363,1071.60382546431
4,DBO,21,689.435262388688,385.552304906991,303.882957481696,1074.98756729568
4,DBO,22,680.946019176132,377.475002887252,303.47101628888,1058.42102206338
4,DBO,23,667.015744123296,377.643958328362,289.371785794933,1044.65970245166
4,DBO,24,653.048542918781,371.422639611998,281.625903306783,1024.47118253078
4,DBO,25,625.127827199993,304.795409878794,320.332417321199,929.923237078787
4,DBO,26,623.050528254043,305.538477517677,317.512050736366,928.58900577172
4,DBO,27,623.050528254043,305.538477517677,317.512050736366,928.58900577172
4,DBO,28,622.046379852392,305.505443103044,316.540936749348,927.551822955436
4,DBO,29,616.0999161194,300.981845776773,315.118070342626,917.081761896173
4,DBO,30,614.975875642318,301.284666874185,313.691208768133,916.260542516504
4,DBO,31,608.330392944713,300.289247046772,308.041145897941,908.619639991486
4,DBO,32,573.032356583308,233.527383076543,339.504973506764,806.559739659851
4,DBO,33,569.744983629856,233.688817553717,336.056166076138,803.433801183573
4,DBO,34,568.267974846501,234.175570086479,334.092404760022,802.44354493298
4,DBO,35,565.726682572396,235.659254813578,330.067427758818,801.385937385974
4,DBO,36,531.988422918974,179.511465063653,352.476957855321,711.499887982627
4,DBO,37,530.231363173473,179.437946512092,350.793416661381,709.669309685565
4,DBO,38,529.847675945849,179.631431930794,350.216244015055,709.479107876643
4,DBO,39,526.418824272341,179.88279835152,346.536025920821,706.301622623861
4,DBO,40,521.510941854055,173.853151494679,347.657790359376,695.364093348734
4,DBO,41,513.943554449516,164.767251724449,349.176302725067,678.710806173965
4,DBO,42,513.943554449516,164.767251724449,349.176302725067,678.710806173965
4,DBO,43,513.375568710384,165.056007961884,348.319560748501,678.431576672268
4,DBO,44,511.558596934687,164.055958491661,347.502638443026,675.614555426347
4,DBO,45,510.857939414708,164.457375930856,346.400563483852,675.315315345564
4,DBO,46,510.421445016664,164.537435160811,345.884009855853,674.958880177474
4,DBO,47,511.597646642423,166.710972588446,344.886674053976,678.308619230869
4,DBO,48,509.692746007035,166.792434929398,342.900311077637,676.485180936432
4,DBO,49,506.789391599491,165.383631929557,341.405759669933,672.173023529048
4,DBO,50,502.740200800546,164.826159734093,337.914041066453,667.566360534639
4,DBO,51,502.332488179437,164.836924189612,337.495563989825,667.169412369049
4,DBO,52,497.513001804369,165.963355563632,331.549646240737,663.476357368001
4,DBO,53,496.733340606474,165.965267604452,330.768073002022,662.698608210926
4,DBO,54,490.860334224682,161.02875183716,329.831582387521,651.889086061842
4,DBO,55,490.860334224682,161.02875183716,329.831582387521,651.889086061842
4,DBO,56,487.76929369119,159.98283536309,327.786458328099,647.75212905428
4,DBO,57,487.127610354305,160.14623422403,326.981376130275,647.273844578335
4,DBO,58,485.80127828727,155.400494509205,330.400783778065,641.201772796475
4,DBO,59,484.450806354808,155.262674669128,329.18813168568,639.713481023936
4,DBO,60,481.480133118074,155.548685855648,325.931447262426,637.028818973722
4,DBO,61,474.771402685489,130.445723936174,344.325678749315,605.217126621663
4,DBO,62,474.734287647618,130.431100810578,344.30318683704,605.165388458197
4,DBO,63,473.901560546757,130.632614950365,343.268945596392,604.534175497122
4,DBO,64,468.497996971842,128.8931688122,339.604828159641,597.391165784042
4,DBO,65,468.497996971842,128.8931688122,339.604828159641,597.391165784042
4,DBO,66,467.964779903177,129.535788426876,338.428991476301,597.500568330052
4,DBO,67,466.466806180556,129.59536423443,336.871441946126,596.062170414986
4,DBO,68,465.41797577917,129.80354067136,335.61443510781,595.22151645053
4,DBO,69,463.062293627611,129.748767210037,333.313526417574,592.811060837649
4,DBO,70,462.662421578281,129.701960964454,332.960460613828,592.364382542735
4,DBO,71,460.954342190492,130.331927279236,330.622414911256,591.286269469728
4,DBO,72,458.539141106452,130.212703432604,328.326437673848,588.751844539057
4,DBO,73,458.291690510147,130.287535975987,328.00415453416,588.579226486134
4,DBO,74,457.179477477293,125.539533019417,331.639944457876,582.71901049671
4,DBO,75,457.179477477293,125.539533019417,331.639944457876,582.71901049671
4,DBO,76,457.109668339291,125.502797709504,331.606870629787,582.612466048795
4,DBO,77,457.109668339291,125.502797709504,331.606870629787,582.612466048795
4,DBO,78,455.952287530654,125.427823992451,330.524463538203,581.380111523105
4,DBO,79,455.952287530654,125.427823992451,330.524463538203,581.380111523105
4,DBO,80,455.952287530654,125.427823992451,330.524463538203,581.380111523105
4,DBO,81,455.385011109981,125.492030879978,329.892980230003,580.877041989959
4,DBO,82,455.252598795752,125.537598830717,329.714999965035,580.79019762647
4,DBO,83,453.802393958391,125.689060977792,328.113332980599,579.491454936183
4,DBO,84,453.632441817888,125.620853366711,328.011588451178,579.253295184599
4,DBO,85,453.622545298616,125.624024954457,327.998520344159,579.246570253073
4,DBO,86,441.356463935199,63.1248121829039,378.231651752295,504.481276118103
4,DBO,87,441.284886707682,63.1563869821342,378.128499725548,504.441273689816
4,DBO,88,440.937459986938,63.233707457259,377.703752529679,504.171167444197
4,DBO,89,440.22246907302,63.1933484023354,377.029120670685,503.415817475356
4,DBO,90,439.404775929487,63.6585021281912,375.746273801295,503.063278057678
4,DBO,91,439.190826128081,63.6673596896193,375.523466438462,502.858185817701
4,DBO,92,438.329070029696,63.5645129265978,374.764557103098,501.893582956293
4,DBO,93,437.588348672513,63.5638883303498,374.024460342164,501.152237002863
4,DBO,94,437.534538746967,63.5784658601962,373.956072886771,501.113004607163
4,DBO,95,437.135692316556,63.6908689172887,373.444823399267,500.826561233844
4,DBO,96,437.135692316556,63.6908689172887,373.444823399267,500.826561233844
4,DBO,97,427.430540686619,30.7257323157076,396.704808370911,458.156273002326
4,DBO,98,426.764368017315,29.9059355530861,396.858432464229,456.670303570401
4,DBO,99,426.709383657699,29.9391366681141,396.770246989585,456.648520325813
4,DBO,100,426.042566028229,29.5694040845234,396.473161943705,455.611970112752
4,DBO,101,425.237598995279,29.9915308967059,395.246068098573,455.229129891985
4,DBO,102,424.688115825763,30.0443893882712,394.643726437492,454.732505214034
4,DBO,103,423.005916181745,28.6598948744115,394.346021307334,451.665811056157
4,DBO,104,422.627085799043,29.1854604153907,393.441625383653,451.812546214434
4,DBO,105,422.627085799043,29.1854604153907,393.441625383653,451.812546214434
4,DBO,106,422.567930687303,29.1699416269363,393.397989060367,451.73787231424
4,DBO,107,422.383166134085,29.1628784738756,393.22028766021,451.546044607961
4,DBO,108,422.383166134085,29.1628784738756,393.22028766021,451.546044607961
4,DBO,109,422.383166134085,29.1628784738756,393.22028766021,451.546044607961
4,DBO,110,422.383166134085,29.1628784738756,393.22028766021,451.546044607961
4,DBO,111,421.988768128759,29.2791073937954,392.709660734963,451.267875522554
4,DBO,112,421.988768128759,29.2791073937954,392.709660734963,451.267875522554
4,DBO,113,421.988768128759,29.2791073937954,392.709660734963,451.267875522554
4,DBO,114,421.988768128759,29.2791073937954,392.709660734963,451.267875522554
4,DBO,115,421.988768128759,29.2791073937954,392.709660734963,451.267875522554
4,DBO,116,420.164754729813,26.8174220010979,393.347332728715,446.982176730911
4,DBO,117,419.103500009733,27.2593692098703,391.844130799863,446.362869219603
4,DBO,118,418.746778778533,27.1247323605899,391.622046417944,445.871511139123
4,DBO,119,418.746778778533,27.1247323605899,391.622046417944,445.871511139123
4,DBO,120,418.746778778533,27.1247323605899,391.622046417944,445.871511139123
4,DBO,121,416.936949373923,26.5847295917729,390.35221978215,443.521678965696
4,DBO,122,416.511081862879,25.4603292806013,391.050752582278,441.971411143481
4,DBO,123,416.27278719981,25.5369692632916,390.735817936518,441.809756463101
4,DBO,124,416.155360126571,25.2682861151312,390.88707401144,441.423646241702
4,DBO,125,416.016478762017,25.2715735660029,390.744905196014,441.28805232802
4,DBO,126,415.759098544598,25.2600729364131,390.499025608185,441.019171481011
4,DBO,127,415.759098544598,25.2600729364131,390.499025608185,441.019171481011
4,DBO,128,415.287795241122,25.5687254003753,389.719069840747,440.856520641497
4,DBO,129,414.811762409579,25.7685554858494,389.04320692373,440.580317895428
4,DBO,130,414.811762409579,25.7685554858494,389.04320692373,440.580317895428
4,DBO,131,414.537862053798,25.8829302096894,388.654931844109,440.420792263488
4,DBO,132,413.592500201789,26.1695902844137,387.422909917375,439.762090486203
4,DBO,133,412.974497500793,25.0548109815439,387.919686519249,438.029308482337
4,DBO,134,412.897634890188,24.9555657429814,387.942069147207,437.853200633169
4,DBO,135,411.412725697529,26.2680545128835,385.144671184646,437.680780210412
4,DBO,136,411.319988625742,26.2719146172355,385.048074008507,437.591903242978
4,DBO,137,410.920014653085,26.0542115584559,384.865803094629,436.97422621154
4,DBO,138,409.757703685501,26.4328609882058,383.324842697295,436.190564673707
4,DBO,139,409.06947281735,26.92096315109,382.14850966626,435.99043596844
4,DBO,140,409.04570628422,26.9320951681704,382.113611116049,435.97780145239
4,DBO,141,408.592950356525,27.0437349011016,381.549215455423,435.636685257626
4,DBO,142,407.715491865375,25.9069422880176,381.808549577357,433.622434153392
4,DBO,143,407.715491865375,25.9069422880176,381.808549577357,433.622434153392
4,DBO,144,407.55664343034,25.9906817196613,381.565961710678,433.547325150001
4,DBO,145,407.446798988119,26.0458857131245,381.400913274995,433.492684701244
4,DBO,146,407.017840242164,26.258544987939,380.759295254225,433.276385230103
4,DBO,147,406.654981854177,26.2472470326469,380.40773482153,432.902228886824
4,DBO,148,406.473360702491,26.1883367538528,380.285023948638,432.661697456344
4,DBO,149,406.155910037594,26.2378135079177,379.918096529676,432.393723545512
4,DBO,150,406.155910037594,26.2378135079177,379.918096529676,432.393723545512
4,DBO,151,404.917376392399,26.2202055302421,378.697170862157,431.137581922641
4,DBO,152,404.917376392399,26.2202055302421,378.697170862157,431.137581922641
4,DBO,153,404.078548757332,25.7805818359061,378.297966921426,429.859130593238
4,DBO,154,404.078548757332,25.7805818359061,378.297966921426,429.859130593238
4,DBO,155,404.078548757332,25.7805818359061,378.297966921426,429.859130593238
4,DBO,156,403.895702015496,25.830817067665,378.064884947831,429.726519083161
4,DBO,157,403.895702015496,25.830817067665,378.064884947831,429.726519083161
4,DBO,158,403.639265919012,25.8432837536474,377.795982165365,429.48254967266
4,DBO,159,403.546591396557,25.852696655772,377.693894740785,429.399288052329
4,DBO,160,403.387004628358,25.7750132397864,377.611991388572,429.162017868145
4,DBO,161,403.289474372367,25.7352689121662,377.554205460201,429.024743284533
4,DBO,162,403.104890211705,25.8012455078831,377.303644703822,428.906135719588
4,DBO,163,402.756551095703,25.8290525226919,376.927498573011,428.585603618395
4,DBO,164,402.756551095703,25.8290525226919,376.927498573011,428.585603618395
4,DBO,165,402.756551095703,25.8290525226919,376.927498573011,428.585603618395
4,DBO,166,402.114253849605,24.2358563012522,377.878397548352,426.350110150857
4,DBO,167,402.095263283791,24.2582531920283,377.837010091762,426.353516475819
4,DBO,168,402.095263283791,24.2582531920283,377.837010091762,426.353516475819
4,DBO,169,401.570647684459,23.5030587166586,378.067588967801,425.073706401118
4,DBO,170,401.370691297869,23.7411085057133,377.629582792155,425.111799803582
4,DBO,171,401.302074692696,23.722177010875,377.579897681821,425.024251703571
4,DBO,172,401.302074692696,23.722177010875,377.579897681821,425.024251703571
4,DBO,173,400.980646515597,23.9551933607685,377.025453154829,424.935839876366
4,DBO,174,400.980646515597,23.9551933607685,377.025453154829,424.935839876366
4,DBO,175,400.980646515597,23.9551933607685,377.025453154829,424.935839876366
4,DBO,176,400.726340566209,23.925962852223,376.800377713986,424.652303418432
4,DBO,177,399.600629316779,22.1586049643879,377.442024352391,421.759234281167
4,DBO,178,399.452870994235,21.9228111727817,377.530059821453,421.375682167016
4,DBO,179,398.571585686315,21.9315695227867,376.640016163528,420.503155209102
4,DBO,180,398.566773489549,21.9273054158522,376.639468073697,420.494078905402
4,DBO,181,398.566773489549,21.9273054158522,376.639468073697,420.494078905402
4,DBO,182,397.639332096603,22.3313094995407,375.308022597062,419.970641596144
4,DBO,183,397.571542484796,22.3585744150771,375.212968069719,419.930116899873
4,DBO,184,397.268946761701,22.4040637798226,374.864882981879,419.673010541524
4,DBO,185,396.233623331687,22.4064667370758,373.827156594611,418.640090068763
4,DBO,186,396.015635977804,22.4592856083035,373.556350369501,418.474921586108
4,DBO,187,396.001326396207,22.4701186777175,373.531207718489,418.471445073924
4,DBO,188,395.994254995213,22.4772559676021,373.516999027611,418.471510962815
4,DBO,189,395.87356512076,22.6089552840189,373.264609836742,418.482520404779
4,DBO,190,395.776260628664,22.3213947463435,373.454865882321,418.097655375008
4,DBO,191,395.731843598061,22.3730730574772,373.358770540584,418.104916655538
4,DBO,192,395.666734511151,22.3921713759818,373.274563135169,418.058905887133
4,DBO,193,395.651183316868,22.384450924157,373.266732392711,418.035634241025
4,DBO,194,395.614910609647,22.2967102146408,373.318200395006,417.911620824288
4,DBO,195,395.308099911328,22.4691762406761,372.838923670652,417.777276152004
4,DBO,196,395.173707009568,22.6350853549238,372.538621654644,417.808792364492
4,DBO,197,394.587497942403,22.8837372225731,371.70376071983,417.471235164976
4,DBO,198,394.517102135122,22.7959988313651,371.721103303756,417.313100966487
4,DBO,199,394.439840371086,22.8091182494194,371.630722121667,417.248958620506
4,DBO,200,393.404760022075,20.918674898408,372.486085123667,414.323434920483
4,DBO,201,393.263752641818,20.5622989520571,372.701453689761,413.826051593875
4,DBO,202,393.263752641818,20.5622989520571,372.701453689761,413.826051593875
4,DBO,203,393.105818359695,20.3912781536228,372.714540206072,413.497096513318
4,DBO,204,392.937390567966,20.0910896963615,372.846300871605,413.028480264328
4,DBO,205,392.718241064402,19.9773086893801,372.740932375022,412.695549753782
4,DBO,206,392.665138174788,20.0250509665126,372.640087208275,412.6901891413
4,DBO,207,392.645149493711,20.0430552720709,372.60209422164,412.688204765781
4,DBO,208,392.568804095734,20.1208940872709,372.447910008463,412.689698183005
4,DBO,209,392.568804095734,20.1208940872709,372.447910008463,412.689698183005
4,DBO,210,392.326117748998,20.2072716828194,372.118846066178,412.533389431817
4,DBO,211,392.326117748998,20.2072716828194,372.118846066178,412.533389431817
4,DBO,212,392.237223765859,20.1889276977689,372.04829606809,412.426151463628
4,DBO,213,391.868744457222,20.19021393365,371.678530523572,412.058958390872
4,DBO,214,391.095893355014,19.7019553112198,371.393938043794,410.797848666233
4,DBO,215,391.066270448804,19.7263853770503,371.339885071754,410.792655825855
4,DBO,216,391.066270448804,19.7263853770503,371.339885071754,410.792655825855
4,DBO,217,390.705847080195,19.8611320567246,370.844715023471,410.56697913692
4,DBO,218,390.499662264765,20.0448131970993,370.454849067666,410.544475461864
4,DBO,219,390.379978844577,20.0714619901748,370.308516854402,410.451440834752
4,DBO,220,390.329483667791,19.9559909492804,370.373492718511,410.285474617072
4,DBO,221,390.192006981256,19.9227841761538,370.269222805102,410.11479115741
4,DBO,222,390.183485701048,19.917685973636,370.265799727412,410.101171674684
4,DBO,223,389.419479512865,18.617612252593,370.801867260272,408.037091765458
4,DBO,224,389.067627161077,18.7353714173523,370.332255743724,407.802998578429
4,DBO,225,388.952758694581,18.6833063248703,370.269452369711,407.636065019451
4,DBO,226,388.746501578437,18.8924067222233,369.854094856214,407.63890830066
4,DBO,227,388.553105278441,18.9394549412958,369.613650337145,407.492560219736
4,DBO,228,388.553105278441,18.9394549412958,369.613650337145,407.492560219736
4,DBO,229,388.284460741,18.9269143537145,369.357546387286,407.211375094715
4,DBO,230,388.237347582611,18.9100006210475,369.327346961563,407.147348203658
4,DBO,231,388.210691712942,18.9191823648804,369.291509348062,407.129874077823
4,DBO,232,388.140590118972,18.9004199868927,369.24017013208,407.041010105865
4,DBO,233,388.140590118972,18.9004199868927,369.24017013208,407.041010105865
4,DBO,234,388.088788394295,18.8469777560199,369.241810638275,406.935766150315
4,DBO,235,388.003803186406,18.8857468230016,369.118056363404,406.889550009407
4,DBO,236,387.949417035089,18.8128357851711,369.136581249918,406.76225282026
4,DBO,237,387.923869993567,18.7658930740384,369.157976919528,406.689763067605
4,DBO,238,387.521409709322,18.7838588960987,368.737550813223,406.30526860542
4,DBO,239,387.381073720385,18.8809550914306,368.500118628954,406.262028811815
4,DBO,240,387.363394397966,18.8901027621646,368.473291635802,406.253497160131
4,DBO,241,387.329323809841,18.8268079580014,368.502515851839,406.156131767842
4,DBO,242,387.329323809841,18.8268079580014,368.502515851839,406.156131767842
4,DBO,243,387.005083527655,18.7924908922925,368.212592635362,405.797574419947
4,DBO,244,386.941252694669,18.8213145321178,368.119938162551,405.762567226787
4,DBO,245,386.779899915371,18.8474448725645,367.932455042806,405.627344787935
4,DBO,246,386.679239445135,18.8470678648813,367.832171580253,405.526307310016
4,DBO,247,386.679239445135,18.8470678648813,367.832171580253,405.526307310016
4,DBO,248,386.299626726969,18.9208061524938,367.378820574475,405.220432879462
4,DBO,249,386.14068871995,18.8175423839212,367.323146336029,404.958231103872
4,DBO,250,386.076255564431,18.7790548544073,367.297200710024,404.855310418839
4,DBO,251,384.850470374722,17.5196676032272,367.330802771495,402.37013797795
4,DBO,252,384.680253452797,17.38740155245,367.292851900347,402.067655005247
4,DBO,253,384.612239858944,17.4692728279096,367.142967031034,402.081512686854
4,DBO,254,384.13576850294,17.269162865642,366.866605637298,401.404931368582
4,DBO,255,384.014352692486,17.0485894020888,366.965763290397,401.062942094575
4,DBO,256,383.943341641715,16.9465916862652,366.99674995545,400.889933327981
4,DBO,257,383.239109615959,17.1029108432403,366.136198772718,400.342020459199
4,DBO,258,383.033584569964,17.0883970709818,365.945187498982,400.121981640946
4,DBO,259,382.679846299866,16.6004736258565,366.079372674009,399.280319925722
4,DBO,260,382.514678335317,16.7310386042371,365.78363973108,399.245716939554
4,DBO,261,382.471458903999,16.7780860281415,365.693372875858,399.249544932141
4,DBO,262,382.388278403632,16.8000459810381,365.588232422594,399.18832438467
4,DBO,263,382.370217579602,16.8038292079252,365.566388371676,399.174046787527
4,DBO,264,381.899303169605,17.2255574396089,364.673745729996,399.124860609214
4,DBO,265,381.814968048682,17.1227107351422,364.69225731354,398.937678783825
4,DBO,266,381.463251295167,17.0956738690848,364.367577426082,398.558925164252
4,DBO,267,381.453834685425,17.1037750380691,364.350059647356,398.557609723494
4,DBO,268,381.193727803071,17.0544463539109,364.139281449161,398.248174156982
4,DBO,269,380.67602344589,16.4459324384847,364.230091007405,397.121955884375
4,DBO,270,380.653218839555,16.4189125659193,364.234306273635,397.072131405474
4,DBO,271,380.634962275642,16.405687527062,364.22927474858,397.040649802704
4,DBO,272,380.584524132511,16.3689068106454,364.215617321866,396.953430943157
4,DBO,273,380.482526222766,16.3593625536089,364.123163669157,396.841888776375
4,DBO,274,380.124021765438,16.3565360133087,363.76748575213,396.480557778747
4,DBO,275,379.901878434445,16.5199985605335,363.381879873911,396.421876994979
4,DBO,276,379.702453692831,16.5209985616426,363.181455131189,396.223452254474
4,DBO,277,379.662024774493,16.5607061399584,363.101318634535,396.222730914451
4,DBO,278,379.614603115268,16.5523986886264,363.062204426641,396.167001803894
4,DBO,279,379.536982075264,16.6013695651081,362.935612510156,396.138351640372
4,DBO,280,379.360025828615,16.7309987546536,362.629027073962,396.091024583269
4,DBO,281,379.254641060787,16.7846380630865,362.4700029977,396.039279123873
4,DBO,282,378.725123951825,16.2332529513694,362.491871000456,394.958376903195
4,DBO,283,378.676262588127,16.237763496688,362.438499091439,394.914026084815
4,DBO,284,378.626687423563,16.2377160426608,362.388971380902,394.864403466224
4,DBO,285,378.425337769711,16.2634189163308,362.16191885338,394.688756686042
4,DBO,286,378.199865533903,16.2405382252338,361.959327308669,394.440403759137
4,DBO,287,377.886221313037,16.1323253642411,361.753895948796,394.018546677278
4,DBO,288,377.805946258828,16.1852988650228,361.620647393806,393.991245123851
4,DBO,289,377.519560386025,16.2534983401057,361.266062045919,393.77305872613
4,DBO,290,377.210524787565,16.4341570725163,360.776367715048,393.644681860081
4,DBO,291,377.185931101033,16.4259111123091,360.760019988723,393.611842213342
4,DBO,292,377.122804361372,16.4713290335458,360.651475327826,393.594133394918
4,DBO,293,377.088590847849,16.4817804042467,360.606810443602,393.570371252096
4,DBO,294,377.013748029085,16.5212085064529,360.492539522632,393.534956535538
4,DBO,295,377.006404157008,16.5242036236879,360.48220053332,393.530607780696
4,DBO,296,376.824318692975,16.3930658813364,360.431252811638,393.217384574311
4,DBO,297,376.791184047099,16.3853275243576,360.405856522741,393.176511571456
4,DBO,298,376.752583382542,16.4072054895384,360.345377893003,393.15978887208
4,DBO,299,376.470414919433,16.2224865128143,360.247928406618,392.692901432247
4,DBO,300,376.304061835975,15.9951175210005,360.308944314974,392.299179356975
4,GWO,1,5969.99380562006,1478.04788631005,4491.94591931001,7448.04169193011
4,GWO,2,5864.08076551581,1678.95349952342,4185.12726599239,7543.03426503923
4,GWO,3,5178.33830036697,1626.183222842,3552.15507752497,6804.52152320897
4,GWO,4,4991.77136311849,1865.14778239016,3126.62358072833,6856.91914550866
4,GWO,5,4783.58105822704,2281.68630681126,2501.89475141578,7065.2673650383
4,GWO,6,4398.16448542157,2015.98668266672,2382.17780275485,6414.15116808828
4,GWO,7,3932.68507632963,2530.40199034423,1402.2830859854,6463.08706667386
4,GWO,8,3714.87525410539,1972.03556684147,1742.83968726392,5686.91082094685
4,GWO,9,3113.44074269195,1790.73116066961,1322.70958202234,4904.17190336156
4,GWO,10,2414.83514413457,1619.24830483252,795.586839302055,4034.08344896709
4,GWO,11,2366.31272905888,1493.25057548554,873.062153573347,3859.56330454442
4,GWO,12,2308.51313427859,1651.02606190294,657.487072375651,3959.53919618152
4,GWO,13,2155.50558555112,1733.42812778237,422.077457768745,3888.93371333349
4,GWO,14,1693.9199918088,1507.2230630656,186.696928743202,3201.1430548744
4,GWO,15,1740.79413443884,1520.41422511484,220.379909324003,3261.20835955368
4,GWO,16,1699.33547247297,1477.17583788158,222.159634591386,3176.51131035455
4,GWO,17,1766.38880525178,1598.98446062034,167.404344631439,3365.37326587211
4,GWO,18,1565.21425773572,1396.55853416925,168.65572356647,2961.77279190496
4,GWO,19,1414.75319336222,1296.24311981753,118.510073544685,2710.99631317975
4,GWO,20,1264.93976507662,1150.55549563816,114.384269438467,2415.49526071478
4,GWO,21,1308.43528470477,1352.9461539106,2.22044604925031e-16,2661.38143861537
4,GWO,22,1211.59768914222,1142.06863563573,69.5290535064883,2353.66632477796
4,GWO,23,1224.55216426284,1107.41159177393,117.140572488916,2331.96375603677
4,GWO,24,1051.89740279358,884.487034251516,167.410368542059,1936.38443704509
4,GWO,25,1104.19058761192,1076.89330508128,27.2972825306342,2181.0838926932
4,GWO,26,1109.19145886792,967.14350239193,142.047956475994,2076.33496125985
4,GWO,27,1039.68137310899,914.594979844193,125.0863932648,1954.27635295319
4,GWO,28,1107.26985570923,989.730296806301,117.539558902927,2097.00015251553
4,GWO,29,1050.48461437561,936.466408525294,114.018205850316,1986.9510229009
4,GWO,30,1033.72121909037,927.049112841545,106.672106248829,1960.77033193192
4,GWO,31,872.717172981965,624.992267175616,247.724905806349,1497.70944015758
4,GWO,32,884.292734574632,826.671291403869,57.6214431707625,1710.9640259785
4,GWO,33,848.971868963531,750.343405775522,98.6284631880095,1599.31527473905
4,GWO,34,883.138958735436,708.379928399959,174.759030335477,1591.51888713539
4,GWO,35,822.123537740856,631.162251437849,190.961286303006,1453.28578917871
4,GWO,36,829.988240928275,678.249898451487,151.738342476788,1508.23813937976
4,GWO,37,821.406041415332,635.507475254069,185.898566161262,1456.9135166694
4,GWO,38,808.845250723424,593.856587854607,214.988662868817,1402.70183857803
4,GWO,39,857.203759148733,776.008039397926,81.1957197508061,1633.21179854666
4,GWO,40,881.628315740177,709.728977763815,171.899337976362,1591.35729350399
4,GWO,41,817.316601611507,644.985063851317,172.331537760189,1462.30166546282
4,GWO,42,851.532277217412,777.750149180939,73.7821280364731,1629.28242639835
4,GWO,43,825.331491749062,723.512885114844,101.818606634218,1548.84437686391
4,GWO,44,834.873711497262,731.393165794644,103.480545702619,1566.26687729191
4,GWO,45,851.11254897744,790.544140429451,60.5684085479886,1641.65668940689
4,GWO,46,707.026993224073,431.899230974228,275.127762249845,1138.9262241983
4,GWO,47,789.132979608309,586.001714849365,203.131264758944,1375.13469445767
4,GWO,48,856.687465636793,833.988818556994,22.6986470797989,1690.67628419379
4,GWO,49,804.271239345307,691.793856161826,112.477383183481,1496.06509550713
4,GWO,50,788.553069953842,595.760979829587,192.792090124255,1384.31404978343
4,GWO,51,758.114480123146,521.235614117539,236.878866005607,1279.35009424069
4,GWO,52,784.416297399061,606.141048428726,178.275248970335,1390.55734582779
4,GWO,53,831.091037858274,738.608541112128,92.4824967461462,1569.6995789704
4,GWO,54,760.852908102054,547.378237380321,213.474670721733,1308.23114548238
4,GWO,55,862.073979807179,865.783683052395,2.22044604925031e-16,1727.85766285957
4,GWO,56,835.2792139654,755.435399678106,79.8438142872942,1590.71461364351
4,GWO,57,887.15572323234,932.705765830221,2.22044604925031e-16,1819.86148906256
4,GWO,58,796.568891494111,662.539217309592,134.029674184519,1459.1081088037
4,GWO,59,784.628426406825,609.162394965967,175.466031440858,1393.79082137279
4,GWO,60,766.726258016048,558.189826986305,208.536431029743,1324.91608500235
4,GWO,61,935.48677096161,1267.49743367857,2.22044604925031e-16,2202.98420464018
4,GWO,62,847.85205115917,821.436339999017,26.4157111601529,1669.28839115819
4,GWO,63,859.372906586337,891.711985273056,2.22044604925031e-16,1751.08489185939
4,GWO,64,780.956072954846,622.274691494259,158.681381460586,1403.2307644491
4,GWO,65,805.772869854136,666.513001337205,139.259868516931,1472.28587119134
4,GWO,66,801.579536335771,771.249175659293,30.3303606764773,1572.82871199506
4,GWO,67,843.349717486443,848.943460094667,2.22044604925031e-16,1692.29317758111
4,GWO,68,754.86359806708,529.726152625771,225.137445441309,1284.58975069285
4,GWO,69,773.115254808809,574.645180653543,198.470074155266,1347.76043546235
4,GWO,70,792.439040027179,642.752680437021,149.686359590158,1435.1917204642
4,GWO,71,764.383845461665,561.377703520406,203.006141941259,1325.76154898207
4,GWO,72,737.213461615506,472.459782819294,264.753678796212,1209.6732444348
4,GWO,73,749.632972317483,541.834064452494,207.798907864989,1291.46703676998
4,GWO,74,704.375222120837,466.262472084496,238.11275003634,1170.63769420533
4,GWO,75,688.882431022732,397.77427056282,291.108160459912,1086.65670158555
4,GWO,76,700.488832041243,448.527553199578,251.961278841665,1149.01638524082
4,GWO,77,693.943375470538,416.460929651285,277.482445819253,1110.40430512182
4,GWO,78,696.895385742369,434.788074472295,262.107311270073,1131.68346021466
4,GWO,79,669.020830804741,357.818460563,311.202370241741,1026.83929136774
4,GWO,80,665.662378059439,358.833941774808,306.828436284631,1024.49631983425
4,GWO,81,707.86257228977,541.129286396155,166.733285893615,1248.99185868593
4,GWO,82,662.860254780779,360.15074519749,302.709509583289,1023.01099997827
4,GWO,83,716.429117510923,555.695565057327,160.733552453596,1272.12468256825
4,GWO,84,669.303896976406,378.583225409419,290.720671566987,1047.88712238583
4,GWO,85,662.524987431926,365.486161795779,297.038825636147,1028.01114922771
4,GWO,86,687.203213644399,414.332309172081,272.870904472318,1101.53552281648
4,GWO,87,682.333263793927,402.622881364257,279.710382429671,1084.95614515818
4,GWO,88,697.071079254308,475.811166138179,221.259913116128,1172.88224539249
4,GWO,89,716.486977756217,574.563836657921,141.923141098297,1291.05081441414
4,GWO,90,684.730729368535,433.075907884319,251.654821484216,1117.80663725285
4,GWO,91,656.973143578713,347.80304141401,309.170102164702,1004.77618499272
4,GWO,92,658.697362621063,344.88342699946,313.813935621602,1003.58078962052
4,GWO,93,657.687036746711,355.786412431039,301.900624315673,1013.47344917775
4,GWO,94,660.185101488586,356.583507329466,303.60159415912,1016.76860881805
4,GWO,95,650.617389721028,339.151314056515,311.466075664513,989.768703777543
4,GWO,96,700.356165482285,527.017162768707,173.339002713578,1227.37332825099
4,GWO,97,672.698407351614,394.639468952526,278.058938399087,1067.33787630414
4,GWO,98,663.210809713221,368.090158507399,295.120651205822,1031.30096822062
4,GWO,99,654.266726050181,344.907565940457,309.359160109725,999.174291990638
4,GWO,100,662.814651385917,367.465410580283,295.349240805634,1030.2800619662
4,GWO,101,702.064646108161,520.47719105709,181.587455051071,1222.54183716525
4,GWO,102,698.291085431988,502.506940497521,195.784144934467,1200.79802592951
4,GWO,103,662.915752104026,368.709299538089,294.206452565937,1031.62505164211
4,GWO,104,708.801508682482,536.797365834666,172.004142847816,1245.59887451715
4,GWO,105,661.145690732667,362.703965627184,298.441725105483,1023.84965635985
4,GWO,106,668.426657606696,393.013688869255,275.41296873744,1061.44034647595
4,GWO,107,650.427761471837,347.332757204667,303.09500426717,997.760518676504
4,GWO,108,674.214113533295,397.791082102613,276.423031430682,1072.00519563591
4,GWO,109,683.352167095089,427.5866736077,255.765493487389,1110.93884070279
4,GWO,110,659.037227090095,352.144449615443,306.892777474652,1011.18167670554
4,GWO,111,685.263676026364,419.427772209666,265.835903816698,1104.69144823603
4,GWO,112,664.963722757687,385.038043690087,279.9256790676,1050.00176644777
4,GWO,113,717.666283339049,558.791954274921,158.874329064128,1276.45823761397
4,GWO,114,664.746176580748,361.690318777643,303.055857803105,1026.43649535839
4,GWO,115,668.12615467574,379.538582663946,288.587572011793,1047.66473733969
4,GWO,116,697.658757714735,478.291882596464,219.366875118271,1175.9506403112
4,GWO,117,664.274993882897,374.464982499562,289.810011383335,1038.73997638246
4,GWO,118,706.804530124118,518.705386662314,188.099143461803,1225.50991678643
4,GWO,119,664.984894571976,377.857407754241,287.127486817736,1042.84230232622
4,GWO,120,686.711829099262,462.801947311191,223.909881788071,1149.51377641045
4,GWO,121,658.759741878997,364.037133824787,294.722608054211,1022.79687570378
4,GWO,122,655.285614847055,359.390515280564,295.895099566492,1014.67613012762
4,GWO,123,685.387395201,440.921274454418,244.466120746582,1126.30866965542
4,GWO,124,669.41165317347,395.342953609347,274.068699564123,1064.75460678282
4,GWO,125,654.369452972578,353.406744168749,300.962708803829,1007.77619714133
4,GWO,126,661.464041797331,369.005721967315,292.458319830016,1030.46976376465
4,GWO,127,655.192168612168,362.585411255685,292.606757356483,1017.77757986785
4,GWO,128,664.883649575182,370.963015921104,293.920633654077,1035.84666549629
4,GWO,129,659.871680548936,369.014461836225,290.857218712712,1028.88614238516
4,GWO,130,666.854225307727,387.364270738591,279.489954569137,1054.21849604632
4,GWO,131,688.810741693114,467.764378902869,221.046362790245,1156.57512059598
4,GWO,132,650.817614790033,352.202718925293,298.614895864739,1003.02033371533
4,GWO,133,678.592936867973,435.916366418957,242.676570449016,1114.50930328693
4,GWO,134,669.846007550675,409.087914949483,260.758092601192,1078.93392250016
4,GWO,135,667.453702881216,397.437150745387,270.016552135829,1064.8908536266
4,GWO,136,673.703138959029,415.1504627347,258.552676224329,1088.85360169373
4,GWO,137,654.40362050454,356.850354102137,297.553266402403,1011.25397460668
4,GWO,138,663.12810583168,390.577362619257,272.550743212423,1053.70546845094
4,GWO,139,646.868492145829,350.921155087714,295.947337058114,997.789647233543
4,GWO,140,667.702585733516,412.002731756395,255.699853977121,1079.70531748991
4,GWO,141,652.337040606471,371.888589913765,280.448450692707,1024.22563052024
4,GWO,142,682.034411481036,456.762780839671,225.271630641365,1138.79719232071
4,GWO,143,649.577285711306,356.064280790719,293.513004920587,1005.64156650203
4,GWO,144,655.292518726583,385.194829274298,270.097689452285,1040.48734800088
4,GWO,145,646.253842163999,347.774835013163,298.479007150836,994.028677177162
4,GWO,146,649.555834345307,356.595630965033,292.960203380274,1006.15146531034
4,GWO,147,660.365524645373,382.515765225353,277.84975942002,1042.88128987073
4,GWO,148,645.579579691286,344.818583754429,300.760995936857,990.398163445716
4,GWO,149,652.320511393691,362.025892788773,290.294618604918,1014.34640418246
4,GWO,150,672.464045985552,425.388717969677,247.075328015875,1097.85276395523
4,GWO,151,660.106432877385,382.950280604087,277.156152273297,1043.05671348147
4,GWO,152,651.140928057833,361.19881693203,289.942111125803,1012.33974498986
4,GWO,153,643.362227839993,344.015514098901,299.346713741092,987.377741938895
4,GWO,154,678.51021167346,447.7568988961,230.75331277736,1126.26711056956
4,GWO,155,652.456331305385,363.719786923974,288.73654438141,1016.17611822936
4,GWO,156,666.221701311215,416.465807164159,249.755894147055,1082.68750847537
4,GWO,157,656.224810366799,376.179967055939,280.04484331086,1032.40477742274
4,GWO,158,656.467196080651,380.595761363776,275.871434716875,1037.06295744443
4,GWO,159,647.495824928627,352.975034837007,294.52079009162,1000.47085976563
4,GWO,160,656.187317898707,383.153568700538,273.033749198168,1039.34088659924
4,GWO,161,657.853817480187,387.964260156675,269.889557323513,1045.81807763686
4,GWO,162,649.515070901644,367.532784566415,281.982286335229,1017.04785546806
4,GWO,163,660.690797997241,403.263799717239,257.426998280003,1063.95459771448
4,GWO,164,650.837084007426,366.686814306883,284.150269700543,1017.52389831431
4,GWO,165,653.127112385941,372.941634996335,280.185477389606,1026.06874738228
4,GWO,166,651.390314036871,372.641824460858,278.748489576013,1024.03213849773
4,GWO,167,654.417200155137,373.169154311909,281.248045843228,1027.58635446705
4,GWO,168,646.394850434927,364.036845434912,282.358005000014,1010.43169586984
4,GWO,169,642.831511585537,354.079386874816,288.75212471072,996.910898460353
4,GWO,170,653.067326804146,387.196007769205,265.871319034941,1040.26333457335
4,GWO,171,638.849624369476,354.678923846773,284.170700522703,993.528548216249
4,GWO,172,643.020726832893,354.703127350021,288.317599482872,997.723854182914
4,GWO,173,651.048350917926,373.774514475517,277.273836442409,1024.82286539344
4,GWO,174,643.605997230438,356.690770939868,286.91522629057,1000.29676817031
4,GWO,175,646.289179088859,368.442701888869,277.84647719999,1014.73188097773
4,GWO,176,646.054920395433,365.836751675142,280.21816872029,1011.89167207057
4,GWO,177,640.578410527724,351.003197527191,289.575213000533,991.581608054915
4,GWO,178,639.993788407374,352.769822260261,287.223966147113,992.763610667635
4,GWO,179,647.40148959548,371.302833411837,276.098656183643,1018.70432300732
4,GWO,180,633.341821657927,347.711886353214,285.629935304713,981.053708011142
4,GWO,181,641.041913253361,354.578613346763,286.463299906598,995.620526600124
4,GWO,182,649.247726288618,386.25093288974,262.996793398878,1035.49865917836
4,GWO,183,642.716307076806,365.667780514743,277.048526562063,1008.38408759155
4,GWO,184,633.19804738819,344.210994572111,288.987052816079,977.4090419603
4,GWO,185,633.051469380638,343.90428110245,289.147188278188,976.955750483088
4,GWO,186,634.576883322223,346.474749253359,288.102134068864,981.051632575582
4,GWO,187,633.857839339765,345.077031275907,288.780808063858,978.934870615672
4,GWO,188,638.454764890704,354.410917112987,284.043847777717,992.865682003692
4,GWO,189,634.584856047374,353.953673163227,280.631182884147,988.538529210602
4,GWO,190,644.039730187126,368.213844912578,275.825885274548,1012.2535750997
4,GWO,191,638.507688620493,362.983255667182,275.524432953311,1001.49094428768
4,GWO,192,640.461668670211,370.374736217241,270.08693245297,1010.83640488745
4,GWO,193,633.883030243375,349.936340008277,283.946690235098,983.819370251651
4,GWO,194,648.696927469168,400.017155831877,248.679771637291,1048.71408330105
4,GWO,195,650.802877610704,397.738506627931,253.064370982773,1048.54138423863
4,GWO,196,632.48526252412,349.305151704762,283.180110819358,981.790414228882
4,GWO,197,640.305916948808,369.894425910538,270.41149103827,1010.20034285935
4,GWO,198,635.95001824628,363.637798120793,272.312220125488,999.587816367073
4,GWO,199,625.320863615816,334.132078330301,291.188785285515,959.452941946117
4,GWO,200,640.856650203056,372.332745494011,268.523904709044,1013.18939569707
4,GWO,201,634.524565652673,353.15167007603,281.372895576644,987.676235728703
4,GWO,202,637.341301995385,365.561318928312,271.779983067072,1002.9026209237
4,GWO,203,634.468303814071,364.488783300078,269.979520513993,998.957087114149
4,GWO,204,642.835273450119,383.280473327313,259.554800122806,1026.11574677743
4,GWO,205,631.5518774663,350.310088563963,281.241788902337,981.861966030264
4,GWO,206,625.453275109658,337.967358147228,287.48591696243,963.420633256885
4,GWO,207,626.412579598895,341.782043200571,284.630536398324,968.194622799466
4,GWO,208,632.62724401743,359.070094683901,273.557149333529,991.69733870133
4,GWO,209,634.196917928359,366.056107318136,268.140810610222,1000.25302524649
4,GWO,210,631.781405804121,360.577576203269,271.203829600852,992.358982007389
4,GWO,211,631.374108039358,358.558892646743,272.815215392615,989.933000686101
4,GWO,212,628.861395625862,354.078212588624,274.783183037238,982.939608214486
4,GWO,213,630.135981667744,360.239033612535,269.896948055209,990.37501528028
4,GWO,214,628.260095776328,349.175200482361,279.084895293967,977.43529625869
4,GWO,215,644.704413470401,398.611263378255,246.093150092145,1043.31567684866
4,GWO,216,628.664345459373,356.767050330256,271.897295129117,985.431395789628
4,GWO,217,634.720599604222,365.338864113991,269.381735490231,1000.05946371821
4,GWO,218,630.272473575221,352.19666166172,278.075811913501,982.469135236941
4,GWO,219,624.763153236393,346.517177593917,278.245975642476,971.280330830311
4,GWO,220,623.830379709764,343.098304283957,280.732075425806,966.928683993721
4,GWO,221,627.588006154943,347.378239893622,280.209766261321,974.966246048565
4,GWO,222,635.843395526446,370.070087280601,265.773308245845,1005.91348280705
4,GWO,223,628.432275727827,350.620070945885,277.812204781942,979.052346673712
4,GWO,224,629.001223522006,351.592636907606,277.408586614401,980.593860429612
4,GWO,225,622.403670464405,341.586596092651,280.817074371754,963.990266557056
4,GWO,226,621.935844670091,340.897675797176,281.038168872915,962.833520467267
4,GWO,227,621.488314856731,339.88791595262,281.600398904111,961.376230809351
4,GWO,228,628.144765627321,352.645531141475,275.499234485847,980.790296768796
4,GWO,229,631.703702639746,362.73949727762,268.964205362126,994.443199917366
4,GWO,230,623.298363586768,346.645260617116,276.653102969652,969.943624203884
4,GWO,231,620.547899526271,334.063963268559,286.483936257712,954.611862794829
4,GWO,232,621.429953324706,342.923631986304,278.506321338402,964.35358531101
4,GWO,233,621.524979222476,344.026816152686,277.498163069789,965.551795375162
4,GWO,234,621.259367351602,342.559936315189,278.699431036413,963.819303666791
4,GWO,235,621.000125970849,341.878038404645,279.122087566205,962.878164375494
4,GWO,236,620.743347689512,341.582307051949,279.161040637563,962.32565474146
4,GWO,237,626.531639242107,351.058856522291,275.472782719815,977.590495764398
4,GWO,238,625.559880202726,356.405664389229,269.154215813497,981.965544591955
4,GWO,239,619.628234616245,334.900899088687,284.727335527558,954.529133704931
4,GWO,240,621.047414535435,343.999066817706,277.04834771773,965.046481353141
4,GWO,241,620.261705493654,340.845965900805,279.415739592849,961.107671394459
4,GWO,242,619.506446843891,341.589869735539,277.916577108351,961.09631657943
4,GWO,243,619.546509923572,339.870295392331,279.676214531242,959.416805315903
4,GWO,244,619.032076569321,339.360581436746,279.671495132574,958.392658006067
4,GWO,245,623.96335816943,347.434746215183,276.528611954247,971.398104384614
4,GWO,246,619.624059858243,342.213165452084,277.410894406159,961.837225310328
4,GWO,247,617.05607968954,336.393436248963,280.662643440577,953.449515938504
4,GWO,248,618.398875424839,339.668604692201,278.730270732638,958.06748011704
4,GWO,249,627.884340330814,360.50764902671,267.376691304104,988.391989357523
4,GWO,250,617.388051373499,339.183457595916,278.204593777583,956.571508969415
4,GWO,251,618.473415337121,342.396408409425,276.077006927696,960.869823746546
4,GWO,252,617.009302891219,338.857389421314,278.151913469906,955.866692312533
4,GWO,253,617.930095742312,341.080956153497,276.849139588814,959.011051895809
4,GWO,254,616.692038212171,336.360736787047,280.331301425124,953.052774999218
4,GWO,255,616.78585524854,337.968671590793,278.817183657747,954.754526839333
4,GWO,256,616.98465611025,338.955675721009,278.028980389241,955.940331831259
4,GWO,257,616.316370512186,339.013533500184,277.302837012002,955.32990401237
4,GWO,258,616.350066507756,339.580938455111,276.769128052645,955.931004962866
4,GWO,259,616.477192581835,339.217751637547,277.259440944288,955.694944219382
4,GWO,260,616.186407069507,340.139281944038,276.047125125469,956.325689013545
4,GWO,261,621.252483047937,346.919241925571,274.333241122366,968.171724973508
4,GWO,262,615.917493550031,339.654155178951,276.26333837108,955.571648728982
4,GWO,263,615.286441915976,337.851089506051,277.435352409925,953.137531422027
4,GWO,264,614.869911460479,337.29328078941,277.576630671069,952.163192249888
4,GWO,265,615.634445390599,338.510890079148,277.123555311451,954.145335469748
4,GWO,266,614.985236998231,337.225056116684,277.760180881547,952.210293114915
4,GWO,267,614.711152767769,337.653150555338,277.058002212431,952.364303323107
4,GWO,268,619.33712176873,344.431214494809,274.90590727392,963.768336263539
4,GWO,269,614.408157820186,338.241912683993,276.166245136193,952.650070504179
4,GWO,270,614.113251791865,337.172004161408,276.941247630457,951.285255953272
4,GWO,271,613.61944294524,337.298823964729,276.320618980511,950.918266909969
4,GWO,272,612.925055721466,335.620990594088,277.304065127378,948.546046315554
4,GWO,273,613.253049968515,336.465947563953,276.787102404562,949.718997532467
4,GWO,274,612.53071214992,335.270852265541,277.259859884379,947.801564415461
4,GWO,275,612.541279996088,335.508206129972,277.033073866116,948.049486126061
4,GWO,276,612.510929326375,335.962945968028,276.547983358347,948.473875294403
4,GWO,277,612.222589681776,334.997523885937,277.22506579584,947.220113567713
4,GWO,278,612.10586740848,335.40957942016,276.696287988319,947.51544682864
4,GWO,279,612.238149051034,335.516419324049,276.721729726985,947.754568375083
4,GWO,280,611.828333324303,335.140297513261,276.688035811042,946.968630837564
4,GWO,281,611.852987844406,335.872330992656,275.98065685175,947.725318837063
4,GWO,282,611.306729603399,334.847144698819,276.45958490458,946.153874302219
4,GWO,283,610.912526067949,334.262581341226,276.649944726723,945.175107409175
4,GWO,284,610.777985246956,334.507351558311,276.270633688645,945.285336805267
4,GWO,285,610.658390269382,334.230357441917,276.428032827466,944.888747711299
4,GWO,286,610.27959282076,334.234709067908,276.044883752851,944.514301888668
4,GWO,287,610.410028080225,334.302094280001,276.107933800224,944.712122360226
4,GWO,288,610.114807052682,334.141358621336,275.973448431346,944.256165674017
4,GWO,289,609.799963702618,333.916744478132,275.883219224486,943.71670818075
4,GWO,290,609.700646348417,334.101297713998,275.59934863442,943.801944062415
4,GWO,291,609.53485417342,333.896382280516,275.638471892904,943.431236453936
4,GWO,292,609.379864197384,333.623809674588,275.756054522797,943.003673871972
4,GWO,293,609.148215665679,333.360300815143,275.787914850535,942.508516480822
4,GWO,294,608.985752825677,333.413656458134,275.572096367543,942.399409283812
4,GWO,295,608.91091518751,333.300433907619,275.610481279892,942.211349095129
4,GWO,296,608.731689683643,333.386632440435,275.345057243208,942.118322124078
4,GWO,297,608.594809793785,333.266598829598,275.328210964187,941.861408623383
4,GWO,298,608.510746511113,333.231363304895,275.279383206218,941.742109816009
4,GWO,299,608.455422859916,333.149599545929,275.305823313987,941.605022405845
4,GWO,300,608.45708450729,333.179590508335,275.277493998955,941.636675015625
4,AE,1,5278.30876863625,1303.94564731572,3974.36312132054,6582.25441595197
4,AE,2,4748.52749009301,1234.11683017465,3514.41065991836,5982.64432026767
4,AE,3,4061.54987632789,1144.87030801233,2916.67956831555,5206.42018434022
4,AE,4,3484.25447489384,726.77732124332,2757.47715365052,4211.03179613716
4,AE,5,3116.63495784982,613.860445375023,2502.7745124748,3730.49540322484
4,AE,6,2948.46006099944,618.706572115469,2329.75348888397,3567.16663311491
4,AE,7,2874.13662970822,604.683033437169,2269.45359627105,3478.81966314539
4,AE,8,2764.56495027414,546.321398705278,2218.24355156886,3310.88634897941
4,AE,9,2693.42393309415,518.06365930632,2175.36027378783,3211.48759240047
4,AE,10,2617.23138213458,459.182941344697,2158.04844078989,3076.41432347928
4,AE,11,2559.19477385208,488.5581074565,2070.63666639558,3047.75288130858
4,AE,12,2513.85495648661,494.839108176297,2019.01584831032,3008.69406466291
4,AE,13,2462.6577635408,490.20925897229,1972.44850456851,2952.86702251308
4,AE,14,2414.14696314315,519.479653848414,1894.66730929474,2933.62661699157
4,AE,15,2405.10580214382,522.773562785879,1882.33223935794,2927.8793649297
4,AE,16,2361.90278797524,508.083358198006,1853.81942977723,2869.98614617325
4,AE,17,2331.38537671646,457.261751910224,1874.12362480624,2788.64712862669
4,AE,18,2327.55734957553,456.82397343901,1870.73337613652,2784.38132301454
4,AE,19,2307.29144200438,419.864057708988,1887.42738429539,2727.15549971337
4,AE,20,2281.68869722595,426.989340635711,1854.69935659024,2708.67803786166
4,AE,21,2271.04787095846,433.155901991059,1837.8919689674,2704.20377294952
4,AE,22,2236.45770935398,415.152537349432,1821.30517200454,2651.61024670341
4,AE,23,2222.89535172844,403.107430584917,1819.78792114352,2626.00278231336
4,AE,24,2206.05299585189,401.976632382284,1804.07636346961,2608.02962823418
4,AE,25,2194.80770975137,402.319609914521,1792.48809983685,2597.12731966589
4,AE,26,2182.75623978967,389.941421270249,1792.81481851942,2572.69766105992
4,AE,27,2174.31084785177,380.778986381871,1793.5318614699,2555.08983423364
4,AE,28,2171.56898488779,380.423210269325,1791.14577461847,2551.99219515712
4,AE,29,2162.31549680898,384.777073452151,1777.53842335683,2547.09257026113
4,AE,30,2142.62478260274,387.251057740832,1755.37372486191,2529.87584034358
4,AE,31,2136.91139924238,385.007708105032,1751.90369113735,2521.91910734742
4,AE,32,2110.77674039609,335.65032332958,1775.12641706651,2446.42706372567
4,AE,33,2107.38767581887,332.804340449284,1774.58333536959,2440.19201626816
4,AE,34,2100.78438243931,335.673492102356,1765.11089033695,2436.45787454166
4,AE,35,2093.13316935732,337.471084521548,1755.66208483577,2430.60425387887
4,AE,36,2083.04013464325,331.633727364083,1751.40640727917,2414.67386200734
4,AE,37,2076.91041152263,338.840344099316,1738.07006742331,2415.75075562195
4,AE,38,2071.12497369445,341.614064948769,1729.51090874568,2412.73903864322
4,AE,39,2052.70868534643,346.696227575842,1706.01245777059,2399.40491292227
4,AE,40,2049.7037930368,347.318345912441,1702.38544712436,2397.02213894924
4,AE,41,2034.64169088197,336.311021002765,1698.3306698792,2370.95271188473
4,AE,42,2026.69758414382,336.888297607672,1689.80928653615,2363.58588175149
4,AE,43,2022.07011992002,338.471978603154,1683.59814131686,2360.54209852317
4,AE,44,2017.70048350673,335.438602874807,1682.26188063193,2353.13908638154
4,AE,45,2009.56200348995,333.750582026799,1675.81142146315,2343.31258551675
4,AE,46,1996.80677177192,339.811901477421,1656.9948702945,2336.61867324934
4,AE,47,1995.86132561003,340.030295286751,1655.83103032328,2335.89162089679
4,AE,48,1986.70629505916,337.056666771567,1649.6496282876,2323.76296183073
4,AE,49,1986.70629505916,337.056666771567,1649.6496282876,2323.76296183073
4,AE,50,1964.78168030983,280.97436509216,1683.80731521767,2245.75604540199
4,AE,51,1960.25142645244,281.170754855458,1679.08067159698,2241.4221813079
4,AE,52,1959.58056799189,281.361266125397,1678.2193018665,2240.94183411729
4,AE,53,1951.48641461702,282.006965314819,1669.4794493022,2233.49337993184
4,AE,54,1947.17833527526,282.605389991715,1664.57294528354,2229.78372526697
4,AE,55,1946.20261095987,283.411214522484,1662.79139643738,2229.61382548235
4,AE,56,1945.65508231077,283.670440854195,1661.98464145657,2229.32552316496
4,AE,57,1937.28795558394,288.195218190302,1649.09273739363,2225.48317377424
4,AE,58,1929.07233496636,284.392358655464,1644.6799763109,2213.46469362183
4,AE,59,1919.96471045559,279.244263677981,1640.72044677761,2199.20897413357
4,AE,60,1919.87063282148,279.011037342174,1640.85959547931,2198.88167016366
4,AE,61,1910.34887557855,268.561782919585,1641.78709265896,2178.91065849813
4,AE,62,1907.15316915054,266.168804308389,1640.98436484215,2173.32197345893
4,AE,63,1905.08301799547,265.688881722649,1639.39413627282,2170.77189971812
4,AE,64,1905.08301799547,265.688881722649,1639.39413627282,2170.77189971812
4,AE,65,1892.49075221681,241.661290071573,1650.82946214524,2134.15204228838
4,AE,66,1892.99169775117,242.283216093113,1650.70848165806,2135.27491384428
4,AE,67,1888.44349095733,232.803175149392,1655.64031580794,2121.24666610672
4,AE,68,1876.56089984483,229.343864310889,1647.21703553394,2105.90476415572
4,AE,69,1876.56089984483,229.343864310889,1647.21703553394,2105.90476415572
4,AE,70,1871.49091961585,230.696786242674,1640.79413337318,2102.18770585853
4,AE,71,1871.1282033297,230.005533368818,1641.12266996088,2101.13373669851
4,AE,72,1870.07731892375,230.285751646386,1639.79156727737,2100.36307057014
4,AE,73,1867.57466522672,225.945970632892,1641.62869459383,2093.52063585961
4,AE,74,1867.12256746784,226.24165014884,1640.880917319,2093.36421761668
4,AE,75,1867.12256746784,226.24165014884,1640.880917319,2093.36421761668
4,AE,76,1857.2181453887,213.822352481301,1643.39579290739,2071.04049787
4,AE,77,1857.2181453887,213.822352481301,1643.39579290739,2071.04049787
4,AE,78,1854.94398249957,212.015349119769,1642.92863337981,2066.95933161934
4,AE,79,1854.87534467062,212.048510740461,1642.82683393016,2066.92385541108
4,AE,80,1854.43624327998,211.580617843956,1642.85562543602,2066.01686112394
4,AE,81,1852.83884698134,211.20215737209,1641.63668960925,2064.04100435343
4,AE,82,1852.70437823516,211.202936868047,1641.50144136711,2063.90731510321
4,AE,83,1847.7056828393,215.422363473316,1632.28331936598,2063.12804631261
4,AE,84,1847.41220589947,215.798368606668,1631.6138372928,2063.21057450613
4,AE,85,1843.72016518154,217.02901856013,1626.69114662141,2060.74918374167
4,AE,86,1841.48812170532,217.754776582744,1623.73334512258,2059.24289828806
4,AE,87,1837.05302453423,219.080662899029,1617.9723616352,2056.13368743326
4,AE,88,1831.85201522858,215.218459884155,1616.63355534443,2047.07047511274
4,AE,89,1831.85201522858,215.218459884155,1616.63355534443,2047.07047511274
4,AE,90,1829.62654940689,215.194034136644,1614.43251527025,2044.82058354354
4,AE,91,1829.62654940689,215.194034136644,1614.43251527025,2044.82058354354
4,AE,92,1828.48392503413,214.925833912468,1613.55809112166,2043.4097589466
4,AE,93,1820.28682318221,213.104336491694,1607.18248669051,2033.3911596739
4,AE,94,1820.28682318221,213.104336491694,1607.18248669051,2033.3911596739
4,AE,95,1820.28682318221,213.104336491694,1607.18248669051,2033.3911596739
4,AE,96,1811.59434158433,218.940025991487,1592.65431559284,2030.53436757582
4,AE,97,1805.87571470783,219.576939980631,1586.2987747272,2025.45265468846
4,AE,98,1801.10125411371,216.796216319107,1584.3050377946,2017.89747043282
4,AE,99,1800.40143005656,217.10860854752,1583.29282150904,2017.51003860408
4,AE,100,1794.49576518083,201.858281470447,1592.63748371039,1996.35404665128
4,AE,101,1789.56310249352,188.585219521383,1600.97788297213,1978.1483220149
4,AE,102,1789.56310249352,188.585219521383,1600.97788297213,1978.1483220149
4,AE,103,1788.1807205559,188.512296209268,1599.66842434664,1976.69301676517
4,AE,104,1788.16488784233,188.531756211025,1599.63313163131,1976.69664405336
4,AE,105,1786.7876537181,188.043231113003,1598.74442260509,1974.8308848311
4,AE,106,1786.7876537181,188.043231113003,1598.74442260509,1974.8308848311
4,AE,107,1786.7876537181,188.043231113003,1598.74442260509,1974.8308848311
4,AE,108,1783.97490705157,189.91356557289,1594.06134147868,1973.88847262446
4,AE,109,1783.97490705157,189.91356557289,1594.06134147868,1973.88847262446
4,AE,110,1783.97490705157,189.91356557289,1594.06134147868,1973.88847262446
4,AE,111,1783.93462303936,189.93606436812,1593.99855867124,1973.87068740748
4,AE,112,1783.82026589462,190.004267198428,1593.81599869619,1973.82453309305
4,AE,113,1782.1402146398,189.397233124143,1592.74298151566,1971.53744776395
4,AE,114,1777.55051700379,186.262330134741,1591.28818686905,1963.81284713853
4,AE,115,1778.64635312943,186.397485497418,1592.24886763201,1965.04383862684
4,AE,116,1778.40812574796,186.315005198023,1592.09312054994,1964.72313094598
4,AE,117,1778.40812574796,186.315005198023,1592.09312054994,1964.72313094598
4,AE,118,1778.03664640639,186.778139485116,1591.25850692127,1964.8147858915
4,AE,119,1778.03664640639,186.778139485116,1591.25850692127,1964.8147858915
4,AE,120,1778.03664640639,186.778139485116,1591.25850692127,1964.8147858915
4,AE,121,1778.03664640639,186.778139485116,1591.25850692127,1964.8147858915
4,AE,122,1778.01777748537,186.788328381626,1591.22944910374,1964.80610586699
4,AE,123,1778.01777748537,186.788328381626,1591.22944910374,1964.80610586699
4,AE,124,1778.01777748537,186.788328381626,1591.22944910374,1964.80610586699
4,AE,125,1776.32835179994,185.25091504654,1591.0774367534,1961.57926684648
4,AE,126,1776.32835179994,185.25091504654,1591.0774367534,1961.57926684648
4,AE,127,1776.10743710857,185.373356527252,1590.73408058132,1961.48079363582
4,AE,128,1772.68182570642,186.993687188172,1585.68813851825,1959.67551289459
4,AE,129,1772.08870277086,186.795064300703,1585.29363847016,1958.88376707157
4,AE,130,1772.08870277086,186.795064300703,1585.29363847016,1958.88376707157
4,AE,131,1772.08870277086,186.795064300703,1585.29363847016,1958.88376707157
4,AE,132,1772.08870277086,186.795064300703,1585.29363847016,1958.88376707157
4,AE,133,1772.08870277086,186.795064300703,1585.29363847016,1958.88376707157
4,AE,134,1772.08870277086,186.795064300703,1585.29363847016,1958.88376707157
4,AE,135,1772.08870277086,186.795064300703,1585.29363847016,1958.88376707157
4,AE,136,1771.81128803141,186.694645305859,1585.11664272555,1958.50593333727
4,AE,137,1771.62183951715,186.915602625664,1584.70623689149,1958.53744214282
4,AE,138,1769.35484261618,186.637838438785,1582.7170041774,1955.99268105497
4,AE,139,1768.99728229771,186.700579463181,1582.29670283453,1955.69786176089
4,AE,140,1768.21381713371,187.517414655296,1580.69640247842,1955.73123178901
4,AE,141,1768.21381713371,187.517414655296,1580.69640247842,1955.73123178901
4,AE,142,1767.15284253763,188.17626238625,1578.97658015138,1955.32910492388
4,AE,143,1768.39942381475,190.155038235409,1578.24438557934,1958.55446205016
4,AE,144,1768.39942381475,190.155038235409,1578.24438557934,1958.55446205016
4,AE,145,1768.18625997104,190.418468491387,1577.76779147965,1958.60472846243
4,AE,146,1763.79436517115,190.611701561018,1573.18266361014,1954.40606673217
4,AE,147,1763.57296713372,190.937110704774,1572.63585642895,1954.5100778385
4,AE,148,1763.57296713372,190.937110704774,1572.63585642895,1954.5100778385
4,AE,149,1755.60742617842,184.409034538032,1571.19839164039,1940.01646071646
4,AE,150,1755.60742617842,184.409034538032,1571.19839164039,1940.01646071646
4,AE,151,1755.55559928834,184.437245348021,1571.11835394032,1939.99284463636
4,AE,152,1755.1855970695,184.371006451605,1570.8145906179,1939.55660352111
4,AE,153,1755.17966764409,184.368306373411,1570.81136127068,1939.5479740175
4,AE,154,1755.1598027064,184.359301893436,1570.80050081296,1939.51910459983
4,AE,155,1754.783431767,184.315391290477,1570.46804047652,1939.09882305747
4,AE,156,1754.783431767,184.315391290477,1570.46804047652,1939.09882305747
4,AE,157,1751.71075045436,183.889770628288,1567.82097982608,1935.60052108265
4,AE,158,1750.43568480756,184.044044173541,1566.39164063402,1934.4797289811
4,AE,159,1750.29103282905,184.067391736306,1566.22364109274,1934.35842456535
4,AE,160,1749.01197241875,184.414197400383,1564.59777501836,1933.42616981913
4,AE,161,1744.9203275737,183.262049155363,1561.65827841834,1928.18237672907
4,AE,162,1740.11089540807,190.704719472052,1549.40617593602,1930.81561488012
4,AE,163,1740.00015720894,190.731820986433,1549.26833622251,1930.73197819538
4,AE,164,1738.99116843869,191.621911605211,1547.36925683348,1930.6130800439
4,AE,165,1738.99116843869,191.621911605211,1547.36925683348,1930.6130800439
4,AE,166,1736.85102063769,191.034548590495,1545.81647204719,1927.88556922818
4,AE,167,1733.73870797305,192.04442740537,1541.69428056768,1925.78313537842
4,AE,168,1737.01544137757,193.163791647281,1543.85164973028,1930.17923302485
4,AE,169,1737.01314112897,193.166075648218,1543.84706548075,1930.17921677718
4,AE,170,1736.63273853942,193.109867880232,1543.52287065919,1929.74260641966
4,AE,171,1736.63273853942,193.109867880232,1543.52287065919,1929.74260641966
4,AE,172,1736.63273853942,193.109867880232,1543.52287065919,1929.74260641966
4,AE,173,1736.49898159011,193.043313132642,1543.45566845747,1929.54229472275
4,AE,174,1735.567343025,193.158229229189,1542.40911379581,1928.72557225419
4,AE,175,1735.567343025,193.158229229189,1542.40911379581,1928.72557225419
4,AE,176,1734.79194248656,191.260414533301,1543.53152795326,1926.05235701986
4,AE,177,1734.26216005862,191.725596252537,1542.53656380609,1925.98775631116
4,AE,178,1734.26216005862,191.725596252537,1542.53656380609,1925.98775631116
4,AE,179,1732.47972155451,190.940990349425,1541.53873120509,1923.42071190394
4,AE,180,1732.07459189442,190.746421013995,1541.32817088042,1922.82101290841
4,AE,181,1731.45106171233,190.966883021547,1540.48417869079,1922.41794473388
4,AE,182,1730.72720251319,191.297265707428,1539.42993680576,1922.02446822061
4,AE,183,1729.44129194612,191.092365728734,1538.34892621739,1920.53365767486
4,AE,184,1729.28476261964,191.156648909253,1538.12811371038,1920.44141152889
4,AE,185,1729.28476261964,191.156648909253,1538.12811371038,1920.44141152889
4,AE,186,1725.53775371628,190.042224625402,1535.49552909088,1915.57997834169
4,AE,187,1721.83288230539,190.412327094301,1531.42055521108,1912.24520939969
4,AE,188,1720.81966766738,191.004930445794,1529.81473722158,1911.82459811317
4,AE,189,1722.14857548142,190.951162551887,1531.19741292953,1913.0997380333
4,AE,190,1721.22543957486,190.921196158545,1530.30424341632,1912.14663573341
4,AE,191,1721.22543957486,190.921196158545,1530.30424341632,1912.14663573341
4,AE,192,1721.10400108407,191.055459116228,1530.04854196784,1912.1594602003
4,AE,193,1720.26714696168,191.477356880956,1528.78979008072,1911.74450384263
4,AE,194,1719.46087425053,192.076388834203,1527.38448541632,1911.53726308473
4,AE,195,1719.46087425053,192.076388834203,1527.38448541632,1911.53726308473
4,AE,196,1719.46087425053,192.076388834203,1527.38448541632,1911.53726308473
4,AE,197,1719.46087425053,192.076388834203,1527.38448541632,1911.53726308473
4,AE,198,1718.62289636333,192.232109211821,1526.39078715151,1910.85500557515
4,AE,199,1718.30946444508,192.667922717783,1525.6415417273,1910.97738716286
4,AE,200,1714.13052807036,195.887451115946,1518.24307695441,1910.0179791863
4,AE,201,1714.02875351749,195.930284748906,1518.09846876858,1909.9590382664
4,AE,202,1713.63988924103,196.141747913222,1517.4981413278,1909.78163715425
4,AE,203,1713.63988924103,196.141747913222,1517.4981413278,1909.78163715425
4,AE,204,1713.63988924103,196.141747913222,1517.4981413278,1909.78163715425
4,AE,205,1713.10089526455,196.271476939686,1516.82941832486,1909.37237220423
4,AE,206,1713.10089526455,196.271476939686,1516.82941832486,1909.37237220423
4,AE,207,1713.10089526455,196.271476939686,1516.82941832486,1909.37237220423
4,AE,208,1712.73571252533,196.424615196555,1516.31109732877,1909.16032772189
4,AE,209,1712.73571252533,196.424615196555,1516.31109732877,1909.16032772189
4,AE,210,1711.00014290519,196.148958470522,1514.85118443467,1907.14910137572
4,AE,211,1711.00014290519,196.148958470522,1514.85118443467,1907.14910137572
4,AE,212,1709.80655015267,194.980874710266,1514.8256754424,1904.78742486294
4,AE,213,1709.7098979476,195.068068589492,1514.64182935811,1904.7779665371
4,AE,214,1708.71185027076,195.979756114089,1512.73209415668,1904.69160638485
4,AE,215,1708.71185027076,195.979756114089,1512.73209415668,1904.69160638485
4,AE,216,1708.17461692465,195.832710565382,1512.34190635927,1904.00732749003
4,AE,217,1704.96112259068,193.738053182742,1511.22306940794,1898.69917577342
4,AE,218,1704.8920663291,193.765010356471,1511.12705597263,1898.65707668557
4,AE,219,1704.87643749504,193.772283421107,1511.10415407393,1898.64872091614
4,AE,220,1704.84900668703,193.780653912929,1511.0683527741,1898.62966059996
4,AE,221,1703.14705942861,193.740481351816,1509.4065780768,1896.88754078043
4,AE,222,1702.38346982718,193.321985446866,1509.06148438031,1895.70545527405
4,AE,223,1701.89413742977,193.195110384934,1508.69902704483,1895.0892478147
4,AE,224,1696.94569183862,195.173099729227,1501.77259210939,1892.11879156784
4,AE,225,1696.9162322991,195.20250856053,1501.71372373857,1892.11874085963
4,AE,226,1695.85524184109,195.677947422337,1500.17729441875,1891.53318926342
4,AE,227,1695.85524184109,195.677947422337,1500.17729441875,1891.53318926342
4,AE,228,1695.54948933497,195.58134693514,1499.96814239983,1891.1308362701
4,AE,229,1695.36237644749,195.499345871751,1499.86303057574,1890.86172231924
4,AE,230,1694.65596090593,195.881603419418,1498.77435748651,1890.53756432535
4,AE,231,1694.5744654487,195.839657139596,1498.7348083091,1890.41412258829
4,AE,232,1694.30029007427,195.777606639796,1498.52268343447,1890.07789671406
4,AE,233,1694.30029007427,195.777606639796,1498.52268343447,1890.07789671406
4,AE,234,1694.14469370107,195.922389958756,1498.22230374231,1890.06708365982
4,AE,235,1694.14469370107,195.922389958756,1498.22230374231,1890.06708365982
4,AE,236,1693.48068516699,195.144594964973,1498.33609020201,1888.62528013196
4,AE,237,1693.48068516699,195.144594964973,1498.33609020201,1888.62528013196
4,AE,238,1690.45849417785,195.831771839036,1494.62672233881,1886.29026601688
4,AE,239,1690.319518383,195.750199117851,1494.56931926515,1886.06971750085
4,AE,240,1690.319518383,195.750199117851,1494.56931926515,1886.06971750085
4,AE,241,1690.24979273661,195.667441089609,1494.582351647,1885.91723382622
4,AE,242,1690.1808742696,195.714372693761,1494.46650157584,1885.89524696336
4,AE,243,1685.67882268644,192.116655665078,1493.56216702137,1877.79547835152
4,AE,244,1684.97326058018,191.880886485201,1493.09237409498,1876.85414706538
4,AE,245,1683.56656177493,191.949397883546,1491.61716389138,1875.51595965848
4,AE,246,1683.56656177493,191.949397883546,1491.61716389138,1875.51595965848
4,AE,247,1683.23685829495,192.079101340377,1491.15775695457,1875.31595963532
4,AE,248,1683.23685829495,192.079101340377,1491.15775695457,1875.31595963532
4,AE,249,1683.17306395649,192.113460776095,1491.05960318039,1875.28652473258
4,AE,250,1681.24180358717,191.169041216613,1490.07276237056,1872.41084480378
4,AE,251,1681.24180358717,191.169041216613,1490.07276237056,1872.41084480378
4,AE,252,1680.56623281039,189.266673137503,1491.29955967289,1869.8329059479
4,AE,253,1680.27736531629,189.464607396403,1490.81275791989,1869.74197271269
4,AE,254,1680.27736531629,189.464607396403,1490.81275791989,1869.74197271269
4,AE,255,1676.30350522612,189.602320120365,1486.70118510576,1865.90582534649
4,AE,256,1671.62417078029,188.047596351043,1483.57657442925,1859.67176713134
4,AE,257,1671.58817303631,188.05937245321,1483.5288005831,1859.64754548952
4,AE,258,1671.56369397141,188.059370894665,1483.50432307675,1859.62306486608
4,AE,259,1671.56369397141,188.059370894665,1483.50432307675,1859.62306486608
4,AE,260,1671.51930013789,188.066852696848,1483.45244744104,1859.58615283473
4,AE,261,1671.514796318,188.069972958665,1483.44482335933,1859.58476927666
4,AE,262,1670.51654604911,188.103914552133,1482.41263149697,1858.62046060124
4,AE,263,1670.27152186514,188.165736481409,1482.10578538373,1858.43725834655
4,AE,264,1669.97523356541,188.320121774713,1481.65511179069,1858.29535534012
4,AE,265,1669.91953053673,188.329468145993,1481.59006239074,1858.24899868272
4,AE,266,1664.46569675003,195.704340166517,1468.76135658351,1860.17003691655
4,AE,267,1664.13383739367,195.637369920069,1468.4964674736,1859.77120731374
4,AE,268,1663.65757974798,196.096718907371,1467.56086084061,1859.75429865535
4,AE,269,1663.65757974798,196.096718907371,1467.56086084061,1859.75429865535
4,AE,270,1662.95403714358,195.802653080512,1467.15138406307,1858.75669022409
4,AE,271,1662.95403714358,195.802653080512,1467.15138406307,1858.75669022409
4,AE,272,1662.76379767357,195.687120881033,1467.07667679254,1858.4509185546
4,AE,273,1662.76379767357,195.687120881033,1467.07667679254,1858.4509185546
4,AE,274,1662.76379767357,195.687120881033,1467.07667679254,1858.4509185546
4,AE,275,1662.75308124391,195.68649355831,1467.0665876856,1858.43957480222
4,AE,276,1662.51948776087,195.521963078802,1466.99752468207,1858.04145083968
4,AE,277,1662.21702178149,195.555501711879,1466.66152006961,1857.77252349337
4,AE,278,1662.21702178149,195.555501711879,1466.66152006961,1857.77252349337
4,AE,279,1662.11400875863,195.622341491864,1466.49166726677,1857.7363502505
4,AE,280,1661.90814334115,195.635137578619,1466.27300576253,1857.54328091976
4,AE,281,1661.90814334115,195.635137578619,1466.27300576253,1857.54328091976
4,AE,282,1660.99212540053,195.582905084254,1465.40922031628,1856.57503048479
4,AE,283,1660.77366136334,195.485862313275,1465.28779905006,1856.25952367661
4,AE,284,1660.55873431936,195.397337526256,1465.16139679311,1855.95607184562
4,AE,285,1660.47543764337,195.389502945159,1465.08593469821,1855.86494058852
4,AE,286,1660.47543764337,195.389502945159,1465.08593469821,1855.86494058852
4,AE,287,1655.05741755578,200.410628452895,1454.64678910289,1855.46804600868
4,AE,288,1655.05741755578,200.410628452895,1454.64678910289,1855.46804600868
4,AE,289,1654.89758411584,200.520917442299,1454.37666667354,1855.41850155814
4,AE,290,1654.48073899029,200.649949028831,1453.83078996146,1855.13068801912
4,AE,291,1654.46782035074,200.647124069244,1453.8206962815,1855.11494441999
4,AE,292,1654.24976170946,200.671729964589,1453.57803174487,1854.92149167405
4,AE,293,1654.24976170946,200.671729964589,1453.57803174487,1854.92149167405
4,AE,294,1654.19494622435,200.694440833764,1453.50050539059,1854.88938705812
4,AE,295,1654.12873182507,200.751954907177,1453.3767769179,1854.88068673225
4,AE,296,1654.08741094779,200.765946273204,1453.32146467459,1854.853357221
4,AE,297,1653.50582229628,200.942231840345,1452.56359045593,1854.44805413662
4,AE,298,1653.49270290809,200.949594853685,1452.5431080544,1854.44229776177
4,AE,299,1653.28299388708,200.89371535732,1452.38927852976,1854.1767092444
4,AE,300,1653.27054260566,200.900207932275,1452.37033467338,1854.17075053793
4,PSO,1,4655.40947292129,1187.70253162628,3467.70694129501,5843.11200454757
4,PSO,2,3758.73380717541,1044.66787651033,2714.06593066508,4803.40168368574
4,PSO,3,3359.18905573805,1026.65790157307,2332.53115416498,4385.84695731112
4,PSO,4,3061.07311233514,850.747418313629,2210.32569402152,3911.82053064877
4,PSO,5,2841.66880994706,766.278166045549,2075.39064390151,3607.94697599261
4,PSO,6,2653.65274957759,768.844491729508,1884.80825784808,3422.49724130709
4,PSO,7,2543.30291826826,698.714717268133,1844.58820100013,3242.0176355364
4,PSO,8,2467.47202569615,742.927550378227,1724.54447531793,3210.39957607438
4,PSO,9,2389.77163336397,678.660906476066,1711.1107268879,3068.43253984003
4,PSO,10,2294.41913228893,670.984579040458,1623.43455324847,2965.40371132938
4,PSO,11,2237.13563573304,680.363168316261,1556.77246741678,2917.4988040493
4,PSO,12,2163.61888954877,632.137585915395,1531.48130363337,2795.75647546416
4,PSO,13,2086.22789073329,598.315166837741,1487.91272389555,2684.54305757103
4,PSO,14,2062.83922969707,599.700876301529,1463.13835339555,2662.5401059986
4,PSO,15,2024.55023492847,579.628545938529,1444.92168898994,2604.178780867
4,PSO,16,1955.47680898794,572.97481856449,1382.50199042345,2528.45162755243
4,PSO,17,1949.47690062941,572.230574687973,1377.24632594144,2521.70747531738
4,PSO,18,1923.0138815989,539.406605393058,1383.60727620584,2462.42048699195
4,PSO,19,1903.54843122975,547.45522811794,1356.09320311181,2451.00365934769
4,PSO,20,1881.3677909534,533.487805647814,1347.87998530559,2414.85559660121
4,PSO,21,1862.2618526735,534.395335633348,1327.86651704015,2396.65718830685
4,PSO,22,1854.50279404606,539.761835658841,1314.74095838721,2394.2646297049
4,PSO,23,1831.5932633393,540.057211384046,1291.53605195525,2371.65047472335
4,PSO,24,1816.24308497929,545.842851335096,1270.40023364419,2362.08593631438
4,PSO,25,1785.04039301645,550.901734016427,1234.13865900002,2335.94212703288
4,PSO,26,1772.43175591686,557.199408011334,1215.23234790552,2329.63116392819
4,PSO,27,1754.00987886567,537.811760679117,1216.19811818655,2291.82163954479
4,PSO,28,1730.17154671957,547.429077732385,1182.74246898718,2277.60062445195
4,PSO,29,1713.68833504655,529.529519249162,1184.15881579739,2243.21785429571
4,PSO,30,1706.73230954335,537.460156859994,1169.27215268336,2244.19246640334
4,PSO,31,1698.63500977692,535.842095864231,1162.79291391269,2234.47710564115
4,PSO,32,1682.29107302339,522.001937783834,1160.28913523955,2204.29301080722
4,PSO,33,1677.06375888622,519.500752762396,1157.56300612382,2196.56451164862
4,PSO,34,1657.99861753375,519.124302662653,1138.8743148711,2177.1229201964
4,PSO,35,1650.68860135948,529.352216953802,1121.33638440568,2180.04081831329
4,PSO,36,1642.47856317464,526.176143759772,1116.30241941487,2168.65470693441
4,PSO,37,1641.06612390602,526.470983612506,1114.59514029351,2167.53710751852
4,PSO,38,1639.09207499006,526.331549095031,1112.76052589503,2165.42362408509
4,PSO,39,1629.51958432798,527.559063170853,1101.96052115713,2157.07864749884
4,PSO,40,1625.95870827859,526.723941985837,1099.23476629275,2152.68265026443
4,PSO,41,1620.02158646148,519.945570976212,1100.07601548527,2139.96715743769
4,PSO,42,1613.27482439854,523.663618290194,1089.61120610834,2136.93844268873
4,PSO,43,1605.00309286604,521.36455852365,1083.63853434239,2126.36765138969
4,PSO,44,1602.6945429644,521.529046286844,1081.16549667756,2124.22358925124
4,PSO,45,1600.91113255079,521.897956297326,1079.01317625346,2122.80908884811
4,PSO,46,1577.39744578025,473.218322763924,1104.17912301633,2050.61576854418
4,PSO,47,1572.47609609682,474.414876518005,1098.06121957881,2046.89097261482
4,PSO,48,1567.22494003668,474.800915997304,1092.42402403938,2042.02585603398
4,PSO,49,1564.77754317449,475.528365727825,1089.24917744666,2040.30590890231
4,PSO,50,1563.22909414192,475.748030235819,1087.4810639061,2038.97712437774
4,PSO,51,1559.94720895676,475.648753162204,1084.29845579456,2035.59596211897
4,PSO,52,1551.68552437811,470.986401238815,1080.69912313929,2022.67192561692
4,PSO,53,1549.28650371278,471.290196163799,1077.99630754898,2020.57669987658
4,PSO,54,1545.48559622561,472.194671041679,1073.29092518393,2017.68026726729
4,PSO,55,1542.65807410358,473.120108520372,1069.53796558321,2015.77818262395
4,PSO,56,1541.10440020137,473.062562996748,1068.04183720462,2014.16696319812
4,PSO,57,1522.19992650149,454.793222339182,1067.40670416231,1976.99314884068
4,PSO,58,1503.60562229342,446.460385556841,1057.14523673658,1950.06600785026
4,PSO,59,1501.96220402252,447.686182003965,1054.27602201856,1949.64838602649
4,PSO,60,1500.28661929456,448.255233776452,1052.0313855181,1948.54185307101
4,PSO,61,1498.45157390066,448.504955364348,1049.94661853632,1946.95652926501
4,PSO,62,1496.95768632514,448.173087890186,1048.78459843495,1945.13077421532
4,PSO,63,1494.81106979747,447.781895939833,1047.02917385763,1942.5929657373
4,PSO,64,1490.88902815882,449.731313382251,1041.15771477657,1940.62034154107
4,PSO,65,1490.05515572686,449.590001169356,1040.4651545575,1939.64515689621
4,PSO,66,1488.27881917256,449.240724694175,1039.03809447838,1937.51954386674
4,PSO,67,1486.23116795803,450.413977147542,1035.81719081049,1936.64514510557
4,PSO,68,1484.70488935621,450.73018163479,1033.97470772142,1935.435070991
4,PSO,69,1483.84981861616,450.355680479064,1033.49413813709,1934.20549909522
4,PSO,70,1483.16273698963,450.362373325315,1032.80036366431,1933.52511031494
4,PSO,71,1477.66888452637,446.642570459602,1031.02631406676,1924.31145498597
4,PSO,72,1477.01853012314,446.725520186269,1030.29300993687,1923.74405030941
4,PSO,73,1466.89375759462,449.198731114146,1017.69502648048,1916.09248870877
4,PSO,74,1466.09898570861,449.652362948169,1016.44662276044,1915.75134865677
4,PSO,75,1465.41301281633,449.46591042232,1015.94710239401,1914.87892323865
4,PSO,76,1457.87572856123,450.705591997406,1007.17013656383,1908.58132055864
4,PSO,77,1451.94451669878,449.264819677033,1002.67969702174,1901.20933637581
4,PSO,78,1444.75779155549,447.559787696173,997.198003859318,1892.31757925166
4,PSO,79,1443.58661570484,447.062373918251,996.524241786589,1890.64898962309
4,PSO,80,1436.09944117333,450.010155614666,986.089285558664,1886.109596788
4,PSO,81,1432.77709921024,448.602576402497,984.17452280774,1881.37967561273
4,PSO,82,1430.83497965526,446.815331926256,984.019647729001,1877.65031158151
4,PSO,83,1430.5337349726,446.836390597976,983.69734437462,1877.37012557057
4,PSO,84,1428.75348992497,445.803450330738,982.950039594231,1874.55694025571
4,PSO,85,1427.2198179811,446.188191951901,981.031626029195,1873.408009933
4,PSO,86,1421.73483836983,446.55411002438,975.180728345448,1868.28894839421
4,PSO,87,1420.26247037255,447.189556351984,973.072914020568,1867.45202672454
4,PSO,88,1419.69006226535,447.299585087652,972.390477177696,1866.989647353
4,PSO,89,1418.29552689376,446.555896308768,971.739630584993,1864.85142320253
4,PSO,90,1417.51611047343,446.644279327337,970.871831146098,1864.16038980077
4,PSO,91,1416.88534650927,446.656860554527,970.22848595474,1863.54220706379
4,PSO,92,1414.84984449153,446.306887477454,968.542957014073,1861.15673196898
4,PSO,93,1409.14665544157,444.832178333654,964.314477107913,1853.97883377522
4,PSO,94,1409.5530048217,445.640827945205,963.912176876494,1855.1938327669
4,PSO,95,1409.21187503685,445.563485729634,963.648389307219,1854.77536076649
4,PSO,96,1404.99371738533,446.923401464173,958.070315921156,1851.9171188495
4,PSO,97,1404.17000304507,446.750600870391,957.419402174682,1850.92060391547
4,PSO,98,1403.30221851688,446.574353805509,956.727864711371,1849.87657232239
4,PSO,99,1397.16555874261,428.717556101013,968.448002641593,1825.88311484362
4,PSO,100,1394.90626274355,427.36279394757,967.543468795984,1822.26905669112
4,PSO,101,1389.06892075838,430.692071157392,958.376849600992,1819.76099191578
4,PSO,102,1383.44255927089,428.058315586488,955.384243684401,1811.50087485738
4,PSO,103,1382.7174558593,428.066751186655,954.65070467264,1810.78420704595
4,PSO,104,1380.88483380695,428.826442532282,952.05839127467,1809.71127633923
4,PSO,105,1379.5846206421,428.564105752352,951.020514889752,1808.14872639446
4,PSO,106,1378.72255588466,428.223888736715,950.498667147947,1806.94644462138
4,PSO,107,1377.83758749258,427.345349412828,950.492238079749,1805.1829369054
4,PSO,108,1376.74358057567,426.733806632804,950.00977394287,1803.47738720848
4,PSO,109,1376.29579127081,426.85165084792,949.444140422888,1803.14744211873
4,PSO,110,1373.47172183809,426.994054334426,946.477667503664,1800.46577617252
4,PSO,111,1370.13903696042,427.512426616493,942.626610343929,1797.65146357691
4,PSO,112,1369.02494663675,426.944191142423,942.080755494328,1795.96913777917
4,PSO,113,1365.85562276667,426.019742823054,939.835879943618,1791.87536558973
4,PSO,114,1365.11844093289,425.68110089123,939.43734004166,1790.79954182412
4,PSO,115,1364.48894067401,425.57747095516,938.911469718847,1790.06641162917
4,PSO,116,1359.77247579743,425.291125887884,934.481349909544,1785.06360168531
4,PSO,117,1358.56573091289,425.718210316565,932.847520596325,1784.28394122945
4,PSO,118,1358.35324302335,425.657334713959,932.695908309386,1784.0105777373
4,PSO,119,1357.54538552047,425.685059283363,931.860326237109,1783.23044480384
4,PSO,120,1356.7212704684,425.493002951088,931.228267517308,1782.21427341948
4,PSO,121,1351.51115792412,426.559748882646,924.951409041473,1778.07090680677
4,PSO,122,1351.2879562784,426.621956791578,924.665999486825,1777.90991306998
4,PSO,123,1350.81337081506,426.042386021407,924.77098479365,1776.85575683646
4,PSO,124,1350.41356442174,425.722189307073,924.691375114671,1776.13575372882
4,PSO,125,1349.6080275371,426.008946823987,923.599080713116,1775.61697436109
4,PSO,126,1348.94046920698,425.922281543387,923.018187663592,1774.86275075037
4,PSO,127,1348.79990604606,425.900869871009,922.899036175047,1774.70077591707
4,PSO,128,1348.39762401222,425.604000382169,922.79362363005,1774.00162439439
4,PSO,129,1347.7749242455,425.414726613825,922.360197631679,1773.18965085933
4,PSO,130,1347.49707083653,425.126599316616,922.370471519911,1772.62367015314
4,PSO,131,1346.97724985068,425.145969211996,921.831280638682,1772.12321906267
4,PSO,132,1346.5151772892,425.347320840978,921.167856448223,1771.86249813018
4,PSO,133,1346.09997205158,425.426699649683,920.673272401897,1771.52667170126
4,PSO,134,1345.62479992547,425.444145965081,920.180653960388,1771.06894589055
4,PSO,135,1345.07205948838,425.616521969913,919.455537518472,1770.6885814583
4,PSO,136,1344.85218317141,425.630656018736,919.221527152674,1770.48283919015
4,PSO,137,1344.23930981472,425.903144470088,918.336165344635,1770.14245428481
4,PSO,138,1343.92879756401,425.864309158383,918.064488405623,1769.79310672239
4,PSO,139,1343.28971708465,425.972629854762,917.317087229888,1769.26234693941
4,PSO,140,1342.52054671042,426.137555547211,916.382991163205,1768.65810225763
4,PSO,141,1342.26434858113,426.124037760359,916.140310820772,1768.38838634149
4,PSO,142,1341.90166650635,426.106337452658,915.795329053688,1768.008003959
4,PSO,143,1341.3355796277,426.113028315768,915.222551311936,1767.44860794347
4,PSO,144,1337.25045726894,423.031302790333,914.219154478608,1760.28176005927
4,PSO,145,1336.7652207202,422.668965284838,914.09625543536,1759.43418600504
4,PSO,146,1336.21841213452,422.715464630899,913.502947503617,1758.93387676542
4,PSO,147,1335.79655379958,422.590921207896,913.205632591687,1758.38747500748
4,PSO,148,1335.47541251545,422.52394249287,912.951470022585,1757.99935500832
4,PSO,149,1334.91205239738,422.458077728757,912.453974668625,1757.37013012614
4,PSO,150,1334.59392330246,422.517483850563,912.076439451895,1757.11140715302
4,PSO,151,1333.97053920287,422.357675991849,911.612863211021,1756.32821519472
4,PSO,152,1332.98126213917,422.751022803863,910.230239335312,1755.73228494304
4,PSO,153,1332.68692039275,422.756261696142,909.930658696605,1755.44318208889
4,PSO,154,1332.13720030007,422.903900590984,909.233299709081,1755.04110089105
4,PSO,155,1331.9361482988,422.694599815167,909.241548483633,1754.63074811397
4,PSO,156,1331.64010114035,422.909705474484,908.730395665864,1754.54980661483
4,PSO,157,1331.21734442495,423.184609062303,908.032735362644,1754.40195348725
4,PSO,158,1330.82977605234,423.448117712508,907.381658339833,1754.27789376485
4,PSO,159,1330.4264912983,423.558858685218,906.867632613079,1753.98534998351
4,PSO,160,1330.24221451924,423.576171833797,906.666042685443,1753.81838635304
4,PSO,161,1329.83995904775,423.47292035123,906.367038696515,1753.31287939898
4,PSO,162,1329.63543627669,423.472204608179,906.163231668509,1753.10764088487
4,PSO,163,1329.41147618653,423.432041703012,905.979434483518,1752.84351788954
4,PSO,164,1328.91615837401,423.712805677116,905.203352696891,1752.62896405112
4,PSO,165,1328.61011466251,423.619540855117,904.990573807391,1752.22965551763
4,PSO,166,1328.07016824716,423.984491896064,904.085676351097,1752.05466014322
4,PSO,167,1327.90310909253,424.099848776767,903.803260315767,1752.0029578693
4,PSO,168,1327.37769431615,424.253671858997,903.12402245715,1751.63136617514
4,PSO,169,1327.30099705611,424.266429206523,903.034567849585,1751.56742626263
4,PSO,170,1327.0962144501,424.41188532439,902.684329125713,1751.50809977449
4,PSO,171,1327.00851593888,424.306621033701,902.701894905184,1751.31513697259
4,PSO,172,1326.73166451108,424.141287774049,902.590376737031,1750.87295228513
4,PSO,173,1326.44354253937,424.12297686025,902.320565679124,1750.56651939962
4,PSO,174,1326.30448928559,424.083493197418,902.220996088169,1750.387982483
4,PSO,175,1326.16958784727,424.059523754667,902.110064092605,1750.22911160194
4,PSO,176,1326.01562633416,424.11971838562,901.895907948544,1750.13534471978
4,PSO,177,1325.85326128548,424.18530662487,901.667954660605,1750.03856791034
4,PSO,178,1325.54806185788,424.4329993122,901.115062545683,1749.98106117008
4,PSO,179,1325.18301397409,424.650288621284,900.532725352806,1749.83330259537
4,PSO,180,1323.97362331688,425.535654396492,898.437968920385,1749.50927771337
4,PSO,181,1323.02500761046,426.402189197988,896.622818412474,1749.42719680845
4,PSO,182,1322.38296936742,426.783583376978,895.599385990443,1749.1665527444
4,PSO,183,1321.90377762335,426.910003324779,894.993774298568,1748.81378094813
4,PSO,184,1321.81686331813,426.944956808453,894.871906509674,1748.76182012658
4,PSO,185,1321.61445586213,426.866311503034,894.748144359092,1748.48076736516
4,PSO,186,1321.42206097008,426.846160501159,894.575900468926,1748.26822147124
4,PSO,187,1321.26432784854,426.846180769803,894.418147078733,1748.11050861834
4,PSO,188,1321.02368679363,426.823613002664,894.200073790967,1747.8472997963
4,PSO,189,1320.72517377145,426.913927241662,893.811246529785,1747.63910101311
4,PSO,190,1320.23521341712,427.396704387674,892.838509029442,1747.63191780479
4,PSO,191,1320.07414534214,427.43114155367,892.643003788474,1747.50528689581
4,PSO,192,1319.80523447599,427.582435840887,892.222798635101,1747.38767031687
4,PSO,193,1319.74097166473,427.539742482897,892.201229181834,1747.28071414763
4,PSO,194,1319.48039402821,427.607472883082,891.872921145125,1747.08786691129
4,PSO,195,1319.35717288925,427.39328074173,891.96389214752,1746.75045363098
4,PSO,196,1319.26132628851,427.428300808522,891.83302547999,1746.68962709703
4,PSO,197,1318.97038462503,427.450323680364,891.520060944668,1746.4207083054
4,PSO,198,1318.77007577326,427.594629306882,891.175446466379,1746.36470508014
4,PSO,199,1318.70861884926,427.627247907849,891.081370941414,1746.33586675711
4,PSO,200,1318.63199340874,427.641602574778,890.99039083396,1746.27359598352
4,PSO,201,1318.39382613811,427.698094401356,890.695731736751,1746.09192053946
4,PSO,202,1318.17844530977,427.711964228319,890.46648108145,1745.89040953809
4,PSO,203,1317.88370889459,427.802075115173,890.081633779419,1745.68578400977
4,PSO,204,1317.7289237625,427.835473101292,889.893450661206,1745.56439686379
4,PSO,205,1317.53548516251,427.943408200162,889.59207696235,1745.47889336267
4,PSO,206,1317.47443708063,427.94772057126,889.526716509373,1745.42215765189
4,PSO,207,1317.30777130456,427.925281426,889.382489878559,1745.23305273056
4,PSO,208,1317.12035466037,427.840951394429,889.279403265944,1744.9613060548
4,PSO,209,1316.93708239845,427.915163158366,889.021919240084,1744.85224555682
4,PSO,210,1316.79126453982,427.809662844358,888.981601695464,1744.60092738418
4,PSO,211,1316.71008580927,427.830220296923,888.879865512345,1744.54030610619
4,PSO,212,1316.56335070398,427.817287250312,888.746063453664,1744.38063795429
4,PSO,213,1316.48505210936,427.80066953297,888.684382576393,1744.28572164233
4,PSO,214,1316.26985005602,427.818267755163,888.451582300861,1744.08811781119
4,PSO,215,1316.06040618496,427.778210027,888.28219615796,1743.83861621196
4,PSO,216,1315.83821763073,427.818622055004,888.019595575721,1743.65683968573
4,PSO,217,1315.75278017548,427.861417863877,887.891362311604,1743.61419803936
4,PSO,218,1315.61890580892,427.882460639141,887.736445169775,1743.50136644806
4,PSO,219,1315.55465964342,427.889252535663,887.665407107757,1743.44391217908
4,PSO,220,1315.48214064683,427.876250352761,887.605890294072,1743.35839099959
4,PSO,221,1315.41536934369,427.887801112053,887.527568231637,1743.30317045574
4,PSO,222,1315.27613513148,427.819308368259,887.456826763218,1743.09544349974
4,PSO,223,1315.18507894511,427.808130761493,887.376948183618,1742.9932097066
4,PSO,224,1314.87534324171,427.891341840554,886.984001401155,1742.76668508226
4,PSO,225,1314.67753921086,427.644823672305,887.032715538556,1742.32236288317
4,PSO,226,1314.55112366614,427.49803352629,887.053090139854,1742.04915719243
4,PSO,227,1314.48766262144,427.48462369831,887.003038923126,1741.97228631975
4,PSO,228,1314.444600886,427.487682970762,886.956917915239,1741.93228385676
4,PSO,229,1314.36861322034,427.50635824866,886.862254971679,1741.874971469
4,PSO,230,1314.30053626299,427.519436811304,886.781099451689,1741.8199730743
4,PSO,231,1314.11217552357,427.579546028784,886.532629494783,1741.69172155235
4,PSO,232,1313.91257546016,427.63632217984,886.276253280316,1741.54889764
4,PSO,233,1313.70541140448,427.693870365651,886.011541038832,1741.39928177013
4,PSO,234,1313.55233418118,427.71495732985,885.837376851332,1741.26729151103
4,PSO,235,1313.28946152993,427.711041371574,885.578420158358,1741.00050290151
4,PSO,236,1313.1849810991,427.708582078339,885.476399020765,1740.89356317744
4,PSO,237,1313.07270358902,427.763971490687,885.308732098334,1740.83667507971
4,PSO,238,1312.92399944311,427.75555825715,885.168441185959,1740.67955770026
4,PSO,239,1312.81433250379,427.807084905726,885.007247598063,1740.62141740951
4,PSO,240,1312.66176662844,427.883491404574,884.778275223869,1740.54525803302
4,PSO,241,1312.63386648398,427.876512497885,884.757353986091,1740.51037898186
4,PSO,242,1312.53153674299,427.861706343616,884.669830399378,1740.39324308661
4,PSO,243,1312.48617091067,427.82674070556,884.659430205106,1740.31291161623
4,PSO,244,1312.42005170924,427.811294845975,884.608756863263,1740.23134655521
4,PSO,245,1312.37243259647,427.823223731813,884.549208864658,1740.19565632828
4,PSO,246,1312.30168994176,427.84304842118,884.458641520584,1740.14473836294
4,PSO,247,1312.19290329665,427.897545812863,884.295357483785,1740.09044910951
4,PSO,248,1312.16358452484,427.894959459122,884.268625065718,1740.05854398396
4,PSO,249,1312.0199060784,427.97069507915,884.04921099925,1739.99060115755
4,PSO,250,1311.92498515346,428.042769640066,883.88221551339,1739.96775479352
4,PSO,251,1311.84470134284,428.03958689991,883.805114442925,1739.88428824275
4,PSO,252,1311.68886559054,428.046413674279,883.642451916264,1739.73527926482
4,PSO,253,1311.57370272786,428.062150557224,883.51155217064,1739.63585328509
4,PSO,254,1311.50092339039,428.055308532956,883.445614857437,1739.55623192335
4,PSO,255,1311.43677774933,428.047780411512,883.388997337818,1739.48455816084
4,PSO,256,1311.39044697437,428.042418551368,883.348028422999,1739.43286552574
4,PSO,257,1311.29229725872,427.990446567928,883.301850690791,1739.28274382665
4,PSO,258,1311.23815145254,427.994225332699,883.243926119838,1739.23237678524
4,PSO,259,1311.18916633921,427.993573217646,883.195593121564,1739.18273955686
4,PSO,260,1311.16164666935,427.981187590186,883.180459079165,1739.14283425954
4,PSO,261,1311.06704435317,427.887321662356,883.179722690812,1738.95436601552
4,PSO,262,1310.96133504398,427.833855872025,883.12747917196,1738.79519091601
4,PSO,263,1310.81715667233,427.811888818782,883.005267853545,1738.62904549111
4,PSO,264,1310.71065417582,427.852134141934,882.858520033888,1738.56278831776
4,PSO,265,1310.63484489285,427.892363402105,882.742481490743,1738.52720829495
4,PSO,266,1310.54348869699,427.937079129029,882.606409567957,1738.48056782601
4,PSO,267,1310.4723329987,427.933302467927,882.539030530773,1738.40563546663
4,PSO,268,1310.3740755672,427.906514702794,882.467560864407,1738.28059027
4,PSO,269,1310.33810025084,427.907103342341,882.430996908497,1738.24520359318
4,PSO,270,1310.29943861681,427.890458641494,882.408979975316,1738.1898972583
4,PSO,271,1310.27192815869,427.871880780491,882.400047378198,1738.14380893918
4,PSO,272,1310.2396930922,427.882001946375,882.357691145828,1738.12169503858
4,PSO,273,1310.19014826224,427.91252367475,882.277624587487,1738.10267193699
4,PSO,274,1310.10734419782,427.938135761994,882.169208435828,1738.04547995982
4,PSO,275,1310.02638888245,427.946277420381,882.080111462071,1737.97266630283
4,PSO,276,1309.95674191811,427.970867874868,881.985874043247,1737.92760979298
4,PSO,277,1309.93445080768,427.958304640076,881.976146167606,1737.89275544776
4,PSO,278,1309.90037788247,427.931184431131,881.96919345134,1737.8315623136
4,PSO,279,1309.83309425714,427.93670608454,881.896388172598,1737.76980034168
4,PSO,280,1299.28538478193,391.170711532109,908.114673249817,1690.45609631404
4,PSO,281,1299.20037617995,391.173487020951,908.026889159003,1690.3738632009
4,PSO,282,1299.17567855385,391.170031116939,908.005647436914,1690.34570967079
4,PSO,283,1299.09807612674,391.14136721322,907.956708913516,1690.23944333996
4,PSO,284,1299.06823222029,391.152612561786,907.915619658507,1690.22084478208
4,PSO,285,1299.05197958672,391.15438417259,907.897595414133,1690.20636375931
4,PSO,286,1298.58119332663,389.717969260025,908.8632240666,1688.29916258665
4,PSO,287,1298.56100192856,389.7236541319,908.837347796655,1688.28465606046
4,PSO,288,1298.52388509736,389.722555196437,908.80132990092,1688.24644029379
4,PSO,289,1298.48399059732,389.721384867479,908.76260572984,1688.2053754648
4,PSO,290,1298.2536741214,389.296568229014,908.957105892384,1687.55024235041
4,PSO,291,1298.23112949041,389.303863237044,908.927266253368,1687.53499272746
4,PSO,292,1297.57594652002,387.309358963035,910.26658755698,1684.88530548305
4,PSO,293,1297.52772110557,387.302266132501,910.225454973068,1684.82998723807
4,PSO,294,1297.39951156308,387.111056066871,910.288455496211,1684.51056762995
4,PSO,295,1297.30623167435,387.088895988969,910.21733568538,1684.39512766332
4,PSO,296,1295.76760360349,382.50449201861,913.263111584879,1678.2720956221
4,PSO,297,1295.59920718534,382.021647287162,913.577559898179,1677.6208544725
4,PSO,298,1295.58013149171,382.018760479067,913.561371012642,1677.59889197078
4,PSO,299,1295.53932397922,382.021882825128,913.51744115409,1677.56120680435
4,PSO,300,1295.45871625515,382.020606804982,913.438109450164,1677.47932306013
4,HHO,1,1996.84337241418,351.890660454831,1644.95271195935,2348.73403286901
4,HHO,2,1846.80765925506,326.701816403276,1520.10584285178,2173.50947565834
4,HHO,3,1787.22712117299,372.533898119977,1414.69322305302,2159.76101929297
4,HHO,4,1718.78891958271,348.025703885176,1370.76321569753,2066.81462346789
4,HHO,5,1678.75802532168,363.869788203107,1314.88823711857,2042.62781352479
4,HHO,6,1651.68311446071,349.740679216167,1301.94243524454,2001.42379367688
4,HHO,7,1621.88773371396,351.737234730564,1270.1504989834,1973.62496844453
4,HHO,8,1605.24735310391,349.594425399412,1255.6529277045,1954.84177850332
4,HHO,9,1594.16320990049,343.220857242143,1250.94235265835,1937.38406714263
4,HHO,10,1589.59604583637,338.888853702834,1250.70719213354,1928.48489953921
4,HHO,11,1584.27487245419,333.852782695597,1250.42208975859,1918.12765514978
4,HHO,12,1576.86413187949,328.434455991695,1248.4296758878,1905.29858787119
4,HHO,13,1553.48191270916,324.025490340755,1229.45642236841,1877.50740304992
4,HHO,14,1551.29908374573,323.914005986027,1227.3850777597,1875.21308973176
4,HHO,15,1550.15435346494,323.972115206973,1226.18223825797,1874.12646867192
4,HHO,16,1544.71712807351,321.356428311939,1223.36069976157,1866.07355638545
4,HHO,17,1544.42984173789,321.227981012432,1223.20186072545,1865.65782275032
4,HHO,18,1536.93449339825,319.340675454473,1217.59381794377,1856.27516885272
4,HHO,19,1536.55907479135,319.142744341442,1217.41633044991,1855.70181913279
4,HHO,20,1530.59222865714,317.423718288211,1213.16851036893,1848.01594694535
4,HHO,21,1529.65863794095,317.391830794707,1212.26680714625,1847.05046873566
4,HHO,22,1521.77002908562,319.010186633573,1202.75984245205,1840.78021571919
4,HHO,23,1520.69717967391,319.293055541172,1201.40412413273,1839.99023521508
4,HHO,24,1509.5762069329,330.508193886971,1179.06801304593,1840.08440081987
4,HHO,25,1490.20082328426,351.8208255318,1138.37999775246,1842.02164881606
4,HHO,26,1489.15973015016,351.907705915672,1137.25202423449,1841.06743606584
4,HHO,27,1488.38283881997,351.409591755077,1136.97324706489,1839.79243057505
4,HHO,28,1485.6872606914,352.627316371035,1133.05994432036,1838.31457706243
4,HHO,29,1469.24586019529,335.867529335791,1133.3783308595,1805.11338953108
4,HHO,30,1457.97712434647,330.644555316832,1127.33256902964,1788.6216796633
4,HHO,31,1449.41579363735,326.145684241071,1123.27010939628,1775.56147787842
4,HHO,32,1447.37411047952,326.86478651171,1120.50932396781,1774.23889699123
4,HHO,33,1445.76114629183,326.330214797505,1119.43093149432,1772.09136108933
4,HHO,34,1427.77042876567,344.654758380649,1083.11567038503,1772.42518714632
4,HHO,35,1427.3986986191,344.526853943265,1082.87184467583,1771.92555256236
4,HHO,36,1422.61784709639,355.770616868884,1066.84723022751,1778.38846396528
4,HHO,37,1421.29142490996,357.74576716463,1063.54565774533,1779.03719207459
4,HHO,38,1420.67447635645,358.911112096702,1061.76336425975,1779.58558845315
4,HHO,39,1418.59580506845,358.72972878685,1059.8660762816,1777.3255338553
4,HHO,40,1414.00463534529,356.82716040207,1057.17747494322,1770.83179574736
4,HHO,41,1413.29781860187,357.221166863662,1056.07665173821,1770.51898546553
4,HHO,42,1412.08793605875,357.469676680705,1054.61825937804,1769.55761273945
4,HHO,43,1411.52040439233,357.239689309531,1054.2807150828,1768.76009370186
4,HHO,44,1410.66050682636,357.015178353909,1053.64532847245,1767.67568518027
4,HHO,45,1410.46572843187,356.888014787684,1053.57771364418,1767.35374321955
4,HHO,46,1409.8523328358,356.595553238837,1053.25677959697,1766.44788607464
4,HHO,47,1409.54274284034,356.440983475788,1053.10175936455,1765.98372631612
4,HHO,48,1408.91512715523,356.358340480365,1052.55678667486,1765.27346763559
4,HHO,49,1407.99274126824,355.630550733964,1052.36219053427,1763.6232920022
4,HHO,50,1406.04264222131,354.446610906527,1051.59603131479,1760.48925312784
4,HHO,51,1385.63691562142,386.841182271334,998.795733350086,1772.47809789275
4,HHO,52,1384.75981032728,387.460750754618,997.299059572665,1772.2205610819
4,HHO,53,1384.49339443681,387.63870671169,996.85468772512,1772.1321011485
4,HHO,54,1384.07447490265,387.700236907056,996.374237995595,1771.77471180971
4,HHO,55,1383.91455249136,387.723020834185,996.191531657178,1771.63757332555
4,HHO,56,1383.77688537821,387.690852254567,996.086033123638,1771.46773763277
4,HHO,57,1383.63737915421,387.647154608765,995.990224545446,1771.28453376298
4,HHO,58,1382.45622415445,386.8691078638,995.58711629065,1769.32533201825
4,HHO,59,1382.29559395553,386.862524316008,995.433069639518,1769.15811827153
4,HHO,60,1380.97478100883,386.807913893261,994.166867115569,1767.78269490209
4,HHO,61,1380.71727691747,386.868528297561,993.848748619912,1767.58580521503
4,HHO,62,1378.96433752278,388.763593502255,990.200744020528,1767.72793102504
4,HHO,63,1375.61972991896,389.664387551913,985.955342367043,1765.28411747087
4,HHO,64,1375.07410759412,390.431114299016,984.642993295108,1765.50522189314
4,HHO,65,1374.69432784921,390.384299458641,984.310028390572,1765.07862730785
4,HHO,66,1374.19631018812,390.296991978736,983.899318209383,1764.49330216685
4,HHO,67,1373.87265099135,390.333762742644,983.538888248707,1764.206413734
4,HHO,68,1355.10546589522,395.347527959765,959.757937935459,1750.45299385499
4,HHO,69,1353.75781939884,396.203722005343,957.554097393495,1749.96154140418
4,HHO,70,1350.89771198645,394.549498730469,956.348213255976,1745.44721071691
4,HHO,71,1350.47328766341,394.521629066578,955.951658596827,1744.99491672998
4,HHO,72,1349.67957529988,394.519014423542,955.160560876341,1744.19858972343
4,HHO,73,1347.42303331912,394.463975814427,952.959057504689,1741.88700913354
4,HHO,74,1346.69506286402,394.168692328128,952.526370535891,1740.86375519215
4,HHO,75,1346.22433675182,394.225746262779,951.99859048904,1740.4500830146
4,HHO,76,1345.63832500133,393.965392093546,951.672932907787,1739.60371709488
4,HHO,77,1343.96903646503,396.184978044198,947.784058420833,1740.15401450923
4,HHO,78,1338.62559491384,402.334378008557,936.29121690528,1740.95997292239
4,HHO,79,1338.56635877331,402.300118781917,936.266239991392,1740.86647755523
4,HHO,80,1338.22943751532,402.540163370583,935.689274144735,1740.7696008859
4,HHO,81,1337.8415757182,403.063283469853,934.778292248344,1740.90485918805
4,HHO,82,1337.38663240849,403.453587705261,933.933044703232,1740.84022011375
4,HHO,83,1336.76586347814,404.640335801554,932.125527676586,1741.4061992797
4,HHO,84,1336.6258887006,404.606612445539,932.019276255062,1741.23250114614
4,HHO,85,1336.48258699647,404.603455032002,931.879131964466,1741.08604202847
4,HHO,86,1336.23807494499,404.527302936596,931.710772008391,1740.76537788158
4,HHO,87,1336.02790252934,404.421336923745,931.606565605593,1740.44923945308
4,HHO,88,1335.52198428362,404.661491818713,930.860492464907,1740.18347610233
4,HHO,89,1333.88908916747,405.080483693824,928.80860547365,1738.9695728613
4,HHO,90,1332.00857619615,404.29234762341,927.716228572736,1736.30092381956
4,HHO,91,1322.30603930856,409.903669245253,912.402370063312,1732.20970855382
4,HHO,92,1321.90177184044,409.719016299721,912.182755540721,1731.62078814016
4,HHO,93,1321.59832344484,409.66984649704,911.928476947795,1731.26816994188
4,HHO,94,1321.35628111737,409.588081730729,911.768199386639,1730.9443628481
4,HHO,95,1320.60007179497,410.083521963911,910.516549831064,1730.68359375889
4,HHO,96,1320.22179513877,409.844075711715,910.377719427053,1730.06587085048
4,HHO,97,1319.81147035937,409.804333898312,910.007136461058,1729.61580425768
4,HHO,98,1319.44095992344,409.910515126814,909.530444796624,1729.35147505025
4,HHO,99,1304.90754557104,428.820071894826,876.087473676217,1733.72761746587
4,HHO,100,1304.47470182545,429.326276227358,875.148425598091,1733.80097805281
4,HHO,101,1304.0326777994,429.753591838339,874.279085961065,1733.78626963774
4,HHO,102,1303.3763748282,429.432184114445,873.944190713756,1732.80855894265
4,HHO,103,1303.00139259085,429.943743928583,873.057648662269,1732.94513651944
4,HHO,104,1302.17132891543,430.184606924196,871.986721991235,1732.35593583963
4,HHO,105,1299.65849129277,430.889840473513,868.768650819258,1730.54833176628
4,HHO,106,1268.91299142363,440.234567757055,828.678423666572,1709.14755918068
4,HHO,107,1268.65856327749,440.28934915568,828.369214121814,1708.94791243317
4,HHO,108,1268.19004792414,440.778187276558,827.41186064758,1708.9682352007
4,HHO,109,1267.41937573407,441.333591657907,826.085784076162,1708.75296739198
4,HHO,110,1265.81909934202,441.157957935906,824.661141406115,1706.97705727793
4,HHO,111,1260.23441960718,449.11214223563,811.122277371553,1709.34656184281
4,HHO,112,1259.95732258661,449.459501538775,810.497821047831,1709.41682412538
4,HHO,113,1259.05802969691,449.288346614387,809.769683082525,1708.3463763113
4,HHO,114,1258.50038690476,449.424013126002,809.076373778755,1707.92440003076
4,HHO,115,1257.83073264644,449.143667284512,808.687065361931,1706.97439993095
4,HHO,116,1257.47167797493,449.134506309288,808.337171665643,1706.60618428422
4,HHO,117,1257.24583912456,449.027304631988,808.21853449257,1706.27314375655
4,HHO,118,1256.5145507357,448.591089348527,807.923461387175,1705.10564008423
4,HHO,119,1255.73429291266,448.102763465579,807.631529447079,1703.83705637824
4,HHO,120,1255.40514322936,447.975310207047,807.429833022318,1703.38045343641
4,HHO,121,1255.084716849,447.932306821346,807.152410027652,1703.01702367034
4,HHO,122,1253.66062771688,449.456736689439,804.20389102744,1703.11736440632
4,HHO,123,1253.49895387922,449.549224174654,803.94972970457,1703.04817805388
4,HHO,124,1253.33697341952,449.507343028481,803.829630391036,1702.844316448
4,HHO,125,1253.03503223357,449.551922724749,803.483109508818,1702.58695495832
4,HHO,126,1252.91065696568,449.56010431177,803.35055265391,1702.47076127745
4,HHO,127,1251.05549308585,449.898071370255,801.157421715595,1700.95356445611
4,HHO,128,1250.54840834334,449.798904842602,800.749503500741,1700.34731318594
4,HHO,129,1250.31193883049,449.757959375988,800.553979454502,1700.06989820648
4,HHO,130,1250.22871961471,449.725617366655,800.503102248059,1699.95433698137
4,HHO,131,1249.92375192539,449.638206989412,800.285544935982,1699.5619589148
4,HHO,132,1249.86352622986,449.653807780389,800.209718449473,1699.51733401025
4,HHO,133,1248.97812621773,449.300005594475,799.678120623259,1698.27813181221
4,HHO,134,1248.76297718583,449.236603974496,799.526373211339,1697.99958116033
4,HHO,135,1248.49430692794,449.114247743209,799.380059184726,1697.60855467114
4,HHO,136,1247.93544021168,448.880147053902,799.055293157774,1696.81558726558
4,HHO,137,1245.20931176987,447.902676699943,797.306635069925,1693.11198846981
4,HHO,138,1244.85614771412,448.114358909353,796.74178880477,1692.97050662348
4,HHO,139,1243.77473058543,448.596059704057,795.178670881371,1692.37079028948
4,HHO,140,1243.37688155764,448.608524513421,794.768357044214,1691.98540607106
4,HHO,141,1242.94022227446,449.119580362636,793.820641911829,1692.0598026371
4,HHO,142,1242.03525968663,448.807233065813,793.228026620814,1690.84249275244
4,HHO,143,1240.90460366871,448.317218365095,792.587385303614,1689.2218220338
4,HHO,144,1240.27279191979,447.971359583406,792.301432336385,1688.2441515032
4,HHO,145,1235.32290222054,446.68475883793,788.638143382611,1682.00766105847
4,HHO,146,1234.88052268785,446.411604609548,788.468918078298,1681.29212729739
4,HHO,147,1234.1504130271,446.075927230481,788.074485796622,1680.22634025758
4,HHO,148,1232.82687307752,445.799052518195,787.027820559322,1678.62592559571
4,HHO,149,1215.75565230774,441.954264951089,773.801387356649,1657.70991725883
4,HHO,150,1203.5870905938,447.579727951412,756.007362642392,1651.16681854522
4,HHO,151,1202.93552451364,447.425271567576,755.510252946067,1650.36079608122
4,HHO,152,1202.37251943953,447.699899364486,754.672620075039,1650.07241880401
4,HHO,153,1202.16722014168,447.769411214284,754.397808927394,1649.93663135596
4,HHO,154,1201.74843475232,447.608175968236,754.14025878408,1649.35661072055
4,HHO,155,1200.31771043593,448.183023001825,752.134687434106,1648.50073343776
4,HHO,156,1200.02979748474,448.409565976083,751.620231508661,1648.43936346083
4,HHO,157,1199.70759712295,448.60482040735,751.102776715596,1648.3124175303
4,HHO,158,1199.5180702932,448.590960264136,750.927110029065,1648.10903055734
4,HHO,159,1198.85027385366,448.467701004426,750.382572849231,1647.31797485808
4,HHO,160,1198.51434794549,448.523368578492,749.990979366996,1647.03771652398
4,HHO,161,1198.23916132246,448.466459257459,749.772702065003,1646.70562057992
4,HHO,162,1195.81813311449,447.429872571916,748.388260542576,1643.24800568641
4,HHO,163,1195.62430478561,447.551524133989,748.072780651623,1643.1758289196
4,HHO,164,1190.36152729195,445.976973484419,744.384553807533,1636.33850077637
4,HHO,165,1189.83437307048,445.811354151435,744.023018919041,1635.64572722191
4,HHO,166,1189.62003337117,445.897725474661,743.722307896504,1635.51775884583
4,HHO,167,1189.26108740226,446.202072443901,743.059014958364,1635.46315984617
4,HHO,168,1188.96151803471,446.362029152179,742.599488882532,1635.32354718689
4,HHO,169,1180.41556428593,455.195916851593,725.219647434335,1635.61148113752
4,HHO,170,1180.0460480454,455.543906225413,724.502141819984,1635.58995427081
4,HHO,171,1174.77018944836,461.842549742038,712.927639706318,1636.61273919039
4,HHO,172,1174.64343638626,461.854155602668,712.789280783596,1636.49759198893
4,HHO,173,1174.04854985144,461.751598092725,712.296951758718,1635.80014794417
4,HHO,174,1173.24015135923,462.052464601332,711.187686757901,1635.29261596057
4,HHO,175,1172.92332776715,462.085836380555,710.837491386596,1635.00916414771
4,HHO,176,1172.56223315747,462.346107566325,710.216125591142,1634.90834072379
4,HHO,177,1172.39148897438,462.272241595607,710.11924737877,1634.66373056998
4,HHO,178,1171.86824913075,462.821309065435,709.046940065312,1634.68955819618
4,HHO,179,1171.49884438065,462.751779097879,708.747065282769,1634.25062347853
4,HHO,180,1171.03175556758,462.417616115815,708.614139451769,1633.4493716834
4,HHO,181,1170.54787055478,462.5714440334,707.976426521377,1633.11931458818
4,HHO,182,1169.66334759067,463.107340226943,706.556007363731,1632.77068781762
4,HHO,183,1169.19391728854,463.439503059132,705.754414229404,1632.63342034767
4,HHO,184,1168.99399452184,463.455270776761,705.538723745083,1632.4492652986
4,HHO,185,1168.86534765736,463.454779412087,705.410568245275,1632.32012706945
4,HHO,186,1168.60035634668,463.283583361293,705.31677298539,1631.88393970798
4,HHO,187,1167.64479142766,462.95418516791,704.69060625975,1630.59897659557
4,HHO,188,1154.74276507452,462.585336687951,692.157428386564,1617.32810176247
4,HHO,189,1154.19217717272,462.423173353994,691.769003818722,1616.61535052671
4,HHO,190,1153.26219470955,462.721141483729,690.541053225818,1615.98333619328
4,HHO,191,1152.76350870207,462.871116190537,689.892392511533,1615.63462489261
4,HHO,192,1151.87157368285,463.137817312259,688.733756370589,1615.00939099511
4,HHO,193,1151.22560930887,463.666292199105,687.559317109764,1614.89190150797
4,HHO,194,1150.62715509209,463.537810451694,687.089344640396,1614.16496554378
4,HHO,195,1150.12404344443,463.437670927399,686.686372517028,1613.56171437183
4,HHO,196,1149.46334782034,464.141673868865,685.321673951476,1613.60502168921
4,HHO,197,1148.96642349772,464.27558156314,684.690841934584,1613.24200506086
4,HHO,198,1147.71270492811,464.088889509076,683.623815419038,1611.80159443719
4,HHO,199,1145.6384124417,463.933052634559,681.705359807138,1609.57146507626
4,HHO,200,1139.88667044733,469.015303369367,670.871367077961,1608.9019738167
4,HHO,201,1139.21429117323,469.367592804502,669.846698368733,1608.58188397774
4,HHO,202,1138.73357624804,469.328467518752,669.40510872929,1608.06204376679
4,HHO,203,1138.42305520232,469.48264140583,668.940413796494,1607.90569660815
4,HHO,204,1137.90023919257,469.271054493839,668.629184698728,1607.17129368641
4,HHO,205,1137.65902330898,469.261004736888,668.398018572087,1606.92002804586
4,HHO,206,1137.41380008979,469.344796394411,668.06900369538,1606.7585964842
4,HHO,207,1137.10145298718,469.299481439144,667.801971548035,1606.40093442632
4,HHO,208,1136.53244586269,468.91063735306,667.621808509629,1605.44308321575
4,HHO,209,1136.15148822422,469.051941243084,667.099546981134,1605.2034294673
4,HHO,210,1135.58221663203,469.09325156766,666.488965064374,1604.67546819969
4,HHO,211,1134.75201086852,468.867802921017,665.8842079475,1603.61981378953
4,HHO,212,1134.50905509854,468.809044510556,665.700010587984,1603.3180996091
4,HHO,213,1134.38187104774,468.764807270712,665.617063777025,1603.14667831845
4,HHO,214,1134.20211219732,468.65869688022,665.543415317096,1602.86080907754
4,HHO,215,1133.37958808531,468.603472150761,664.776115934553,1601.98306023608
4,HHO,216,1132.87068738024,469.01789566476,663.852791715479,1601.888583045
4,HHO,217,1132.4698491376,469.038336888049,663.43151224955,1601.50818602565
4,HHO,218,1131.66415545121,468.865166143698,662.798989307517,1600.52932159491
4,HHO,219,1130.66882950521,469.075396400754,661.593433104458,1599.74422590596
4,HHO,220,1129.82713681202,469.063876179597,660.763260632425,1598.89101299162
4,HHO,221,1129.39154775492,469.070376547229,660.321171207693,1598.46192430215
4,HHO,222,1128.87044899562,469.165085351705,659.70536364392,1598.03553434733
4,HHO,223,1128.10702841589,469.335593906689,658.771434509197,1597.44262232257
4,HHO,224,1127.68732254234,469.332748063158,658.354574479178,1597.02007060549
4,HHO,225,1127.46241644554,469.339261422657,658.123155022885,1596.8016778682
4,HHO,226,1111.36376113157,464.626822389286,646.736938742282,1575.99058352086
4,HHO,227,1105.44277584492,466.667221710746,638.77555413417,1572.10999755566
4,HHO,228,1104.92556092427,466.79445282594,638.131108098328,1571.72001375021
4,HHO,229,1103.9615272164,466.448099805247,637.513427411155,1570.40962702165
4,HHO,230,1097.38396076213,464.103508363623,633.280452398505,1561.48746912575
4,HHO,231,1092.16263855327,464.016316887072,628.146321666194,1556.17895544034
4,HHO,232,1091.88008663917,464.052522931361,627.827563707809,1555.93260957053
4,HHO,233,1088.37380480479,461.59244500718,626.78135979761,1549.96624981197
4,HHO,234,1088.13094943509,461.712945140647,626.418004294443,1549.84389457574
4,HHO,235,1087.63746518177,461.878212660002,625.759252521763,1549.51567784177
4,HHO,236,1087.28912387877,461.934409445599,625.354714433174,1549.22353332437
4,HHO,237,1085.79801252122,462.778740440023,623.019272081201,1548.57675296125
4,HHO,238,1085.34677539234,462.727131137296,622.619644255049,1548.07390652964
4,HHO,239,1084.8911056605,462.362080473932,622.529025186567,1547.25318613443
4,HHO,240,1083.83810925774,462.954908842095,620.88320041565,1546.79301809984
4,HHO,241,1082.41236134997,462.632166416153,619.780194933814,1545.04452776612
4,HHO,242,1080.73445008799,462.388538377442,618.345911710548,1543.12298846543
4,HHO,243,1080.13668414179,462.501833471197,617.63485067059,1542.63851761298
4,HHO,244,1079.38584971319,462.7652171568,616.620632556386,1542.15106686999
4,HHO,245,1078.59525469185,463.086814556427,615.508440135423,1541.68206924828
4,HHO,246,1078.08786316889,463.357028121333,614.730835047556,1541.44489129022
4,HHO,247,1077.40548051079,463.227944846171,614.177535664617,1540.63342535696
4,HHO,248,1076.7832778353,463.096913493686,613.686364341612,1539.88019132898
4,HHO,249,1076.54593923828,463.091757147451,613.45418209083,1539.63769638573
4,HHO,250,1075.90105123375,463.11257471545,612.788476518297,1539.0136259492
4,HHO,251,1075.0792809945,463.000594465351,612.078686529154,1538.07987545986
4,HHO,252,1074.29084752534,462.875230298791,611.415617226547,1537.16607782413
4,HHO,253,1073.39589493414,462.967383242396,610.428511691746,1536.36327817654
4,HHO,254,1072.89602284055,463.079456974581,609.816565865972,1535.97547981513
4,HHO,255,1072.70256650848,463.105449706442,609.597116802039,1535.80801621492
4,HHO,256,1071.91559820665,463.544627742708,608.370970463944,1535.46022594936
4,HHO,257,1071.06307752915,463.580522184183,607.482555344971,1534.64359971334
4,HHO,258,1046.83160781511,455.987812981641,590.843794833465,1502.81942079675
4,HHO,259,1036.5606223402,463.842457102789,572.718165237409,1500.40307944299
4,HHO,260,1035.81477751934,463.858069672193,571.956707847146,1499.67284719153
4,HHO,261,1035.09781750716,464.29024691618,570.807570590984,1499.38806442334
4,HHO,262,1030.49939803109,469.571183271443,560.928214759648,1500.07058130253
4,HHO,263,1029.86848938666,469.899918762303,559.968570624357,1499.76840814896
4,HHO,264,1024.50809347725,473.087631724228,551.42046175302,1497.59572520148
4,HHO,265,1015.26244963057,466.272878496301,548.989571134265,1481.53532812687
4,HHO,266,993.81039180076,469.728741023521,524.081650777239,1463.53913282428
4,HHO,267,993.484030829111,469.925728957704,523.558301871408,1463.40975978681
4,HHO,268,992.650342796778,469.527902364192,523.122440432586,1462.17824516097
4,HHO,269,992.302922080135,469.375389946282,522.927532133853,1461.67831202642
4,HHO,270,991.930704707188,469.539742082771,522.390962624417,1461.47044678996
4,HHO,271,991.562765586823,469.791285357695,521.771480229128,1461.35405094452
4,HHO,272,990.71031387907,470.096182973978,520.614130905091,1460.80649685305
4,HHO,273,990.209358197694,470.225689682698,519.983668514996,1460.43504788039
4,HHO,274,984.626308204884,473.916073897425,510.710234307459,1458.54238210231
4,HHO,275,983.6396006282,473.660065538196,509.979535090004,1457.2996661664
4,HHO,276,983.385948543388,473.669223041565,509.716725501823,1457.05517158495
4,HHO,277,983.034718322508,473.922773008215,509.111945314293,1456.95749133072
4,HHO,278,982.160184471981,473.906622589172,508.253561882809,1456.06680706115
4,HHO,279,966.429799255561,463.766696650088,502.663102605473,1430.19649590565
4,HHO,280,941.237493111483,454.643932166173,486.59356094531,1395.88142527766
4,HHO,281,935.514433530012,456.163980309424,479.350453220588,1391.67841383944
4,HHO,282,934.531215994613,456.734964292281,477.796251702332,1391.26618028689
4,HHO,283,928.549690683403,457.851363153712,470.698327529691,1386.40105383712
4,HHO,284,928.035974566686,457.82030213819,470.215672428496,1385.85627670488
4,HHO,285,926.990606754245,457.913899961819,469.076706792426,1384.90450671606
4,HHO,286,926.756714311614,457.918684129591,468.838030182023,1384.67539844121
4,HHO,287,920.087408547552,461.745905202964,458.341503344588,1381.83331375052
4,HHO,288,914.63638730581,465.043073379634,449.593313926176,1379.67946068544
4,HHO,289,913.6767151917,465.035816589685,448.640898602015,1378.71253178138
4,HHO,290,909.300298522188,463.489154493045,445.811144029143,1372.78945301523
4,HHO,291,909.200127638239,463.537136133884,445.662991504355,1372.73726377212
4,HHO,292,908.64628518509,463.317658028418,445.328627156672,1371.96394321351
4,HHO,293,908.140019654641,463.408942453251,444.73107720139,1371.54896210789
4,HHO,294,908.025076278703,463.454777176087,444.570299102615,1371.47985345479
4,HHO,295,902.731893026304,468.789678572535,433.942214453769,1371.52157159884
4,HHO,296,901.876663231046,468.930275536122,432.946387694924,1370.80693876717
4,HHO,297,900.805126260839,469.0204923289,431.784633931939,1369.82561858974
4,HHO,298,898.887943484267,469.361750481308,429.526193002959,1368.24969396558
4,HHO,299,898.343987970181,469.467061570051,428.87692640013,1367.81104954023
4,HHO,300,898.343987970181,469.467061570051,428.87692640013,1367.81104954023
