Scene,Algorithm,RunFile,BestFitness,Feasible,Violation,MeanZ,MaxZ,MinZ,StdZ,HighThreshold,HighAltitudeFrac,VeryHighThreshold,VeryHighAltitudeFrac,PathLength,DetourRatio,BoundaryBand,MinBoundaryDist,MeanBoundaryDist,BoundaryHugFrac,ControlPointBoundaryHugFrac,NumControlPoints,HighAltitudeFlag,BoundaryHugFlag,ExcessiveDetourFlag,ControlPointEdgeFlag,VisualReviewFlag
1,CVF-AE,scene1_CVF-AE_run001.mat,296.574506923489,1,0,12.5673909027883,18,11.2491987576263,1.34029369042236,24,0,32,0,135.030421957542,1.0597223733718,8,7.70030954510027,22.1699846184361,0.0050251256281407,0.166666666666667,8,0,0,0,0,0
1,CVF-AE,scene1_CVF-AE_run002.mat,298.506821389739,1,0,12.6264306016632,18,11.3228381062542,1.2131162843756,24,0,32,0,134.494440844024,1.05551597921658,8,8.67041047712118,23.184447952538,0,0,8,0,0,0,0,0
1,CVF-AE,scene1_CVF-AE_run003.mat,295.996239136792,1,0,13.1120053883938,18,11.353240590783,1.39581924463479,24,0,32,0,134.674186202829,1.0569266256137,8,8.22999075129617,24.1351940932968,0,0,8,0,0,0,0,0
1,CVF-AE,scene1_CVF-AE_run004.mat,294.442362642541,1,0,12.7008395988279,18,11.2833627497279,1.66418572170919,24,0,32,0,135.273428978025,1.0616294989866,8,6.83742672955357,22.819113702246,0.0452261306532663,0.333333333333333,8,0,0,0,0,0
1,CVF-AE,scene1_CVF-AE_run005.mat,301.257025247525,1,0,14.0056278469234,18,12,1.17968361994201,24,0,32,0,135.164832449041,1.06077723051431,8,8.49543351448743,22.9074168865356,0,0,8,0,0,0,0,0
1,CVF-AE,scene1_CVF-AE_run006.mat,302.668740879568,1,0,14.368740621235,18,12,0.858680538899691,24,0,32,0,136.843524668839,1.07395165208195,8,7.06383834329636,21.6161072880801,0.0251256281407035,0.166666666666667,8,0,0,0,0,0
1,CVF-AE,scene1_CVF-AE_run007.mat,298.652379481839,1,0,12.790493731434,18,11.6344968412382,1.30588008246757,24,0,32,0,137.342953193831,1.077871180542,8,6.55584878785098,21.1143804943346,0.0251256281407035,0.166666666666667,8,0,0,0,0,0
1,CVF-AE,scene1_CVF-AE_run008.mat,301.265288020359,1,0,13.8078334726436,18,12,1.28673312649092,24,0,32,0,134.848562980938,1.05829513924552,8,7.26831594342988,23.7081999311366,0.0150753768844221,0.166666666666667,8,0,0,0,0,0
1,CVF-AE,scene1_CVF-AE_run009.mat,300.047950753167,1,0,14.0485922129498,18,12,1.24900598966669,24,0,32,0,135.167976265427,1.06080190326963,8,7.55408823646074,22.3020036034899,0.0150753768844221,0,8,0,0,0,0,0
1,CVF-AE,scene1_CVF-AE_run010.mat,291.998598328339,1,0,12.282852490016,18,11.5651133330287,1.02074782060156,24,0,32,0,136.269495484697,1.06944665564793,8,11.2161145635731,23.3227047154238,0,0,8,0,0,0,0,0
1,CVF-AE,scene1_CVF-AE_run011.mat,300.345445259373,1,0,14.5140842110453,18,12,1.32245227032037,24,0,32,0,135.723486015868,1.06516155869123,8,7.9697776929026,22.5415937763991,0.0050251256281407,0,8,0,0,0,0,0
1,CVF-AE,scene1_CVF-AE_run012.mat,297.064635664865,1,0,12.126936786139,18,10.2819997891933,1.51048097908739,24,0,32,0,136.702091513675,1.07284168088664,8,4.24056073046926,21.2702557982081,0.085427135678392,0.166666666666667,8,0,0,0,0,0
1,CVF-AE,scene1_CVF-AE_run013.mat,297.279107194127,1,0,12.3062297682037,18,10.3297153488745,2.06897349372393,24,0,32,0,136.899968936976,1.07439462821226,8,8.59543315628036,24.3779566840124,0,0,8,0,0,0,0,0
1,CVF-AE,scene1_CVF-AE_run014.mat,296.134087898947,1,0,12.8848059788308,18,11.0898010355043,1.47244828592211,24,0,32,0,134.718459810765,1.05727408607631,8,5.93444015470047,21.8192566888593,0.0603015075376884,0.166666666666667,8,0,0,0,0,0
1,CVF-AE,scene1_CVF-AE_run015.mat,300.563633363141,1,0,12.9485041239592,18.0435456918046,10.8034572977188,1.82561572155139,24,0,32,0,137.563420234261,1.07960141178876,8,4.54884061175089,21.7051611472226,0.0804020100502513,0.166666666666667,8,0,0,0,0,0
1,CVF-AE,scene1_CVF-AE_run016.mat,301.38890554116,1,0,14.0428472461694,18.0011953558698,12,1.53986477638436,24,0,32,0,136.000397217063,1.06733476522566,8,9.29361889392513,23.7073235936568,0,0,8,0,0,0,0,0
1,CVF-AE,scene1_CVF-AE_run017.mat,300.457491865061,1,0,13.6555863173292,18,12,1.19236413480617,24,0,32,0,138.278531501948,1.08521362419861,8,6.33546241041158,21.6661859679813,0.0351758793969849,0.166666666666667,8,0,0,0,0,0
1,CVF-AE,scene1_CVF-AE_run018.mat,296.887568494884,1,0,12.94560044604,18,12,0.902141762675609,24,0,32,0,137.334870164959,1.0778077447146,8,8.62663753571928,23.7078804185713,0,0,8,0,0,0,0,0
1,CVF-AE,scene1_CVF-AE_run019.mat,297.548644241493,1,0,13.4732367095422,18,11.8006679959963,1.50575717563852,24,0,32,0,135.980601272149,1.067179406119,8,8.63814622437296,24.0006689271904,0,0,8,0,0,0,0,0
1,CVF-AE,scene1_CVF-AE_run020.mat,299.240913426943,1,0,13.2758842201067,18,11.3858621660814,1.52285253044283,24,0,32,0,135.203774511442,1.06108284886456,8,7.86456685171588,21.1476436576099,0.0050251256281407,0.166666666666667,8,0,0,0,0,0
1,CVF-AE,scene1_CVF-AE_run021.mat,296.797772447259,1,0,12.7261983044771,18,9.98588389307371,1.91538700515685,24,0,32,0,135.576891145343,1.06401107821532,8,7.73660737365391,23.0069639346765,0.0050251256281407,0,8,0,0,0,0,0
1,CVF-AE,scene1_CVF-AE_run022.mat,301.094434082525,1,0,13.7803511196453,18,12,1.23606251271518,24,0,32,0,134.671683364465,1.05690698327108,8,8.40930183259215,21.9710668121472,0,0,8,0,0,0,0,0
1,CVF-AE,scene1_CVF-AE_run023.mat,290.880057926434,1,0,12.0011606691119,18,9.84182676630775,1.86105028252387,24,0,32,0,135.00276698986,1.05950533644366,8,7.25501034880558,22.1083776169926,0.0201005025125628,0,8,0,0,0,0,0
1,CVF-AE,scene1_CVF-AE_run024.mat,296.080773701898,1,0,13.7061917419959,18,11.9521917089234,1.74290993971576,24,0,32,0,134.980257879509,1.05932868434188,8,7.75777546644886,22.7627860187974,0.0050251256281407,0,8,0,0,0,0,0
1,CVF-AE,scene1_CVF-AE_run025.mat,297.020170645782,1,0,13.4553787793226,18,11.6957258999541,1.55219922975222,24,0,32,0,137.024040524711,1.07536834536072,8,7.47905048539826,21.2329086257637,0.0201005025125628,0,8,0,0,0,0,0
1,CVF-AE,scene1_CVF-AE_run026.mat,296.106625570864,1,0,12.2728959610277,18,10.9309211282089,1.94698516666991,24,0,32,0,135.525360995066,1.06360666821378,8,7.37265191153736,22.0643572807614,0.0150753768844221,0.166666666666667,8,0,0,0,0,0
1,CVF-AE,scene1_CVF-AE_run027.mat,298.150698236117,1,0,12.3418793991678,18,10.6655351422486,1.47761475811786,24,0,32,0,134.795439197996,1.05787822237207,8,7.16216556069296,22.6158565651675,0.0201005025125628,0.166666666666667,8,0,0,0,0,0
1,CVF-AE,scene1_CVF-AE_run028.mat,298.793556310867,1,0,12.9433532043155,18,10.9989977127917,1.76433179639622,24,0,32,0,137.790767638927,1.0813856403186,8,7.57496048036863,21.2574194890207,0.0100502512562814,0.166666666666667,8,0,0,0,0,0
1,CVF-AE,scene1_CVF-AE_run029.mat,301.530278915624,1,0,13.7487977989188,18,12,1.18546839656216,24,0,32,0,136.272927865896,1.06947359306764,8,9.44339063312299,22.5555791916032,0,0,8,0,0,0,0,0
1,CVF-AE,scene1_CVF-AE_run030.mat,299.361222582617,1,0,13.9703437833254,18,11.9958033562764,1.53385311897914,24,0,32,0,136.494807490674,1.07121491031426,8,5.75747475854291,20.6870648256526,0.0653266331658292,0.166666666666667,8,0,0,0,0,0
1,AE,scene1_AE_run001.mat,964.770056138498,0,3,22.9557091394752,26.3337998344103,12,2.83886450986852,24,0.3,32,0,153.340597670105,1.20342112348808,8,11.0095815529362,29.8911485655741,0,0,8,0,0,0,0,0
1,AE,scene1_AE_run002.mat,604.362371511353,0,1,24.6750676618119,28.7933505307008,12,4.62663976063499,24,0.7,32,0,156.30310570274,1.22667096598997,8,13.8268419771368,27.4620766817808,0,0,8,1,0,0,0,1
1,AE,scene1_AE_run003.mat,1119.92249850256,0,4,25.408433891828,30.4051331559101,12,3.25949300677013,24,0.795454545454545,32,0,167.154183449997,1.31183051520312,8,10.1654456515766,38.1906295968354,0,0,8,1,0,0,0,1
1,AE,scene1_AE_run004.mat,354.79516955824,1,0,25.7137878853852,32.8022358293894,12,5.53543780417052,24,0.568181818181818,32,0.195454545454545,140.559079267334,1.10311142423128,8,13.0900967153791,28.8410019664537,0,0,8,1,0,0,0,1
1,AE,scene1_AE_run005.mat,1091.00970755465,0,3,25.1141697809449,29.9526855186347,12,4.38805609704194,24,0.7,32,0,188.49398326552,1.47930583654142,8,15.4989212289662,28.8601664398801,0,0,8,1,0,0,0,1
1,AE,scene1_AE_run006.mat,365.014410119469,1,0,25.8275672764536,28.9812239371046,12,3.11816727062001,24,0.854545454545454,32,0,152.100587793942,1.19368949271983,8,12.8980152117377,32.9119429192794,0,0,8,1,0,0,0,1
1,AE,scene1_AE_run007.mat,1070.13197761793,0,4,24.1341004213088,28.0051993204463,12,3.1712680505587,24,0.531818181818182,32,0,149.497629746752,1.17326140814773,8,13.1237411023286,41.7870806795063,0,0,8,1,0,0,0,1
1,AE,scene1_AE_run008.mat,755.515199253872,0,2,22.435181444391,25.8580779336008,12,3.03727569369896,24,0.395454545454545,32,0,154.477531743591,1.21234381259217,8,5.62931679167386,25.0335165337307,0.0351758793969849,0.166666666666667,8,0,0,0,0,0
1,AE,scene1_AE_run009.mat,1373.05865392838,0,5,23.8541730696556,25.2626258825965,12,2.32776129895564,24,0.772727272727273,32,0,180.102189218012,1.41344681176796,8,19.2801484850208,40.2727776974933,0,0,8,1,0,0,0,1
1,AE,scene1_AE_run010.mat,994.888005010964,0,4,22.5907803671258,29.6802538656942,12,4.79614197427835,24,0.409090909090909,32,0,144.952379436875,1.13759016180099,8,13.3877076609238,35.1639396416231,0,0,8,0,0,0,0,0
1,AE,scene1_AE_run011.mat,361.495343561219,1,0,24.2560945308182,27.4172068041835,12,3.40084614639119,24,0.731818181818182,32,0,147.982255025937,1.16136870669268,8,10.7832619528072,32.0543783330315,0,0,8,1,0,0,0,1
1,AE,scene1_AE_run012.mat,981.829954874883,0,4,23.2657874196585,26.1151749612856,12,2.97905246032865,24,0.590909090909091,32,0,145.098938386625,1.13874036036969,8,12.0867814819005,37.5721739970189,0,0,8,1,0,0,0,1
1,AE,scene1_AE_run013.mat,1027.68597228588,0,3,25.2140599372673,31.3982063293254,12,4.08260376502249,24,0.572727272727273,32,0,177.96766846237,1.39669503562456,8,3.12733770664298,17.165446274119,0.135678391959799,0.166666666666667,8,1,0,0,0,1
1,AE,scene1_AE_run014.mat,802.643344599476,1,0,23.6744823902192,29.8290050609361,12,4.69136706284172,24,0.518181818181818,32,0,249.301495030222,1.95652481987827,8,14.1419236784928,31.9627703017224,0,0,8,1,0,1,0,1
1,AE,scene1_AE_run015.mat,353.434255988305,1,0,24.7834536941383,27.8878662192984,12,3.67280722889998,24,0.731818181818182,32,0,149.473384943886,1.17307113428453,8,9.09115914293273,29.4721335197498,0,0,8,1,0,0,0,1
1,AE,scene1_AE_run016.mat,1071.06098892966,0,4,23.7196384226768,27.3317432051096,12,3.22907675150729,24,0.540909090909091,32,0,149.959268856174,1.17688436426077,8,15.8994175550314,40.7278183878315,0,0,8,1,0,0,0,1
1,AE,scene1_AE_run017.mat,1153.21082289984,0,4,21.940956631968,26.5443217456415,12,3.0850819589911,24,0.313636363636364,32,0,175.796749893145,1.3796576084639,8,12.5447275298865,30.8772860679871,0,0,8,0,0,0,0,0
1,AE,scene1_AE_run018.mat,660.819614222831,0,1,26.4150733771692,31.0563764413064,12,4.0053633401831,24,0.786363636363636,32,0,167.113858239371,1.31151404186851,8,13.642185223534,33.4742672049464,0,0,8,1,0,0,0,1
1,AE,scene1_AE_run019.mat,473.048009060274,1,0,23.9451632179168,28.8112126914042,12,3.30831176022716,24,0.545454545454545,32,0,159.487881378952,1.25166517092043,8,10.7441423926712,32.6851055531882,0,0,8,1,0,0,0,1
1,AE,scene1_AE_run020.mat,363.291697968961,1,0,20.5929165876615,23.7322114800339,12,1.57040115721385,24,0,32,0,144.271382089308,1.13224567635126,8,10.2746873851721,31.8518068742532,0,0,8,0,0,0,0,0
1,AE,scene1_AE_run021.mat,1052.29038780438,0,3,23.1305391083754,28.1865848629534,12,3.19314209186217,24,0.440909090909091,32,0,193.961808189351,1.5222174732042,8,16.9975321614637,39.4302153286785,0,0,8,0,0,0,0,0
1,AE,scene1_AE_run022.mat,1241.41406325747,0,4.24399855402939,22.6674667521512,26.3539076961433,12,2.97420968627156,24,0.45,32,0,198.750894305891,1.55980234950191,8,22.9069571993415,32.0664202149692,0,0,8,0,0,0,0,0
1,AE,scene1_AE_run023.mat,383.907270269253,1,0,24.2657288756564,28.0722666994141,12,3.64726006676298,24,0.618181818181818,32,0,145.620738276659,1.14283545990265,8,9.31186514011708,30.8409617081111,0,0,8,1,0,0,0,1
1,AE,scene1_AE_run024.mat,761.602791335153,0,1,25.4785148992093,29.6634388047257,12,3.89202790742609,24,0.790909090909091,32,0,196.175220590299,1.53958839309602,8,15.3126599284622,37.1727438199816,0,0,8,1,0,0,0,1
1,AE,scene1_AE_run025.mat,1091.32166214647,0,4,26.8122624843957,30.4347726965958,12,3.74529168052075,24,0.809090909090909,32,0,162.349824723063,1.27412577904939,8,9.84565067806975,33.0660730687476,0,0,8,1,0,0,0,1
1,AE,scene1_AE_run026.mat,1171.9920863516,0,4,21.8834857386847,25.2703859429199,12,2.73339693389123,24,0.295454545454545,32,0,168.416084139387,1.32173394566074,8,17.0060082733389,33.764638989894,0,0,8,0,0,0,0,0
1,AE,scene1_AE_run027.mat,351.162604359631,1,0,22.3770878417861,24.5242230309103,12,2.40045277224406,24,0.286363636363636,32,0,142.234570725857,1.11626072613858,8,11.2266593428535,34.4378193984476,0,0,8,0,0,0,0,0
1,AE,scene1_AE_run028.mat,425.83432024846,1,0,24.777023781924,27.734810610235,12,3.49364389977149,24,0.7,32,0,152.446005472926,1.19640033992945,8,12.3414859574405,37.8567033578989,0,0,8,1,0,0,0,1
1,AE,scene1_AE_run029.mat,854.337636786205,0,3,25.5420086554305,31.4603155288084,12,4.35078458331096,24,0.654545454545455,32,0,155.466272216971,1.22010347434772,8,14.1333020770932,32.0647969533738,0,0,8,1,0,0,0,1
1,AE,scene1_AE_run030.mat,1033.92385243555,0,4,21.1018533211663,23.1860287289372,12,2.1285017503606,24,0,32,0,149.682356538239,1.17471114896214,8,11.1523384974796,23.7955285455106,0,0,8,0,0,0,0,0
1,PSO,scene1_PSO_run001.mat,410.508479688738,1,0,20.0160045481188,24.711516533449,9.65975097503477,5.54501787333191,24,0.413636363636364,32,0,155.780673609881,1.2225709049123,8,1.65556457432103e-11,9.67978887857313,0.64321608040201,0.666666666666667,8,0,0,0,1,1
1,PSO,scene1_PSO_run002.mat,270.633620662372,1,0,8.79087740560298,18,8.03712238742766,1.75127433290356,24,0,32,0,134.964091584118,1.05920181082203,8,10.9245567413161,20.1290923631467,0,0,8,0,0,0,0,0
1,PSO,scene1_PSO_run003.mat,383.591251788985,1,0,21.5220769446388,27.0178624564697,12,2.97835614026703,24,0.231818181818182,32,0,157.90893939198,1.23927359185555,8,3.16823858006941,16.0101271361383,0.14070351758794,0.333333333333333,8,0,0,0,0,0
1,PSO,scene1_PSO_run004.mat,1131.51377095827,0,4,22.4166831730138,23.4694541081465,12,1.96977407554606,24,0,32,0,165.301184406571,1.29728812900831,8,13.3686731427603,36.4482134019146,0,0,8,0,0,0,0,0
1,PSO,scene1_PSO_run005.mat,302.331957245292,1,0,32.8994350200255,35.4129522572892,12,4.53164995242895,24,0.927272727272727,32,0.813636363636364,143.322405252694,1.12479808068361,8,14.7438388967003,28.0347877994083,0,0,8,1,0,0,0,1
1,PSO,scene1_PSO_run006.mat,321.58647232183,1,0,37.2272328453825,39.9902631187916,12,5.71009415248348,24,0.940909090909091,32,0.868181818181818,151.627031904938,1.18997301340099,8,2.61708751193805,9.76432710840481,0.291457286432161,0.166666666666667,8,1,0,0,0,1
1,PSO,scene1_PSO_run007.mat,346.730744341142,1,0,28.0961188592472,35.4272900241574,12,4.81576502894509,24,0.85,32,0.245454545454545,147.714764463893,1.15926943358701,8,6.81737574863723,21.5447333685263,0.0452261306532663,0.166666666666667,8,1,0,0,0,1
1,PSO,scene1_PSO_run008.mat,280.379653544328,1,0,11.3670137828088,18,8.74812940096608,2.45838557597235,24,0,32,0,136.714937204431,1.07294249421224,8,3.36666819775999,16.9750344237016,0.110552763819095,0.166666666666667,8,0,0,0,0,0
1,PSO,scene1_PSO_run009.mat,328.483545780227,1,0,10.8138985541097,18,8.39049484447402,2.18143388018343,24,0,32,0,146.827509320102,1.15230623142016,8,8.78137456330778,28.9999563639342,0,0,8,0,0,0,0,0
1,PSO,scene1_PSO_run010.mat,296.245288332732,1,0,10.1040063770137,18,8.0000938511913,2.52512738127369,24,0,32,0,139.827297493524,1.09736838124222,8,0.956677776664563,17.3922067912903,0.261306532663317,0.333333333333333,8,0,0,0,0,0
1,PSO,scene1_PSO_run011.mat,320.195360773249,1,0,13.973227419636,18,11.9089007590626,2.27213360877219,24,0,32,0,155.121924748141,1.2174010261761,8,2.02815804888496,8.57252693047155,0.537688442211055,0.833333333333333,8,0,0,0,1,1
1,PSO,scene1_PSO_run012.mat,364.457510368968,1,0,32.7765925172371,38.2906738306968,12,5.2579626350913,24,0.922727272727273,32,0.581818181818182,156.23172937277,1.22611080263788,8,2.45064333299599,21.0790389148322,0.366834170854271,0.5,8,1,0,0,0,1
1,PSO,scene1_PSO_run013.mat,332.342831589366,1,0,36.9576032555623,39.8663499530785,12,5.50954938295456,24,0.940909090909091,32,0.872727272727273,151.885138622694,1.191998641845,8,12.7967427219533,28.2787630031573,0,0,8,1,0,0,0,1
1,PSO,scene1_PSO_run014.mat,351.591124662974,1,0,24.9870413010881,32.9849099259585,12,4.2284242123892,24,0.404545454545455,32,0.0954545454545455,160.261248811201,1.25773457927234,8,8.96737464685366,20.7639840592192,0,0.166666666666667,8,0,0,0,0,0
1,PSO,scene1_PSO_run015.mat,313.243392871376,1,0,34.9919931360518,39.8197762688528,12,7.30911685207651,24,0.863636363636364,32,0.75,144.909112915975,1.13725060498445,8,6.21183499610167,19.1775126901248,0.0452261306532663,0.166666666666667,8,1,0,0,0,1
1,PSO,scene1_PSO_run016.mat,706.797940505877,0,2,13.1315154700331,18,8.64520736205921,2.17851625872377,24,0,32,0,160.516124388873,1.2597348496423,8,3.19193816868566,18.7343343977444,0.135678391959799,0.166666666666667,8,0,0,0,0,0
1,PSO,scene1_PSO_run017.mat,457.163800928268,0,1,19.846640059532,20.861354128561,12,1.52780376749173,24,0,32,0,142.661338441484,1.11961001061779,8,1.10940882200117,6.43675432468256,0.85427135678392,0.666666666666667,8,0,1,0,1,1
1,PSO,scene1_PSO_run018.mat,425.391840171516,1,0,22.8570067804322,26.2890588610395,12,4.45003097652682,24,0.631818181818182,32,0,163.02181677801,1.2793995907211,8,1.39526727460435,11.4592790718664,0.608040201005025,0.666666666666667,8,1,0,0,1,1
1,PSO,scene1_PSO_run019.mat,338.369187147743,1,1.06581410364015e-13,35.0559688635333,40,12,7.56370465047956,24,0.854545454545454,32,0.754545454545455,149.761465083489,1.17533199494715,8,4.02917612305822,28.9499212845486,0.0603015075376884,0.333333333333333,8,1,0,0,0,1
1,PSO,scene1_PSO_run020.mat,344.905999762296,1,0,29.7472262631893,39.5430248589202,12,7.8138450959765,24,0.718181818181818,32,0.454545454545455,150.868195838679,1.18401764759914,8,5.80011394515597,24.7943381053788,0.0452261306532663,0.333333333333333,8,1,0,0,0,1
1,PSO,scene1_PSO_run021.mat,462.925694704446,1,0,32.4062981824255,39.9999998560988,11.3681208675283,8.36284419698196,24,0.827272727272727,32,0.722727272727273,177.106006925144,1.38993269276853,8,1.23296284984251e-07,9.40638017257462,0.57286432160804,1,8,1,0,0,1,1
1,PSO,scene1_PSO_run022.mat,307.895406183949,1,0,28.8671089240932,35.4836170591938,12,5.29174217989107,24,0.827272727272727,32,0.436363636363636,149.433341545961,1.17275687262356,8,7.00204701849736,18.7136584804957,0.0703517587939698,0.166666666666667,8,1,0,0,0,1
1,PSO,scene1_PSO_run023.mat,309.846174113123,1,0,32.2694621414727,37.8800368576695,12,5.23239266785459,24,0.904545454545455,32,0.718181818181818,152.184657024815,1.19434927029866,8,5.34580576825149,16.7799462757983,0.0552763819095477,0.333333333333333,8,1,0,0,0,1
1,PSO,scene1_PSO_run024.mat,331.411853837369,1,0,26.6256285270446,33.250045387498,12,4.2924632453015,24,0.809090909090909,32,0.113636363636364,144.372204298753,1.13303693175527,8,4.64421213289178,17.1570417492487,0.246231155778894,0.333333333333333,8,1,0,0,0,1
1,PSO,scene1_PSO_run025.mat,316.58780187675,1,0,19.4124471630307,20.1455051262171,12,1.32571494143024,24,0,32,0,160.9146344604,1.26286236737267,8,1.63687036463143,7.75356613857394,0.562814070351759,0.666666666666667,8,0,0,0,1,1
1,PSO,scene1_PSO_run026.mat,384.447074752639,1,0,36.4005243915465,39.9978405876146,12,5.51789895863697,24,0.940909090909091,32,0.863636363636364,171.216470540074,1.34371145324661,8,4.16176570703278,18.499951768673,0.241206030150754,0.5,8,1,0,0,0,1
1,PSO,scene1_PSO_run027.mat,844.314553512615,0,3,27.4941099308707,35.8572903154572,10.9835336986354,7.49981936310358,24,0.727272727272727,32,0.286363636363636,149.651945614292,1.17447248321531,8,3.16304810381106,21.7640552190484,0.14070351758794,0.166666666666667,8,1,0,0,0,1
1,PSO,scene1_PSO_run028.mat,313.928839222982,1,0,16.0247432441904,18,12,0.983378210976526,24,0,32,0,161.468709684649,1.26721076459424,8,0.839866513090868,8.56373995310174,0.507537688442211,0.666666666666667,8,0,0,0,1,1
1,PSO,scene1_PSO_run029.mat,307.043009787485,1,7.105427357601e-14,37.3964300695221,40,12,5.69035180799521,24,0.940909090909091,32,0.872727272727273,145.199468898877,1.13952932652632,8,11.4511889632442,33.1055620564748,0,0,8,1,0,0,0,1
1,PSO,scene1_PSO_run030.mat,320.396316151096,1,0,30.0361799990179,36.9932044780969,12,5.2307391139655,24,0.886363636363636,32,0.404545454545455,156.165461356347,1.22559072946752,8,1.43807225523675,11.640833946415,0.412060301507538,0.666666666666667,8,1,0,0,1,1
1,GWO,scene1_GWO_run001.mat,318.23101425286,1,0,14.2472795062122,18.7213220488509,12,1.78345928343886,24,0,32,0,152.737204169563,1.19868567511132,8,0.123664243869021,3.74666975698828,0.834170854271357,1,8,0,1,0,1,1
1,GWO,scene1_GWO_run002.mat,312.441339141815,1,0,14.2375857906121,18.0069891065318,12,1.39981847815404,24,0,32,0,151.777692552689,1.19115540220563,8,0.383129083953076,5.64746044150392,0.773869346733668,0.833333333333333,8,0,1,0,1,1
1,GWO,scene1_GWO_run003.mat,331.205380435683,1,0,12.950243618895,18,10.3285859819048,2.08436000978259,24,0,32,0,162.126886290776,1.27237615225304,8,2.15567560154451,6.88609154562386,0.728643216080402,1,8,0,1,0,1,1
1,GWO,scene1_GWO_run004.mat,365.081354530309,1,0,10.662531763167,18,9.39757444236475,1.33130867330933,24,0,32,0,159.650748594609,1.2529433571974,8,1.94028526463544,9.68236527357418,0.457286432160804,0.5,8,0,0,0,0,0
1,GWO,scene1_GWO_run005.mat,327.89155114485,1,0,14.975685269308,18,12,1.13008493700759,24,0,32,0,153.580776184198,1.20530605090887,8,0.198739151585223,3.00275411197898,0.914572864321608,1,8,0,1,0,1,1
1,GWO,scene1_GWO_run006.mat,313.360195989185,1,0,14.1481495367649,18,12,1.13196803035903,24,0,32,0,159.713858642982,1.2534386465498,8,1.23302006073353,9.22150267361696,0.4321608040201,0.666666666666667,8,0,0,0,1,1
1,GWO,scene1_GWO_run007.mat,467.737535524682,0,1,11.6774551092533,18,10.2709523266921,1.26304064562082,24,0,32,0,158.392473325174,1.24306837913283,8,1.156648642707,11.44205449355,0.331658291457286,0.5,8,0,0,0,0,0
1,GWO,scene1_GWO_run008.mat,359.689794504658,1,0,14.8496965396178,18,11.8741486127537,1.7051642800087,24,0,32,0,163.518420030087,1.28329694636352,8,1.98846099596169,9.03759691985629,0.492462311557789,1,8,0,0,0,1,1
1,GWO,scene1_GWO_run009.mat,313.421789376164,1,0,14.4779170915506,18,12,1.37746330110421,24,0,32,0,151.457531995511,1.1886427735654,8,0.596013900095689,7.83851865623251,0.613065326633166,0.666666666666667,8,0,0,0,1,1
1,GWO,scene1_GWO_run010.mat,317.149380625347,1,0,14.2349411698961,18.0197262380584,12,1.47366551968605,24,0,32,0,151.850024299778,1.1917230636969,8,0.148249497746047,4.51684282528025,0.773869346733668,0.666666666666667,8,0,1,0,1,1
1,GWO,scene1_GWO_run011.mat,332.439810318122,1,0,14.4945574216955,18,11.978594149833,1.47708641463082,24,0,32,0,154.321432111763,1.21111873849462,8,0.552241099885785,8.00871231398953,0.532663316582915,0.5,8,0,0,0,0,0
1,GWO,scene1_GWO_run012.mat,316.33234956694,1,0,11.6906048824601,18,10.41724509621,1.18351256669804,24,0,32,0,158.675581544476,1.24529022003157,8,1.59940920357008,10.4395806920729,0.407035175879397,0.666666666666667,8,0,0,0,1,1
1,GWO,scene1_GWO_run013.mat,326.016616185544,1,0,14.1276006288317,18.004847434593,12,1.52743377279591,24,0,32,0,151.739673792611,1.19085702995678,8,0.0924189160451864,4.6472258685874,0.763819095477387,0.666666666666667,8,0,1,0,1,1
1,GWO,scene1_GWO_run014.mat,319.353423415779,1,0,12.7085881314073,18.1160354138007,11.5499140728393,1.89808476570728,24,0,32,0,152.041939215428,1.19322921710255,8,0.245537033831841,4.69027083455875,0.773869346733668,0.666666666666667,8,0,1,0,1,1
1,GWO,scene1_GWO_run015.mat,312.238564361339,1,0,13.555279163713,18,12,0.948841493549066,24,0,32,0,160.000950134273,1.25569174827395,8,1.11218747650022,9.91445944611447,0.407035175879397,0.666666666666667,8,0,0,0,1,1
1,GWO,scene1_GWO_run016.mat,318.072601320549,1,0,14.8532295762742,18.2179828002836,12,1.4277640611351,24,0,32,0,152.323616512622,1.19543982808621,8,0.0611319801603885,5.41768112179277,0.738693467336683,0.666666666666667,8,0,1,0,1,1
1,GWO,scene1_GWO_run017.mat,356.751719522084,1,0,13.8579126745562,18,11.9652027760325,1.77461493716101,24,0,32,0,160.422987620193,1.25900390978354,8,4.73379210606975,8.75560730971175,0.50251256281407,0.833333333333333,8,0,0,0,1,1
1,GWO,scene1_GWO_run018.mat,313.87883827095,1,0,11.8260686941766,18,10.7612884417771,1.42301752887696,24,0,32,0,161.221792923891,1.26527295523289,8,1.12797601236463,11.4293318863857,0.366834170854271,0.666666666666667,8,0,0,0,1,1
1,GWO,scene1_GWO_run019.mat,330.866189714377,1,0,13.2513134132537,18,11.1878920690004,1.85054191282015,24,0,32,0,157.054608844832,1.23256878280628,8,3.40299247122244,9.1832916466641,0.396984924623116,0.833333333333333,8,0,0,0,1,1
1,GWO,scene1_GWO_run020.mat,331.021220600857,1,0,12.3908051152985,18,11.530058971741,1.00999631671302,24,0,32,0,158.068550329954,1.24052622277793,8,2.3770533683063,8.65325684320942,0.49748743718593,0.666666666666667,8,0,0,0,1,1
1,GWO,scene1_GWO_run021.mat,337.722150393067,1,0,12.3709576825748,18,11.8448191450999,1.11074766852993,24,0,32,0,154.645857983613,1.2136648414388,8,1.67624469520501,6.35194297805862,0.728643216080402,0.666666666666667,8,0,1,0,1,1
1,GWO,scene1_GWO_run022.mat,337.976909579213,1,0,13.850433114696,18,12,0.778513200692047,24,0,32,0,159.405914438359,1.2510218921721,8,0.196912554635127,8.08230380892173,0.522613065326633,0.666666666666667,8,0,0,0,1,1
1,GWO,scene1_GWO_run023.mat,310.559939540028,1,0,15.0167833016293,18,12,1.13440704173952,24,0,32,0,151.50913152023,1.18904772801942,8,1.36159119386077,7.62657729778788,0.562814070351759,0.666666666666667,8,0,0,0,1,1
1,GWO,scene1_GWO_run024.mat,336.131151576697,1,0,15.9997848870377,18,12,1.38307629428627,24,0,32,0,159.417567814158,1.25111334817794,8,0.137524185087779,7.49157338880367,0.562814070351759,0.666666666666667,8,0,0,0,1,1
1,GWO,scene1_GWO_run025.mat,336.777761169329,1,0,13.9981917183293,18,11.9970704559629,1.11838666694372,24,0,32,0,160.358717296436,1.25849951455881,8,0.182032386942745,8.32810685072934,0.492462311557789,0.666666666666667,8,0,0,0,1,1
1,GWO,scene1_GWO_run026.mat,749.790143037798,0,2,23.6892571912768,28.7984944018624,12,2.68005790701038,24,0.227272727272727,32,0,155.280931790647,1.21864891771064,8,0.123081128415322,2.01200680999812,0.92964824120603,1,8,0,1,0,1,1
1,GWO,scene1_GWO_run027.mat,311.542753898612,1,0,13.5918862195312,18,12,1.38227740789061,24,0,32,0,151.694344815791,1.19050128693087,8,0.771522679160978,5.63924650711325,0.804020100502513,1,8,0,1,0,1,1
1,GWO,scene1_GWO_run028.mat,312.340842916375,1,0,14.4263030004734,18.1540376297164,12,1.43766419588841,24,0,32,0,152.006975049562,1.19295481739101,8,0.515057445547692,6.06367371685033,0.748743718592965,0.666666666666667,8,0,1,0,1,1
1,GWO,scene1_GWO_run029.mat,320.794556390896,1,0,13.4183586060175,18,12,1.4444659927026,24,0,32,0,151.580538244472,1.18960812990658,8,0.973267525019764,4.92600167443219,0.778894472361809,0.666666666666667,8,0,1,0,1,1
1,GWO,scene1_GWO_run030.mat,324.266682223407,1,0,14.5233184293752,18.1165890592152,12,1.44788328959296,24,0,32,0,152.864728202585,1.19968648714299,8,1.48498139835695,5.22973577928413,0.814070351758794,1,8,0,1,0,1,1
1,WOA,scene1_WOA_run001.mat,638.357221289603,1,0,29.9842166654713,35.1331128604535,12,4.29383697322686,24,0.927272727272727,32,0.404545454545455,205.209913637423,1.6104929064626,8,10.0657585557474,14.233114454435,0,0,8,1,0,0,0,1
1,WOA,scene1_WOA_run002.mat,401.430036812477,1,0,31.0614087212966,33.7405828643683,12,4.17127425745101,24,0.918181818181818,32,0.559090909090909,151.450173829826,1.18858502648374,8,10.7476899037162,16.2618176536761,0,0,8,1,0,0,0,1
1,WOA,scene1_WOA_run003.mat,610.417690287703,1,0,32.850547928328,34.92566211615,12,4.55767673580111,24,0.927272727272727,32,0.809090909090909,229.005261497445,1.79723943471798,8,10.1125343294644,12.7587231877984,0,0,8,1,0,0,0,1
1,WOA,scene1_WOA_run004.mat,673.09344754989,1,0,33.6941127838994,36.0829685498119,12,4.744588947172,24,0.927272727272727,32,0.827272727272727,229.22755475278,1.79898399814831,8,8.58059417066266,16.5155399118745,0,0.166666666666667,8,1,0,0,0,1
1,WOA,scene1_WOA_run005.mat,663.937759620584,1,0,31.4964078588023,36.8905655711927,12,5.88294068169062,24,0.845454545454545,32,0.704545454545455,251.540060405062,1.97409314098386,8,8.68956691896079,14.3627905510338,0,0.333333333333333,8,1,0,1,0,1
1,WOA,scene1_WOA_run006.mat,510.473768876992,1,0,34.0018260457226,37.7207634298173,12,6.1798522631441,24,0.895454545454546,32,0.768181818181818,182.911698310271,1.43549591448197,8,0.110344655246159,3.02978625673155,0.919597989949749,1,8,1,1,0,1,1
1,WOA,scene1_WOA_run007.mat,375.186857285685,1,0,32.0271101409132,34.0093295473434,12,4.35121871774101,24,0.918181818181818,32,0.786363636363636,162.967952604202,1.27897686324029,8,9.1982679148155,15.6238501428831,0,0.166666666666667,8,1,0,0,0,1
1,WOA,scene1_WOA_run008.mat,516.583188543574,1,0,37.359643974164,39.999246137492,12,5.67724218392814,24,0.940909090909091,32,0.872727272727273,196.406446226725,1.54140305809273,8,13.2008672136494,26.7816667835449,0,0,8,1,0,0,0,1
1,WOA,scene1_WOA_run009.mat,487.829460356207,0,1,18.0784117865009,18.7772996217484,12,1.11098018191374,24,0,32,0,141.407342286894,1.10976861516129,8,7.80254391648313,11.2826833707406,0.0100502512562814,0,8,0,0,0,0,0
1,WOA,scene1_WOA_run010.mat,386.683190634596,1,0,32.2573228262722,34.5783557744216,12,4.60430782059796,24,0.913636363636364,32,0.777272727272727,166.065865274899,1.30328936497358,8,10.7264076114605,15.5582743608832,0,0,8,1,0,0,0,1
1,WOA,scene1_WOA_run011.mat,380.542771441271,1,0,24.1372461772435,25.2269033788157,12,2.41083494048255,24,0.8,32,0,154.912317369217,1.21575602184411,8,8.15841003837047,15.1861839436905,0,0.166666666666667,8,1,0,0,0,1
1,WOA,scene1_WOA_run012.mat,1088.01655257136,0,3,37.248815992481,39.838700581718,12,5.65213961529714,24,0.940909090909091,32,0.868181818181818,147.043347758606,1.15400013727486,8,9.63165155090962,14.5439385207313,0,0,8,1,0,0,0,1
1,WOA,scene1_WOA_run013.mat,545.069602756465,1,0,37.0088962298589,39.5674156102307,12,5.59359581923409,24,0.940909090909091,32,0.868181818181818,221.802866531427,1.74071484583867,8,12.1733177670433,23.0355386717599,0,0.166666666666667,8,1,0,0,0,1
1,WOA,scene1_WOA_run014.mat,449.984305662109,1,0,32.1305899095903,35.0924178934028,12,4.43558146900491,24,0.918181818181818,32,0.790909090909091,151.518443356189,1.1891208075578,8,10.7546640264228,16.3344500228547,0,0,8,1,0,0,0,1
1,WOA,scene1_WOA_run015.mat,404.104545196609,1,0,32.224054236016,34.410687138172,12,4.31249195377641,24,0.922727272727273,32,0.804545454545455,157.959399823254,1.23966960667367,8,10.2322745886513,15.2475646367067,0,0,8,1,0,0,0,1
1,WOA,scene1_WOA_run016.mat,1000.09573394808,0,3,31.6311251754573,36.1288550653765,12,6.18763769879693,24,0.854545454545454,32,0.704545454545455,164.895594758375,1.29410505057036,8,10.0152263964212,14.0803994805646,0,0.166666666666667,8,1,0,0,0,1
1,WOA,scene1_WOA_run017.mat,547.619364995773,1,0,33.9109169003455,36.3933276094798,12,4.77706392680057,24,0.931818181818182,32,0.831818181818182,187.970028691404,1.47519382699,8,2.75967792505898e-07,2.53533510540314,0.92964824120603,1,8,1,1,0,1,1
1,WOA,scene1_WOA_run018.mat,921.113851220291,0,2,34.2932127247944,36.638778590085,12,4.90230676514749,24,0.931818181818182,32,0.836363636363636,204.238484363375,1.60286910346374,8,8.84230651581828,13.7993981569315,0,0,8,1,0,0,0,1
1,WOA,scene1_WOA_run019.mat,466.530127967381,1,0,29.0397105243554,30.7809409902959,12,3.59546676834641,24,0.9,32,0,189.475218403913,1.48700659622667,8,0.460075017609638,6.62614265755505,0.753768844221106,0.833333333333333,8,1,1,0,1,1
1,WOA,scene1_WOA_run020.mat,714.771424055182,1,0,32.1207330882012,35.2087990196846,12,4.33470972414207,24,0.922727272727273,32,0.795454545454545,269.058687879559,2.11157979929651,8,8.97534269516683,22.1270552567765,0,0.166666666666667,8,1,0,1,0,1
1,WOA,scene1_WOA_run021.mat,413.851061587678,1,0,25.1783923957019,27.7029378628093,12,2.79474546483469,24,0.75,32,0,166.216077298353,1.3044682329627,8,9.59035980603781,15.1652611831235,0,0,8,1,0,0,0,1
1,WOA,scene1_WOA_run022.mat,478.259405047904,1,0,31.2672011470214,35.3189186367197,12,3.99124917993862,24,0.927272727272727,32,0.472727272727273,165.335037632382,1.2975538100325,8,5.5677996454726,10.6903689696543,0.386934673366834,0.5,8,1,0,0,0,1
1,WOA,scene1_WOA_run023.mat,709.565918984213,1,0,30.8673334657489,35.7451710629036,12,5.4816065256841,24,0.872727272727273,32,0.55,259.878536988656,2.03953372887042,8,12.3678523739816,25.8737202198343,0,0.333333333333333,8,1,0,1,0,1
1,WOA,scene1_WOA_run024.mat,994.45681745094,0,3,36.3762965313029,38.8806596678592,12,5.43221375383152,24,0.940909090909091,32,0.863636363636364,145.086356809218,1.13864161981274,8,9.02353902333576,13.5261787718703,0,0,8,1,0,0,0,1
1,WOA,scene1_WOA_run025.mat,628.560137506768,1,0,36.3983992900289,38.8859488118536,12,5.44123447985412,24,0.940909090909091,32,0.863636363636364,233.598040245505,1.83328368552242,8,4.75421954382658,13.3678466553575,0.130653266331658,0.666666666666667,8,1,0,1,1,1
1,WOA,scene1_WOA_run026.mat,548.782525897385,1,0,25.5278690209639,28.4529769029835,12,2.85173632145173,24,0.863636363636364,32,0,179.364920999074,1.40766071101038,8,1.8223496656389,6.04677777472137,0.743718592964824,0.833333333333333,8,1,1,0,1,1
1,WOA,scene1_WOA_run027.mat,1132.57862904749,0,3,33.6236783813386,36.395985633274,12,4.72642883933324,24,0.931818181818182,32,0.827272727272727,201.039904298809,1.57776656132323,8,9.54471068977583,13.0265358427447,0,0,8,1,0,0,0,1
1,WOA,scene1_WOA_run028.mat,679.371029677797,1,0,20.4895829451039,29.1602453251219,11.9147078332279,4.87602280064821,24,0.263636363636364,32,0,207.731008206367,1.63027852426165,8,17.2020733565667,22.9290719633108,0,0,8,0,0,0,0,0
1,WOA,scene1_WOA_run029.mat,529.061893091867,1,0,14.0409975864508,18,12,1.60348647217311,24,0,32,0,174.117867219185,1.36648169220688,8,0,1.46520222101887,0.92964824120603,1,8,0,1,0,1,1
1,WOA,scene1_WOA_run030.mat,436.59635819492,1,0,32.6406875020919,35.8513296601334,12,4.63403492865302,24,0.918181818181818,32,0.790909090909091,148.585846662872,1.16610571004917,8,9.90151925336005,14.9398181009111,0,0,8,1,0,0,0,1
1,HHO,scene1_HHO_run001.mat,1002.27273604355,0,4,12.558189876679,18,11.22251952379,0.943022759240245,24,0,32,0,158.004372699728,1.24002255501452,8,5.20479043477716,9.40112081969622,0.693467336683417,0.833333333333333,8,0,1,0,1,1
1,HHO,scene1_HHO_run002.mat,739.639823060173,0,2,31.5760859003363,34.0621147460339,12,4.38617596475642,24,0.913636363636364,32,0.736363636363636,159.24996239079,1.24979797631975,8,0.0616982509688037,2.29475944529781,0.924623115577889,1,8,1,1,0,1,1
1,HHO,scene1_HHO_run003.mat,390.362535326051,1,0,23.649755452849,29.5139627525699,12,2.96412371893935,24,0.481818181818182,32,0,160.807326855135,1.26202021440829,8,1.06717964312081,4.24284381204451,0.909547738693467,1,8,0,1,0,1,1
1,HHO,scene1_HHO_run004.mat,587.226811506288,1,0,30.3578354721334,37.7598009414777,12,4.82801629361945,24,0.918181818181818,32,0.331818181818182,197.139742952817,1.54715799046793,8,5.27949069704428,13.3810448070914,0.100502512562814,0.333333333333333,8,1,0,0,0,1
1,HHO,scene1_HHO_run005.mat,337.619227350546,1,0,32.6618837843121,37.1342890415673,12,5.40347211362555,24,0.904545454545455,32,0.668181818181818,144.14686369624,1.13126845266257,8,8.43542817399467,24.7667958833394,0,0,8,1,0,0,0,1
1,HHO,scene1_HHO_run006.mat,354.259138131919,1,0,15.6835215372974,19.1533824970249,12,2.15902156289026,24,0,32,0,153.956591898384,1.2082554627141,8,5.52449921127234,11.9499670113146,0.256281407035176,0.5,8,0,0,0,0,0
1,HHO,scene1_HHO_run007.mat,354.370682642704,1,0,15.177087098146,18.2668279379824,12,2.45776439054601,24,0,32,0,158.072558869628,1.24055768190481,8,6.63695404160968,12.03383991009,0.221105527638191,0.333333333333333,8,0,0,0,0,0
1,HHO,scene1_HHO_run008.mat,339.178429652251,1,0,26.6681214751985,30.2515072871958,12,4.59557043877878,24,0.781818181818182,32,0,154.880509575873,1.21550639342879,8,1.85833480225119,11.6058229038148,0.311557788944724,0.5,8,1,0,0,0,1
1,HHO,scene1_HHO_run009.mat,343.15426966949,1,0,12.7949941439312,18,11.0354258906026,1.07817485235578,24,0,32,0,155.666178525834,1.22167234442166,8,3.21859672692138,10.6083751954732,0.437185929648241,0.666666666666667,8,0,0,0,1,1
1,HHO,scene1_HHO_run010.mat,296.77766361536,1,0,16.8684544546952,18.5157049594356,10.6240172604056,2.51379805885117,24,0,32,0,155.560904269071,1.22084614923086,8,5.52431915566802,9.18966361140009,0.402010050251256,0.5,8,0,0,0,0,0
1,HHO,scene1_HHO_run011.mat,718.936965300337,0,2,15.1964215346106,29.2274253663601,11.8463017256846,5.17117397214866,24,0.122727272727273,32,0,151.989455662279,1.1928173247697,8,4.12007968693671,7.69319984547133,0.919597989949749,0.666666666666667,8,0,1,0,1,1
1,HHO,scene1_HHO_run012.mat,344.559573980524,1,0,19.2549407470276,26.260132125948,12,2.83884635061291,24,0.118181818181818,32,0,152.498130175101,1.19680941599023,8,2.28200450437745,5.83060955153371,0.884422110552764,1,8,0,1,0,1,1
1,HHO,scene1_HHO_run013.mat,310.965146357622,1,0,36.4758222081573,39.2383465867969,12,5.43850342876866,24,0.940909090909091,32,0.863636363636364,145.592309877023,1.14261235305978,8,11.0271922207479,31.0065730893758,0,0,8,1,0,0,0,1
1,HHO,scene1_HHO_run014.mat,396.30315097596,1,0,33.5756827224564,37.3494376654148,12,4.99108395301824,24,0.922727272727273,32,0.8,159.516828266628,1.25189234687133,8,6.89074923023512,18.4002755195155,0.0351758793969849,0.166666666666667,8,1,0,0,0,1
1,HHO,scene1_HHO_run015.mat,746.238705445119,0,2,27.1030011192392,29.6564602678699,12,2.9320043946885,24,0.895454545454546,32,0,157.519394467567,1.2362164328402,8,0.977089147456529,4.21335578171629,0.919597989949749,1,8,1,1,0,1,1
1,HHO,scene1_HHO_run016.mat,351.012844906678,1,0,15.6597544646273,18,12,0.80065119698697,24,0,32,0,154.59710952761,1.21328226224853,8,4.83298813212057,13.5697831046348,0.14572864321608,0.333333333333333,8,0,0,0,0,0
1,HHO,scene1_HHO_run017.mat,344.873141758855,1,0,14.4744320309173,18,12,1.47819722225958,24,0,32,0,154.837675193376,1.21517022804603,8,5.97666362932222,12.3582682565496,0.115577889447236,0.333333333333333,8,0,0,0,0,0
1,HHO,scene1_HHO_run018.mat,360.208106499737,1,0,20.5418547814783,22.0782670034238,12,1.69793917598872,24,0,32,0,158.363498555144,1.24284098436046,8,3.19769800820474,7.82893425724221,0.648241206030151,0.666666666666667,8,0,0,0,1,1
1,HHO,scene1_HHO_run019.mat,423.886160145567,1,0,19.472193720574,20.2091948098254,12,1.34360034916366,24,0,32,0,170.018825119189,1.3343122998597,8,0.529457575922953,3.53597565583489,0.894472361809045,1,8,0,1,0,1,1
1,HHO,scene1_HHO_run020.mat,346.620793739143,1,0,13.1615162685532,18,12,0.816063361050333,24,0,32,0,162.958330125992,1.27890134577319,8,4.0747006312356,7.65517097152674,0.688442211055276,0.833333333333333,8,0,1,0,1,1
1,HHO,scene1_HHO_run021.mat,319.346981368829,1,0,14.0516494785885,18.2473149864956,12,1.96513184011008,24,0,32,0,150.125954538639,1.17819251796767,8,3.75984306114755,8.22862604796837,0.623115577889447,0.666666666666667,8,0,0,0,1,1
1,HHO,scene1_HHO_run022.mat,742.119198912936,0,2,25.5683225804919,29.6458604737791,12,2.85243826881,24,0.872727272727273,32,0,153.229393658052,1.20254839141873,8,0.132728311644458,3.06057764254913,0.919597989949749,1,8,1,1,0,1,1
1,HHO,scene1_HHO_run023.mat,321.105031648553,1,0,14.0879937665904,18,11.3351559658419,1.31995737957776,24,0,32,0,157.813518451869,1.23852472575813,8,3.5563372742734,11.8527754562124,0.261306532663317,0.5,8,0,0,0,0,0
1,HHO,scene1_HHO_run024.mat,347.234025266232,1,0,11.5981976742733,18,9.57850504007766,1.39167674068039,24,0,32,0,154.516083351336,1.2126463666438,8,5.8627984725682,12.368775571345,0.241206030150754,0.5,8,0,0,0,0,0
1,HHO,scene1_HHO_run025.mat,380.931706727979,1,0,22.100044230815,27.4508476556602,12,2.67463914512249,24,0.177272727272727,32,0,158.935768187896,1.24733217178798,8,0.752328579822151,4.42278598165421,0.909547738693467,1,8,0,1,0,1,1
1,HHO,scene1_HHO_run026.mat,365.590129976186,1,0,14.6819421858746,18.1883465434181,12,1.66776479094571,24,0,32,0,155.70255008717,1.2219577894106,8,5.23103016534159,10.5378135080075,0.326633165829146,0.5,8,0,0,0,0,0
1,HHO,scene1_HHO_run027.mat,338.42630125602,1,0,13.7299451199617,18,12,0.865945758196587,24,0,32,0,160.441708658445,1.25915083299389,8,5.6218540916927,11.2785367885669,0.135678391959799,0.333333333333333,8,0,0,0,0,0
1,HHO,scene1_HHO_run028.mat,937.737318215705,0,3,9.32144766374691,18,8.0475665470343,1.75722898173374,24,0,32,0,179.158327164897,1.40603935705841,8,1.74586552756942,11.376886612851,0.507537688442211,0.5,8,0,0,0,0,0
1,HHO,scene1_HHO_run029.mat,360.77549133429,1,0,12.2950436412415,18,11.5629725702988,1.31481276999525,24,0,32,0,155.149470795737,1.21761720829648,8,6.34955833525412,12.1061860360746,0.160804020100503,0.5,8,0,0,0,0,0
1,HHO,scene1_HHO_run030.mat,314.993424085543,1,0,11.9537452384436,18,11.2151243897405,1.25282411459384,24,0,32,0,150.636588271181,1.18219998519713,8,5.27759798366976,9.41089142148768,0.507537688442211,0.5,8,0,0,0,0,0
1,DBO,scene1_DBO_run001.mat,337.655683241508,1,0,17.9559101130037,28.9125270757935,12,3.8415252490226,24,0.122727272727273,32,0,163.789012053969,1.28542055982489,8,0,4.04857673522383,0.723618090452261,0.833333333333333,8,0,1,0,1,1
1,DBO,scene1_DBO_run002.mat,308.473365293057,1,3.81916720471054e-14,9.00303211338064,18,8,1.96789003909735,24,0,32,0,157.293954111029,1.23444717087523,8,0,3.541905553672,0.819095477386935,0.833333333333333,8,0,1,0,1,1
1,DBO,scene1_DBO_run003.mat,346.81332686783,1,1.06581410364015e-13,35.3036969458504,40,12,7.26527362831717,24,0.868181818181818,32,0.759090909090909,165.59600638159,1.29960189977611,8,0,2.6530734749267,0.874371859296482,0.833333333333333,8,1,1,0,1,1
1,DBO,scene1_DBO_run004.mat,338.123260610798,1,0,23.7295770363372,26.2838835500427,12,2.61891142613182,24,0.554545454545455,32,0,160.991373921959,1.26346462072532,8,0.804426405936283,9.08313820318338,0.49748743718593,0.666666666666667,8,1,0,0,1,1
1,DBO,scene1_DBO_run005.mat,334.310578810287,1,1.84741111297626e-13,37.3964300712746,40,12,5.69035180863325,24,0.940909090909091,32,0.872727272727273,163.655928199454,1.28437611416502,8,0,5.20318283922313,0.728643216080402,0.666666666666667,8,1,1,0,1,1
1,DBO,scene1_DBO_run006.mat,341.72017521668,1,0,21.4327335493551,32.0080793172565,12,6.28885219807148,24,0.436363636363636,32,0.00454545454545455,151.410759160022,1.18827569909792,8,1.29395588591146,11.3368133153386,0.562814070351759,0.833333333333333,8,0,0,0,1,1
1,DBO,scene1_DBO_run007.mat,336.69074644187,1,0,24.0632573210017,34.0603273764019,12,6.57712558231835,24,0.504545454545455,32,0.159090909090909,152.662505460013,1.19809943763517,8,1.37271106597161,10.6671945933084,0.522613065326633,0.666666666666667,8,1,0,0,1,1
1,DBO,scene1_DBO_run008.mat,331.479667782469,1,0,11.2058202005087,18,9.25305269006462,1.87605213967263,24,0,32,0,158.197841942591,1.24154090682182,8,1.38437264916304,10.0551049438838,0.35678391959799,0.5,8,0,0,0,0,0
1,DBO,scene1_DBO_run009.mat,344.06148113451,1,3.81916720471054e-14,8.80964623496649,18,8,1.79970461008274,24,0,32,0,166.507456068056,1.30675498136282,8,0,1.45715508280204,0.924623115577889,1,8,0,1,0,1,1
1,DBO,scene1_DBO_run010.mat,371.152099848598,1,3.81916720471054e-14,11.9136239214148,29.1395379369787,8,6.68809888776342,24,0.118181818181818,32,0,172.349180000071,1.35260098747073,8,0,3.81371643018672,0.763819095477387,1,8,0,1,0,1,1
1,DBO,scene1_DBO_run011.mat,368.222127382025,1,0,18.2005035371313,28.5245849571441,12,3.68254232760476,24,0.113636363636364,32,0,167.588618622328,1.3152399740882,8,2.73213030307917,10.6146442356318,0.4321608040201,0.5,8,0,0,0,0,0
1,DBO,scene1_DBO_run012.mat,348.388648993319,1,0,37.3567124553549,39.9999999968345,12,5.67244788362733,24,0.940909090909091,32,0.872727272727273,160.009777855212,1.25576102846467,8,0.76338114880916,14.0839822309855,0.316582914572864,0.333333333333333,8,1,0,0,0,1
1,DBO,scene1_DBO_run013.mat,400.505002847441,1,0,9.31292812097417,18,8.00000004653982,1.63824260132806,24,0,32,0,165.270855642087,1.29705010805114,8,1.08247051843248e-06,3.41924874398936,0.899497487437186,0.833333333333333,8,0,1,0,1,1
1,DBO,scene1_DBO_run014.mat,358.589827997254,1,1.06581410364015e-13,36.0407030724152,40,12,6.49110042125205,24,0.909090909090909,32,0.8,168.927790922585,1.32574983422052,8,0,2.73814652748238,0.869346733668342,0.833333333333333,8,1,1,0,1,1
1,DBO,scene1_DBO_run015.mat,333.121184671957,1,0,16.5039939023169,20.433488704677,12,2.26719291709911,24,0,32,0,159.430205785604,1.25121253131683,8,1.38457406829731,9.61300944979221,0.371859296482412,0.5,8,0,0,0,0,0
1,DBO,scene1_DBO_run016.mat,315.431802557021,1,4.44089209850063e-14,8.72899958004311,18,8,1.74679831972043,24,0,32,0,160.10624059627,1.25651807064386,8,0,5.61486354779874,0.658291457286432,0.666666666666667,8,0,1,0,1,1
1,DBO,scene1_DBO_run017.mat,339.162364746191,1,0,25.2747686866236,35.3197453871504,10.5259659484071,8.23482805549328,24,0.590909090909091,32,0.259090909090909,151.368096514145,1.18794088150876,8,1.28844361392014,15.7158671105098,0.231155778894472,0.333333333333333,8,1,0,0,0,1
1,DBO,scene1_DBO_run018.mat,341.0346380384,1,3.5527136788005e-14,35.3789048051138,40,12,6.74168977041866,24,0.895454545454546,32,0.768181818181818,155.707052988414,1.22199312830034,8,1.30777470456012,20.5508201566704,0.195979899497487,0.333333333333333,8,1,0,0,0,1
1,DBO,scene1_DBO_run019.mat,386.52955531959,1,1.06581410364015e-13,37.1278743288019,40,12,5.77062553830245,24,0.936363636363636,32,0.863636363636364,169.557876739309,1.33069476461063,8,1.76520828176763e-07,7.98411591115493,0.5678391959799,0.5,8,1,0,0,0,1
1,DBO,scene1_DBO_run020.mat,334.989176822993,1,1.84741111297626e-13,37.3964300712746,40,12,5.69035180863325,24,0.940909090909091,32,0.872727272727273,164.024734878475,1.28727051887429,8,3.26031823760786e-07,10.3056227378062,0.472361809045226,0.666666666666667,8,1,0,0,1,1
1,DBO,scene1_DBO_run021.mat,343.6312197708,1,2.8421709430404e-14,8.92519714950087,18,8,1.78128776275031,24,0,32,0,160.08570229782,1.25635688552673,8,4.73222485197766e-07,9.19328268146453,0.467336683417085,0.666666666666667,8,0,0,0,1,1
1,DBO,scene1_DBO_run022.mat,322.599693114599,1,0,33.481865480765,38.3445764054041,12,5.97416509625051,24,0.904545454545455,32,0.681818181818182,158.87663593062,1.2468681002468,8,0.788951076882114,12.6667311210181,0.306532663316583,0.333333333333333,8,1,0,0,0,1
1,DBO,scene1_DBO_run023.mat,353.005093607394,1,0,35.2948847410297,39.9999994118993,12,6.16192069394593,24,0.918181818181818,32,0.795454545454545,169.435514063631,1.32973445904984,8,0.534477872611248,9.01152639922535,0.447236180904523,0.666666666666667,8,1,0,0,1,1
1,DBO,scene1_DBO_run024.mat,348.305227687667,1,3.81916720471054e-14,11.9136239214148,29.1395379369787,8,6.68809888776342,24,0.118181818181818,32,0,169.390539766534,1.3293814995599,8,0,3.10865853718949,0.864321608040201,0.833333333333333,8,0,1,0,1,1
1,DBO,scene1_DBO_run025.mat,336.537191397334,1,0,25.4217619660011,35.299054304213,12,7.22868378263751,24,0.627272727272727,32,0.218181818181818,154.830594759491,1.21511466061098,8,1.52376591191963,14.6120055422008,0.316582914572864,0.666666666666667,8,1,0,0,1,1
1,DBO,scene1_DBO_run026.mat,317.725947605264,1,6.21724893790088e-15,9.05528849867284,18,8,1.68613530560378,24,0,32,0,158.903549876097,1.24707932161281,8,0,4.29659129717485,0.763819095477387,0.833333333333333,8,0,1,0,1,1
1,DBO,scene1_DBO_run027.mat,360.291033031121,1,0,22.1319873116012,30.5697084382719,12,5.24253589608543,24,0.381818181818182,32,0,155.619217651882,1.22130379422328,8,1.38178212330139,12.5286283637845,0.361809045226131,0.666666666666667,8,0,0,0,1,1
1,DBO,scene1_DBO_run028.mat,369.241583833024,1,1.06581410364015e-13,34.2118057299029,40,12,8.68822966939762,24,0.818181818181818,32,0.731818181818182,172.830605184858,1.35637922523395,8,0,2.78281381776732,0.85427135678392,0.833333333333333,8,1,1,0,1,1
1,DBO,scene1_DBO_run029.mat,333.033950725758,1,0,9.65575397560367,18,8.02719809634635,2.49003031007795,24,0,32,0,161.585803482121,1.26812971985754,8,0,2.66720147253506,0.869346733668342,0.833333333333333,8,0,1,0,1,1
1,DBO,scene1_DBO_run030.mat,345.65470843099,1,4.44089209850063e-14,8.72899958004311,18,8,1.74679831972043,24,0,32,0,160.802300590278,1.26198076814688,8,1.72542112984715,8.17639218702716,0.57286432160804,0.833333333333333,8,0,0,0,1,1
1,CPO,scene1_CPO_run001.mat,302.422509357073,1,0,24.5811657863075,29.3415878801463,12,4.20165665547227,24,0.559090909090909,32,0,139.887480843476,1.09784070178691,8,7.43996887797496,23.4847350632997,0.0100502512562814,0.166666666666667,8,1,0,0,0,1
1,CPO,scene1_CPO_run002.mat,302.054605207353,1,0,27.6986310471153,29.6014785403501,12,3.48619531157221,24,0.872727272727273,32,0,140.687514886589,1.10411939041616,8,11.628384897015,25.8057689770642,0,0,8,1,0,0,0,1
1,CPO,scene1_CPO_run003.mat,305.04372361738,1,0,32.8675663540428,36.3936811933684,12,5.42140648573311,24,0.9,32,0.740909090909091,152.432348160165,1.19629315697258,8,5.08805906276419,17.9702117635269,0.0703517587939698,0.333333333333333,8,1,0,0,0,1
1,CPO,scene1_CPO_run004.mat,289.245703339362,1,0,14.6498837461642,18,12,0.816045461500073,24,0,32,0,152.456325594037,1.19648133251674,8,4.3122936127491,11.4805209186235,0.266331658291457,0.333333333333333,8,0,0,0,0,0
1,CPO,scene1_CPO_run005.mat,296.596675602241,1,0,27.9005547511678,30.9661429366493,12,3.42848336358248,24,0.886363636363636,32,0,149.563088927777,1.17377513355619,8,5.83551946424727,13.4810410382144,0.14572864321608,0.166666666666667,8,1,0,0,0,1
1,CPO,scene1_CPO_run006.mat,297.277591747001,1,0,28.1115840086275,30.5660406813085,12,3.40833863445311,24,0.886363636363636,32,0,150.837257268708,1.18377484087215,8,5.82279245789104,14.1150333238336,0.170854271356784,0.333333333333333,8,1,0,0,0,1
1,CPO,scene1_CPO_run007.mat,297.036552944247,1,0,28.3662873205456,30.5197915443749,12,3.50203753698407,24,0.890909090909091,32,0,149.41781243106,1.17263499971328,8,7.21764092919049,15.9511463700729,0.0251256281407035,0,8,1,0,0,0,1
1,CPO,scene1_CPO_run008.mat,300.379399092594,1,0,23.9405013953648,26.232761143342,12,2.77598083808035,24,0.595454545454545,32,0,138.949830057528,1.09048199326869,8,9.65961328227401,22.7000567027787,0,0,8,1,0,0,0,1
1,CPO,scene1_CPO_run009.mat,306.333716576613,1,0,24.042241689931,29.021564063498,11.9311513542689,5.55976810474596,24,0.631818181818182,32,0,140.323535107303,1.10126286734548,8,6.35225465295496,23.1064876069328,0.0653266331658292,0.166666666666667,8,1,0,0,0,1
1,CPO,scene1_CPO_run010.mat,296.670908454811,1,0,28.9252713506676,30.9889395778736,12,3.78631408004162,24,0.890909090909091,32,0,150.873589157648,1.18405997451106,8,5.92800095577024,14.7632002383278,0.0954773869346734,0.166666666666667,8,1,0,0,0,1
1,CPO,scene1_CPO_run011.mat,296.942495338755,1,0,27.1179013845793,30.4525276216089,12,3.41253812450174,24,0.859090909090909,32,0,147.881621473404,1.16057893187317,8,6.72963379664922,16.2094327504484,0.0402010050251256,0.166666666666667,8,1,0,0,0,1
1,CPO,scene1_CPO_run012.mat,300.340276847787,1,0,23.8781138838281,26.4187005246387,12,3.09937513125473,24,0.609090909090909,32,0,138.894450396026,1.0900473721998,8,10.3128348603973,26.2374259504147,0,0,8,1,0,0,0,1
1,CPO,scene1_CPO_run013.mat,300.954697948443,1,0,23.7530067306669,26.5020530042571,12,3.29643050982338,24,0.609090909090909,32,0,139.348578907632,1.09361138493974,8,8.59864041246684,25.3150687575655,0,0,8,1,0,0,0,1
1,CPO,scene1_CPO_run014.mat,290.995723585806,1,0,15.427668942769,18,12,1.14268872344305,24,0,32,0,153.208802653456,1.20238679266235,8,5.48825213321135,13.0562247302146,0.14572864321608,0.166666666666667,8,0,0,0,0,0
1,CPO,scene1_CPO_run015.mat,288.245967178119,1,0,17.017392529694,18,12,1.16786550274175,24,0,32,0,152.984659693291,1.20062771269891,8,5.49591394828826,11.0767921385298,0.180904522613065,0.333333333333333,8,0,0,0,0,0
1,CPO,scene1_CPO_run016.mat,298.557070951666,1,0,24.5604025396049,26.9147295691633,12,2.90276043669898,24,0.659090909090909,32,0,140.336016947831,1.10136082516474,8,12.7528245330565,24.7077510988126,0,0,8,1,0,0,0,1
1,CPO,scene1_CPO_run017.mat,295.818584019401,1,0,27.521179595959,30.240066109088,12,3.32182811999203,24,0.886363636363636,32,0,149.702561488148,1.17486971795098,8,6.07216940189605,15.0547450144751,0.085427135678392,0.166666666666667,8,1,0,0,0,1
1,CPO,scene1_CPO_run018.mat,297.381182535807,1,0,29.7044619961179,32.2360053207569,12,4.03193425442948,24,0.895454545454546,32,0.263636363636364,149.697762248116,1.17483205338648,8,7.3019736499111,17.5595842035771,0.0201005025125628,0,8,1,0,0,0,1
1,CPO,scene1_CPO_run019.mat,310.937367368949,1,0,35.933169052706,39.0621310643359,12,5.61767521352748,24,0.931818181818182,32,0.840909090909091,143.048500550597,1.12264846923475,8,10.6914628393571,32.2148288387111,0,0,8,1,0,0,0,1
1,CPO,scene1_CPO_run020.mat,289.055709178289,1,0,15.960621551895,18,12,0.973512749939518,24,0,32,0,152.203234501948,1.1944950668375,8,4.36150563788988,11.0055628084683,0.251256281407035,0.333333333333333,8,0,0,0,0,0
1,CPO,scene1_CPO_run021.mat,297.267616379381,1,0,28.8300574281088,30.7774379914889,12,3.58088681662615,24,0.9,32,0,150.418029893768,1.18048473318891,8,6.31229654834902,16.6761370410219,0.0653266331658292,0.166666666666667,8,1,0,0,0,1
1,CPO,scene1_CPO_run022.mat,305.037614955148,1,0,22.4479884734842,28.0601104050498,11.9659903512975,4.35328015040414,24,0.377272727272727,32,0,139.824679261173,1.09734783328451,8,5.89002659350161,20.5381217964756,0.0552763819095477,0.166666666666667,8,0,0,0,0,0
1,CPO,scene1_CPO_run023.mat,299.598594458047,1,0,30.690044266694,32.9977364068641,12,4.29681908451868,24,0.9,32,0.690909090909091,149.030573291875,1.16959593656225,8,8.9568958712512,19.0747086157779,0,0,8,1,0,0,0,1
1,CPO,scene1_CPO_run024.mat,302.393090027655,1,0,25.0749029419016,27.7979342708848,12,3.11611910828378,24,0.727272727272727,32,0,140.730956882263,1.10446032436343,8,10.092139108446,23.2457714740912,0,0,8,1,0,0,0,1
1,CPO,scene1_CPO_run025.mat,298.100942153151,1,0,27.5455550047995,30.4681692775636,12,3.5855638158196,24,0.863636363636364,32,0,150.16793337201,1.17852196897795,8,5.52580059133436,16.4681196391729,0.120603015075377,0.166666666666667,8,1,0,0,0,1
1,CPO,scene1_CPO_run026.mat,297.528131360917,1,0,28.2284666931651,30.3853802188181,12,3.46649306106789,24,0.890909090909091,32,0,148.752861080668,1.16741644367977,8,8.01943414034709,17.3304803373847,0,0,8,1,0,0,0,1
1,CPO,scene1_CPO_run027.mat,287.556410109547,1,0,13.1829367888448,18,12,0.993512755564335,24,0,32,0,153.368439781397,1.2036396291243,8,2.06671911346132,8.48120804938663,0.5678391959799,0.5,8,0,0,0,0,0
1,CPO,scene1_CPO_run028.mat,297.24907687005,1,0,28.751412687947,31.5599972138782,12,3.85598948431491,24,0.886363636363636,32,0,149.988107079868,1.17711068741384,8,7.44908476552158,16.099627846827,0.0150753768844221,0,8,1,0,0,0,1
1,CPO,scene1_CPO_run029.mat,306.343910438075,1,0,35.6093487456507,38.5775392970261,12,5.40162372219821,24,0.936363636363636,32,0.840909090909091,153.289012158627,1.20301627901035,8,8.30930980714355,19.4350616922361,0,0,8,1,0,0,0,1
1,CPO,scene1_CPO_run030.mat,297.416989847282,1,0,26.8030744618285,30.6497597297525,12,3.2546708400784,24,0.859090909090909,32,0,149.409115271283,1.17256674417007,8,5.92326017836864,13.2349592418011,0.175879396984925,0.333333333333333,8,1,0,0,0,1
2,CVF-AE,scene2_CVF-AE_run001.mat,301.832733892273,1,0,17.2773782203328,19.3156665777075,12,1.75471036464536,24,0,31,0,146.413130664618,1.14905417661727,8,5.34102962263239,20.8166432951849,0.0653266331658292,0.333333333333333,8,0,0,0,0,0
2,CVF-AE,scene2_CVF-AE_run002.mat,303.760230354358,1,0,17.0373138369746,18.1659060819424,12,1.3072183919046,24,0,31,0,148.122642908825,1.16247047456314,8,5.44825874126548,20.0958816778305,0.155778894472362,0.5,8,0,0,0,0,0
2,CVF-AE,scene2_CVF-AE_run003.mat,303.807588567584,1,0,15.9130168162747,18,12,1.26243576313518,24,0,31,0,145.972849572908,1.1455988388001,8,6.24427159434421,20.8554124607991,0.050251256281407,0.166666666666667,8,0,0,0,0,0
2,CVF-AE,scene2_CVF-AE_run004.mat,295.547274107046,1,0,15.5177041002479,18,12,1.06997356665288,24,0,31,0,146.699111502327,1.15129856190232,8,6.59016210491188,20.0198436261903,0.0904522613065327,0.333333333333333,8,0,0,0,0,0
2,CVF-AE,scene2_CVF-AE_run005.mat,307.857718941039,1,0,15.2447360187254,18,12,1.1198039295451,24,0,31,0,147.21730559701,1.15536536305663,8,3.66787638151806,20.5779159210665,0.100502512562814,0.166666666666667,8,0,0,0,0,0
2,CVF-AE,scene2_CVF-AE_run006.mat,298.291919059059,1,0,17.5219795460896,20.3863156959065,12,2.53393747338967,24,0,31,0,148.81004208011,1.16786520169713,8,4.05454579988746,20.9683411099994,0.0653266331658292,0.333333333333333,8,0,0,0,0,0
2,CVF-AE,scene2_CVF-AE_run007.mat,302.619962250227,1,0,15.3627653023721,18.2440247916751,11.9813621867152,1.66644332869373,24,0,31,0,147.45190951014,1.15720654085953,8,6.51848867824397,21.4868172133539,0.0301507537688442,0.333333333333333,8,0,0,0,0,0
2,CVF-AE,scene2_CVF-AE_run008.mat,303.247052436039,1,0,15.3583642210864,18,12,0.90995583597366,24,0,31,0,147.271942351951,1.15579415377491,8,4.74819582384401,20.8516321892956,0.14070351758794,0.333333333333333,8,0,0,0,0,0
2,CVF-AE,scene2_CVF-AE_run009.mat,301.074709941712,1,0,14.9056468914745,18,12,1.26701340372225,24,0,31,0,146.507907840453,1.14979799043538,8,7.66252455445483,20.8538021298019,0.0201005025125628,0,8,0,0,0,0,0
2,CVF-AE,scene2_CVF-AE_run010.mat,300.586041211239,1,0,15.8511344204525,18,12,1.0969943957623,24,0,31,0,147.650374659444,1.15876410067459,8,5.43324859254402,21.9929827362613,0.0402010050251256,0.333333333333333,8,0,0,0,0,0
2,CVF-AE,scene2_CVF-AE_run011.mat,301.153546095554,1,0,16.3811982778882,18,12,1.81753218048348,24,0,31,0,147.003389073873,1.15368654044528,8,5.32016185247076,19.2008407282773,0.0703517587939698,0.333333333333333,8,0,0,0,0,0
2,CVF-AE,scene2_CVF-AE_run012.mat,303.379233046224,1,0,16.8057454949575,18.501952191733,12,1.30375395089448,24,0,31,0,147.03212514168,1.15391206187621,8,3.61312628305623,20.3860404449158,0.0904522613065327,0.333333333333333,8,0,0,0,0,0
2,CVF-AE,scene2_CVF-AE_run013.mat,298.868925122623,1,0,15.5459302598318,18,12,0.94356619682969,24,0,31,0,146.108892265913,1.14666650550381,8,8.01634941627,22.3732693207587,0,0,8,0,0,0,0,0
2,CVF-AE,scene2_CVF-AE_run014.mat,305.159328541507,1,0,15.8385059093776,18,12,0.933106563528066,24,0,31,0,147.121968341811,1.15461715372065,8,6.15789897483497,20.7518716575122,0.110552763819095,0.333333333333333,8,0,0,0,0,0
2,CVF-AE,scene2_CVF-AE_run015.mat,295.966558012057,1,0,17.0056995038242,19.1659898187245,12,1.46725364658937,24,0,31,0,147.233126788946,1.15548952819531,8,5.91802248801049,21.8725687899339,0.085427135678392,0.333333333333333,8,0,0,0,0,0
2,CVF-AE,scene2_CVF-AE_run016.mat,300.288730328163,1,0,16.4424195755407,18.4037525093121,12,2.02539332447228,24,0,31,0,145.719591703101,1.14361126424485,8,6.24678950805122,21.1896866539415,0.0703517587939698,0.166666666666667,8,0,0,0,0,0
2,CVF-AE,scene2_CVF-AE_run017.mat,306.001517968724,1,0,16.7519374972074,18.9376150874257,12,1.45661556311573,24,0,31,0,151.613674996118,1.18986818802231,8,3.9466874403326,15.4371929907586,0.115577889447236,0.333333333333333,8,0,0,0,0,0
2,CVF-AE,scene2_CVF-AE_run018.mat,301.784974306163,1,0,16.9857720019751,18.3565439367045,12,1.22570589545848,24,0,31,0,150.168841686476,1.17852909745425,8,4.6337121153588,14.422339942242,0.170854271356784,0.5,8,0,0,0,0,0
2,CVF-AE,scene2_CVF-AE_run019.mat,299.997484494315,1,0,15.7138010458034,18,12,1.26315368498719,24,0,31,0,149.685939628109,1.17473926914755,8,3.81940654609257,21.6842107513677,0.0753768844221105,0.166666666666667,8,0,0,0,0,0
2,CVF-AE,scene2_CVF-AE_run020.mat,297.568583204915,1,0,16.3396797951526,18,12,1.19627715836687,24,0,31,0,147.88529923284,1.16060779502787,8,4.67082704385594,20.377435292465,0.110552763819095,0.333333333333333,8,0,0,0,0,0
2,CVF-AE,scene2_CVF-AE_run021.mat,298.038845723075,1,0,16.7620468729111,19.9968897238057,12,2.81814368595558,24,0,31,0,148.808369163562,1.16785207260318,8,4.48699500961092,18.3659566786692,0.125628140703518,0.333333333333333,8,0,0,0,0,0
2,CVF-AE,scene2_CVF-AE_run022.mat,299.124008234375,1,0,17.6803837869189,19.4170004125018,12,1.61561066858184,24,0,31,0,144.352318063204,1.13288086404529,8,8.22141725654353,21.5352758242413,0,0,8,0,0,0,0,0
2,CVF-AE,scene2_CVF-AE_run023.mat,300.824754693959,1,0,16.1826986194055,18,12,1.14196984923596,24,0,31,0,148.897489497457,1.16855149137402,8,4.71379322677771,19.6795860657608,0.0904522613065327,0.333333333333333,8,0,0,0,0,0
2,CVF-AE,scene2_CVF-AE_run024.mat,302.819076108751,1,0,17.0406856833001,18.8043228911625,12,1.44840987990802,24,0,31,0,148.234588818609,1.16334902906579,8,4.68606611778901,20.9496435898136,0.125628140703518,0.333333333333333,8,0,0,0,0,0
2,CVF-AE,scene2_CVF-AE_run025.mat,297.50539018409,1,0,17.449256688931,18.9632514464835,12,1.55149240573081,24,0,31,0,146.054480790232,1.14623948278321,8,5.23007814016411,21.247874610917,0.120603015075377,0.333333333333333,8,0,0,0,0,0
2,CVF-AE,scene2_CVF-AE_run026.mat,303.080661430803,1,0,17.1192104295748,18.538353227117,12,1.20237362146936,24,0,31,0,145.374917235788,1.14090624978037,8,6.18754960115269,21.3666828133829,0.0452261306532663,0.166666666666667,8,0,0,0,0,0
2,CVF-AE,scene2_CVF-AE_run027.mat,298.725151140125,1,0,16.4016323675236,18.0409740733241,12,1.62285438737345,24,0,31,0,146.321792879239,1.14833735522771,8,6.30917905827326,20.6496204635976,0.100502512562814,0.333333333333333,8,0,0,0,0,0
2,CVF-AE,scene2_CVF-AE_run028.mat,301.133738373621,1,0,16.4054678989677,18.1556274180261,12,1.34095323442947,24,0,31,0,148.22954790134,1.16330946781185,8,5.06029271673567,20.1170271452485,0.0904522613065327,0.166666666666667,8,0,0,0,0,0
2,CVF-AE,scene2_CVF-AE_run029.mat,303.239908723306,1,0,15.5596470673131,18.5913899915945,12,1.44284363566592,24,0,31,0,149.060384793927,1.16982989802997,8,3.13234479985795,21.022499124314,0.115577889447236,0.166666666666667,8,0,0,0,0,0
2,CVF-AE,scene2_CVF-AE_run030.mat,302.769107593636,1,0,16.8947252969091,18.1144798255823,12,1.53453860284655,24,0,31,0,147.083818453622,1.15431775237487,8,3.1989190503501,19.3155789922841,0.14572864321608,0.166666666666667,8,0,0,0,0,0
2,AE,scene2_AE_run001.mat,1839.01688656664,0,8,20.503367356568,23.0430883459998,12,2.1529538460576,24,0,31,0,175.279458587846,1.37559789242488,8,30.854565007953,37.3048385688109,0,0,8,0,0,0,0,0
2,AE,scene2_AE_run002.mat,1168.4245417644,0,5,18.5732531343487,21.3283088214872,12,1.67344011576499,24,0,31,0,151.528542117299,1.18920006290586,8,11.8734267928809,35.944219691032,0,0,8,0,0,0,0,0
2,AE,scene2_AE_run003.mat,1395.54820573087,0,6,19.1218579193249,19.9766520346089,12,1.16181585755983,24,0,31,0,161.693032600689,1.26897125685622,8,22.2223936781129,38.2700975464835,0,0,8,0,0,0,0,0
2,AE,scene2_AE_run004.mat,1896.02898124043,0,9,18.222256424725,20.2529980366409,12,1.44260816635967,24,0,31,0,164.122671583854,1.28803912876501,8,28.0526003558292,37.2239671245235,0,0,8,0,0,0,0,0
2,AE,scene2_AE_run005.mat,1452.75340289471,0,6,21.0972523892807,23.2995600778307,12,1.97983278728566,24,0,31,0,185.767259887549,1.45790643833365,8,12.200037683884,37.2371831455352,0,0,8,0,0,0,0,0
2,AE,scene2_AE_run006.mat,1649.35908273057,0,8,20.4947122803269,24.6232535725082,12,2.65329377996414,24,0.131818181818182,31,0,164.566733565398,1.291524139107,8,11.3974248622805,18.0120033798804,0,0,8,0,0,0,0,0
2,AE,scene2_AE_run007.mat,1932.52352495752,0,9,20.0844742429619,23.3045444213951,12,2.11631446184093,24,0,31,0,161.341217235865,1.26621020043652,8,29.0732577974647,37.4327480073657,0,0,8,0,0,0,0,0
2,AE,scene2_AE_run008.mat,2060.21735755192,0,10,21.0191789038055,24.3684617441942,12,2.4202786073946,24,0.118181818181818,31,0,153.15914076423,1.20199704482366,8,25.8409318985753,41.0761359196991,0,0,8,0,0,0,0,0
2,AE,scene2_AE_run009.mat,1805.88449748266,0,9,19.9441363541385,23.1957337962703,12,2.15635070144698,24,0,31,0,148.275424358688,1.16366950747964,8,21.1231622990452,32.449720881551,0,0,8,0,0,0,0,0
2,AE,scene2_AE_run010.mat,1780.53993684029,0,8,19.886480283019,22.3790060481835,12,2.04158440155738,24,0,31,0,159.54270313011,1.25209541349397,8,30.0057961066675,39.5050393457869,0,0,8,0,0,0,0,0
2,AE,scene2_AE_run011.mat,1857.99798804745,0,9,19.4031143738334,21.5819702638401,12,1.52929316934845,24,0,31,0,148.594612455969,1.16617450422851,8,21.6860177235746,39.6464066194718,0,0,8,0,0,0,0,0
2,AE,scene2_AE_run012.mat,1102.82407832753,0,3,22.7733507132757,28.7117570257964,12,3.86564893146576,24,0.377272727272727,31,0,221.351129221833,1.73716959931627,8,9.45720946326026,26.8232093093895,0,0.166666666666667,8,0,0,0,0,0
2,AE,scene2_AE_run013.mat,1923.89641496628,0,9,19.3689892042618,21.0450551926305,12,1.33195626805804,24,0,31,0,160.527771332762,1.25982625517034,8,29.041578744296,41.2598234343823,0,0,8,0,0,0,0,0
2,AE,scene2_AE_run014.mat,1854.32208810392,0,8,19.2002191934066,21.8807453244267,12,1.91552102247063,24,0,31,0,180.379417502609,1.41562250678142,8,29.3983599142633,37.2368037545157,0,0,8,0,0,0,0,0
2,AE,scene2_AE_run015.mat,2327.61028010971,0,12,19.2903835501299,21.8593942908455,12,1.66399174695081,24,0,31,0,158.782982023477,1.24613310187152,8,24.7483710344185,37.1433674299079,0,0,8,0,0,0,0,0
2,AE,scene2_AE_run016.mat,2272.67879711434,0,9,19.436627350711,21.4300530722086,12,1.96378669274069,24,0,31,0,185.777223998531,1.4579846369439,8,29.9102073432307,39.6853741805518,0,0,8,0,0,0,0,0
2,AE,scene2_AE_run017.mat,1098.55787366242,0,5,19.9926442795596,21.8005485324389,12,2.02362134328065,24,0,31,0,150.267926520121,1.17930671788639,8,14.9807775296709,36.0081445556285,0,0,8,0,0,0,0,0
2,AE,scene2_AE_run018.mat,1696.66928752481,0,8.13494439423783,20.1332627313636,21.7512080679609,12,1.66686555371982,24,0,31,0,157.088964219824,1.23283840471072,8,24.9434660550503,34.1654944218333,0,0,8,0,0,0,0,0
2,AE,scene2_AE_run019.mat,1407.85556184218,0,5,22.7904948342155,27.0786234257358,12,3.13605095006909,24,0.440909090909091,31,0,207.597501069477,1.62923075667035,8,9.36520913325917,13.9516413859862,0,0.166666666666667,8,0,0,0,0,0
2,AE,scene2_AE_run020.mat,1852.43856818251,0,9,17.9531950459729,20.9757212611531,12,2.03122419540351,24,0,31,0,149.654359174994,1.17449142490444,8,24.4805543674641,35.4276595458783,0,0,8,0,0,0,0,0
2,AE,scene2_AE_run021.mat,1802.96719443254,0,8,19.5099582516637,20.9351947159119,12,1.40973482766134,24,0,31,0,165.41974667196,1.29821860884721,8,30.0223100356246,38.542778564926,0,0,8,0,0,0,0,0
2,AE,scene2_AE_run022.mat,938.889560911234,0,4,18.5810832888384,19.8053480522594,12,1.30890594605918,24,0,31,0,145.389759061763,1.14102272882871,8,12.1995193181669,32.6333634478754,0,0,8,0,0,0,0,0
2,AE,scene2_AE_run023.mat,828.248705902654,0,3,18.4740356343702,21.5997138923181,12,1.90872922720965,24,0,31,0,156.758061949687,1.23024147481907,8,5.64060588708446,27.199136455508,0.0603015075376884,0.166666666666667,8,0,0,0,0,0
2,AE,scene2_AE_run024.mat,2159.41216136612,0,10,19.5844948405368,21.3392861503804,12,1.43061630795936,24,0,31,0,191.452612473449,1.50252523792298,8,24.6018150668072,36.3156716279493,0,0,8,0,0,0,0,0
2,AE,scene2_AE_run025.mat,1633.81816298348,0,8,21.8324027546656,23.6556097988146,12,2.3974666778775,24,0,31,0,153.791167703785,1.2069572091978,8,23.8285567727231,33.300331430454,0,0,8,0,0,0,0,0
2,AE,scene2_AE_run026.mat,2317.40538192897,0,11,20.2297273843463,22.2796451982066,12,1.65415053736863,24,0,31,0,182.333069932207,1.43095482345068,8,23.1561823586405,41.3205696679285,0,0,8,0,0,0,0,0
2,AE,scene2_AE_run027.mat,827.588900958427,0,3,18.7242461834184,22.2876523357867,12,2.03263061677744,24,0,31,0,151.988512135927,1.19280991994958,8,11.1996870609367,35.41813915508,0,0,8,0,0,0,0,0
2,AE,scene2_AE_run028.mat,1551.2227783777,0,7,20.7616488232992,22.388433410262,12,1.90822529262718,24,0,31,0,152.292122908812,1.19519266543878,8,22.0561052893117,41.1300795236628,0,0,8,0,0,0,0,0
2,AE,scene2_AE_run029.mat,2022.40567573423,0,10,20.3779033842781,21.8460499897198,12,1.33566225449539,24,0,31,0,153.858150803118,1.20748289435802,8,25.8250706245273,40.7811890930303,0,0,8,0,0,0,0,0
2,AE,scene2_AE_run030.mat,1595.021265911,0,8,19.3018774166971,21.6911723637237,12,1.9526425923829,24,0,31,0,146.239128928575,1.14768860632565,8,21.6306301101295,39.7642120916449,0,0,8,0,0,0,0,0
2,PSO,scene2_PSO_run001.mat,1042.85468773599,0,4,22.0166444748686,23.3683826586247,12,2.17890660502134,24,0,31,0,165.420964484843,1.29822816627538,8,8.57719811033862,33.0178601330667,0,0,8,0,0,0,0,0
2,PSO,scene2_PSO_run002.mat,774.31053746748,0,3,20.903540978508,21.6327990613674,12,1.63489001219313,24,0,31,0,149.266357510702,1.17144637743591,8,3.44603367383012,21.932366723329,0.100502512562814,0.166666666666667,8,0,0,0,0,0
2,PSO,scene2_PSO_run003.mat,958.207962109167,0,2,25.8952751444356,31.8125388084078,12,6.6648603652744,24,0.663636363636364,31,0.4,232.726951655052,1.8264473588998,8,2.29125468716647,24.9961368812271,0.135678391959799,0.5,8,1,0,1,0,1
2,PSO,scene2_PSO_run004.mat,353.219216478804,1,3.5527136788005e-14,30.2295710926947,32,12,3.90789379901473,24,0.909090909090909,31,0.754545454545455,163.907351881677,1.28634929396691,8,0.0715095550906142,9.4310699927427,0.668341708542714,0.666666666666667,8,1,1,0,1,1
2,PSO,scene2_PSO_run005.mat,282.860249636185,1,0,27.2948740555651,29.9186220034652,12,3.25646672453024,24,0.881818181818182,31,0,141.73026699194,1.11230293690813,8,11.0511693559151,24.8946404375778,0,0,8,1,0,0,0,1
2,PSO,scene2_PSO_run006.mat,777.750775581225,0,3,26.4225620287214,29.63298533776,12,3.15683841012625,24,0.831818181818182,31,0,137.2104933596,1.07683163221005,8,7.39357373988724,27.3662660587879,0.0201005025125628,0,8,1,0,0,0,1
2,PSO,scene2_PSO_run007.mat,424.077286651537,1,0,9.5166535969936,18,8.12719314522339,1.56074912957299,24,0,31,0,190.326335829882,1.49368618861475,8,5.16994166604656,25.7928496863912,0.050251256281407,0.166666666666667,8,0,0,0,0,0
2,PSO,scene2_PSO_run008.mat,1006.80796449761,0,3,18.7177291977764,28.6515506051063,12,4.66309053869098,24,0.2,31,0,205.970647988867,1.61646317005751,8,10.1200782791526,25.9151955818219,0,0,8,0,0,0,0,0
2,PSO,scene2_PSO_run009.mat,2008.90666907556,0,10,30.1937566028949,31.9949059767453,12,3.89623139364017,24,0.909090909090909,31,0.754545454545455,164.479444788816,1.29083909444708,8,25.7939246499029,38.8394824760388,0,0,8,1,0,0,0,1
2,PSO,scene2_PSO_run010.mat,1075.53581814694,0,5,15.9471679930568,18.1538388661113,10.2909974734996,2.38961742628766,24,0,31,0,141.80387718162,1.11288063165115,8,6.04403818949193,17.6080225425799,0.0804020100502513,0.166666666666667,8,0,0,0,0,0
2,PSO,scene2_PSO_run011.mat,283.228553208535,1,0,27.6960740754448,30.8405544381272,12,3.89622545456271,24,0.854545454545454,31,0,143.423161564403,1.12558881892043,8,5.36378822577264,24.2319371381308,0.0301507537688442,0.166666666666667,8,1,0,0,0,1
2,PSO,scene2_PSO_run012.mat,851.66178887413,0,3,17.9661628323406,18.9662656457692,12,1.27083042506877,24,0,31,0,140.968573347359,1.10632514475496,8,3.15649563318011,31.7810880981452,0.115577889447236,0.166666666666667,8,0,0,0,0,0
2,PSO,scene2_PSO_run013.mat,786.932231441405,0,3,18.7681784170493,19.8265126874255,12,1.86197594142291,24,0,31,0,149.344778585539,1.17206182813468,8,8.28685254220355,22.3791812375647,0,0,8,0,0,0,0,0
2,PSO,scene2_PSO_run014.mat,280.565779988119,1,0,30.2141734712193,31.9995757066261,12,3.90349486254517,24,0.909090909090909,31,0.754545454545455,140.983415053589,1.10644162286354,8,11.28241601968,29.2798487210668,0,0,8,1,0,0,0,1
2,PSO,scene2_PSO_run015.mat,854.584280283212,0,3,11.2618865463438,18,9.53059179012812,1.2997012559902,24,0,31,0,160.171169263852,1.25702763256859,8,7.20828000807236,22.4149100074818,0.0201005025125628,0.333333333333333,8,0,0,0,0,0
2,PSO,scene2_PSO_run016.mat,890.358949422039,0,3,21.8027083884712,27.1953629936681,12,2.65072865765075,24,0.159090909090909,31,0,168.91335682053,1.32563655500043,8,8.08926496802418,26.6269860931505,0,0.166666666666667,8,0,0,0,0,0
2,PSO,scene2_PSO_run017.mat,1029.95609251386,0,3,24.0008776711977,28.8113680734407,12,4.48535312081824,24,0.586363636363636,31,0,206.888419804956,1.62366586788707,8,0.00110429373495435,7.81641845927425,0.587939698492462,0.833333333333333,8,1,0,0,1,1
2,PSO,scene2_PSO_run018.mat,641.769867919395,0,2,30.2294771454591,32,12,3.90791234754547,24,0.909090909090909,31,0.754545454545455,149.173485546568,1.17071751577034,8,0.00945083710460545,5.67990856813818,0.738693467336683,0.666666666666667,8,1,1,0,1,1
2,PSO,scene2_PSO_run019.mat,288.013235857244,1,0,30.0301983695485,32,12,4.00210983624961,24,0.904545454545455,31,0.722727272727273,142.923435825976,1.12166695792138,8,6.1604334496157,28.2252377027451,0.0150753768844221,0.166666666666667,8,1,0,0,0,1
2,PSO,scene2_PSO_run020.mat,770.193035294185,0,3,20.8205736625252,21.5848142643929,12,1.6006113092285,24,0,31,0,146.214514039672,1.14749542801731,8,9.47627695481533,23.8458303355745,0,0,8,0,0,0,0,0
2,PSO,scene2_PSO_run021.mat,414.071672023244,1,0,11.6966417696637,18,9.331903374233,2.31796863634817,24,0,31,0,187.120817512694,1.46852919488155,8,6.49012735442639,25.489712416273,0.155778894472362,0.333333333333333,8,0,0,0,0,0
2,PSO,scene2_PSO_run022.mat,655.742171766313,1,0,26.5436094606691,29.4178659142747,12,3.19317398611084,24,0.85,31,0,249.484464289341,1.95796076753152,8,0,6.14439864597366,0.758793969849246,1,8,1,1,1,1,1
2,PSO,scene2_PSO_run023.mat,303.556291295368,1,0,24.5910193280088,31.5738207834514,12,6.84688666689153,24,0.590909090909091,31,0.268181818181818,149.668182232117,1.17459990862751,8,7.30302883244603,19.4164218572669,0.0150753768844221,0,8,1,0,0,0,1
2,PSO,scene2_PSO_run024.mat,335.081036395909,1,0,28.2683894830003,31.6248654767682,12,4.79914011559939,24,0.827272727272727,31,0.509090909090909,149.887785636379,1.17632336203446,8,9.63634752497292,28.9483432323197,0,0,8,1,0,0,0,1
2,PSO,scene2_PSO_run025.mat,294.321843500823,1,0,14.8083657366398,18,12,0.785597629888021,24,0,31,0,152.380465494742,1.19588598042272,8,4.17188922633282,16.4450302390928,0.0603015075376884,0.166666666666667,8,0,0,0,0,0
2,PSO,scene2_PSO_run026.mat,795.891918601154,0,3,30.228775066469,31.9999999999365,12,3.90753486485746,24,0.909090909090909,31,0.754545454545455,156.633230920016,1.22926179754993,8,3.78483478814404,7.58339143503328,0.884422110552764,0.833333333333333,8,1,1,0,1,1
2,PSO,scene2_PSO_run027.mat,355.058760918145,1,0,23.5372878224542,31.9999972110807,11.9244113172014,7.49659817234898,24,0.527272727272727,31,0.259090909090909,149.620693455322,1.17422721543346,8,5.15944928375936,14.4132958157433,0.391959798994975,0.833333333333333,8,1,0,0,1,1
2,PSO,scene2_PSO_run028.mat,293.528998135032,1,3.5527136788005e-14,29.3470163260135,32,12,4.58597943148268,24,0.863636363636364,31,0.631818181818182,144.310050498926,1.13254914706711,8,5.41741856750019,27.8061820613491,0.0351758793969849,0.166666666666667,8,1,0,0,0,1
2,PSO,scene2_PSO_run029.mat,1672.20224368197,0,7,23.3108438428883,27.5190260878422,12,2.80523366285262,24,0.286363636363636,31,0,217.690321183764,1.7084394796416,8,12.628537606405,24.3648510788032,0,0.333333333333333,8,0,0,0,0,0
2,PSO,scene2_PSO_run030.mat,1397.21991894793,0,6,19.3239644647824,21.537958329757,10.7480812115657,3.37744480686788,24,0,31,0,166.791905560747,1.3089873486111,8,27.6113423645105,33.7595877159476,0,0,8,0,0,0,0,0
2,GWO,scene2_GWO_run001.mat,298.054230854635,1,0,13.8622949756447,18.0070071725263,12,1.4897348925059,24,0,31,0,150.701434372049,1.18270889913606,8,0.163442429095061,2.95785421529191,0.889447236180904,0.833333333333333,8,0,1,0,1,1
2,GWO,scene2_GWO_run002.mat,301.264766693809,1,0,13.3779862892584,18,12,1.14429442903772,24,0,31,0,150.629947551137,1.1821478686481,8,0.115592316975127,3.86060046529189,0.85929648241206,0.833333333333333,8,0,1,0,1,1
2,GWO,scene2_GWO_run003.mat,292.489339704633,1,0,13.2025942777858,18,12,1.19347153593294,24,0,31,0,150.74603055701,1.18305889119182,8,0.32273392367109,5.33546308589947,0.718592964824121,0.833333333333333,8,0,1,0,1,1
2,GWO,scene2_GWO_run004.mat,396.492963045138,1,0,10.450736748476,18,9.85757216396092,1.36486255162453,24,0,31,0,161.918434030383,1.27074021332228,8,0.00133892792703677,3.15772153251539,0.909547738693467,1,8,0,1,0,1,1
2,GWO,scene2_GWO_run005.mat,307.824421635945,1,0,12.2234584527937,18,11.4946626314553,1.37981606158436,24,0,31,0,152.058932401316,1.1933625800812,8,0.00565733060109742,1.95694341436701,0.919597989949749,1,8,0,1,0,1,1
2,GWO,scene2_GWO_run006.mat,368.199367080571,1,0,18.0710365685431,18.5173733026512,12,1.00700407147375,24,0,31,0,161.940356951617,1.27091226499615,8,0.16972835616211,3.27589338461031,0.864321608040201,0.833333333333333,8,0,1,0,1,1
2,GWO,scene2_GWO_run007.mat,326.131030767758,1,0,12.4683357354575,18,11.7960200117232,1.0544413345272,24,0,31,0,155.70054306607,1.22194203825518,8,0.011083471716056,1.9348372660851,0.919597989949749,1,8,0,1,0,1,1
2,GWO,scene2_GWO_run008.mat,368.539489406259,1,0,15.1153778481949,18.4578304288393,12,2.62678239548426,24,0,31,0,168.74632713115,1.32432570151803,8,1.29951431696029,6.60018329249164,0.648241206030151,0.666666666666667,8,0,0,0,1,1
2,GWO,scene2_GWO_run009.mat,354.378645075524,1,0,13.5542984638288,18,12,1.17705639754307,24,0,31,0,174.734304983243,1.37131951231359,8,0.00962700388932428,1.7725617674396,0.959798994974874,1,8,0,1,0,1,1
2,GWO,scene2_GWO_run010.mat,289.663405841686,1,0,13.6247399538796,18,12,1.06038962588813,24,0,31,0,150.351476794133,1.17996242267786,8,0.553143089588443,4.09712561043838,0.899497487437186,1,8,0,1,0,1,1
2,GWO,scene2_GWO_run011.mat,370.78349395356,1,0,12.1966647411967,18,9.86735483168151,2.48848779449089,24,0,31,0,169.709043482985,1.33188112526966,8,0.142449534600682,5.07317211387922,0.693467336683417,0.833333333333333,8,0,1,0,1,1
2,GWO,scene2_GWO_run012.mat,388.38237912929,1,0,24.9378243348304,29.1105127942844,12,3.76262049379548,24,0.540909090909091,31,0,158.229301048829,1.24178779873139,8,0.699134041901676,10.7324315718738,0.542713567839196,0.833333333333333,8,1,0,0,1,1
2,GWO,scene2_GWO_run013.mat,307.556384582751,1,0,12.5954667381468,18,12,1.00945634539292,24,0,31,0,151.941387338157,1.19244008327268,8,0.195027542793421,3.82225839237542,0.904522613065327,0.833333333333333,8,0,1,0,1,1
2,GWO,scene2_GWO_run014.mat,378.958462749737,1,0,13.1266507957738,18,11.2611054571339,1.8099767256915,24,0,31,0,169.492934495778,1.33018509614148,8,0.290900993344014,5.44039675409774,0.628140703517588,0.833333333333333,8,0,0,0,1,1
2,GWO,scene2_GWO_run015.mat,298.553156354886,1,0,13.8720780775076,18,12,1.0031430886329,24,0,31,0,152.020123919372,1.19305801007396,8,0.0685585436250049,3.54495999209199,0.914572864321608,0.833333333333333,8,0,1,0,1,1
2,GWO,scene2_GWO_run016.mat,350.155013866227,1,0,12.8606663496781,18,12,1.06577415438964,24,0,31,0,173.456150626733,1.36128852264045,8,0.0954909253549208,2.97684616203877,0.934673366834171,1,8,0,1,0,1,1
2,GWO,scene2_GWO_run017.mat,327.798539150481,1,0,13.8748396506166,18,12,0.720437294974836,24,0,31,0,155.344917912333,1.2191510825099,8,0.0134199020616167,1.76324561237955,0.92964824120603,1,8,0,1,0,1,1
2,GWO,scene2_GWO_run018.mat,310.185252184544,1,0,15.5930136694187,18,12,0.949529774302515,24,0,31,0,152.781950869967,1.19903684841632,8,0.12865230094963,1.95214354573534,0.92964824120603,1,8,0,1,0,1,1
2,GWO,scene2_GWO_run019.mat,412.378334732987,1,0,28.3667487520469,30.1107061960192,12,3.47849925208074,24,0.890909090909091,31,0,174.206580791098,1.36717791869877,8,0.208157745815699,3.68415457176945,0.909547738693467,1,8,1,1,0,1,1
2,GWO,scene2_GWO_run020.mat,380.117155846951,1,0,14.7408207429691,18,12,1.17770590411692,24,0,31,0,168.357968945638,1.32127785606141,8,3.50518547050053,6.73615382245135,0.688442211055276,0.666666666666667,8,0,1,0,1,1
2,GWO,scene2_GWO_run021.mat,293.96255135696,1,0,12.0405996534309,18,11.0493525153128,1.20745021639378,24,0,31,0,150.611579917599,1.18200371896742,8,0.0107118427275978,3.32910490322643,0.884422110552764,0.833333333333333,8,0,1,0,1,1
2,GWO,scene2_GWO_run022.mat,415.14198177526,1,0,17.7823798152301,18.6714297700107,12,1.02885716298316,24,0,31,0,174.88837669891,1.37252867127073,8,0.0188154641329521,3.63267396991041,0.728643216080402,0.833333333333333,8,0,1,0,1,1
2,GWO,scene2_GWO_run023.mat,313.102312413718,1,0,11.9672908349012,18,11.3482501790115,1.15855039148473,24,0,31,0,152.912687363781,1.20006287192644,8,0.27500887566193,5.43377083140983,0.778894472361809,0.833333333333333,8,0,1,0,1,1
2,GWO,scene2_GWO_run024.mat,372.955270547578,1,0,17.1161844938913,18.6861393447839,12,1.31250568403238,24,0,31,0,167.791186805521,1.31682973462328,8,3.26125721719664,6.4649325674944,0.658291457286432,0.833333333333333,8,0,1,0,1,1
2,GWO,scene2_GWO_run025.mat,351.347656403109,1,0,13.688959018567,18,11.5684239624965,1.57363252712699,24,0,31,0,167.290381205469,1.31289939884122,8,2.97073251456624,6.52927796573923,0.763819095477387,0.666666666666667,8,0,1,0,1,1
2,GWO,scene2_GWO_run026.mat,348.291454182054,1,0,17.4194323911782,18,12,0.860281616568551,24,0,31,0,159.43271722857,1.25123224118859,8,1.45237025751471,7.47765537854557,0.703517587939699,0.666666666666667,8,0,1,0,1,1
2,GWO,scene2_GWO_run027.mat,346.270283775363,1,0,13.769492735664,18,12,1.25247328953497,24,0,31,0,172.917629642597,1.35706219551249,8,0.737169510120022,3.285566037727,0.949748743718593,0.833333333333333,8,0,1,0,1,1
2,GWO,scene2_GWO_run028.mat,367.926593033299,1,0,12.8523527692506,18,10.2401886261219,2.09088910181508,24,0,31,0,169.172999743153,1.32767423962144,8,0.120457283233296,5.08098661075026,0.78391959798995,1,8,0,1,0,1,1
2,GWO,scene2_GWO_run029.mat,297.831282601448,1,0,13.8771963024046,18,12,1.43360177305057,24,0,31,0,150.520734080886,1.18129075840419,8,1.61755885752053,5.09982333783821,0.839195979899497,0.833333333333333,8,0,1,0,1,1
2,GWO,scene2_GWO_run030.mat,300.098396172452,1,0,13.2499816568263,18.1668734308167,11.9740958199583,1.88659675382888,24,0,31,0,151.888726799855,1.1920268019556,8,0.0332479054875042,3.11667763328194,0.914572864321608,0.833333333333333,8,0,1,0,1,1
2,WOA,scene2_WOA_run001.mat,521.196770400945,1,0,21.2066324880381,25.8697191909789,12,2.67624158683748,24,0.209090909090909,31,0,181.541563113376,1.42474305670634,8,7.7139076155644,11.4421948111866,0.0100502512562814,0,8,0,0,0,0,0
2,WOA,scene2_WOA_run002.mat,1145.683204842,0,4,29.868512923753,31.6670063014543,12,3.85088819999982,24,0.904545454545455,31,0.722727272727273,151.855863407778,1.1917688891731,8,1.07370552184595,3.57629242946979,0.919597989949749,1,8,1,1,0,1,1
2,WOA,scene2_WOA_run003.mat,1470.87412382372,0,5,27.7648488833917,31.673686617121,12,3.64599715257228,24,0.904545454545455,31,0.254545454545455,170.58599921324,1.33876349736282,8,0.707422729332862,2.73674842016804,0.919597989949749,1,8,1,1,0,1,1
2,WOA,scene2_WOA_run004.mat,397.277373188011,1,0,26.7814860706149,29.6304583330742,12,4.34725676509718,24,0.772727272727273,31,0,158.517680065798,1.2440510049916,8,6.88713380326161,9.65751456086767,0.0753768844221105,0,8,1,0,0,0,1
2,WOA,scene2_WOA_run005.mat,558.71684533978,1,0,27.5503491614966,29.0221748236713,12,3.24528113169265,24,0.881818181818182,31,0,230.970380580799,1.81266174199348,8,10.7353033338219,20.5930804142674,0,0.166666666666667,8,1,0,1,0,1
2,WOA,scene2_WOA_run006.mat,638.614319239564,1,0,30.2199993869732,31.9893140765481,12,3.90552731678406,24,0.909090909090909,31,0.754545454545455,240.846937144379,1.89017322281807,8,11.7718870693644,19.7604990591657,0,0,8,1,0,1,0,1
2,WOA,scene2_WOA_run007.mat,1201.64699983988,0,4,27.2644044950062,29.1967787596292,12,3.28612034927359,24,0.872727272727273,31,0,185.010054898079,1.45196387326619,8,7.18588001569154,12.0330327911849,0.0351758793969849,0,8,1,0,0,0,1
2,WOA,scene2_WOA_run008.mat,745.450668468038,1,0,23.7377664667923,29.9338296312397,12,4.36743014820882,24,0.409090909090909,31,0,303.431075651657,2.38133522048418,8,6.09382924189379,8.52521226829412,0.683417085427136,1,8,0,1,1,1,1
2,WOA,scene2_WOA_run009.mat,1497.36736955634,0,5.70203159073277,29.1978506965725,30.8483412885325,12,3.65313610975334,24,0.9,31,0,204.660852689756,1.60618386141814,8,3.598933473336,9.68747705282402,0.57286432160804,1,8,1,0,0,1,1
2,WOA,scene2_WOA_run010.mat,1502.41000858116,0,5,29.9132790569318,31.8662254312533,12,3.82295067393376,24,0.909090909090909,31,0.722727272727273,149.105978232857,1.17018771656162,8,7.25196890955405,10.2089809732183,0.0201005025125628,0,8,1,0,0,0,1
2,WOA,scene2_WOA_run011.mat,1187.03580440298,0,4,26.8665059976743,29.4972590525041,12,3.89542686268513,24,0.8,31,0,176.457873942587,1.3848461277369,8,6.7235965037282,13.4110634333286,0.050251256281407,0.5,8,1,0,0,0,1
2,WOA,scene2_WOA_run012.mat,393.44830756043,1,0,26.5536114789312,28.4241028777465,12,2.95436056995333,24,0.877272727272727,31,0,167.242919232604,1.31252691600514,8,5.3679456607419,13.014074933545,0.0301507537688442,0.166666666666667,8,1,0,0,0,1
2,WOA,scene2_WOA_run013.mat,528.902339956829,1,0,28.2894194566072,29.8487493940869,12,3.43007279913633,24,0.890909090909091,31,0,207.731248737631,1.63028041195746,8,11.4800722915435,19.9412400079236,0,0,8,1,0,0,0,1
2,WOA,scene2_WOA_run014.mat,866.70067496196,0,0.148767458104506,25.8451223632106,31.4747947134518,12,4.14035742127968,24,0.681818181818182,31,0.104545454545455,353.690166156638,2.77576991084005,8,1.86861217641149,20.0861108495368,0.236180904522613,1,8,1,0,1,1,1
2,WOA,scene2_WOA_run015.mat,1058.41687064783,0,4,26.2723111544815,27.5994427045307,12,2.92987933996912,24,0.863636363636364,31,0,146.542665282873,1.15007076777577,8,10.5072909072355,17.238766274294,0,0,8,1,0,0,0,1
2,WOA,scene2_WOA_run016.mat,986.001442470448,0,4,26.7652158840706,28.4676778162452,12,3.08621410920299,24,0.868181818181818,31,0,138.922832869769,1.09027011861502,8,10.5284899387504,16.9333633796359,0,0,8,1,0,0,0,1
2,WOA,scene2_WOA_run017.mat,1497.93895755592,0,5,22.2603493858385,30.3651439496851,12,5.2084625844737,24,0.409090909090909,31,0,180.858829302472,1.41938494344576,8,2.92337345987345,5.30649178119126,0.909547738693467,1,8,0,1,0,1,1
2,WOA,scene2_WOA_run018.mat,1159.85655853817,0,4,28.0120259921436,30.766518004728,12,3.3749338715306,24,0.886363636363636,31,0,164.730386528666,1.2928084919523,8,3.76944508746952,9.46578668928695,0.537688442211055,0.5,8,1,0,0,0,1
2,WOA,scene2_WOA_run019.mat,712.1353862935,1,0,27.6645735840328,29.1404713452304,12,3.27605321280057,24,0.886363636363636,31,0,250.265936054492,1.96409377890543,8,13.8561646835642,22.8890928469298,0,0,8,1,0,1,0,1
2,WOA,scene2_WOA_run020.mat,1021.8172256536,0,3.37089881737708,9.38529494006596,18,8.44716045958504,1.61476154727918,24,0,31,0,179.436566524529,1.40822298701586,8,1.15997464364634,5.20796025219859,0.768844221105528,0.833333333333333,8,0,1,0,1,1
2,WOA,scene2_WOA_run021.mat,1251.86410246484,0,4,27.0950693164495,28.9212150203702,12,3.16233314139689,24,0.877272727272727,31,0,195.371636536447,1.53328184388728,8,7.91129060321113,12.5501159976979,0.0050251256281407,0,8,1,0,0,0,1
2,WOA,scene2_WOA_run022.mat,1124.60766867053,0,4,29.5938224535515,31.4572144849164,12,3.72405816879106,24,0.909090909090909,31,0.613636363636364,156.057814871688,1.22474591696857,8,1.77757736393177,4.4849953653312,0.914572864321608,1,8,1,1,0,1,1
2,WOA,scene2_WOA_run023.mat,1237.88343415499,0,4,28.9885670296709,31.6006626291996,12,4.29082357374333,24,0.854545454545454,31,0.586363636363636,172.681508217439,1.35520910823449,8,1.27515149502065,4.48856318769586,0.919597989949749,1,8,1,1,0,1,1
2,WOA,scene2_WOA_run024.mat,1322.52670599277,0,4,29.5100505611214,31.9072879453884,12,3.64346091229547,24,0.909090909090909,31,0.386363636363636,228.828372701867,1.79585120670569,8,1.68171846759311,7.96799363972819,0.577889447236181,0.666666666666667,8,1,0,0,1,1
2,WOA,scene2_WOA_run025.mat,349.603862712682,1,0,26.0022800032474,28.4822505289574,12,2.92567332490652,24,0.854545454545454,31,0,162.81612608608,1.2777853246537,8,8.04672485462274,13.0033610799097,0,0,8,1,0,0,0,1
2,WOA,scene2_WOA_run026.mat,553.575439768835,1,0,28.3210877534324,30.5781890241465,12,3.53645303888894,24,0.890909090909091,31,0,163.891984671922,1.28622869169257,8,9.8088752809075,13.4270349791241,0,0.166666666666667,8,1,0,0,0,1
2,WOA,scene2_WOA_run027.mat,362.717438786752,1,0,12.7528449323927,18,12,0.930986653252218,24,0,31,0,159.021657418599,1.2480062327743,8,3.94153694537378,8.41239515294156,0.512562814070352,0.833333333333333,8,0,0,0,1,1
2,WOA,scene2_WOA_run028.mat,416.774482331603,1,0,26.0901089934033,27.3819393094346,12,2.89109258545004,24,0.859090909090909,31,0,156.18041732292,1.22570810429434,8,8.31991054730864,14.6824020276126,0,0.166666666666667,8,1,0,0,0,1
2,WOA,scene2_WOA_run029.mat,453.106576874789,1,0,9.96212449593787,18,8.11980679249909,1.77447804581104,24,0,31,0,160.86944619275,1.26250772863609,8,0.484310744480698,11.1427668266456,0.587939698492462,0.666666666666667,8,0,0,0,1,1
2,WOA,scene2_WOA_run030.mat,1312.95121914827,0,5,29.8036041576194,31.9516210143568,12,3.99920678622459,24,0.895454545454546,31,0.677272727272727,151.651769981763,1.19016715849145,8,0.929258686387769,6.68736108009011,0.824120603015075,0.833333333333333,8,1,1,0,1,1
2,HHO,scene2_HHO_run001.mat,433.149125280659,1,0,9.44569492785516,18,8.77735465632619,1.5903101785112,24,0,31,0,163.181523128247,1.28065297044148,8,0.00159411866440017,1.60188489798207,0.92964824120603,1,8,0,1,0,1,1
2,HHO,scene2_HHO_run002.mat,300.469548586099,1,0,27.18789981211,29.5356704140571,12,3.73313769332271,24,0.845454545454545,31,0,141.705594441482,1.11210930607036,8,6.30257909508422,22.9879054212416,0.0452261306532663,0.166666666666667,8,1,0,0,0,1
2,HHO,scene2_HHO_run003.mat,357.933759169582,1,0,19.8842184232609,27.4188483495159,12,5.39811784979838,24,0.327272727272727,31,0,153.212860488436,1.20241863866011,8,6.56915683829642,12.6910832425455,0.0703517587939698,0.166666666666667,8,0,0,0,0,0
2,HHO,scene2_HHO_run004.mat,292.036074262506,1,0,28.402993935057,30.0328736063757,12,3.43688056986577,24,0.890909090909091,31,0,141.781518396813,1.11270515930827,8,9.35604758700836,26.1977308199088,0,0,8,1,0,0,0,1
2,HHO,scene2_HHO_run005.mat,412.189330359534,1,0,9.61740965993812,18,8.97592979757011,1.55148138897618,24,0,31,0,162.645474040712,1.27644604282434,8,0.112504913790634,1.92880791299411,0.92964824120603,1,8,0,1,0,1,1
2,HHO,scene2_HHO_run006.mat,334.631160693788,1,0,27.8338573794565,30.9544641532314,12,3.78424494361647,24,0.872727272727273,31,0,146.390905830005,1.1488797555191,8,4.44614326786398,17.3150424048978,0.236180904522613,0.166666666666667,8,1,0,0,0,1
2,HHO,scene2_HHO_run007.mat,368.669068477831,1,0,28.6793712429071,31.3859784478449,12,3.53312011339242,24,0.895454545454546,31,0.15,162.597950117687,1.27607307380173,8,3.58517332521597,12.3337798937519,0.331658291457286,0.666666666666667,8,1,0,0,1,1
2,HHO,scene2_HHO_run008.mat,350.20569050929,1,0,12.2427868026768,18,11.2875922978425,1.23196785190458,24,0,31,0,166.467786710671,1.30644365518204,8,2.98586857175261,8.75561270995058,0.386934673366834,0.333333333333333,8,0,0,0,0,0
2,HHO,scene2_HHO_run009.mat,643.561269763896,0,1,12.4653894042649,18,11.4237508012538,1.58840013954778,24,0,31,0,172.24023357776,1.35174597302622,8,1.89393159006663,5.8083280130253,0.824120603015075,1,8,0,1,0,1,1
2,HHO,scene2_HHO_run010.mat,378.543635291984,1,0,12.894019998633,18,11.4563254424416,1.97010259417319,24,0,31,0,167.149488450655,1.31179366872236,8,6.15657197432449,9.64551040964633,0.180904522613065,0.5,8,0,0,0,0,0
2,HHO,scene2_HHO_run011.mat,364.634374209981,1,0,26.954106615548,30.1454088390456,12,3.10983221395593,24,0.886363636363636,31,0,158.591836480005,1.24463298651936,8,8.14355084142451,17.5140637849789,0,0,8,1,0,0,0,1
2,HHO,scene2_HHO_run012.mat,384.058669786465,1,0,25.8940496888777,28.2563825060742,12,2.78898792088397,24,0.868181818181818,31,0,168.555845009692,1.32283079271963,8,2.69343995272861,9.41033245581547,0.653266331658292,0.833333333333333,8,1,1,0,1,1
2,HHO,scene2_HHO_run013.mat,379.217686544338,1,0,23.1863054671353,25.3445434988235,12,3.05744999713771,24,0.681818181818182,31,0,167.563985796114,1.31504665500736,8,1.5755535870869,5.18105379241959,0.904522613065327,1,8,1,1,0,1,1
2,HHO,scene2_HHO_run014.mat,373.071388008689,1,0,23.9237220535142,26.3964654280985,12,2.82721834199454,24,0.677272727272727,31,0,159.560803035747,1.2522374620389,8,4.01830488186633,12.7208636292299,0.21608040201005,0.5,8,1,0,0,0,1
2,HHO,scene2_HHO_run015.mat,341.780704748886,1,0,26.5168032679973,27.9015912816317,12,3.0078477222194,24,0.863636363636364,31,0,157.964543119044,1.23970997139698,8,8.48631934972958,14.6583724127161,0,0.166666666666667,8,1,0,0,0,1
2,HHO,scene2_HHO_run016.mat,280.944267024114,1,0,14.8441490699937,18,12,0.889874952787528,24,0,31,0,147.929829789642,1.16095727203207,8,5.09230864083669,11.2940617688101,0.311557788944724,0.333333333333333,8,0,0,0,0,0
2,HHO,scene2_HHO_run017.mat,306.257883609102,1,0,24.0677239735461,26.3026865206058,12,2.63560699736602,24,0.727272727272727,31,0,153.09715061009,1.20151054443123,8,5.01972304133978,15.1172864921624,0.115577889447236,0.166666666666667,8,1,0,0,0,1
2,HHO,scene2_HHO_run018.mat,285.617296604287,1,0,14.018912213584,18,12,1.35033330334753,24,0,31,0,147.46850313718,1.15733676808963,8,5.52323248053955,11.2038421851959,0.281407035175879,0.333333333333333,8,0,0,0,0,0
2,HHO,scene2_HHO_run019.mat,370.236450485591,1,0,23.2301161794811,25.4888708188827,12,2.15738685712599,24,0.204545454545455,31,0,166.842572875354,1.30938498705516,8,0.724725589275844,3.51571839195778,0.924623115577889,1,8,0,1,0,1,1
2,HHO,scene2_HHO_run020.mat,288.406514115816,1,0,14.5260170046665,19.7383314450579,12,2.1157966788371,24,0,31,0,149.156057001729,1.17058073608296,8,3.17677297621387,7.44788158472805,0.673366834170854,0.666666666666667,8,0,1,0,1,1
2,HHO,scene2_HHO_run021.mat,423.778099091948,1,0,26.8155314499321,30.4885105525664,12,3.85997968942863,24,0.727272727272727,31,0,168.343972291302,1.32116800994276,8,7.90895842836497,14.1167327560136,0.0452261306532663,0.333333333333333,8,1,0,0,0,1
2,HHO,scene2_HHO_run022.mat,291.990080039119,1,0,15.6152118801758,18,12,1.53079975143018,24,0,31,0,149.734618764287,1.17512130431398,8,2.69507945439866,7.62002980856633,0.592964824120603,0.5,8,0,0,0,0,0
2,HHO,scene2_HHO_run023.mat,304.740056950966,1,0,12.785645339128,18,11.0809287676622,1.44900412434559,24,0,31,0,151.664104933586,1.19026396352421,8,3.67382463639445,6.82207146889692,0.889447236180904,0.666666666666667,8,0,1,0,1,1
2,HHO,scene2_HHO_run024.mat,350.493361233978,1,0,14.8145712955449,18,12,1.23711720148,24,0,31,0,158.007511535845,1.24004718868455,8,4.12926871226496,8.90101085940756,0.407035175879397,0.833333333333333,8,0,0,0,1,1
2,HHO,scene2_HHO_run025.mat,334.746709409731,1,0,10.7795400456426,18,8.9694188908782,1.56637189615605,24,0,31,0,155.989945657724,1.22421327755696,8,2.45648433926201,8.48353025782359,0.633165829145729,0.666666666666667,8,0,0,0,1,1
2,HHO,scene2_HHO_run026.mat,292.263011225312,1,0,13.2426111334314,18,11.4882498136067,1.48454501724409,24,0,31,0,148.367275737581,1.16439035956487,8,4.9281357121204,11.2255173927478,0.276381909547739,0.333333333333333,8,0,0,0,0,0
2,HHO,scene2_HHO_run027.mat,1146.84416311462,0,4,16.837237761348,19.4823579067436,12,2.29099941155875,24,0,31,0,176.371102507548,1.38416514318728,8,4.02257896038012,9.71805338131009,0.653266331658292,1,8,0,1,0,1,1
2,HHO,scene2_HHO_run028.mat,334.0278998843,1,0,20.4148853508535,21.3038419789661,12,1.49487336327239,24,0,31,0,157.469147037506,1.23582208966132,8,4.32615327762151,7.65345417855071,0.613065326633166,0.833333333333333,8,0,0,0,1,1
2,HHO,scene2_HHO_run029.mat,834.889628537958,0,3,10.8267147449923,18,9.99119720416586,1.44209155300263,24,0,31,0,150.754280059277,1.18312363350688,8,1.50414471463947,5.96778542361222,0.839195979899497,1,8,0,1,0,1,1
2,HHO,scene2_HHO_run030.mat,315.64210888071,1,0,28.3413077181255,30.0436646267993,12,3.3522689453618,24,0.9,31,0,142.862669155335,1.12119005946028,8,9.57963771471002,25.1413252201339,0,0,8,1,0,0,0,1
2,DBO,scene2_DBO_run001.mat,344.398800642337,1,1.06581410364015e-13,30.2295724484667,32,12,3.90789424454447,24,0.909090909090909,31,0.754545454545455,153.973910358338,1.20839137845234,8,0.308758396583002,9.64797263794703,0.613065326633166,0.833333333333333,8,1,0,0,1,1
2,DBO,scene2_DBO_run002.mat,342.078971685144,1,0,11.284410465437,18,10.3956373114002,1.11722338890241,24,0,31,0,171.736926299074,1.34779600400314,8,1.65158156862256,5.24621463426098,0.814070351758794,1,8,0,1,0,1,1
2,DBO,scene2_DBO_run003.mat,307.909094141327,1,7.105427357601e-14,27.9118366255869,32,12,4.62622251469535,24,0.75,31,0.440909090909091,149.892969732639,1.17636404696096,8,1.13187995204689,19.0229987719779,0.226130653266332,0.333333333333333,8,1,0,0,0,1
2,DBO,scene2_DBO_run004.mat,302.722286428532,1,1.06581410364015e-13,30.2295724484667,32,12,3.90789424454447,24,0.909090909090909,31,0.754545454545455,150.233763227549,1.17903860344994,8,1.44616927173641,22.9289698939138,0.180904522613065,0.333333333333333,8,1,0,0,0,1
2,DBO,scene2_DBO_run005.mat,312.908934118023,1,1.06581410364015e-13,30.2295724484667,32,12,3.90789424454447,24,0.909090909090909,31,0.754545454545455,152.258993750466,1.19493266691547,8,0,4.47887298479089,0.798994974874372,0.833333333333333,8,1,1,0,1,1
2,DBO,scene2_DBO_run006.mat,342.465532659891,1,4.44089209850063e-14,8.72899958004311,18,8,1.74679831972043,24,0,31,0,170.698166503171,1.3396437892628,8,0,1.09875600978994,0.92964824120603,1,8,0,1,0,1,1
2,DBO,scene2_DBO_run007.mat,364.188796766924,1,0,20.4280463127168,27.9469358592447,12,5.76302231062732,24,0.386363636363636,31,0,162.40582658119,1.27456528313408,8,0,8.20983856337079,0.623115577889447,0.666666666666667,8,0,0,0,1,1
2,DBO,scene2_DBO_run008.mat,365.20036068647,1,4.44089209850063e-14,8.72899958004311,18,8,1.74679831972043,24,0,31,0,173.062463308344,1.35819885400607,8,9.91367343772254e-07,5.89721875673088,0.653266331658292,0.833333333333333,8,0,1,0,1,1
2,DBO,scene2_DBO_run009.mat,344.13899354588,1,4.44089209850063e-14,8.72899958004311,18,8,1.74679831972043,24,0,31,0,158.651725392135,1.24510299630812,8,0,1.64784985348926,0.92964824120603,1,8,0,1,0,1,1
2,DBO,scene2_DBO_run010.mat,308.127427411979,1,3.5527136788005e-14,29.3628976403878,32,12,4.56944722637364,24,0.863636363636364,31,0.636363636363636,150.527059702151,1.18134040204955,8,1.53462483415204,18.3683216329696,0.190954773869347,0.333333333333333,8,1,0,0,0,1
2,DBO,scene2_DBO_run011.mat,341.155809949181,1,0,19.2065001318323,21.030696858875,12,2.22926895622745,24,0,31,0,168.755602695611,1.32439849639671,8,1.62341990517234e-07,4.14824382659186,0.879396984924623,0.833333333333333,8,0,1,0,1,1
2,DBO,scene2_DBO_run012.mat,356.231485987192,1,0,12.8719263919518,18,8.5721309172554,2.66611043779292,24,0,31,0,171.067933318062,1.34254572914412,8,1.02281627812683,7.6856092237395,0.422110552763819,0.5,8,0,0,0,0,0
2,DBO,scene2_DBO_run013.mat,362.529063143109,1,4.44089209850063e-14,8.72899958004311,18,8,1.74679831972043,24,0,31,0,158.573922974784,1.24449240084989,8,0,3.26549892519428,0.909547738693467,0.833333333333333,8,0,1,0,1,1
2,DBO,scene2_DBO_run014.mat,361.925236343372,1,0,12.7911824553214,18,10.0066102279378,2.2966742892828,24,0,31,0,175.119659080392,1.37434378160417,8,0.838508566224207,5.85674851917142,0.708542713567839,0.666666666666667,8,0,1,0,1,1
2,DBO,scene2_DBO_run015.mat,335.425138446008,1,0,15.8165887826616,18,12,1.31519017889352,24,0,31,0,168.747837607226,1.32433755577479,8,0,3.60654468759674,0.738693467336683,0.833333333333333,8,0,1,0,1,1
2,DBO,scene2_DBO_run016.mat,341.674625172476,1,0,19.4792860142549,31.9999996191731,8.00000038082693,9.77561555960786,24,0.418181818181818,31,0.209090909090909,165.694531781165,1.30037512975467,8,1.1268189955231,9.43811143824715,0.462311557788945,0.666666666666667,8,1,0,0,1,1
2,DBO,scene2_DBO_run017.mat,371.424667798788,1,1.06581410364015e-13,30.2295724484667,32,12,3.90789424454447,24,0.909090909090909,31,0.754545454545455,160.661602776531,1.26087656793073,8,8.79170727330347e-08,10.1055434651612,0.582914572864322,0.833333333333333,8,1,0,0,1,1
2,DBO,scene2_DBO_run018.mat,314.971366153085,1,1.06581410364015e-13,30.2295724484667,32,12,3.90789424454447,24,0.909090909090909,31,0.754545454545455,153.853008355857,1.20744253629399,8,0,8.30255699342667,0.628140703517588,0.666666666666667,8,1,0,0,1,1
2,DBO,scene2_DBO_run019.mat,328.896977848508,1,1.06581410364015e-13,30.2295724484667,32,12,3.90789424454447,24,0.909090909090909,31,0.754545454545455,153.305372955902,1.2031446789862,8,5.77632960130359e-07,14.3245001406336,0.407035175879397,0.5,8,1,0,0,0,1
2,DBO,scene2_DBO_run020.mat,304.724235715592,1,1.06581410364015e-13,30.2295724484667,32,12,3.90789424454447,24,0.909090909090909,31,0.754545454545455,152.089601675006,1.19360327336375,8,1.36191587166095,19.8326163737402,0.190954773869347,0.333333333333333,8,1,0,0,0,1
2,DBO,scene2_DBO_run021.mat,337.712497995515,1,2.8421709430404e-14,9.04481225153558,18,8,1.83797055085915,24,0,31,0,158.544629972949,1.24426250858578,8,0.236379223163764,5.20189858424652,0.768844221105528,1,8,0,1,0,1,1
2,DBO,scene2_DBO_run022.mat,293.160297508921,1,0,30.19171292263,31.9999999969826,12,3.8911191586384,24,0.909090909090909,31,0.754545454545455,146.696516330675,1.15127819492558,8,5.66470232521294,20.0818559165838,0.0703517587939698,0.333333333333333,8,1,0,0,0,1
2,DBO,scene2_DBO_run023.mat,288.295582562163,1,1.06581410364015e-13,30.2295724484667,32,12,3.90789424454447,24,0.909090909090909,31,0.754545454545455,146.031019316479,1.1460553565079,8,5.44399680356688,23.8547211915539,0.0351758793969849,0.166666666666667,8,1,0,0,0,1
2,DBO,scene2_DBO_run024.mat,371.794730800636,1,0,16.5549373519439,24.2087718762418,12,3.28930563847345,24,0.0272727272727273,31,0,162.37888002659,1.2743538058508,8,5.8468750052154,13.2374812856596,0.195979899497487,0.5,8,0,0,0,0,0
2,DBO,scene2_DBO_run025.mat,298.052603988751,1,1.06581410364015e-13,30.2295724484667,32,12,3.90789424454447,24,0.909090909090909,31,0.754545454545455,145.673312741318,1.14324806571147,8,5.29600210598042,24.5373577779971,0.0301507537688442,0.166666666666667,8,1,0,0,0,1
2,DBO,scene2_DBO_run026.mat,401.496672352706,1,1.06581410364015e-13,30.2295724484667,32,12,3.90789424454447,24,0.909090909090909,31,0.754545454545455,177.929700274339,1.3963970602665,8,0,1.47240708566604,0.924623115577889,1,8,1,1,0,1,1
2,DBO,scene2_DBO_run027.mat,314.235773909104,1,3.5527136788005e-14,29.7501811137864,32,12,4.21071194831946,24,0.890909090909091,31,0.668181818181818,152.222193942707,1.19464386103712,8,0,6.74830248202623,0.683417085427136,0.666666666666667,8,1,1,0,1,1
2,DBO,scene2_DBO_run028.mat,344.741054907142,1,1.06581410364015e-13,30.2295724484667,32,12,3.90789424454447,24,0.909090909090909,31,0.754545454545455,154.667266099166,1.21383285290387,8,3.20010103490762,17.9513420358292,0.180904522613065,0.5,8,1,0,0,0,1
2,DBO,scene2_DBO_run029.mat,394.271715627609,1,0,9.39574852563755,18,8.00000005314071,1.64905461432532,24,0,31,0,180.641157054737,1.41767664580703,8,0,1.35063361557241,0.969849246231156,1,8,0,1,0,1,1
2,DBO,scene2_DBO_run030.mat,336.742798364831,1,0,10.0171412494091,18,8.30234267232799,2.27916065341144,24,0,31,0,169.055635997066,1.32675316579417,8,0,3.57980259701292,0.733668341708543,0.833333333333333,8,0,1,0,1,1
2,CPO,scene2_CPO_run001.mat,277.341886980312,1,0,28.9228357612216,31.335665384929,12,3.79760929323679,24,0.886363636363636,31,0.218181818181818,140.877516234298,1.10561052608928,8,10.0138278895671,29.5941277582165,0,0,8,1,0,0,0,1
2,CPO,scene2_CPO_run002.mat,277.085998724898,1,0,29.2630822913272,31.4319179776324,12,3.84737569696032,24,0.895454545454546,31,0.490909090909091,139.645924205238,1.09594495881088,8,9.34473521389997,32.0086905339043,0,0,8,1,0,0,0,1
2,CPO,scene2_CPO_run003.mat,278.78947472384,1,0,29.5339365220618,31.5715593308628,12,3.74688497781701,24,0.9,31,0.554545454545455,140.05935640253,1.0991895857845,8,10.7713440544105,26.9656223069255,0,0,8,1,0,0,0,1
2,CPO,scene2_CPO_run004.mat,278.504171159855,1,0,28.0697881392425,29.7507015305034,12,3.42011832165947,24,0.886363636363636,31,0,141.952070364955,1.11404365572887,8,9.4305567854844,21.2338125296082,0,0,8,1,0,0,0,1
2,CPO,scene2_CPO_run005.mat,277.739879591271,1,0,29.0456215082589,31.6201097765884,12,3.74089451854122,24,0.895454545454546,31,0.35,141.644448487816,1.11162943098591,8,9.73921687920954,26.8630255169298,0,0,8,1,0,0,0,1
2,CPO,scene2_CPO_run006.mat,277.716199169016,1,0,27.4440926061822,29.572924551715,12,3.30475137203086,24,0.877272727272727,31,0,139.818495698139,1.09729930451596,8,8.02826818491583,21.3159478750907,0,0,8,1,0,0,0,1
2,CPO,scene2_CPO_run007.mat,276.530746868045,1,0,27.6869887985661,29.3371749872326,12,3.30948251181961,24,0.881818181818182,31,0,140.46609547019,1.10238168489724,8,9.17595784943725,20.7565724724696,0,0,8,1,0,0,0,1
2,CPO,scene2_CPO_run008.mat,277.953331938473,1,0,28.1961968031572,29.9510986743024,12,3.39318338249112,24,0.886363636363636,31,0,142.226780635226,1.11619958929836,8,7.80568703359972,19.5868338429727,0.0050251256281407,0,8,1,0,0,0,1
2,CPO,scene2_CPO_run009.mat,280.683549548221,1,0,27.900400177878,30.2497834164171,12,3.91342040129237,24,0.863636363636364,31,0,141.265718935454,1.10865715130051,8,7.99253337461664,26.1294763461257,0.0050251256281407,0,8,1,0,0,0,1
2,CPO,scene2_CPO_run010.mat,275.286649203427,1,0,27.3931816803725,29.3942436981209,12,3.16016286632115,24,0.881818181818182,31,0,140.370750719228,1.10163341673431,8,9.11732158268741,18.7515146844162,0,0,8,1,0,0,0,1
2,CPO,scene2_CPO_run011.mat,275.738854198669,1,0,27.5996602485867,29.4919132210753,12,3.28964913665108,24,0.877272727272727,31,0,141.68481301856,1.11194621290586,8,8.32634875038231,19.4807656723513,0,0,8,1,0,0,0,1
2,CPO,scene2_CPO_run012.mat,277.271344496773,1,0,28.3440559980168,30.1746755237322,12,3.49645079645538,24,0.886363636363636,31,0,140.653951045921,1.10385598049433,8,9.05472673015899,24.4716950758836,0,0,8,1,0,0,0,1
2,CPO,scene2_CPO_run013.mat,276.796548277161,1,0,27.6748689805569,29.440816857808,12,3.32101679385332,24,0.881818181818182,31,0,140.235778565565,1.10057415165207,8,8.62812882619455,22.3746350786031,0,0,8,1,0,0,0,1
2,CPO,scene2_CPO_run014.mat,277.618602940497,1,0,29.1069337622393,30.9730393497949,12,3.51325860515703,24,0.904545454545455,31,0,141.414277889281,1.10982304595486,8,11.6755809957545,28.1206428512631,0,0,8,1,0,0,0,1
2,CPO,scene2_CPO_run015.mat,276.120546295201,1,0,28.5743964298567,30.201408529901,12,3.4824043450288,24,0.895454545454546,31,0,141.171860190901,1.10792054535573,8,10.1093411495658,21.0782750826043,0,0,8,1,0,0,0,1
2,CPO,scene2_CPO_run016.mat,277.353624173482,1,0,28.3883912303906,30.2353004523427,12,3.56798257727823,24,0.886363636363636,31,0,140.024433058288,1.09891550644216,8,9.34534998430706,22.5057306077408,0,0,8,1,0,0,0,1
2,CPO,scene2_CPO_run017.mat,276.890591460308,1,0,28.6258009226587,30.4836644637938,12,3.55406479345612,24,0.895454545454546,31,0,142.121038907597,1.11536972538368,8,9.92703451365378,21.2462540002697,0,0,8,1,0,0,0,1
2,CPO,scene2_CPO_run018.mat,283.407023578368,1,0,27.7722593470696,30.4768016598966,12,3.74764643267417,24,0.85,31,0,139.322144772025,1.09340392913446,8,8.58862823394807,25.8155383750776,0,0,8,1,0,0,0,1
2,CPO,scene2_CPO_run019.mat,277.611321573823,1,0,28.5912337202081,31.1132057595097,12,3.86405010380408,24,0.881818181818182,31,0.131818181818182,141.131763312639,1.10760586397963,8,9.55459265021468,26.0156717930094,0,0,8,1,0,0,0,1
2,CPO,scene2_CPO_run020.mat,279.029636830889,1,0,25.5959000296655,29.3394676797342,12,3.06808063853034,24,0.822727272727273,31,0,140.664118653775,1.10393577615349,8,6.38867439710175,14.5761367675869,0.0753768844221105,0.166666666666667,8,1,0,0,0,1
2,CPO,scene2_CPO_run021.mat,281.212203150724,1,0,28.6706268452289,31.0649004174023,12,3.80363607388033,24,0.881818181818182,31,0.140909090909091,140.522280763165,1.10282262858353,8,8.38384429536761,24.9039386369958,0,0,8,1,0,0,0,1
2,CPO,scene2_CPO_run022.mat,278.576684968176,1,0,28.4163189535543,30.9081570827702,12,3.54932929991746,24,0.890909090909091,31,0,141.151226920516,1.10775861489632,8,9.30125875588406,23.9423371479109,0,0,8,1,0,0,0,1
2,CPO,scene2_CPO_run023.mat,279.870345453866,1,0,27.9033240903037,29.9116843304643,12,3.41641352574343,24,0.881818181818182,31,0,141.757772234671,1.11251879879084,8,8.79216244854565,24.7409763750471,0,0,8,1,0,0,0,1
2,CPO,scene2_CPO_run024.mat,276.941097404479,1,0,28.4246964217914,30.7897112861573,12,3.97149648247734,24,0.872727272727273,31,0,140.466975057734,1.10238858792388,8,9.39056586691634,27.5482082934535,0,0,8,1,0,0,0,1
2,CPO,scene2_CPO_run025.mat,276.610689111651,1,0,28.8263953842156,30.9865080498652,12,3.55701368790903,24,0.895454545454546,31,0,141.086453114609,1.10725026833017,8,9.40243859819633,20.0509683741599,0,0,8,1,0,0,0,1
2,CPO,scene2_CPO_run026.mat,282.592892104503,1,0,27.1148078054026,30.6419590736113,12,3.8440595639675,24,0.822727272727273,31,0,141.310753001664,1.10901057986004,8,5.59415936844705,18.6803866598147,0.125628140703518,0.166666666666667,8,1,0,0,0,1
2,CPO,scene2_CPO_run027.mat,277.913827008963,1,0,28.4526191656178,30.2799553425095,12,3.4158607311246,24,0.895454545454546,31,0,142.08885418283,1.11511713880043,8,10.0499600098349,21.7522274278527,0,0,8,1,0,0,0,1
2,CPO,scene2_CPO_run028.mat,279.380183757189,1,0,28.9614167175828,31.1875009792459,12,3.69164974554966,24,0.895454545454546,31,0.163636363636364,141.635051325048,1.11155568180044,8,9.51358337599137,21.1684297831722,0,0,8,1,0,0,0,1
2,CPO,scene2_CPO_run029.mat,277.516979080566,1,0,28.0600138105233,29.9219533494846,12,3.36216745619103,24,0.890909090909091,31,0,140.614051628812,1.10354284879866,8,9.87118583353973,22.4075804583479,0,0,8,1,0,0,0,1
2,CPO,scene2_CPO_run030.mat,277.501998182898,1,0,29.8630923746269,31.9580805795277,12,3.92441120952102,24,0.9,31,0.7,140.879922290759,1.10562940888492,8,11.3223008715009,29.550108019374,0,0,8,1,0,0,0,1
4,CVF-AE,scene4_CVF-AE_run001.mat,336.87439328137,1,0,13.0227001998635,18,10.5434217514541,1.95955300733935,24,0,25,0,152.750459145798,1.19878970052035,8,3.06630974013411,22.2613853050104,0.135678391959799,0.333333333333333,8,0,0,0,0,0
4,CVF-AE,scene4_CVF-AE_run002.mat,339.793338822943,1,0,10.3420843331256,18,8.05159458968853,2.57577090774724,24,0,25,0,150.752270910607,1.18310786565423,8,4.93271505177484,20.1186743195177,0.21105527638191,0.5,8,0,0,0,0,0
4,CVF-AE,scene4_CVF-AE_run003.mat,346.873910392665,1,0,14.3238102476017,18,12,1.31532283395342,24,0,25,0,154.278144676705,1.2107790175432,8,3.84219696344347,21.6816106873478,0.195979899497487,0.5,8,0,0,0,0,0
4,CVF-AE,scene4_CVF-AE_run004.mat,333.604423210162,1,0,13.9335189768234,19.0075944982917,10.4379368037336,2.5496314346309,24,0,25,0,150.302591841817,1.17957877226087,8,3.35936665530763,22.7316809440138,0.14572864321608,0.333333333333333,8,0,0,0,0,0
4,CVF-AE,scene4_CVF-AE_run005.mat,342.050794133356,1,0,14.8152143344726,18.2012195052372,12,1.92922405793459,24,0,25,0,153.258652050306,1.20277801206592,8,6.10238467656078,26.6121011773208,0.0351758793969849,0.333333333333333,8,0,0,0,0,0
4,CVF-AE,scene4_CVF-AE_run006.mat,393.930513377164,1,0,13.6744297790597,18,11.5755499034258,1.3083031654503,24,0,25,0,175.143379087897,1.3745299368593,8,1.30040892218812,3.88599632403024,0.954773869346734,1,8,0,1,0,1,1
4,CVF-AE,scene4_CVF-AE_run007.mat,381.274987589265,1,0,16.8274737810155,22.699531526919,12,3.24659117335924,24,0,25,0,175.682195737437,1.37875858437728,8,0.239787281240339,3.58105271637115,0.909547738693467,1,8,0,1,0,1,1
4,CVF-AE,scene4_CVF-AE_run008.mat,337.99568819191,1,0,14.5735423454735,18.425064742329,12,1.71725990375439,24,0,25,0,152.218082620182,1.19461159526767,8,4.52576610710006,21.2814150803708,0.105527638190955,0.166666666666667,8,0,0,0,0,0
4,CVF-AE,scene4_CVF-AE_run009.mat,345.92248881939,1,0,16.5459498372873,20.8390587381783,12,2.44866366099233,24,0,25,0,153.219737261822,1.2024726077621,8,4.41112924552635,25.4008972343765,0.110552763819095,0.5,8,0,0,0,0,0
4,CVF-AE,scene4_CVF-AE_run010.mat,337.855326025963,1,0,15.9980383715275,18,12,0.896818926572394,24,0,25,0,150.551920682656,1.18153551169138,8,5.77709798575758,23.8989108907371,0.0603015075376884,0.166666666666667,8,0,0,0,0,0
4,CVF-AE,scene4_CVF-AE_run011.mat,341.793453648327,1,0,11.9385350945158,18,9.10315921551742,2.02189998554332,24,0,25,0,152.722547293175,1.1985706475523,8,3.77765012034728,24.8150656047162,0.115577889447236,0.333333333333333,8,0,0,0,0,0
4,CVF-AE,scene4_CVF-AE_run012.mat,343.594709444321,1,0,14.0848327669459,19.0111306022323,9.84451143479676,2.43718013325368,24,0,25,0,154.939364566071,1.2159682889705,8,4.64690465516734,24.8390800409332,0.0954773869346734,0.333333333333333,8,0,0,0,0,0
4,CVF-AE,scene4_CVF-AE_run013.mat,332.335865775115,1,0,14.2400568707287,18,11.7204494516915,2.15800764455204,24,0,25,0,151.116849600681,1.18596908899284,8,3.46569001105709,23.5260742779079,0.135678391959799,0.333333333333333,8,0,0,0,0,0
4,CVF-AE,scene4_CVF-AE_run014.mat,368.769607035197,1,0,17.4535060964404,18.9492595405549,12,1.14939219440474,24,0,25,0,174.412571046636,1.36879453574941,8,1.44574195914586,3.86091468586612,0.939698492462312,1,8,0,1,0,1,1
4,CVF-AE,scene4_CVF-AE_run015.mat,377.941863104282,1,0,16.8851551125459,19.3836076774241,12,1.36288625081848,24,0,25,0,174.474665303733,1.36928185314462,8,1.38443133917067,4.08172065347873,0.924623115577889,1,8,0,1,0,1,1
4,CVF-AE,scene4_CVF-AE_run016.mat,320.288303905662,1,0,13.2737103892601,18,10.4972936508347,1.69406447075844,24,0,25,0,149.287769448528,1.1716144188983,8,6.82482129647107,24.2585641379979,0.0402010050251256,0.333333333333333,8,0,0,0,0,0
4,CVF-AE,scene4_CVF-AE_run017.mat,322.934108200487,1,0,12.5121138399621,18,9.96762625859787,2.12083405868935,24,0,25,0,151.202686473874,1.18664273907601,8,3.23688367734075,22.3454237027859,0.160804020100503,0.333333333333333,8,0,0,0,0,0
4,CVF-AE,scene4_CVF-AE_run018.mat,376.608972661743,1,0,13.2161256848455,18,11.1471081633603,1.58710220790425,24,0,25,0,161.681481668587,1.26888060483125,8,5.12762407413585,23.3925720574877,0.110552763819095,0.333333333333333,8,0,0,0,0,0
4,CVF-AE,scene4_CVF-AE_run019.mat,378.266968705248,1,0,13.9838944690694,18,11.5012707663588,1.79330289093209,24,0,25,0,160.33438813891,1.25830857867798,8,3.95627521646256,24.1238682525675,0.14070351758794,0.333333333333333,8,0,0,0,0,0
4,CVF-AE,scene4_CVF-AE_run020.mat,341.953710836397,1,0,19.5318787235676,24.0227314181497,11.1222318832385,4.07352723092044,24,0.0272727272727273,25,0,151.338948154059,1.18771212439698,8,4.47662899539851,24.4010697147538,0.0753768844221105,0.166666666666667,8,0,0,0,0,0
4,CVF-AE,scene4_CVF-AE_run021.mat,379.664175105466,1,0,18.9110367059437,23.2593999191184,12,2.25063283665453,24,0,25,0,176.67259289131,1.38653124780577,8,1.64843945974143,4.51871741797629,0.949748743718593,0.833333333333333,8,0,1,0,1,1
4,CVF-AE,scene4_CVF-AE_run022.mat,350.399375213129,1,0,12.6418151061384,18.9282995633749,9.70524165835615,2.97163710469785,24,0,25,0,155.024277841518,1.21663469063379,8,3.07863917523993,22.9657064017348,0.14070351758794,0.333333333333333,8,0,0,0,0,0
4,CVF-AE,scene4_CVF-AE_run023.mat,331.683282921396,1,0,13.5244474634089,18,11.0005438665869,2.57320235122752,24,0,25,0,149.945249190156,1.17677433754582,8,6.10481112689268,23.3610054387152,0.0653266331658292,0.333333333333333,8,0,0,0,0,0
4,CVF-AE,scene4_CVF-AE_run024.mat,357.974025028247,1,0,14.197877965748,18,11.5308604219205,1.83101503657073,24,0,25,0,154.029062651457,1.20882421512807,8,5.0293810868416,19.0267304454098,0.271356783919598,0.666666666666667,8,0,0,0,1,1
4,CVF-AE,scene4_CVF-AE_run025.mat,335.748668375894,1,0,14.7331514098666,18.6858845913679,9.11372086459736,3.20091196960542,24,0,25,0,150.925330856166,1.18446604474888,8,4.80379240066708,24.1219799352196,0.0703517587939698,0.333333333333333,8,0,0,0,0,0
4,CVF-AE,scene4_CVF-AE_run026.mat,351.877614290882,1,0,16.1531599986972,18,12,1.56417990826302,24,0,25,0,153.508384691794,1.20473792053476,8,5.44601019579558,27.1244454759408,0.050251256281407,0.333333333333333,8,0,0,0,0,0
4,CVF-AE,scene4_CVF-AE_run027.mat,347.118922592789,1,0,15.590543545708,18.4623585244629,12,1.17009602916976,24,0,25,0,152.651306319379,1.19801154647909,8,7.18665411616107,24.8321693980704,0.0251256281407035,0.166666666666667,8,0,0,0,0,0
4,CVF-AE,scene4_CVF-AE_run028.mat,322.032992768159,1,0,13.795181564138,19.0708351606394,10.7252459060443,2.7798021226639,24,0,25,0,149.051152185405,1.16975744027065,8,6.6279164073331,25.5058468128342,0.0301507537688442,0.333333333333333,8,0,0,0,0,0
4,CVF-AE,scene4_CVF-AE_run029.mat,331.859290106691,1,0,14.130189650229,21.2771713500746,9.91059999457248,3.65972578479986,24,0,25,0,150.673603708479,1.18249048334188,8,4.81066962182209,23.1997690963933,0.0954773869346734,0.333333333333333,8,0,0,0,0,0
4,CVF-AE,scene4_CVF-AE_run030.mat,367.789123835038,1,0,14.2160081917307,18.5119465547615,10.3574936886313,2.67985041324867,24,0,25,0,158.269417285487,1.2421026320327,8,3.47642805610268,23.6824354811784,0.165829145728643,0.5,8,0,0,0,0,0
4,AE,scene4_AE_run001.mat,1989.45480500777,0,10,16.8368546250765,18,12,0.968951360163377,24,0,25,0,153.539706995334,1.20498373881308,8,22.2483624796835,41.6044721140557,0,0,8,0,0,0,0,0
4,AE,scene4_AE_run002.mat,1543.12729183151,0,7,17.0128780922508,18.0482019561981,12,1.1069609383907,24,0,25,0,160.812462676654,1.26206052047333,8,30.5976855618708,41.9781104020397,0,0,8,0,0,0,0,0
4,AE,scene4_AE_run003.mat,1743.83053596743,0,8,17.6045937677639,19.3839980926102,12,1.52242080050686,24,0,25,0,145.591576692717,1.14260659900968,8,22.6038609813838,40.163272892486,0,0,8,0,0,0,0,0
4,AE,scene4_AE_run004.mat,1782.54893837256,0,8,17.1268080235355,18,12,1.23704575302034,24,0,25,0,145.412867554127,1.1412040848966,8,22.5044793958194,37.010309444922,0,0,8,0,0,0,0,0
4,AE,scene4_AE_run005.mat,1389.92957952481,0,6,16.1252994534434,18,12,1.14901895791849,24,0,25,0,157.438817153133,1.23558405991524,8,10.7324401916317,37.9885603795463,0,0,8,0,0,0,0,0
4,AE,scene4_AE_run006.mat,1696.6943991144,0,8,17.2914964970897,19.8400074614917,12,1.55746979321615,24,0,25,0,150.231524891338,1.17902103692732,8,23.9746747131983,43.2884242183147,0,0,8,0,0,0,0,0
4,AE,scene4_AE_run007.mat,1494.27543641492,0,7,17.0863855047049,18,12,1.13684367411484,24,0,25,0,153.034684786083,1.20102031096894,8,23.7779126268568,41.9849982370553,0,0,8,0,0,0,0,0
4,AE,scene4_AE_run008.mat,1664.13058083883,0,8,16.8520035435599,18,12,0.918839938619419,24,0,25,0,147.527547509548,1.15780014990768,8,24.0876292255811,42.9764134629446,0,0,8,0,0,0,0,0
4,AE,scene4_AE_run009.mat,2203.92972986584,0,11,16.6223639076932,18.4734786618393,12,1.16087390552089,24,0,25,0,157.847728050007,1.23879320360191,8,23.8468297169625,41.5390211313095,0,0,8,0,0,0,0,0
4,AE,scene4_AE_run010.mat,1734.22111569847,0,7,16.5949537442549,18.3751335644113,12,1.33510291476154,24,0,25,0,182.175661934846,1.42971948126533,8,30.074054783632,39.9986222935926,0,0,8,0,0,0,0,0
4,AE,scene4_AE_run011.mat,1735.41411923162,0,9,15.3174347457848,18,12,0.971747593534887,24,0,25,0,141.704767801951,1.11210281858115,8,20.7788386854627,43.9795087458512,0,0,8,0,0,0,0,0
4,AE,scene4_AE_run012.mat,1478.47204337692,0,7,16.7666443406241,19.1856171455709,12,1.49759653167132,24,0,25,0,149.433906848904,1.17276130913621,8,23.402915238174,36.202365015078,0,0,8,0,0,0,0,0
4,AE,scene4_AE_run013.mat,1394.72778924058,0,6,15.93595639415,18,12,1.0733955316583,24,0,25,0,152.964581451905,1.20047013812197,8,26.0621799482229,41.859370843132,0,0,8,0,0,0,0,0
4,AE,scene4_AE_run014.mat,1632.14858711051,0,8,17.1278054039409,19.4228106408432,12,1.08048857906371,24,0,25,0,142.905529934651,1.12152643200598,8,24.2406292564006,42.4325223406891,0,0,8,0,0,0,0,0
4,AE,scene4_AE_run015.mat,2188.55814898393,0,11,17.0252665000744,18.4100390433033,12,1.28604124124082,24,0,25,0,155.499461134926,1.22036394186604,8,25.8383659186254,40.7425554307874,0,0,8,0,0,0,0,0
4,AE,scene4_AE_run016.mat,1782.09964881364,0,8,17.5355024931924,18.2708540465934,12,1.04633805918531,24,0,25,0,156.04202533771,1.2246220002824,8,26.8254493475949,41.2768410426254,0,0,8,0,0,0,0,0
4,AE,scene4_AE_run017.mat,1736.92316722089,0,9,17.3022276476881,18,12,0.95684021143486,24,0,25,0,139.409779236318,1.0940916867608,8,22.1224923289448,39.4806055838708,0,0,8,0,0,0,0,0
4,AE,scene4_AE_run018.mat,1472.86427729257,0,7,16.9027231077768,18.0012161487157,12,1.17663134074136,24,0,25,0,146.661555162917,1.15100381874327,8,24.198716365166,37.6429804521972,0,0,8,0,0,0,0,0
4,AE,scene4_AE_run019.mat,1612.33325890205,0,7,17.596635014868,18.7452987973913,12,1.0404425569832,24,0,25,0,147.424833401353,1.15699404683153,8,23.5484189218224,42.6671031356163,0,0,8,0,0,0,0,0
4,AE,scene4_AE_run020.mat,1551.45937617308,0,7,15.6513527591546,18,12,1.02887456953337,24,0,25,0,152.483713703278,1.19669627513268,8,24.5532496386385,41.1330336315416,0,0,8,0,0,0,0,0
4,AE,scene4_AE_run021.mat,1660.42575548243,0,8,17.0650414257355,18.6966968628413,12,1.17355692868363,24,0,25,0,146.547230306965,1.15010659420729,8,22.1473637088698,41.0118033661679,0,0,8,0,0,0,0,0
4,AE,scene4_AE_run022.mat,1551.82647554239,0,7,17.4850346343026,19.4482948172469,12,1.39807299583957,24,0,25,0,158.471137187343,1.24368573523309,8,23.7845761045015,38.4636637817009,0,0,8,0,0,0,0,0
4,AE,scene4_AE_run023.mat,1669.10491595708,0,8,16.7722026702764,18.0266602211094,12,0.954112146949524,24,0,25,0,147.307103938195,1.15607010284687,8,24.3938456470529,42.1779730268791,0,0,8,0,0,0,0,0
4,AE,scene4_AE_run024.mat,1606.07739156939,0,7,16.7029778294113,18,12,1.31173166496689,24,0,25,0,169.10663216758,1.3271533851082,8,25.6149678154621,38.0651492341809,0,0,8,0,0,0,0,0
4,AE,scene4_AE_run025.mat,1573.02567312136,0,7,17.3403579174122,19.4355533319217,12,1.28393323003145,24,0,25,0,161.543683957617,1.26779916469949,8,32.041560348162,42.9766246892617,0,0,8,0,0,0,0,0
4,AE,scene4_AE_run026.mat,1586.22118956873,0,7,17.5026814209946,18.4132222595425,12,0.980766196400211,24,0,25,0,166.680159729855,1.30811036433296,8,25.1403560564872,41.3949733581709,0,0,8,0,0,0,0,0
4,AE,scene4_AE_run027.mat,1304.62899999088,0,5,17.0677662012393,18.5922616553945,12,1.26223913981268,24,0,25,0,175.723809935758,1.37908517372189,8,27.7367362395562,44.3524505578121,0,0,8,0,0,0,0,0
4,AE,scene4_AE_run028.mat,1582.0264916744,0,7,17.7091333186083,18.9111971865268,12,1.11146910053047,24,0,25,0,160.486653258293,1.25950355941902,8,26.0812801647238,41.8132971048539,0,0,8,0,0,0,0,0
4,AE,scene4_AE_run029.mat,1587.77662751005,0,8,15.7933801441477,18,12,1.01509694185886,24,0,25,0,137.491075793261,1.07903365067534,8,24.0958753279816,43.7683797326656,0,0,8,0,0,0,0,0
4,AE,scene4_AE_run030.mat,1649.8599287706,0,7,16.0304940023975,18.4806192985517,12,1.52784883981287,24,0,25,0,165.64404674446,1.29997892183248,8,29.9699944022716,43.8638296458934,0,0,8,0,0,0,0,0
4,PSO,scene4_PSO_run001.mat,1522.91327532169,0,7,11.3894488098165,18,8.45263925373952,1.52922563473228,24,0,25,0,157.995960717768,1.23995653755446,8,25.2459839815591,38.236108240237,0,0,8,0,0,0,0,0
4,PSO,scene4_PSO_run002.mat,1411.65940889027,0,6,11.7569445572313,18,8.4278089964478,1.83875128748397,24,0,25,0,177.245467157714,1.39102718041441,8,26.6976085418945,40.2989554317592,0,0.166666666666667,8,0,0,0,0,0
4,PSO,scene4_PSO_run003.mat,1139.20416664847,0,4,13.9214749949297,18,11.1698501329706,1.27233022296644,24,0,25,0,182.787139550672,1.43451837399567,8,27.9108096990769,41.2396348322549,0,0,8,0,0,0,0,0
4,PSO,scene4_PSO_run004.mat,1043.20499509417,0,4,13.7661987064478,18,9.95201135671868,1.84507745950034,24,0,25,0,169.80672872047,1.3326477616336,8,8.97797434661828,30.0121309266379,0,0.333333333333333,8,0,0,0,0,0
4,PSO,scene4_PSO_run005.mat,1976.2214167273,0,8,13.2281892559825,18.0201674828898,10.2636158382282,2.04877835584138,24,0,25,0,239.27021493756,1.87779906464738,8,5.87333663753387,29.5990367762039,0.0201005025125628,0.333333333333333,8,0,0,1,0,1
4,PSO,scene4_PSO_run006.mat,1249.90081020204,0,5,17.0543055338741,18,12,1.36951471037909,24,0,25,0,170.717782678877,1.3397977375359,8,25.1479216429118,41.9525135508429,0,0,8,0,0,0,0,0
4,PSO,scene4_PSO_run007.mat,748.810287692557,0,3,11.617786811485,18,10.3969464164616,1.52071837999342,24,0,25,0,141.359826509043,1.10939571006223,8,4.29176399729482,24.1842365625528,0.0552763819095477,0.166666666666667,8,0,0,0,0,0
4,PSO,scene4_PSO_run008.mat,1393.0064508599,0,6,18.1333112757979,22.4681610651893,10.5971685539055,3.19117830356219,24,0,25,0,165.36471362474,1.29778670801651,8,25.6930197420102,40.1446061410262,0,0,8,0,0,0,0,0
4,PSO,scene4_PSO_run009.mat,1090.7820493176,0,4,21.5898842469303,22.8713216947122,12,1.78221251719657,24,0,25,0,167.93771872099,1.31797972102622,8,27.8069852001553,42.6547822925721,0,0,8,0,0,0,0,0
4,PSO,scene4_PSO_run010.mat,2443.48970121946,0,10,9.92376328281316,18,8.1058279041805,2.37641816336236,24,0,25,0,256.691610924501,2.01452264763771,8,5.01679191089063,23.7430355048208,0.085427135678392,0.333333333333333,8,0,0,1,0,1
4,PSO,scene4_PSO_run011.mat,1327.12391405098,0,5,10.7674302813193,18,8.85279915961694,1.37744947247076,24,0,25,0,197.219170460032,1.54778133967499,8,31.3154364782711,41.1666499261685,0,0.166666666666667,8,0,0,0,0,0
4,PSO,scene4_PSO_run012.mat,1120.36619959703,0,4,18.2803068183563,18.7480140859995,12,1.1111049506435,24,0,25,0,178.109489632806,1.39780805197414,8,27.3403186266563,32.100952009451,0,0,8,0,0,0,0,0
4,PSO,scene4_PSO_run013.mat,455.86900030581,1,0,9.41435699190417,18,8.00000039290264,1.86481953034421,24,0,25,0,194.580703556562,1.52707458064637,8,0.816255666397325,19.6713090939515,0.311557788944724,0.5,8,0,0,0,0,0
4,PSO,scene4_PSO_run014.mat,1028.82990838345,0,3,8.8799288234336,18,8.01443483374048,1.74142307498177,24,0,25,0,193.666247602439,1.51989790579045,8,2.51890794316102,32.2307440598014,0.14070351758794,0.333333333333333,8,0,0,0,0,0
4,PSO,scene4_PSO_run015.mat,1472.00617575518,0,7,19.3830888223293,22.4051050580987,12,1.97627842263471,24,0,25,0,146.007838006477,1.14587342896523,8,26.2865909298161,43.0575435553729,0,0,8,0,0,0,0,0
4,PSO,scene4_PSO_run016.mat,1823.28515082734,0,7,23.0396090465131,25.9999999369157,12,2.60371024471788,24,0.404545454545455,25,0.313636363636364,208.129974751688,1.6334096244106,8,0.546132482523845,18.9600225747717,0.371859296482412,0.833333333333333,8,1,0,0,1,1
4,PSO,scene4_PSO_run017.mat,1320.05672428119,0,5,16.7303272739477,18.8422429376532,10.4226968434275,2.64446841884691,24,0,25,0,186.073018566829,1.46030604064985,8,29.0807801936728,40.9061116585453,0,0,8,0,0,0,0,0
4,PSO,scene4_PSO_run018.mat,1076.10363441757,0,5,9.06847926291733,18,8.00010951804422,2.03590009096734,24,0,25,0,142.47257446833,1.11812858589336,8,5.43122204947019,30.8318928995721,0.0301507537688442,0.166666666666667,8,0,0,0,0,0
4,PSO,scene4_PSO_run019.mat,1509.69217451741,0,6,12.402512288453,18,9.03424439673704,2.94630819612758,24,0,25,0,184.000538519125,1.44404116164644,8,23.4659142112523,37.0760938332987,0,0,8,0,0,0,0,0
4,PSO,scene4_PSO_run020.mat,1389.64794517949,0,5,17.0769408863149,23.0396100782957,10.7170290726085,3.97915408688321,24,0,25,0,191.898137834439,1.50602173290612,8,26.3288621102074,38.3613061517881,0,0,8,0,0,0,0,0
4,PSO,scene4_PSO_run021.mat,1200.16054423703,0,5,16.5332784510192,22.2149729606736,12,2.30348244492769,24,0,25,0,159.060434044485,1.24831055277434,8,25.1613031152776,42.8364815363436,0,0,8,0,0,0,0,0
4,PSO,scene4_PSO_run022.mat,1046.68575071419,0,3,10.5204088974432,21.1927170373112,8.00004932858394,4.2240849554667,24,0,25,0,191.861351021612,1.50573302901234,8,3.48136022726867,34.8844105708874,0.085427135678392,0.166666666666667,8,0,0,0,0,0
4,PSO,scene4_PSO_run023.mat,1386.51422155486,0,6,13.5421603270794,18,10.069885618666,1.50867868597647,24,0,25,0,176.322343094748,1.38378247800779,8,25.4899039114338,34.1742065555727,0,0,8,0,0,0,0,0
4,PSO,scene4_PSO_run024.mat,1529.77038999578,0,8,17.045146129771,18,12,0.927881186720119,24,0,25,0,137.032985114489,1.07543854274121,8,22.3029962442643,37.5563992443336,0,0,8,0,0,0,0,0
4,PSO,scene4_PSO_run025.mat,1471.81172839863,0,7,8.73826907416077,18,8.00152540778124,1.74363336715484,24,0,25,0,147.874869703873,1.16052594380478,8,25.6834637559577,39.7058883868012,0,0,8,0,0,0,0,0
4,PSO,scene4_PSO_run026.mat,736.559736950523,0,3,15.8953873708079,18,12,0.820797842990946,24,0,25,0,140.340834841193,1.10139863612107,8,4.15270482863948,28.219067671289,0.0603015075376884,0.166666666666667,8,0,0,0,0,0
4,PSO,scene4_PSO_run027.mat,955.046078486362,0,3,15.0943617763361,20.8361049558796,10.9615349871917,2.82662634345664,24,0,25,0,178.441015643728,1.4004098770002,8,1.8910495615588,22.4328073251548,0.371859296482412,0.5,8,0,0,0,0,0
4,PSO,scene4_PSO_run028.mat,1084.55357456186,0,4,14.7492463099013,18.344199285144,10.2494234826302,2.05331385630667,24,0,25,0,169.582474832125,1.33088781110283,8,27.5235352451949,42.9906213458194,0,0,8,0,0,0,0,0
4,PSO,scene4_PSO_run029.mat,1322.4464518191,0,5,14.6425642761625,18,11.3321501585568,1.41419763361374,24,0,25,0,193.848874897232,1.5213311696985,8,21.9905721951119,36.7354060748792,0,0.166666666666667,8,0,0,0,0,0
4,PSO,scene4_PSO_run030.mat,1588.03962164719,0,8,21.374067964666,24.6109999892698,10.8780320241204,4.16253651635342,24,0.136363636363636,25,0,144.335655138459,1.13275009296496,8,21.9775716114937,36.3688625891184,0,0,8,0,0,0,0,0
4,GWO,scene4_GWO_run001.mat,916.869383644905,0,3,14.0971114219018,18,12,1.23115379314273,24,0,25,0,149.192673515007,1.17086810346131,8,0.000530065309105887,2.01842615272203,0.92964824120603,1,8,0,1,0,1,1
4,GWO,scene4_GWO_run002.mat,943.898529648906,0,3,9.22746333430244,18,8.08565902686349,1.68669167626277,24,0,25,0,158.279534931287,1.24218203558832,8,0.0453657866198169,2.27658206344069,0.92964824120603,1,8,0,1,0,1,1
4,GWO,scene4_GWO_run003.mat,347.275153276076,1,0,11.9552733805516,18,11.528396004299,1.06723079722413,24,0,25,0,173.915660578866,1.36489476906998,8,0.0641397555395655,2.44521689838646,0.964824120603015,0.833333333333333,8,0,1,0,1,1
4,GWO,scene4_GWO_run004.mat,979.373953187869,0,3,10.4814942277825,18,9.46021553414902,1.42482589112959,24,0,25,0,157.498328257167,1.23605110465593,8,0.00215736705562148,1.91388480586074,0.92964824120603,1,8,0,1,0,1,1
4,GWO,scene4_GWO_run005.mat,412.421109396036,1,0,10.8540109830918,18,10.0044755666357,1.42683003685329,24,0,25,0,177.635890693673,1.39409123479673,8,0.0188843464179135,2.30442692266911,0.979899497487437,0.833333333333333,8,0,1,0,1,1
4,GWO,scene4_GWO_run006.mat,344.037083410766,1,0,15.4589499468634,18,12,0.957002542066342,24,0,25,0,173.538640386049,1.36193590448414,8,0.160933663909071,2.1440534193024,0.964824120603015,1,8,0,1,0,1,1
4,GWO,scene4_GWO_run007.mat,915.521232004957,0,3,13.7954969118863,18,10.6915428483784,1.66624199548383,24,0,25,0,151.05521923419,1.18548541222354,8,0.00798723804817882,2.00547170170152,0.92964824120603,1,8,0,1,0,1,1
4,GWO,scene4_GWO_run008.mat,1013.39210274469,0,3,9.91992720522199,18,8.33443711658512,1.4980353114491,24,0,25,0,166.297781256467,1.30510944781748,8,0.00524893940133526,3.83152942499044,0.85427135678392,1,8,0,1,0,1,1
4,GWO,scene4_GWO_run009.mat,475.815648974545,1,0,18.3301007486622,19.4345367111604,12,1.23625137412795,24,0,25,0,192.257873649476,1.50884494923153,8,0.413330833555997,3.68908133737791,0.984924623115578,1,8,0,1,0,1,1
4,GWO,scene4_GWO_run010.mat,350.244132305545,1,0,11.3069320113756,18,10.4627156787281,1.16551907651396,24,0,25,0,174.543669520929,1.36982340009204,8,0.079481705602108,1.62368853827894,0.964824120603015,1,8,0,1,0,1,1
4,GWO,scene4_GWO_run011.mat,448.439094274867,1,0,12.0300966244677,18,9.99464988928957,2.14080184934149,24,0,25,0,182.741149565937,1.4341574433619,8,0.806885934584341,4.2057898840511,0.949748743718593,1,8,0,1,0,1,1
4,GWO,scene4_GWO_run012.mat,697.237978643108,0,2,12.7831213080427,18,12,0.93556848059876,24,0,25,0,164.56057573576,1.29147581229483,8,0.0558385963803287,1.7487313768475,0.92964824120603,1,8,0,1,0,1,1
4,GWO,scene4_GWO_run013.mat,344.954727939338,1,0,13.0297184298068,18,12,1.21547578380159,24,0,25,0,173.863707746733,1.3644870418499,8,0.0471458856628749,2.35547554709856,0.964824120603015,0.833333333333333,8,0,1,0,1,1
4,GWO,scene4_GWO_run014.mat,420.294626973045,1,0,12.1659431127255,18,9.41936248468065,2.37356215888119,24,0,25,0,182.938857556883,1.43570906097786,8,0.0196956535143181,1.62183261519769,0.974874371859296,1,8,0,1,0,1,1
4,GWO,scene4_GWO_run015.mat,1029.03206496185,0,3,13.2115996075584,18.7756536735857,10.4049888270885,2.94557901928463,24,0,25,0,167.297278983316,1.31295353278679,8,0.0435589530446085,1.93739680575778,0.92964824120603,1,8,0,1,0,1,1
4,GWO,scene4_GWO_run016.mat,354.312335353114,1,0,12.4912191790191,18,11.9027585758538,1.23905890531258,24,0,25,0,174.713264803492,1.37115438841856,8,0.00738173790183135,1.42396461252862,0.959798994974874,1,8,0,1,0,1,1
4,GWO,scene4_GWO_run017.mat,1397.41948638042,0,6,15.4532361039262,21.3163076912426,12,2.70264026517015,24,0,25,0,161.671281394498,1.26880055280661,8,0.0277283755444104,2.75703926352213,0.924623115577889,1,8,0,1,0,1,1
4,GWO,scene4_GWO_run018.mat,354.101172318652,1,0,11.4200709082531,18,10.705591153192,1.28664642953319,24,0,25,0,174.618791139133,1.37041295656665,8,0.0176701367641492,1.65741134368175,0.959798994974874,1,8,0,1,0,1,1
4,GWO,scene4_GWO_run019.mat,1439.21863858169,0,4,14.088253719664,19.1991241706009,9.38276825003138,3.2474850346503,24,0,25,0,231.962487928328,1.82044782706766,8,2.84638646352118,13.2195777529402,0.391959798994975,0.666666666666667,8,0,0,1,1,1
4,GWO,scene4_GWO_run020.mat,929.722491166119,0,3,16.8891785233487,18.4776038373372,12,1.69960276826145,24,0,25,0,158.709459217298,1.24555609291656,8,0.119742942288419,2.59362945801856,0.92964824120603,1,8,0,1,0,1,1
4,GWO,scene4_GWO_run021.mat,355.329323389879,1,0,14.36436300383,18,12,1.78693013000574,24,0,25,0,175.62371955678,1.37829966174301,8,0.469526350466535,2.85384020363345,0.959798994974874,1,8,0,1,0,1,1
4,GWO,scene4_GWO_run022.mat,710.443399404566,0,2,13.5742857585124,18,12,1.09365307207805,24,0,25,0,163.990178686383,1.28699932095186,8,0.26150262254888,2.46413246967049,0.92964824120603,1,8,0,1,0,1,1
4,GWO,scene4_GWO_run023.mat,435.697683090229,1,0,13.5000026037171,18,12,1.2914548957704,24,0,25,0,179.284501633578,1.40702957767292,8,9.15408323476897e-05,2.89641343159956,0.974874371859296,1,8,0,1,0,1,1
4,GWO,scene4_GWO_run024.mat,414.662913717644,1,0,15.0544356110453,18,12,1.26806737525146,24,0,25,0,176.134842651101,1.38231096949682,8,0.00236497828204642,2.13582067853531,0.969849246231156,1,8,0,1,0,1,1
4,GWO,scene4_GWO_run025.mat,475.796734409178,1,0,17.4190486882289,18,12,0.90273931623143,24,0,25,0,190.815532133292,1.49752541432536,8,0.383299799976248,3.65527183935051,0.984924623115578,1,8,0,1,0,1,1
4,GWO,scene4_GWO_run026.mat,347.056691652855,1,0,10.8173045243981,18,9.99978081701216,1.24997585772037,24,0,25,0,173.512060812828,1.36172730728057,8,0.158971056311429,3.34464162152495,0.804020100502513,0.833333333333333,8,0,1,0,1,1
4,GWO,scene4_GWO_run027.mat,358.713836365533,1,0,14.5667746616776,18,12,1.35896845573841,24,0,25,0,175.524376619993,1.37752001571048,8,0.00377544282800807,0.84790545003984,0.974874371859296,1,8,0,1,0,1,1
4,GWO,scene4_GWO_run028.mat,346.88275890316,1,0,12.6383293748812,18,11.8983814356192,1.09694954645885,24,0,25,0,174.046217014965,1.36591937948233,8,0.075705435602226,2.80876612797748,0.959798994974874,1,8,0,1,0,1,1
4,GWO,scene4_GWO_run029.mat,354.691840262881,1,0,13.0647102817432,18,11.999894498035,1.1185421031735,24,0,25,0,174.318909026185,1.36805947370066,8,0.330102591843157,2.78062114053518,0.959798994974874,1,8,0,1,0,1,1
4,GWO,scene4_GWO_run030.mat,340.856408836279,1,0,13.2039260958791,18,11.9860186438679,1.46202369195387,24,0,25,0,173.304566209821,1.36009888407065,8,0.108001469656589,2.93640623971986,0.914572864321608,0.833333333333333,8,0,1,0,1,1
4,WOA,scene4_WOA_run001.mat,1138.78622425745,0,2,19.2365584556438,22.9623693175047,12,2.36972038417879,24,0,25,0,313.276540633907,2.45860269374453,8,0,1.42787190112203,0.92964824120603,1,8,0,1,1,1,1
4,WOA,scene4_WOA_run002.mat,1516.72970599671,0,6,9.62698986549597,18,8.00000010872429,2.52098553232003,24,0,25,0,162.407507132543,1.27457847214617,8,0,1.84776069400876,0.92964824120603,1,8,0,1,0,1,1
4,WOA,scene4_WOA_run003.mat,1529.74098943584,0,6,12.2595071115793,18,11.9401116178808,1.0161666191221,24,0,25,0,163.074223975975,1.27981088381642,8,0.254890880006485,2.47122260102689,0.924623115577889,1,8,0,1,0,1,1
4,WOA,scene4_WOA_run004.mat,2125.3269794386,0,10,9.32548684565937,18,8.35351464223098,1.63893539423659,24,0,25,0,150.002943803907,1.17722712642205,8,5.35707931756431e-08,2.22835973323839,0.92964824120603,1,8,0,1,0,1,1
4,WOA,scene4_WOA_run005.mat,464.121671511478,1,0,21.2790000186482,23.7716845567706,12,2.22481226153063,24,0,25,0,176.789526134265,1.38744894303292,8,2.91236081424924,8.57806388361682,0.135678391959799,0.166666666666667,8,0,0,0,0,0
4,WOA,scene4_WOA_run006.mat,1505.11060735816,0,6,10.1316058460729,18,8.18087590707174,2.08634533484759,24,0,25,0,160.609657770274,1.26046890212833,8,1.70067063189895,4.09778105068701,0.924623115577889,1,8,0,1,0,1,1
4,WOA,scene4_WOA_run007.mat,1479.96327077517,0,7,23.2026855167386,24.2362845612404,12,2.20510894515686,24,0.695454545454545,25,0,146.252604449172,1.14779436257274,8,6.53858252357497,10.2264282720195,0.673366834170854,0.833333333333333,8,1,1,0,1,1
4,WOA,scene4_WOA_run008.mat,1942.85975565625,0,7,19.5456459335009,23.2605133306346,12,2.25692310580375,24,0,25,0,293.312980997052,2.30192814224258,8,0,1.84912391347034,0.92964824120603,1,8,0,1,1,1,1
4,WOA,scene4_WOA_run009.mat,1415.2970702819,0,6,8.75581850715146,18,8.01371796913922,1.73884047566524,24,0,25,0,150.527427357861,1.18134328742143,8,1.30515391141715e-09,1.90647844023308,0.92964824120603,1,8,0,1,0,1,1
4,WOA,scene4_WOA_run010.mat,1478.84807952144,0,7,22.489908813957,23.6545500344717,12,2.19316067546707,24,0,25,0,133.065531819151,1.04430186286251,8,6.52898920372471,9.97663141391347,0.301507537688442,0.5,8,0,0,0,0,0
4,WOA,scene4_WOA_run011.mat,1500.6974943595,0,5,23.5309552118223,25.8278131380238,12,2.56539934614259,24,0.695454545454545,25,0.268181818181818,236.055359624222,1.85256879391795,8,1.04755546059401,7.94193276919266,0.49748743718593,0.833333333333333,8,1,0,1,1,1
4,WOA,scene4_WOA_run012.mat,1247.61715173484,0,5,22.7918787058654,23.9624467657438,12,2.12088617225236,24,0,25,0,142.453342448004,1.117977652482,8,4.13955295059374,7.63338171505292,0.889447236180904,0.833333333333333,8,0,1,0,1,1
4,WOA,scene4_WOA_run013.mat,1315.32014469416,0,4,19.6050823721959,22.6322810277438,12,2.28790176508783,24,0,25,0,249.708750349556,1.95972097054799,8,8.29768371343181,11.1433102595838,0,0.5,8,0,0,1,0,1
4,WOA,scene4_WOA_run014.mat,764.80276085746,1,0,22.3839688050819,24.872299524358,12,1.97938128651724,24,0.159090909090909,25,0,297.579376701471,2.33541093016611,8,0.329684208009412,3.12874852638201,0.869346733668342,1,8,0,1,1,1,1
4,WOA,scene4_WOA_run015.mat,1455.28713101269,0,6,12.3184833869218,18,11.9996083902919,1.00612973864545,24,0,25,0,152.13213544879,1.19393707956126,8,0.908136589335951,4.31375546243855,0.92964824120603,1,8,0,1,0,1,1
4,WOA,scene4_WOA_run016.mat,955.916628284813,0,2,11.2327940758519,18,8.13732144200885,2.57674405673665,24,0,25,0,186.671581071716,1.46500357524313,8,0.0867896776059671,1.71256004403849,0.92964824120603,1,8,0,1,0,1,1
4,WOA,scene4_WOA_run017.mat,2038.8881959421,0,9,12.0948684781594,18,11.5107159063945,1.09121892439579,24,0,25,0,163.669863375118,1.28448547779741,8,0.80861088791991,4.02021707377167,0.924623115577889,1,8,0,1,0,1,1
4,WOA,scene4_WOA_run018.mat,1269.03276365209,0,4,24.8407599284621,25.9847416498352,12,2.58849836397973,24,0.827272727272727,25,0.781818181818182,235.344181774572,1.84698745107835,8,0.0586877305994449,4.68968011035018,0.814070351758794,1,8,1,1,1,1,1
4,WOA,scene4_WOA_run019.mat,1771.20004660815,0,7,10.5872159696007,18,8.36339790268417,1.51342035824053,24,0,25,0,203.108143560272,1.59399815852246,8,0,1.84912391347034,0.92964824120603,1,8,0,1,0,1,1
4,WOA,scene4_WOA_run020.mat,2078.94775657683,0,10,24.3401033870556,25.4740232243467,12,2.47381641893667,24,0.804545454545455,25,0.731818181818182,150.070599059909,1.17775808668584,8,0,1.84912391347034,0.92964824120603,1,8,1,1,0,1,1
4,WOA,scene4_WOA_run021.mat,2084.93277592789,0,10,20.1256748051864,20.7953846654601,12,1.49730967813302,24,0,25,0,139.425448494821,1.09421465952183,8,3.02828271584854,4.76484496577796,0.914572864321608,1,8,0,1,0,1,1
4,WOA,scene4_WOA_run022.mat,2051.26254082982,0,10,8.73357910181446,18,8.00438819543546,1.74576792476589,24,0,25,0,134.212384251666,1.0533023915143,8,3.75356162185961,5.53609298256197,0.914572864321608,1,8,0,1,0,1,1
4,WOA,scene4_WOA_run023.mat,1678.16652591465,0,7,9.05854228452435,18,8.00000002626496,1.6523011701779,24,0,25,0,153.486005019446,1.2045622842659,8,0,1.85289216644902,0.92964824120603,1,8,0,1,0,1,1
4,WOA,scene4_WOA_run024.mat,1705.48010161254,0,8.21886563818567,24.8525509020972,25.9979033162232,12,2.59134247280406,24,0.827272727272727,25,0.781818181818182,163.929429459548,1.28652255939022,8,0.00806416837251334,2.31064880283303,0.924623115577889,1,8,1,1,0,1,1
4,WOA,scene4_WOA_run025.mat,1108.28175568763,0,4,21.5781219835429,22.8162856823652,12,1.81283283434772,24,0,25,0,149.50330127682,1.17330591846782,8,7.2484021479525,10.5864770045848,0.0351758793969849,0,8,0,0,0,0,0
4,WOA,scene4_WOA_run026.mat,1932.23530674603,0,9,8.91411315723767,18,8.04716785845154,1.68528281217172,24,0,25,0,154.792903750651,1.21481886056264,8,1.15553363275546,4.20599815522708,0.924623115577889,1,8,0,1,0,1,1
4,WOA,scene4_WOA_run027.mat,776.714255780663,0,1.21947473245695,20.8699659531731,26,10.6759965283961,5.91845979434697,24,0.504545454545455,25,0.445454545454545,290.876937186451,2.28281000507627,8,0.16138746722595,1.00259529316614,0.974874371859296,1,8,1,1,1,1,1
4,WOA,scene4_WOA_run028.mat,1668.91588133244,0,7,24.222658632331,25.7714730177383,12,2.43441695283239,24,0.795454545454545,25,0.531818181818182,164.39732702897,1.29019463206521,8,0.529225369127573,2.90907124677754,0.924623115577889,1,8,1,1,0,1,1
4,WOA,scene4_WOA_run029.mat,1078.25599681774,0,4,22.5875100745855,23.5850759285019,12,2.05721544682559,24,0,25,0,157.453388482212,1.23569841609669,8,8.15110317460071,10.4450448633497,0,0.166666666666667,8,0,0,0,0,0
4,WOA,scene4_WOA_run030.mat,1491.48895018434,0,6,17.3267902172453,18,12,0.981986297765814,24,0,25,0,151.119040350798,1.18598628205852,8,0,1.84631201123969,0.92964824120603,1,8,0,1,0,1,1
4,HHO,scene4_HHO_run001.mat,1342.73424808403,0,6,9.32219261194925,18,8.10205829107705,1.6540304869808,24,0,25,0,148.551289670905,1.16583450584931,8,0.0200091698954326,3.00711988911582,0.919597989949749,1,8,0,1,0,1,1
4,HHO,scene4_HHO_run002.mat,426.6684746174,1,0,14.7603893483473,18.4076406727055,12,1.77552274693252,24,0,25,0,173.69116819765,1.36313294684076,8,3.70964232656729,6.43402976737248,0.949748743718593,0.833333333333333,8,0,1,0,1,1
4,HHO,scene4_HHO_run003.mat,1304.58143359211,0,6,9.59427139040548,18,8.30042237298033,2.19831901384172,24,0,25,0,144.590135346211,1.13474726046118,8,1.31384334514679,4.13397705952585,0.924623115577889,1,8,0,1,0,1,1
4,HHO,scene4_HHO_run004.mat,1049.76646081122,0,4,21.3289203268899,24.6734857685186,12,4.06497165625325,24,0.390909090909091,25,0,160.802777593424,1.26198451168036,8,1.27438592523286,5.89019987737487,0.92964824120603,1,8,0,1,0,1,1
4,HHO,scene4_HHO_run005.mat,1498.56135029229,0,7,9.31176359156117,18,8.25852789961774,1.64135599251827,24,0,25,0,144.294383117097,1.13242618903429,8,1.49159077723138,4.31915575779502,0.924623115577889,1,8,0,1,0,1,1
4,HHO,scene4_HHO_run006.mat,401.340648963764,1,0,20.1208826754202,22.3176466530549,12,2.25047122004316,24,0,25,0,183.28170993136,1.4383997756089,8,3.26822090099389,7.38529208699076,0.507537688442211,0.833333333333333,8,0,0,0,1,1
4,HHO,scene4_HHO_run007.mat,1471.79676567153,0,7,8.79810041250314,18,8.00000000054728,1.74335392786251,24,0,25,0,141.932549663532,1.11389045674051,8,0.946163698677646,3.89977040829455,0.924623115577889,1,8,0,1,0,1,1
4,HHO,scene4_HHO_run008.mat,1438.2826705897,0,6,10.1957996242483,18,8.64015996432054,1.91787563511544,24,0,25,0,165.877920908766,1.30181437254703,8,1.09996879357598,5.21465509319882,0.874371859296482,0.833333333333333,8,0,1,0,1,1
4,HHO,scene4_HHO_run009.mat,538.132176744319,0,1,8.94363760302755,18,8.0014595902627,1.70531645479431,24,0,25,0,165.078760223695,1.29554253805513,8,0.738572924825906,3.09930150981595,0.924623115577889,1,8,0,1,0,1,1
4,HHO,scene4_HHO_run010.mat,1496.52402469172,0,7,9.00120466227998,18,8.01195205010395,1.75179065217969,24,0,25,0,142.592591071859,1.119070479417,8,0.0663641814985553,2.24253341391953,0.924623115577889,1,8,0,1,0,1,1
4,HHO,scene4_HHO_run011.mat,387.384793631222,1,0,22.3210402248795,24.54387208424,12,2.40020488587564,24,0.140909090909091,25,0,180.410517830304,1.41586658298736,8,5.02147614759525,7.47649244044146,0.603015075376884,0.833333333333333,8,0,0,0,1,1
4,HHO,scene4_HHO_run012.mat,1359.78384102322,0,6,10.3898790097926,18,9.20828921545773,1.39678173640662,24,0,25,0,147.536616218744,1.1578713213807,8,0.400581411507998,3.35661889286574,0.924623115577889,1,8,0,1,0,1,1
4,HHO,scene4_HHO_run013.mat,462.384265959082,1,0,20.3911757945015,21.4632761429913,12,1.69884188354614,24,0,25,0,187.48261853761,1.47136861902948,8,2.10935572366106,5.8722143947223,0.934673366834171,1,8,0,1,0,1,1
4,HHO,scene4_HHO_run014.mat,735.864541544023,0,2,11.0058985625935,18,8.67451349422844,1.959388908975,24,0,25,0,166.977907282269,1.31044709511063,8,4.82724360910564e-08,2.61654812245231,0.904522613065327,0.833333333333333,8,0,1,0,1,1
4,HHO,scene4_HHO_run015.mat,366.955824397422,1,0,20.3655625324948,24.1915741671558,12,3.40510545012982,24,0.1,25,0,174.659473062054,1.37073222938892,8,5.07173675595413,7.90956542195464,0.50251256281407,0.666666666666667,8,0,0,0,1,1
4,HHO,scene4_HHO_run016.mat,1232.77323915255,0,5,9.92358896684167,18,8.41051991061615,1.48076311045225,24,0,25,0,155.021678801098,1.21661429329486,8,0.792890730730313,5.70465491416765,0.85427135678392,1,8,0,1,0,1,1
4,HHO,scene4_HHO_run017.mat,1530.14681010054,0,7,8.79953308970627,18,8.00000004894497,1.73208870568763,24,0,25,0,151.651127363845,1.19016211520879,8,0.784178329263352,3.05515098853308,0.924623115577889,1,8,0,1,0,1,1
4,HHO,scene4_HHO_run018.mat,1471.52090738897,0,7,8.80730719524113,18,8.0003333190657,1.7282589649842,24,0,25,0,143.783752496135,1.1284187462246,8,0.27169335162705,3.02217245582262,0.924623115577889,1,8,0,1,0,1,1
4,HHO,scene4_HHO_run019.mat,673.311731586025,0,2,11.7839668814489,18,9.56184419091235,1.45034919565064,24,0,25,0,148.87574737332,1.16838085860062,8,0.667861508930413,9.20279497407697,0.482412060301508,0.5,8,0,0,0,0,0
4,HHO,scene4_HHO_run020.mat,347.188761754111,1,0,11.3167047503221,18,10.3176948400908,1.27577095635847,24,0,25,0,172.307878643242,1.35227685331453,8,4.04178764990695,7.25377981914956,0.527638190954774,0.833333333333333,8,0,0,0,1,1
4,HHO,scene4_HHO_run021.mat,879.110428187261,0,3,9.30000010362154,18,8.08647544942258,1.83086772485304,24,0,25,0,154.50061268489,1.21252495243858,8,1.28688732708086,5.3864137789081,0.919597989949749,1,8,0,1,0,1,1
4,HHO,scene4_HHO_run022.mat,412.465147199305,1,0,10.164522899428,18,8.05117626008431,2.25432486469913,24,0,25,0,167.415046811428,1.31387777786063,8,0.634858014053196,3.04407559169654,0.924623115577889,1,8,0,1,0,1,1
4,HHO,scene4_HHO_run023.mat,485.923721663002,1,0,13.6781701716684,18,11.094684856108,2.11417082457367,24,0,25,0,177.740774031084,1.39491436204196,8,0.657545278115635,4.45771651348195,0.894472361809045,0.833333333333333,8,0,1,0,1,1
4,HHO,scene4_HHO_run024.mat,337.070154186255,1,0,14.0949063818428,18,12,0.874283694727806,24,0,25,0,173.453072981599,1.36126436919889,8,0.19177024876783,3.66982127019133,0.924623115577889,1,8,0,1,0,1,1
4,HHO,scene4_HHO_run025.mat,897.649730623661,0,3,20.8365484868125,22.9683684651541,12,2.85632178989867,24,0,25,0,161.691233264299,1.26895713561596,8,2.08652864078732,6.41627682064536,0.909547738693467,0.833333333333333,8,0,1,0,1,1
4,HHO,scene4_HHO_run026.mat,442.500755871427,1,0,9.93818380482489,18,8.48289646082019,1.59411190733672,24,0,25,0,168.986151121789,1.32620784662924,8,1.22275415237669,3.87309159272989,0.924623115577889,1,8,0,1,0,1,1
4,HHO,scene4_HHO_run027.mat,1450.04523367923,0,7,8.77811556871156,18,8.01201776236221,1.72706696505784,24,0,25,0,141.61246245237,1.11137840372178,8,0.563933061577911,3.30458145069297,0.924623115577889,1,8,0,1,0,1,1
4,HHO,scene4_HHO_run028.mat,1462.77708827234,0,7,8.77593023062781,18,8.00502563749179,1.73361631361806,24,0,25,0,141.620884762166,1.11144450223496,8,0.975354921215222,3.50888521494466,0.924623115577889,1,8,0,1,0,1,1
4,HHO,scene4_HHO_run029.mat,708.408129473495,0,2,8.9408950961339,18,8.01218900692522,1.71543311376056,24,0,25,0,164.962076874654,1.29462680400212,8,0.300123757042424,2.42252108096169,0.924623115577889,1,8,0,1,0,1,1
4,HHO,scene4_HHO_run030.mat,338.666279354214,1,0,14.8791516936184,18,12,1.04079684843566,24,0,25,0,159.768256196055,1.2538655600054,8,1.3693283921555,4.44358933466425,0.924623115577889,1,8,0,1,0,1,1
4,DBO,scene4_DBO_run001.mat,376.865789363864,1,0,11.5314230981038,18.7348447867077,8.07966167698022,3.5912854475457,24,0,25,0,177.274722734712,1.39125677896739,8,0,1.6504164424732,0.949748743718593,1,8,0,1,0,1,1
4,DBO,scene4_DBO_run002.mat,385.020930432759,1,0,9.0241559927679,18,8.02689169515918,1.9132940204553,24,0,25,0,182.653622398665,1.43347052780545,8,0.266074730310276,2.95205702998992,1,1,8,0,1,0,1,1
4,DBO,scene4_DBO_run003.mat,362.383948254814,1,2.8421709430404e-14,9.17851606492566,18,8,1.92999237331912,24,0,25,0,174.378433621098,1.36852662431813,8,0.417415469080264,3.52348642063006,0.959798994974874,0.833333333333333,8,0,1,0,1,1
4,DBO,scene4_DBO_run004.mat,373.915126242651,1,0,12.1452825632819,18,9.48572050396362,2.02265558273139,24,0,25,0,175.81527318606,1.37980297976354,8,0.365343212597198,4.25713968159035,0.829145728643216,0.833333333333333,8,0,1,0,1,1
4,DBO,scene4_DBO_run005.mat,367.447849667522,1,3.81916720471054e-14,10.5203507720647,21.1927170373112,8,4.22411965444336,24,0,25,0,176.410237423603,1.38447227505818,8,1.21423353373545,4.78642284014367,0.92964824120603,1,8,0,1,0,1,1
4,DBO,scene4_DBO_run006.mat,359.900106901406,1,1.59872115546023e-14,11.3494642698151,19.4995895586705,8,4.17065859873838,24,0,25,0,168.720885252798,1.32412603297431,8,1.20303750446827,8.85721586421361,0.582914572864322,0.833333333333333,8,0,0,0,1,1
4,DBO,scene4_DBO_run007.mat,362.531262536575,1,1.13686837721616e-13,24.8544292313608,26,12,2.59179557195544,24,0.827272727272727,25,0.781818181818182,175.815570829024,1.3798053156735,8,0,0.870030845089929,0.964824120603015,1,8,1,1,0,1,1
4,DBO,scene4_DBO_run008.mat,387.786830308712,1,0,11.5849233432127,21.6977122393695,8.14398316654804,4.27410486088666,24,0,25,0,179.560693539165,1.40919713915612,8,0,1.34221780009522,0.959798994974874,1,8,0,1,0,1,1
4,DBO,scene4_DBO_run009.mat,392.030768169589,1,0,9.0384310002646,18,8.00000002466206,1.65556666389063,24,0,25,0,177.607575349687,1.39386901521765,8,0,3.58575981211216,0.824120603015075,1,8,0,1,0,1,1
4,DBO,scene4_DBO_run010.mat,365.895501592633,1,6.03961325396085e-14,23.0630780393392,26,11.0026447477921,4.74618477028405,24,0.672727272727273,25,0.618181818181818,177.476614744703,1.39284123287705,8,1.36000456567821,4.42129587532483,0.92964824120603,1,8,1,1,0,1,1
4,DBO,scene4_DBO_run011.mat,382.25769543662,1,0,20.1375339848283,23.3138886067711,12,1.88586000402465,24,0,25,0,180.358068270429,1.41545495743464,8,0.177254807321361,2.49151282137672,1,1,8,0,1,0,1,1
4,DBO,scene4_DBO_run012.mat,369.146800260142,1,0,10.1747213235314,18,8.19945562097443,1.53566978070291,24,0,25,0,177.120895208098,1.39004953641249,8,3.24757439631959e-08,1.25207828549617,0.974874371859296,1,8,0,1,0,1,1
4,DBO,scene4_DBO_run013.mat,377.22450819848,1,0,11.954566076786,18,8.36591798006126,2.2213487178876,24,0,25,0,176.021383670481,1.38142054037366,8,0.180639352619721,2.98559577099834,0.934673366834171,1,8,0,1,0,1,1
4,DBO,scene4_DBO_run014.mat,363.299494417179,1,1.59872115546023e-14,10.4323720420769,18,8,2.67194849140179,24,0,25,0,176.98748472548,1.38900252736651,8,0,1.16791885109625,0.964824120603015,1,8,0,1,0,1,1
4,DBO,scene4_DBO_run015.mat,431.310671439287,1,0,12.0008347046044,18,9.93241105451743,1.53346569220292,24,0,25,0,181.487635729693,1.42431983315272,8,0.735628704771047,5.1553309410798,0.969849246231156,0.666666666666667,8,0,1,0,1,1
4,DBO,scene4_DBO_run016.mat,363.781026652474,1,0,18.0851788628316,21.0730173129331,12,1.82621301196383,24,0,25,0,166.516858665183,1.30682877319728,8,0.589660611562365,8.5831450437348,0.5678391959799,0.666666666666667,8,0,0,0,1,1
4,DBO,scene4_DBO_run017.mat,395.175310796827,1,0,12.8171182412519,18.7354505870668,9.80953490126202,2.77474552096048,24,0,25,0,176.080199538941,1.38188212888692,8,2.39776210180836,4.36816711118028,0.944723618090452,1,8,0,1,0,1,1
4,DBO,scene4_DBO_run018.mat,363.502945439093,1,0,8.73995040694882,18,8.0000000008728,1.74232507988976,24,0,25,0,177.806893351214,1.39543326823983,8,0.450791156022717,3.49294796795154,0.974874371859296,1,8,0,1,0,1,1
4,DBO,scene4_DBO_run019.mat,373.771322824686,1,0,12.9213180944121,20.4981515329088,8.24254166781122,4.25033069702604,24,0,25,0,176.832867957308,1.38778909082269,8,0,1.60732948856238,0.939698492462312,1,8,0,1,0,1,1
4,DBO,scene4_DBO_run020.mat,401.570947982584,1,0,21.5950151528963,25.9999998985591,12,3.48184420266287,24,0.354545454545455,25,0.277272727272727,177.119810818953,1.39004102609739,8,1.79533600430659e-07,2.90525265395703,0.919597989949749,1,8,1,1,0,1,1
4,DBO,scene4_DBO_run021.mat,376.770801211613,1,0,16.2011229748351,21.1040419449283,9.25549286260209,3.74798819628652,24,0,25,0,177.437552959742,1.39253467494094,8,0.700178392808709,3.82250087111749,0.889447236180904,0.833333333333333,8,0,1,0,1,1
4,DBO,scene4_DBO_run022.mat,359.769250643811,1,4.44089209850063e-14,8.72899958004311,18,8,1.74679831972043,24,0,25,0,177.821806967019,1.39555031069669,8,0,2.42205650580328,0.919597989949749,1,8,0,1,0,1,1
4,DBO,scene4_DBO_run023.mat,360.026898641222,1,4.44089209850063e-14,8.72899958004311,18,8,1.74679831972043,24,0,25,0,178.830637523029,1.40346763995958,8,1.05052893523812,5.16816015079578,0.889447236180904,0.833333333333333,8,0,1,0,1,1
4,DBO,scene4_DBO_run024.mat,386.279612455613,1,0,10.0828499845948,18,8.00000052783481,2.33583112309639,24,0,25,0,179.147760507296,1.40595642964613,8,0.492307078885521,4.686631890747,0.964824120603015,0.833333333333333,8,0,1,0,1,1
4,DBO,scene4_DBO_run025.mat,377.187353332282,1,0,12.5513740237933,20.2714296193743,8.21433836952577,4.32530643045029,24,0,25,0,179.217788336337,1.40650600992676,8,0,1.36343680295854,0.979899497487437,1,8,0,1,0,1,1
4,DBO,scene4_DBO_run026.mat,366.426433770978,1,4.2632564145606e-14,21.5389384142079,26,11.9986008721696,5.19862253440682,24,0.518181818181818,25,0.454545454545455,178.496859862929,1.40084814393037,8,1.1677212423739,4.26721939564321,0.914572864321608,1,8,1,1,0,1,1
4,DBO,scene4_DBO_run027.mat,368.382575459342,1,0,17.0190686302294,20.3855643055144,12,1.56183297002968,24,0,25,0,174.244858725092,1.36747832495147,8,0.831678345877066,4.6154456879389,0.884422110552764,1,8,0,1,0,1,1
4,DBO,scene4_DBO_run028.mat,362.537231159923,1,1.13686837721616e-13,24.8544292313608,26,12,2.59179557195544,24,0.827272727272727,25,0.781818181818182,175.733552903059,1.37916163679061,8,0.764357902042107,5.92776566065621,0.678391959798995,0.833333333333333,8,1,1,0,1,1
4,DBO,scene4_DBO_run029.mat,399.200229911022,1,0,10.8642005986323,18,8.3180103255185,1.94068518571197,24,0,25,0,183.857043408846,1.44291500817208,8,1.87538007305685,3.35662027654314,1,0.833333333333333,8,0,1,0,1,1
4,DBO,scene4_DBO_run030.mat,377.722631575547,1,0,13.6813791411499,18.4098576019602,10.6009000339652,2.28523850975171,24,0,25,0,167.229127334062,1.31241867681545,8,0.200870714571965,6.9691955378868,0.633165829145729,0.666666666666667,8,0,0,0,1,1
4,CPO,scene4_CPO_run001.mat,856.932302894123,0,3,24.6489785829283,25.8779386641113,12,2.53686592607658,24,0.822727272727273,25,0.768181818181818,167.598760327284,1.31531956646072,8,2.20623169372382,5.17755962821459,0.798994974874372,1,8,1,1,0,1,1
4,CPO,scene4_CPO_run002.mat,368.875473287114,1,0,17.7243169116787,19.1670269775136,12,1.25429697841527,24,0,25,0,176.570931500775,1.38573340648604,8,0.50601314006301,4.31533471777636,0.959798994974874,1,8,0,1,0,1,1
4,CPO,scene4_CPO_run003.mat,342.828337918891,1,0,20.5921942334907,21.8537589668305,12,1.78919040449279,24,0,25,0,174.091168486707,1.36627215983827,8,0.684714928572077,3.64818751035727,0.949748743718593,1,8,0,1,0,1,1
4,CPO,scene4_CPO_run004.mat,335.456692233963,1,0,24.4597578156514,25.9372944257825,12,2.61072776983651,24,0.777272727272727,25,0.704545454545455,174.672046394684,1.37083090524066,8,2.11072773950204,5.82909368582438,0.798994974874372,0.833333333333333,8,1,1,0,1,1
4,CPO,scene4_CPO_run005.mat,336.913254018042,1,0,24.1165926451233,25.2629279701725,12,2.36766766111937,24,0.809090909090909,25,0.609090909090909,173.959512033237,1.36523891646009,8,0.796328505234627,3.76148816630578,0.944723618090452,1,8,1,1,0,1,1
4,CPO,scene4_CPO_run006.mat,342.735486637172,1,0,24.0581122987688,25.4902913216795,12,2.51929822341455,24,0.768181818181818,25,0.640909090909091,173.433869557812,1.36111366021392,8,1.03381090462611,4.34403284748605,0.92964824120603,0.833333333333333,8,1,1,0,1,1
4,CPO,scene4_CPO_run007.mat,400.103636173547,1,0,21.5751030734302,25.8948265325264,11.1433956177656,5.26756013475505,24,0.527272727272727,25,0.459090909090909,176.977002168426,1.38892025997758,8,4.55968442543463,7.62834063405657,0.618090452261307,0.666666666666667,8,1,0,0,1,1
4,CPO,scene4_CPO_run008.mat,338.321864273649,1,0,24.4374924371484,25.8901559336602,12,2.47882074940875,24,0.809090909090909,25,0.745454545454545,174.562230321076,1.36996906574944,8,0.447811159573092,4.23232385110508,0.924623115577889,1,8,1,1,0,1,1
4,CPO,scene4_CPO_run009.mat,1034.23076191449,0,4,24.4276753161441,25.8834705317279,12,2.6097761528079,24,0.795454545454545,25,0.668181818181818,145.236574016837,1.13982052848733,8,1.94324266796718,6.9932405619306,0.864321608040201,0.833333333333333,8,1,1,0,1,1
4,CPO,scene4_CPO_run010.mat,846.558518510012,0,3,23.5086242396135,25.8333530631468,12,3.63157279078239,24,0.690909090909091,25,0.618181818181818,167.943958843301,1.3180286936735,8,1.93798405167776,5.7805631177034,0.778894472361809,1,8,1,1,0,1,1
4,CPO,scene4_CPO_run011.mat,335.178193092621,1,0,14.3806370009989,18,12,0.977674117452212,24,0,25,0,173.259799766198,1.35974755582035,8,0.293013868102761,3.60213369194603,0.954773869346734,1,8,0,1,0,1,1
4,CPO,scene4_CPO_run012.mat,338.871229797833,1,0,21.4320352035802,22.8173704584612,12,2.09497529553409,24,0,25,0,173.598489016151,1.36240559813847,8,1.13987721389191,4.09019923600669,0.934673366834171,1,8,0,1,0,1,1
4,CPO,scene4_CPO_run013.mat,335.46789706852,1,0,24.0885847906503,25.329943415055,12,2.42684062584532,24,0.786363636363636,25,0.663636363636364,174.473018388072,1.36926892810634,8,1.86705042669952,4.85346404580715,0.919597989949749,0.833333333333333,8,1,1,0,1,1
4,CPO,scene4_CPO_run014.mat,336.71602796998,1,0,21.005086399122,22.2892629754571,12,1.82065672179811,24,0,25,0,173.628114153886,1.36263809701403,8,0.331679593066909,3.42364925394481,0.954773869346734,1,8,0,1,0,1,1
4,CPO,scene4_CPO_run015.mat,340.402852145011,1,0,20.0834963875457,21.2685845332197,12,1.57535411873809,24,0,25,0,173.567119774547,1.36215941148896,8,0.141123755827053,2.86131170085488,0.944723618090452,1,8,0,1,0,1,1
4,CPO,scene4_CPO_run016.mat,338.881629971033,1,0,14.4275265635319,18,12,0.841535524769011,24,0,25,0,173.75172322086,1.36360818428715,8,1.81406265478999,5.46344990624636,0.904522613065327,0.833333333333333,8,0,1,0,1,1
4,CPO,scene4_CPO_run017.mat,334.748544505303,1,0,19.7090552365916,20.7898261958325,12,1.50603491066882,24,0,25,0,173.479844954104,1.3614744763572,8,1.54915274818541,4.89788432524006,0.909547738693467,1,8,0,1,0,1,1
4,CPO,scene4_CPO_run018.mat,338.186431880294,1,0,21.8651916784117,23.5049205588116,12,1.7018104750267,24,0,25,0,174.420433003551,1.36885623659815,8,0.371848882617414,3.87483408265589,0.954773869346734,0.833333333333333,8,0,1,0,1,1
4,CPO,scene4_CPO_run019.mat,338.601372041974,1,0,19.1975569387875,22.0567814544099,12,1.41598943410622,24,0,25,0,174.285836783177,1.36779992185045,8,0.490581649796908,3.7647628011453,0.949748743718593,1,8,0,1,0,1,1
4,CPO,scene4_CPO_run020.mat,1495.93152311838,0,6,19.6614409544872,21.4984519408551,12,1.73183702891683,24,0,25,0,261.48764419594,2.05216204539341,8,0.638962346456722,5.15867725466321,0.814070351758794,1,8,0,1,1,1,1
4,CPO,scene4_CPO_run021.mat,401.463511103064,1,0,22.9106777415633,25.7559183128025,12,2.94054149846712,24,0.359090909090909,25,0.213636363636364,176.501062323117,1.38518507130572,8,5.5184415001732,8.41107701629684,0.487437185929648,0.666666666666667,8,1,0,0,1,1
4,CPO,scene4_CPO_run022.mat,335.658820757331,1,0,19.419046838488,20.264390494317,12,1.58220148704843,24,0,25,0,173.284093351195,1.35993821252703,8,0.29026851338223,3.46252716093779,0.944723618090452,1,8,0,1,0,1,1
4,CPO,scene4_CPO_run023.mat,335.068326811411,1,0,18.1696185009022,19.1620285859254,12,1.03421811578504,24,0,25,0,172.792298109915,1.3560785902823,8,0.356956907507694,3.77900350371509,0.944723618090452,0.833333333333333,8,0,1,0,1,1
4,CPO,scene4_CPO_run024.mat,1028.6262681984,0,4,23.0738107731754,25.06640253714,12,2.74585872711732,24,0.622727272727273,25,0.0727272727272727,144.757424204449,1.13606014790773,8,1.28209548226822,6.73920893960276,0.723618090452261,0.833333333333333,8,1,1,0,1,1
4,CPO,scene4_CPO_run025.mat,880.001711196411,0,3,19.1824585577356,21.6354732926001,12,1.70326978889623,24,0,25,0,166.751266298623,1.3086684105919,8,3.64018732282703,6.42987823387662,0.864321608040201,1,8,0,1,0,1,1
4,CPO,scene4_CPO_run026.mat,336.845825131912,1,0,22.804949507052,23.8130029729891,12,2.06740143372066,24,0,25,0,173.600449137325,1.36242098122202,8,0.716625344390607,4.37010302990946,0.92964824120603,1,8,0,1,0,1,1
4,CPO,scene4_CPO_run027.mat,344.315167660642,1,0,14.4280121027222,18,12,0.933844885253157,24,0,25,0,173.933437216779,1.36503428060114,8,0.616338409369433,3.69592702060432,0.949748743718593,1,8,0,1,0,1,1
4,CPO,scene4_CPO_run028.mat,336.418436721311,1,0,24.5571367971959,25.881200203192,12,2.55801222627077,24,0.8,25,0.740909090909091,174.187167813976,1.36702556513362,8,1.63721264252113,4.73821327109516,0.934673366834171,1,8,1,1,0,1,1
4,CPO,scene4_CPO_run029.mat,949.919333859511,0,3,21.1285481555747,25.4643804348215,12,4.26336260845203,24,0.445454545454545,25,0.218181818181818,160.208593622839,1.25732133994173,8,1.97428944800145,7.34691056820851,0.733668341708543,0.833333333333333,8,1,1,0,1,1
4,CPO,scene4_CPO_run030.mat,912.13009648254,0,3,21.9091552254938,24.8962928721522,12,2.46554951725643,24,0.259090909090909,25,0,166.395583014303,1.30587699863626,8,2.32645331799688,9.10779569078798,0.814070351758794,0.833333333333333,8,0,1,0,1,1
