Scene,Algorithm,RunFile,BestFitness,Feasible,Violation,MeanZ,MaxZ,MinZ,StdZ,HighThreshold,HighAltitudeFrac,VeryHighThreshold,VeryHighAltitudeFrac,PathLength,DetourRatio,BoundaryBand,MinBoundaryDist,MeanBoundaryDist,BoundaryHugFrac,ControlPointBoundaryHugFrac,NumControlPoints,HighAltitudeFlag,BoundaryHugFlag,ExcessiveDetourFlag,ControlPointEdgeFlag,VisualReviewFlag
1,CVF-AE,scene1_CVF-AE_run001.mat,307.042124984532,1,0,15.1641075843889,18,12,0.896939597777745,24,0,32,0,136.323361334461,1.06986939628169,8,6.21695331015468,21.8715626766833,0.0402010050251256,0.166666666666667,8,0,0,0,0,0
1,CVF-AE,scene1_CVF-AE_run002.mat,308.213329360056,1,0,15.7213157791991,18,12,0.893578821397032,24,0,32,0,134.613286914349,1.05644868636424,8,7.92655548200538,24.6064326414389,0.0050251256281407,0,8,0,0,0,0,0
1,CVF-AE,scene1_CVF-AE_run003.mat,309.972602586912,1,0,14.5873902519797,18,12,0.765510548839633,24,0,32,0,134.605882604277,1.05639057714019,8,7.06909515714773,25.4305293727454,0.0201005025125628,0.166666666666667,8,0,0,0,0,0
1,CVF-AE,scene1_CVF-AE_run004.mat,308.973089946357,1,0,15.9231213716856,18,12,1.3575878336885,24,0,32,0,133.723254416268,1.04946368744643,8,7.98835597780199,23.6752300155128,0.0050251256281407,0,8,0,0,0,0,0
1,CVF-AE,scene1_CVF-AE_run005.mat,309.748391197437,1,0,15.3480741653569,18.025487605434,12,1.19253880339638,24,0,32,0,135.533073542484,1.06366719649279,8,7.16272025721685,24.8867420940268,0.0150753768844221,0.166666666666667,8,0,0,0,0,0
1,CVF-AE,scene1_CVF-AE_run006.mat,308.778886201654,1,0,15.3079919913617,18,12,1.1299461772831,24,0,32,0,134.058635866262,1.05209577006174,8,9.06464080775328,23.6439979075757,0,0,8,0,0,0,0,0
1,CVF-AE,scene1_CVF-AE_run007.mat,308.271746845049,1,0,15.6251457078399,18,12,1.1166414169558,24,0,32,0,133.569414174695,1.04825634510419,8,9.09700415316627,23.913918546548,0,0,8,0,0,0,0,0
1,CVF-AE,scene1_CVF-AE_run008.mat,307.079369062383,1,0,15.101033266106,18,12,1.02919351649852,24,0,32,0,133.844288343491,1.0504135649537,8,8.45948152844775,23.519123980662,0,0,8,0,0,0,0,0
1,CVF-AE,scene1_CVF-AE_run009.mat,307.028630557343,1,0,14.9254670268994,18,12,1.19127772859975,24,0,32,0,135.710268598789,1.06505782804748,8,6.25644305698856,23.0483726928356,0.0351758793969849,0.166666666666667,8,0,0,0,0,0
1,CVF-AE,scene1_CVF-AE_run010.mat,307.855651142232,1,0,15.5370145936024,18,12,1.12490064169014,24,0,32,0,133.719626285548,1.04943521377922,8,8.14775747975659,23.4223282795297,0,0,8,0,0,0,0,0
1,CVF-AE,scene1_CVF-AE_run011.mat,306.709375707825,1,0,14.9633128838968,18,12,1.29233117480776,24,0,32,0,138.168320492001,1.08434868523642,8,7.16273469610988,20.6400859666175,0.0251256281407035,0.166666666666667,8,0,0,0,0,0
1,CVF-AE,scene1_CVF-AE_run012.mat,312.130740688588,1,0,15.8604742008743,18,12,0.972323583704175,24,0,32,0,135.91472452744,1.06666240365954,8,7.40881791776812,22.0200023230289,0.0150753768844221,0.166666666666667,8,0,0,0,0,0
1,CVF-AE,scene1_CVF-AE_run013.mat,298.981504703706,1,0,13.4704921856757,18,12,1.58457661763444,24,0,32,0,135.77114497551,1.06553558748483,8,5.95755509884047,21.2464452162975,0.050251256281407,0.166666666666667,8,0,0,0,0,0
1,CVF-AE,scene1_CVF-AE_run014.mat,308.087315715805,1,0,15.6236427936624,18,12,0.89875443898522,24,0,32,0,133.794687746561,1.05002429813859,8,8.47997700005595,23.6931767910005,0,0,8,0,0,0,0,0
1,CVF-AE,scene1_CVF-AE_run015.mat,308.064354858073,1,0,15.5134534717015,18,12,1.33686852997526,24,0,32,0,133.29226761359,1.04608129145888,8,8.06626057267704,23.8338787513964,0,0,8,0,0,0,0,0
1,CVF-AE,scene1_CVF-AE_run016.mat,304.125926396463,1,0,14.5499673344683,18,12,1.15499481400233,24,0,32,0,135.368733568683,1.06237745197039,8,7.32415838475578,24.0002207545243,0.0150753768844221,0.166666666666667,8,0,0,0,0,0
1,CVF-AE,scene1_CVF-AE_run017.mat,307.969561906539,1,0,15.7039409561256,18,12,1.0146500500543,24,0,32,0,133.375569352679,1.04673504574161,8,9.15472003413101,23.8064497153731,0,0,8,0,0,0,0,0
1,CVF-AE,scene1_CVF-AE_run018.mat,305.30860554086,1,0,15.1822231305636,18,12,1.06152314901582,24,0,32,0,134.487526572956,1.05546171583178,8,7.85215191560255,22.4363412306955,0.0050251256281407,0,8,0,0,0,0,0
1,CVF-AE,scene1_CVF-AE_run019.mat,309.450315537774,1,0,15.4033601662875,18,12,1.1494650113412,24,0,32,0,137.840212151199,1.08177368217713,8,7.29745308326949,20.4473884428136,0.0150753768844221,0.166666666666667,8,0,0,0,0,0
1,CVF-AE,scene1_CVF-AE_run020.mat,307.64120011688,1,0,15.3091448961248,18,12,1.20791436457485,24,0,32,0,133.653387843401,1.04891537270858,8,8.58603915756237,23.3740761346735,0,0,8,0,0,0,0,0
1,CVF-AE,scene1_CVF-AE_run021.mat,296.093879155871,1,0,13.9416249115725,18,12,0.914471838301958,24,0,32,0,135.93946928417,1.06685660117408,8,9.06915631228196,23.4713395473152,0,0,8,0,0,0,0,0
1,CVF-AE,scene1_CVF-AE_run022.mat,307.69926117377,1,0,15.3839935225819,18,12,0.785137802367132,24,0,32,0,134.104820432466,1.05245822777609,8,9.33031356554025,24.7040355866251,0,0,8,0,0,0,0,0
1,CVF-AE,scene1_CVF-AE_run023.mat,298.648064936475,1,0,13.0855456107503,18,10.7139834295215,1.46875558700299,24,0,32,0,135.30226041138,1.0618557688489,8,7.42050893577612,18.8261159689758,0.0150753768844221,0,8,0,0,0,0,0
1,CVF-AE,scene1_CVF-AE_run024.mat,293.548588468402,1,0,12.8246851670375,18,11.3078826121086,1.55597864614267,24,0,32,0,135.96489456558,1.06705613946455,8,7.43460159841707,22.2070024192661,0.0150753768844221,0.166666666666667,8,0,0,0,0,0
1,CVF-AE,scene1_CVF-AE_run025.mat,297.471927321154,1,0,13.396651768865,18,11.9826560715676,1.47332288139433,24,0,32,0,135.300068002403,1.06183856276445,8,8.24365549700838,22.6385676350309,0,0,8,0,0,0,0,0
1,CVF-AE,scene1_CVF-AE_run026.mat,307.673759449222,1,0,15.2087786761022,18,12,0.857207834774405,24,0,32,0,134.623317768077,1.05652740877335,8,8.2238391182116,23.2702873723133,0,0,8,0,0,0,0,0
1,CVF-AE,scene1_CVF-AE_run027.mat,307.898346297704,1,0,15.5338085235966,18,12,1.3728246847649,24,0,32,0,133.719058503054,1.04943075780699,8,8.33463676954179,23.578506111647,0,0,8,0,0,0,0,0
1,CVF-AE,scene1_CVF-AE_run028.mat,306.175172008853,1,0,15.4365463833436,18,12,1.08459014791839,24,0,32,0,136.157784946891,1.06856994835088,8,7.04553066092435,23.4564774956482,0.0150753768844221,0.166666666666667,8,0,0,0,0,0
1,CVF-AE,scene1_CVF-AE_run029.mat,298.25173154887,1,0,13.6266806265757,18,12,0.976065211539951,24,0,32,0,136.854200489827,1.07403543621142,8,6.88610833525578,21.6953914196103,0.0301507537688442,0.166666666666667,8,0,0,0,0,0
1,CVF-AE,scene1_CVF-AE_run030.mat,308.181751888175,1,0,15.110856252834,18,12,1.1816687323153,24,0,32,0,135.94343190502,1.06688769992879,8,6.61798192648149,22.1846420901409,0.0452261306532663,0.333333333333333,8,0,0,0,0,0
1,AE,scene1_AE_run001.mat,437.564333580081,1,0,23.4087131381488,26.1565168718392,12,2.3313627509145,24,0.454545454545455,32,0,151.194758901416,1.18658052327472,8,9.86448404933482,21.1010784047055,0,0,8,0,0,0,0,0
1,AE,scene1_AE_run002.mat,361.45326724139,1,0,28.0889260085529,30.0656670492214,12,3.50294885134581,24,0.881818181818182,32,0,150.596437845427,1.18188488357887,8,8.82981208093786,33.948091097588,0,0.166666666666667,8,1,0,0,0,1
1,AE,scene1_AE_run003.mat,1131.47541718773,0,4,24.6761640153118,29.6181507939519,12,3.4254250654522,24,0.75,32,0,162.709322527565,1.27694712746174,8,15.4873330879112,39.2675973202963,0,0,8,1,0,0,0,1
1,AE,scene1_AE_run004.mat,586.906851980242,1,0,24.562705803822,30.8945219125921,12,4.91186043520707,24,0.572727272727273,32,0,182.384148290655,1.43135568777783,8,13.160483118691,38.0165951159317,0,0,8,1,0,0,0,1
1,AE,scene1_AE_run005.mat,1058.66881459688,0,4,23.1933552249599,25.3756646131938,12,2.38303658295488,24,0.477272727272727,32,0,148.157025222249,1.16274030788111,8,15.8491870744563,41.4002999478289,0,0,8,0,0,0,0,0
1,AE,scene1_AE_run006.mat,363.28776814809,1,0,29.9322240938027,32.8653995607314,12,4.27132099229255,24,0.886363636363636,32,0.559090909090909,149.547345032287,1.17365157504209,8,8.62375201540435,25.3630460637746,0,0.166666666666667,8,1,0,0,0,1
1,AE,scene1_AE_run007.mat,964.770056138498,0,3,22.9557091394752,26.3337998344103,12,2.83886450986852,24,0.3,32,0,153.340597670105,1.20342112348808,8,11.0095815529362,29.8911485655741,0,0,8,0,0,0,0,0
1,AE,scene1_AE_run008.mat,604.362371511353,0,1,24.6750676618119,28.7933505307008,12,4.62663976063499,24,0.7,32,0,156.30310570274,1.22667096598997,8,13.8268419771368,27.4620766817808,0,0,8,1,0,0,0,1
1,AE,scene1_AE_run009.mat,1119.92249850256,0,4,25.408433891828,30.4051331559101,12,3.25949300677013,24,0.795454545454545,32,0,167.154183449997,1.31183051520312,8,10.1654456515766,38.1906295968354,0,0,8,1,0,0,0,1
1,AE,scene1_AE_run010.mat,354.79516955824,1,0,25.7137878853852,32.8022358293894,12,5.53543780417052,24,0.568181818181818,32,0.195454545454545,140.559079267334,1.10311142423128,8,13.0900967153791,28.8410019664537,0,0,8,1,0,0,0,1
1,AE,scene1_AE_run011.mat,1091.00970755465,0,3,25.1141697809449,29.9526855186347,12,4.38805609704194,24,0.7,32,0,188.49398326552,1.47930583654142,8,15.4989212289662,28.8601664398801,0,0,8,1,0,0,0,1
1,AE,scene1_AE_run012.mat,365.014410119469,1,0,25.8275672764536,28.9812239371046,12,3.11816727062001,24,0.854545454545454,32,0,152.100587793942,1.19368949271983,8,12.8980152117377,32.9119429192794,0,0,8,1,0,0,0,1
1,AE,scene1_AE_run013.mat,1070.13197761793,0,4,24.1341004213088,28.0051993204463,12,3.1712680505587,24,0.531818181818182,32,0,149.497629746752,1.17326140814773,8,13.1237411023286,41.7870806795063,0,0,8,1,0,0,0,1
1,AE,scene1_AE_run014.mat,755.515199253872,0,2,22.435181444391,25.8580779336008,12,3.03727569369896,24,0.395454545454545,32,0,154.477531743591,1.21234381259217,8,5.62931679167386,25.0335165337307,0.0351758793969849,0.166666666666667,8,0,0,0,0,0
1,AE,scene1_AE_run015.mat,1373.05865392838,0,5,23.8541730696556,25.2626258825965,12,2.32776129895564,24,0.772727272727273,32,0,180.102189218012,1.41344681176796,8,19.2801484850208,40.2727776974933,0,0,8,1,0,0,0,1
1,AE,scene1_AE_run016.mat,994.888005010964,0,4,22.5907803671258,29.6802538656942,12,4.79614197427835,24,0.409090909090909,32,0,144.952379436875,1.13759016180099,8,13.3877076609238,35.1639396416231,0,0,8,0,0,0,0,0
1,AE,scene1_AE_run017.mat,361.495343561219,1,0,24.2560945308182,27.4172068041835,12,3.40084614639119,24,0.731818181818182,32,0,147.982255025937,1.16136870669268,8,10.7832619528072,32.0543783330315,0,0,8,1,0,0,0,1
1,AE,scene1_AE_run018.mat,981.829954874883,0,4,23.2657874196585,26.1151749612856,12,2.97905246032865,24,0.590909090909091,32,0,145.098938386625,1.13874036036969,8,12.0867814819005,37.5721739970189,0,0,8,1,0,0,0,1
1,AE,scene1_AE_run019.mat,1027.68597228588,0,3,25.2140599372673,31.3982063293254,12,4.08260376502249,24,0.572727272727273,32,0,177.96766846237,1.39669503562456,8,3.12733770664298,17.165446274119,0.135678391959799,0.166666666666667,8,1,0,0,0,1
1,AE,scene1_AE_run020.mat,802.643344599476,1,0,23.6744823902192,29.8290050609361,12,4.69136706284172,24,0.518181818181818,32,0,249.301495030222,1.95652481987827,8,14.1419236784928,31.9627703017224,0,0,8,1,0,1,0,1
1,AE,scene1_AE_run021.mat,353.434255988305,1,0,24.7834536941383,27.8878662192984,12,3.67280722889998,24,0.731818181818182,32,0,149.473384943886,1.17307113428453,8,9.09115914293273,29.4721335197498,0,0,8,1,0,0,0,1
1,AE,scene1_AE_run022.mat,1071.06098892966,0,4,23.7196384226768,27.3317432051096,12,3.22907675150729,24,0.540909090909091,32,0,149.959268856174,1.17688436426077,8,15.8994175550314,40.7278183878315,0,0,8,1,0,0,0,1
1,AE,scene1_AE_run023.mat,1153.21082289984,0,4,21.940956631968,26.5443217456415,12,3.0850819589911,24,0.313636363636364,32,0,175.796749893145,1.3796576084639,8,12.5447275298865,30.8772860679871,0,0,8,0,0,0,0,0
1,AE,scene1_AE_run024.mat,660.819614222831,0,1,26.4150733771692,31.0563764413064,12,4.0053633401831,24,0.786363636363636,32,0,167.113858239371,1.31151404186851,8,13.642185223534,33.4742672049464,0,0,8,1,0,0,0,1
1,AE,scene1_AE_run025.mat,473.048009060274,1,0,23.9451632179168,28.8112126914042,12,3.30831176022716,24,0.545454545454545,32,0,159.487881378952,1.25166517092043,8,10.7441423926712,32.6851055531882,0,0,8,1,0,0,0,1
1,AE,scene1_AE_run026.mat,363.291697968961,1,0,20.5929165876615,23.7322114800339,12,1.57040115721385,24,0,32,0,144.271382089308,1.13224567635126,8,10.2746873851721,31.8518068742532,0,0,8,0,0,0,0,0
1,AE,scene1_AE_run027.mat,1052.29038780438,0,3,23.1305391083754,28.1865848629534,12,3.19314209186217,24,0.440909090909091,32,0,193.961808189351,1.5222174732042,8,16.9975321614637,39.4302153286785,0,0,8,0,0,0,0,0
1,AE,scene1_AE_run028.mat,1241.41406325747,0,4.24399855402939,22.6674667521512,26.3539076961433,12,2.97420968627156,24,0.45,32,0,198.750894305891,1.55980234950191,8,22.9069571993415,32.0664202149692,0,0,8,0,0,0,0,0
1,AE,scene1_AE_run029.mat,383.907270269253,1,0,24.2657288756564,28.0722666994141,12,3.64726006676298,24,0.618181818181818,32,0,145.620738276659,1.14283545990265,8,9.31186514011708,30.8409617081111,0,0,8,1,0,0,0,1
1,AE,scene1_AE_run030.mat,761.602791335153,0,1,25.4785148992093,29.6634388047257,12,3.89202790742609,24,0.790909090909091,32,0,196.175220590299,1.53958839309602,8,15.3126599284622,37.1727438199816,0,0,8,1,0,0,0,1
1,PSO,scene1_PSO_run001.mat,366.695176246093,1,0,30.2565095895202,39.4500742953222,12,6.99763155155236,24,0.822727272727273,32,0.440909090909091,154.814720095418,1.21499007582154,8,1.01376178721519,19.6209409598,0.246231155778894,0.333333333333333,8,1,0,0,0,1
1,PSO,scene1_PSO_run002.mat,395.826796203383,1,0,34.1567741569073,38.1978576652023,12,4.60347544104919,24,0.940909090909091,32,0.859090909090909,173.868858408057,1.36452746437812,8,1.10196381412957,7.74739192259772,0.758793969849246,0.833333333333333,8,1,1,0,1,1
1,PSO,scene1_PSO_run003.mat,358.023180077484,1,0,31.0057033142799,39.4896379015841,12,6.32690970947916,24,0.863636363636364,32,0.436363636363636,152.952647969466,1.2003764838317,8,3.1734475973492,20.6749664616632,0.14070351758794,0.166666666666667,8,1,0,0,0,1
1,PSO,scene1_PSO_run004.mat,312.940700600416,1,0,25.5224547353481,27.5610454024888,12,2.81354963578924,24,0.840909090909091,32,0,137.787898375283,1.08136312226056,8,10.9746442781625,24.100785665414,0,0,8,1,0,0,0,1
1,PSO,scene1_PSO_run005.mat,341.254632769655,1,0,20.8389595095907,21.760305761311,12,1.77558493836703,24,0,32,0,159.422332613893,1.25115074245407,8,3.38534803745461e-07,8.73772940426186,0.537688442211055,0.666666666666667,8,0,0,0,1,1
1,PSO,scene1_PSO_run006.mat,330.224245538048,1,0,34.3175907313093,39.9357017798007,12,7.38568789590177,24,0.85,32,0.722727272727273,149.492228830004,1.17321902160822,8,7.17531110839269,22.2374474453159,0.115577889447236,0.333333333333333,8,1,0,0,0,1
1,PSO,scene1_PSO_run007.mat,410.508479688738,1,0,20.0160045481188,24.711516533449,9.65975097503477,5.54501787333191,24,0.413636363636364,32,0,155.780673609881,1.2225709049123,8,1.65556457432103e-11,9.67978887857313,0.64321608040201,0.666666666666667,8,0,0,0,1,1
1,PSO,scene1_PSO_run008.mat,270.633620662372,1,0,8.79087740560298,18,8.03712238742766,1.75127433290356,24,0,32,0,134.964091584118,1.05920181082203,8,10.9245567413161,20.1290923631467,0,0,8,0,0,0,0,0
1,PSO,scene1_PSO_run009.mat,383.591251788985,1,0,21.5220769446388,27.0178624564697,12,2.97835614026703,24,0.231818181818182,32,0,157.90893939198,1.23927359185555,8,3.16823858006941,16.0101271361383,0.14070351758794,0.333333333333333,8,0,0,0,0,0
1,PSO,scene1_PSO_run010.mat,1131.51377095827,0,4,22.4166831730138,23.4694541081465,12,1.96977407554606,24,0,32,0,165.301184406571,1.29728812900831,8,13.3686731427603,36.4482134019146,0,0,8,0,0,0,0,0
1,PSO,scene1_PSO_run011.mat,302.331957245292,1,0,32.8994350200255,35.4129522572892,12,4.53164995242895,24,0.927272727272727,32,0.813636363636364,143.322405252694,1.12479808068361,8,14.7438388967003,28.0347877994083,0,0,8,1,0,0,0,1
1,PSO,scene1_PSO_run012.mat,321.58647232183,1,0,37.2272328453825,39.9902631187916,12,5.71009415248348,24,0.940909090909091,32,0.868181818181818,151.627031904938,1.18997301340099,8,2.61708751193805,9.76432710840481,0.291457286432161,0.166666666666667,8,1,0,0,0,1
1,PSO,scene1_PSO_run013.mat,346.730744341142,1,0,28.0961188592472,35.4272900241574,12,4.81576502894509,24,0.85,32,0.245454545454545,147.714764463893,1.15926943358701,8,6.81737574863723,21.5447333685263,0.0452261306532663,0.166666666666667,8,1,0,0,0,1
1,PSO,scene1_PSO_run014.mat,280.379653544328,1,0,11.3670137828088,18,8.74812940096608,2.45838557597235,24,0,32,0,136.714937204431,1.07294249421224,8,3.36666819775999,16.9750344237016,0.110552763819095,0.166666666666667,8,0,0,0,0,0
1,PSO,scene1_PSO_run015.mat,328.483545780227,1,0,10.8138985541097,18,8.39049484447402,2.18143388018343,24,0,32,0,146.827509320102,1.15230623142016,8,8.78137456330778,28.9999563639342,0,0,8,0,0,0,0,0
1,PSO,scene1_PSO_run016.mat,296.245288332732,1,0,10.1040063770137,18,8.0000938511913,2.52512738127369,24,0,32,0,139.827297493524,1.09736838124222,8,0.956677776664563,17.3922067912903,0.261306532663317,0.333333333333333,8,0,0,0,0,0
1,PSO,scene1_PSO_run017.mat,320.195360773249,1,0,13.973227419636,18,11.9089007590626,2.27213360877219,24,0,32,0,155.121924748141,1.2174010261761,8,2.02815804888496,8.57252693047155,0.537688442211055,0.833333333333333,8,0,0,0,1,1
1,PSO,scene1_PSO_run018.mat,364.457510368968,1,0,32.7765925172371,38.2906738306968,12,5.2579626350913,24,0.922727272727273,32,0.581818181818182,156.23172937277,1.22611080263788,8,2.45064333299599,21.0790389148322,0.366834170854271,0.5,8,1,0,0,0,1
1,PSO,scene1_PSO_run019.mat,332.342831589366,1,0,36.9576032555623,39.8663499530785,12,5.50954938295456,24,0.940909090909091,32,0.872727272727273,151.885138622694,1.191998641845,8,12.7967427219533,28.2787630031573,0,0,8,1,0,0,0,1
1,PSO,scene1_PSO_run020.mat,351.591124662974,1,0,24.9870413010881,32.9849099259585,12,4.2284242123892,24,0.404545454545455,32,0.0954545454545455,160.261248811201,1.25773457927234,8,8.96737464685366,20.7639840592192,0,0.166666666666667,8,0,0,0,0,0
1,PSO,scene1_PSO_run021.mat,313.243392871376,1,0,34.9919931360518,39.8197762688528,12,7.30911685207651,24,0.863636363636364,32,0.75,144.909112915975,1.13725060498445,8,6.21183499610167,19.1775126901248,0.0452261306532663,0.166666666666667,8,1,0,0,0,1
1,PSO,scene1_PSO_run022.mat,706.797940505877,0,2,13.1315154700331,18,8.64520736205921,2.17851625872377,24,0,32,0,160.516124388873,1.2597348496423,8,3.19193816868566,18.7343343977444,0.135678391959799,0.166666666666667,8,0,0,0,0,0
1,PSO,scene1_PSO_run023.mat,457.163800928268,0,1,19.846640059532,20.861354128561,12,1.52780376749173,24,0,32,0,142.661338441484,1.11961001061779,8,1.10940882200117,6.43675432468256,0.85427135678392,0.666666666666667,8,0,1,0,1,1
1,PSO,scene1_PSO_run024.mat,425.391840171516,1,0,22.8570067804322,26.2890588610395,12,4.45003097652682,24,0.631818181818182,32,0,163.02181677801,1.2793995907211,8,1.39526727460435,11.4592790718664,0.608040201005025,0.666666666666667,8,1,0,0,1,1
1,PSO,scene1_PSO_run025.mat,338.369187147743,1,1.06581410364015e-13,35.0559688635333,40,12,7.56370465047956,24,0.854545454545454,32,0.754545454545455,149.761465083489,1.17533199494715,8,4.02917612305822,28.9499212845486,0.0603015075376884,0.333333333333333,8,1,0,0,0,1
1,PSO,scene1_PSO_run026.mat,344.905999762296,1,0,29.7472262631893,39.5430248589202,12,7.8138450959765,24,0.718181818181818,32,0.454545454545455,150.868195838679,1.18401764759914,8,5.80011394515597,24.7943381053788,0.0452261306532663,0.333333333333333,8,1,0,0,0,1
1,PSO,scene1_PSO_run027.mat,462.925694704446,1,0,32.4062981824255,39.9999998560988,11.3681208675283,8.36284419698196,24,0.827272727272727,32,0.722727272727273,177.106006925144,1.38993269276853,8,1.23296284984251e-07,9.40638017257462,0.57286432160804,1,8,1,0,0,1,1
1,PSO,scene1_PSO_run028.mat,307.895406183949,1,0,28.8671089240932,35.4836170591938,12,5.29174217989107,24,0.827272727272727,32,0.436363636363636,149.433341545961,1.17275687262356,8,7.00204701849736,18.7136584804957,0.0703517587939698,0.166666666666667,8,1,0,0,0,1
1,PSO,scene1_PSO_run029.mat,309.846174113123,1,0,32.2694621414727,37.8800368576695,12,5.23239266785459,24,0.904545454545455,32,0.718181818181818,152.184657024815,1.19434927029866,8,5.34580576825149,16.7799462757983,0.0552763819095477,0.333333333333333,8,1,0,0,0,1
1,PSO,scene1_PSO_run030.mat,331.411853837369,1,0,26.6256285270446,33.250045387498,12,4.2924632453015,24,0.809090909090909,32,0.113636363636364,144.372204298753,1.13303693175527,8,4.64421213289178,17.1570417492487,0.246231155778894,0.333333333333333,8,1,0,0,0,1
1,GWO,scene1_GWO_run001.mat,409.158926059824,1,0,9.45271308707988,18,8.22951777599208,2.15748540475008,24,0,32,0,171.088409230504,1.34270642465418,8,0.368658768085822,5.48785981008884,0.718592964824121,0.833333333333333,8,0,1,0,1,1
1,GWO,scene1_GWO_run002.mat,348.827426065549,1,0,14.6397193498552,18,12,1.13359797584397,24,0,32,0,159.92466922879,1.25509309368168,8,0.739415825899662,7.30764194734802,0.718592964824121,0.833333333333333,8,0,1,0,1,1
1,GWO,scene1_GWO_run003.mat,332.275105453707,1,0,12.4316044590576,18,11.3865905303272,1.26065529778015,24,0,32,0,157.444927893572,1.23563201717011,8,3.15327614424095,8.92877536579562,0.5678391959799,0.666666666666667,8,0,0,0,1,1
1,GWO,scene1_GWO_run004.mat,309.720375358973,1,0,11.4430307194036,18,10.6816438536177,1.07844183071015,24,0,32,0,150.674321007095,1.18249611272066,8,4.46218441322862,10.6634318103275,0.266331658291457,0.333333333333333,8,0,0,0,0,0
1,GWO,scene1_GWO_run005.mat,338.57271666015,1,0,15.5578177769577,18.0621521593236,12,1.49173763252619,24,0,32,0,155.025284993635,1.21664259479061,8,0.154224030813594,7.24773936776942,0.562814070351759,0.5,8,0,0,0,0,0
1,GWO,scene1_GWO_run006.mat,315.174102898681,1,0,12.0183818812366,18,10.7786914904782,1.2983452676851,24,0,32,0,161.079234706118,1.26415415451604,8,0.984444436490843,9.90118675413931,0.4321608040201,0.5,8,0,0,0,0,0
1,GWO,scene1_GWO_run007.mat,318.23101425286,1,0,14.2472795062122,18.7213220488509,12,1.78345928343886,24,0,32,0,152.737204169563,1.19868567511132,8,0.123664243869021,3.74666975698828,0.834170854271357,1,8,0,1,0,1,1
1,GWO,scene1_GWO_run008.mat,312.441339141815,1,0,14.2375857906121,18.0069891065318,12,1.39981847815404,24,0,32,0,151.777692552689,1.19115540220563,8,0.383129083953076,5.64746044150392,0.773869346733668,0.833333333333333,8,0,1,0,1,1
1,GWO,scene1_GWO_run009.mat,331.205380435683,1,0,12.950243618895,18,10.3285859819048,2.08436000978259,24,0,32,0,162.126886290776,1.27237615225304,8,2.15567560154451,6.88609154562386,0.728643216080402,1,8,0,1,0,1,1
1,GWO,scene1_GWO_run010.mat,365.081354530309,1,0,10.662531763167,18,9.39757444236475,1.33130867330933,24,0,32,0,159.650748594609,1.2529433571974,8,1.94028526463544,9.68236527357418,0.457286432160804,0.5,8,0,0,0,0,0
1,GWO,scene1_GWO_run011.mat,327.89155114485,1,0,14.975685269308,18,12,1.13008493700759,24,0,32,0,153.580776184198,1.20530605090887,8,0.198739151585223,3.00275411197898,0.914572864321608,1,8,0,1,0,1,1
1,GWO,scene1_GWO_run012.mat,313.360195989185,1,0,14.1481495367649,18,12,1.13196803035903,24,0,32,0,159.713858642982,1.2534386465498,8,1.23302006073353,9.22150267361696,0.4321608040201,0.666666666666667,8,0,0,0,1,1
1,GWO,scene1_GWO_run013.mat,467.737535524682,0,1,11.6774551092533,18,10.2709523266921,1.26304064562082,24,0,32,0,158.392473325174,1.24306837913283,8,1.156648642707,11.44205449355,0.331658291457286,0.5,8,0,0,0,0,0
1,GWO,scene1_GWO_run014.mat,359.689794504658,1,0,14.8496965396178,18,11.8741486127537,1.7051642800087,24,0,32,0,163.518420030087,1.28329694636352,8,1.98846099596169,9.03759691985629,0.492462311557789,1,8,0,0,0,1,1
1,GWO,scene1_GWO_run015.mat,313.421789376164,1,0,14.4779170915506,18,12,1.37746330110421,24,0,32,0,151.457531995511,1.1886427735654,8,0.596013900095689,7.83851865623251,0.613065326633166,0.666666666666667,8,0,0,0,1,1
1,GWO,scene1_GWO_run016.mat,317.149380625347,1,0,14.2349411698961,18.0197262380584,12,1.47366551968605,24,0,32,0,151.850024299778,1.1917230636969,8,0.148249497746047,4.51684282528025,0.773869346733668,0.666666666666667,8,0,1,0,1,1
1,GWO,scene1_GWO_run017.mat,332.439810318122,1,0,14.4945574216955,18,11.978594149833,1.47708641463082,24,0,32,0,154.321432111763,1.21111873849462,8,0.552241099885785,8.00871231398953,0.532663316582915,0.5,8,0,0,0,0,0
1,GWO,scene1_GWO_run018.mat,316.33234956694,1,0,11.6906048824601,18,10.41724509621,1.18351256669804,24,0,32,0,158.675581544476,1.24529022003157,8,1.59940920357008,10.4395806920729,0.407035175879397,0.666666666666667,8,0,0,0,1,1
1,GWO,scene1_GWO_run019.mat,326.016616185544,1,0,14.1276006288317,18.004847434593,12,1.52743377279591,24,0,32,0,151.739673792611,1.19085702995678,8,0.0924189160451864,4.6472258685874,0.763819095477387,0.666666666666667,8,0,1,0,1,1
1,GWO,scene1_GWO_run020.mat,319.353423415779,1,0,12.7085881314073,18.1160354138007,11.5499140728393,1.89808476570728,24,0,32,0,152.041939215428,1.19322921710255,8,0.245537033831841,4.69027083455875,0.773869346733668,0.666666666666667,8,0,1,0,1,1
1,GWO,scene1_GWO_run021.mat,312.238564361339,1,0,13.555279163713,18,12,0.948841493549066,24,0,32,0,160.000950134273,1.25569174827395,8,1.11218747650022,9.91445944611447,0.407035175879397,0.666666666666667,8,0,0,0,1,1
1,GWO,scene1_GWO_run022.mat,318.072601320549,1,0,14.8532295762742,18.2179828002836,12,1.4277640611351,24,0,32,0,152.323616512622,1.19543982808621,8,0.0611319801603885,5.41768112179277,0.738693467336683,0.666666666666667,8,0,1,0,1,1
1,GWO,scene1_GWO_run023.mat,356.751719522084,1,0,13.8579126745562,18,11.9652027760325,1.77461493716101,24,0,32,0,160.422987620193,1.25900390978354,8,4.73379210606975,8.75560730971175,0.50251256281407,0.833333333333333,8,0,0,0,1,1
1,GWO,scene1_GWO_run024.mat,313.87883827095,1,0,11.8260686941766,18,10.7612884417771,1.42301752887696,24,0,32,0,161.221792923891,1.26527295523289,8,1.12797601236463,11.4293318863857,0.366834170854271,0.666666666666667,8,0,0,0,1,1
1,GWO,scene1_GWO_run025.mat,330.866189714377,1,0,13.2513134132537,18,11.1878920690004,1.85054191282015,24,0,32,0,157.054608844832,1.23256878280628,8,3.40299247122244,9.1832916466641,0.396984924623116,0.833333333333333,8,0,0,0,1,1
1,GWO,scene1_GWO_run026.mat,331.021220600857,1,0,12.3908051152985,18,11.530058971741,1.00999631671302,24,0,32,0,158.068550329954,1.24052622277793,8,2.3770533683063,8.65325684320942,0.49748743718593,0.666666666666667,8,0,0,0,1,1
1,GWO,scene1_GWO_run027.mat,337.722150393067,1,0,12.3709576825748,18,11.8448191450999,1.11074766852993,24,0,32,0,154.645857983613,1.2136648414388,8,1.67624469520501,6.35194297805862,0.728643216080402,0.666666666666667,8,0,1,0,1,1
1,GWO,scene1_GWO_run028.mat,337.976909579213,1,0,13.850433114696,18,12,0.778513200692047,24,0,32,0,159.405914438359,1.2510218921721,8,0.196912554635127,8.08230380892173,0.522613065326633,0.666666666666667,8,0,0,0,1,1
1,GWO,scene1_GWO_run029.mat,310.559939540028,1,0,15.0167833016293,18,12,1.13440704173952,24,0,32,0,151.50913152023,1.18904772801942,8,1.36159119386077,7.62657729778788,0.562814070351759,0.666666666666667,8,0,0,0,1,1
1,GWO,scene1_GWO_run030.mat,336.131151576697,1,0,15.9997848870377,18,12,1.38307629428627,24,0,32,0,159.417567814158,1.25111334817794,8,0.137524185087779,7.49157338880367,0.562814070351759,0.666666666666667,8,0,0,0,1,1
1,WOA,scene1_WOA_run001.mat,633.932801585008,1,0,30.4937947259119,34.4747085444243,12,6.28965414130756,24,0.831818181818182,32,0.663636363636364,195.350190050391,1.53311353128947,8,10.0715143157214,18.4741408080881,0,0,8,1,0,0,0,1
1,WOA,scene1_WOA_run002.mat,1052.28855420653,0,3,36.3596638967103,38.8692370981941,12,5.42649699694064,24,0.940909090909091,32,0.863636363636364,168.142687069378,1.31958831812213,8,2.83562287575759,5.88190399990116,0.869346733668342,0.833333333333333,8,1,1,0,1,1
1,WOA,scene1_WOA_run003.mat,1076.41472931146,0,4,29.127587019144,34.805739988497,12,6.3874724325081,24,0.731818181818182,32,0.513636363636364,164.638815992843,1.29208984393102,8,8.49302472564852,12.4806936317572,0,0,8,1,0,0,0,1
1,WOA,scene1_WOA_run004.mat,473.331762922776,1,0,30.1929488000523,34.6242063631939,12,4.31244363710288,24,0.895454545454546,32,0.331818181818182,158.672368107591,1.24526500089271,8,8.97413400679247,13.7976554844418,0,0,8,1,0,0,0,1
1,WOA,scene1_WOA_run005.mat,1177.70527220408,0,3,31.610448643552,37.1990350281917,12,4.53060686801307,24,0.936363636363636,32,0.559090909090909,254.126346601508,1.99439038442414,8,3.25642832630803,7.58764085685899,0.78391959798995,1,8,1,1,1,1,1
1,WOA,scene1_WOA_run006.mat,427.874370602827,1,0,28.7100937996377,34.799321407886,12,4.81026624581519,24,0.868181818181818,32,0.327272727272727,161.097778386304,1.26429968581553,8,6.06510903767923,15.7175682742238,0.0201005025125628,0.166666666666667,8,1,0,0,0,1
1,WOA,scene1_WOA_run007.mat,638.357221289603,1,0,29.9842166654713,35.1331128604535,12,4.29383697322686,24,0.927272727272727,32,0.404545454545455,205.209913637423,1.6104929064626,8,10.0657585557474,14.233114454435,0,0,8,1,0,0,0,1
1,WOA,scene1_WOA_run008.mat,401.430036812477,1,0,31.0614087212966,33.7405828643683,12,4.17127425745101,24,0.918181818181818,32,0.559090909090909,151.450173829826,1.18858502648374,8,10.7476899037162,16.2618176536761,0,0,8,1,0,0,0,1
1,WOA,scene1_WOA_run009.mat,610.417690287703,1,0,32.850547928328,34.92566211615,12,4.55767673580111,24,0.927272727272727,32,0.809090909090909,229.005261497445,1.79723943471798,8,10.1125343294644,12.7587231877984,0,0,8,1,0,0,0,1
1,WOA,scene1_WOA_run010.mat,673.09344754989,1,0,33.6941127838994,36.0829685498119,12,4.744588947172,24,0.927272727272727,32,0.827272727272727,229.22755475278,1.79898399814831,8,8.58059417066266,16.5155399118745,0,0.166666666666667,8,1,0,0,0,1
1,WOA,scene1_WOA_run011.mat,663.937759620584,1,0,31.4964078588023,36.8905655711927,12,5.88294068169062,24,0.845454545454545,32,0.704545454545455,251.540060405062,1.97409314098386,8,8.68956691896079,14.3627905510338,0,0.333333333333333,8,1,0,1,0,1
1,WOA,scene1_WOA_run012.mat,510.473768876992,1,0,34.0018260457226,37.7207634298173,12,6.1798522631441,24,0.895454545454546,32,0.768181818181818,182.911698310271,1.43549591448197,8,0.110344655246159,3.02978625673155,0.919597989949749,1,8,1,1,0,1,1
1,WOA,scene1_WOA_run013.mat,375.186857285685,1,0,32.0271101409132,34.0093295473434,12,4.35121871774101,24,0.918181818181818,32,0.786363636363636,162.967952604202,1.27897686324029,8,9.1982679148155,15.6238501428831,0,0.166666666666667,8,1,0,0,0,1
1,WOA,scene1_WOA_run014.mat,516.583188543574,1,0,37.359643974164,39.999246137492,12,5.67724218392814,24,0.940909090909091,32,0.872727272727273,196.406446226725,1.54140305809273,8,13.2008672136494,26.7816667835449,0,0,8,1,0,0,0,1
1,WOA,scene1_WOA_run015.mat,487.829460356207,0,1,18.0784117865009,18.7772996217484,12,1.11098018191374,24,0,32,0,141.407342286894,1.10976861516129,8,7.80254391648313,11.2826833707406,0.0100502512562814,0,8,0,0,0,0,0
1,WOA,scene1_WOA_run016.mat,386.683190634596,1,0,32.2573228262722,34.5783557744216,12,4.60430782059796,24,0.913636363636364,32,0.777272727272727,166.065865274899,1.30328936497358,8,10.7264076114605,15.5582743608832,0,0,8,1,0,0,0,1
1,WOA,scene1_WOA_run017.mat,380.542771441271,1,0,24.1372461772435,25.2269033788157,12,2.41083494048255,24,0.8,32,0,154.912317369217,1.21575602184411,8,8.15841003837047,15.1861839436905,0,0.166666666666667,8,1,0,0,0,1
1,WOA,scene1_WOA_run018.mat,1088.01655257136,0,3,37.248815992481,39.838700581718,12,5.65213961529714,24,0.940909090909091,32,0.868181818181818,147.043347758606,1.15400013727486,8,9.63165155090962,14.5439385207313,0,0,8,1,0,0,0,1
1,WOA,scene1_WOA_run019.mat,545.069602756465,1,0,37.0088962298589,39.5674156102307,12,5.59359581923409,24,0.940909090909091,32,0.868181818181818,221.802866531427,1.74071484583867,8,12.1733177670433,23.0355386717599,0,0.166666666666667,8,1,0,0,0,1
1,WOA,scene1_WOA_run020.mat,449.984305662109,1,0,32.1305899095903,35.0924178934028,12,4.43558146900491,24,0.918181818181818,32,0.790909090909091,151.518443356189,1.1891208075578,8,10.7546640264228,16.3344500228547,0,0,8,1,0,0,0,1
1,WOA,scene1_WOA_run021.mat,404.104545196609,1,0,32.224054236016,34.410687138172,12,4.31249195377641,24,0.922727272727273,32,0.804545454545455,157.959399823254,1.23966960667367,8,10.2322745886513,15.2475646367067,0,0,8,1,0,0,0,1
1,WOA,scene1_WOA_run022.mat,1000.09573394808,0,3,31.6311251754573,36.1288550653765,12,6.18763769879693,24,0.854545454545454,32,0.704545454545455,164.895594758375,1.29410505057036,8,10.0152263964212,14.0803994805646,0,0.166666666666667,8,1,0,0,0,1
1,WOA,scene1_WOA_run023.mat,547.619364995773,1,0,33.9109169003455,36.3933276094798,12,4.77706392680057,24,0.931818181818182,32,0.831818181818182,187.970028691404,1.47519382699,8,2.75967792505898e-07,2.53533510540314,0.92964824120603,1,8,1,1,0,1,1
1,WOA,scene1_WOA_run024.mat,921.113851220291,0,2,34.2932127247944,36.638778590085,12,4.90230676514749,24,0.931818181818182,32,0.836363636363636,204.238484363375,1.60286910346374,8,8.84230651581828,13.7993981569315,0,0,8,1,0,0,0,1
1,WOA,scene1_WOA_run025.mat,466.530127967381,1,0,29.0397105243554,30.7809409902959,12,3.59546676834641,24,0.9,32,0,189.475218403913,1.48700659622667,8,0.460075017609638,6.62614265755505,0.753768844221106,0.833333333333333,8,1,1,0,1,1
1,WOA,scene1_WOA_run026.mat,714.771424055182,1,0,32.1207330882012,35.2087990196846,12,4.33470972414207,24,0.922727272727273,32,0.795454545454545,269.058687879559,2.11157979929651,8,8.97534269516683,22.1270552567765,0,0.166666666666667,8,1,0,1,0,1
1,WOA,scene1_WOA_run027.mat,413.851061587678,1,0,25.1783923957019,27.7029378628093,12,2.79474546483469,24,0.75,32,0,166.216077298353,1.3044682329627,8,9.59035980603781,15.1652611831235,0,0,8,1,0,0,0,1
1,WOA,scene1_WOA_run028.mat,478.259405047904,1,0,31.2672011470214,35.3189186367197,12,3.99124917993862,24,0.927272727272727,32,0.472727272727273,165.335037632382,1.2975538100325,8,5.5677996454726,10.6903689696543,0.386934673366834,0.5,8,1,0,0,0,1
1,WOA,scene1_WOA_run029.mat,709.565918984213,1,0,30.8673334657489,35.7451710629036,12,5.4816065256841,24,0.872727272727273,32,0.55,259.878536988656,2.03953372887042,8,12.3678523739816,25.8737202198343,0,0.333333333333333,8,1,0,1,0,1
1,WOA,scene1_WOA_run030.mat,994.45681745094,0,3,36.3762965313029,38.8806596678592,12,5.43221375383152,24,0.940909090909091,32,0.863636363636364,145.086356809218,1.13864161981274,8,9.02353902333576,13.5261787718703,0,0,8,1,0,0,0,1
1,HHO,scene1_HHO_run001.mat,337.412875231509,1,0,14.2642706721433,18,12,0.78845174679337,24,0,32,0,159.016622836152,1.24796672123622,8,6.57123609958442,12.6702473527947,0.0653266331658292,0.333333333333333,8,0,0,0,0,0
1,HHO,scene1_HHO_run002.mat,686.839289275018,0,2,11.4685107751679,18,9.9656348333631,1.53568253668525,24,0,32,0,145.607031234645,1.14272788666926,8,2.13437423075215,7.31193970200225,0.773869346733668,0.666666666666667,8,0,1,0,1,1
1,HHO,scene1_HHO_run003.mat,425.989703941734,0,1,8.791426840866,18,8.02487426652205,1.74185647166446,24,0,32,0,134.968888815249,1.05923945962062,8,12.0819851754174,21.8866589278006,0,0,8,0,0,0,0,0
1,HHO,scene1_HHO_run004.mat,305.615333879815,1,0,28.3504248360757,31.6442335511214,12,3.97420652288696,24,0.859090909090909,32,0,147.878940602867,1.16055789232928,8,8.01134876710849,18.6934386779745,0,0,8,1,0,0,0,1
1,HHO,scene1_HHO_run005.mat,306.939261002505,1,0,21.4349003780522,23.2252235241906,12,2.45558329718949,24,0,32,0,155.930357456708,1.22374562775709,8,6.7132180217332,11.9991120339072,0.0552763819095477,0.333333333333333,8,0,0,0,0,0
1,HHO,scene1_HHO_run006.mat,315.1825302462,1,0,34.3753598790724,37.7366949919352,12,4.98446026516032,24,0.931818181818182,32,0.831818181818182,143.075747097018,1.12286230086188,8,10.2073916483224,30.5530641732379,0,0,8,1,0,0,0,1
1,HHO,scene1_HHO_run007.mat,1002.27273604355,0,4,12.558189876679,18,11.22251952379,0.943022759240245,24,0,32,0,158.004372699728,1.24002255501452,8,5.20479043477716,9.40112081969622,0.693467336683417,0.833333333333333,8,0,1,0,1,1
1,HHO,scene1_HHO_run008.mat,739.639823060173,0,2,31.5760859003363,34.0621147460339,12,4.38617596475642,24,0.913636363636364,32,0.736363636363636,159.24996239079,1.24979797631975,8,0.0616982509688037,2.29475944529781,0.924623115577889,1,8,1,1,0,1,1
1,HHO,scene1_HHO_run009.mat,390.362535326051,1,0,23.649755452849,29.5139627525699,12,2.96412371893935,24,0.481818181818182,32,0,160.807326855135,1.26202021440829,8,1.06717964312081,4.24284381204451,0.909547738693467,1,8,0,1,0,1,1
1,HHO,scene1_HHO_run010.mat,587.226811506288,1,0,30.3578354721334,37.7598009414777,12,4.82801629361945,24,0.918181818181818,32,0.331818181818182,197.139742952817,1.54715799046793,8,5.27949069704428,13.3810448070914,0.100502512562814,0.333333333333333,8,1,0,0,0,1
1,HHO,scene1_HHO_run011.mat,337.619227350546,1,0,32.6618837843121,37.1342890415673,12,5.40347211362555,24,0.904545454545455,32,0.668181818181818,144.14686369624,1.13126845266257,8,8.43542817399467,24.7667958833394,0,0,8,1,0,0,0,1
1,HHO,scene1_HHO_run012.mat,354.259138131919,1,0,15.6835215372974,19.1533824970249,12,2.15902156289026,24,0,32,0,153.956591898384,1.2082554627141,8,5.52449921127234,11.9499670113146,0.256281407035176,0.5,8,0,0,0,0,0
1,HHO,scene1_HHO_run013.mat,354.370682642704,1,0,15.177087098146,18.2668279379824,12,2.45776439054601,24,0,32,0,158.072558869628,1.24055768190481,8,6.63695404160968,12.03383991009,0.221105527638191,0.333333333333333,8,0,0,0,0,0
1,HHO,scene1_HHO_run014.mat,339.178429652251,1,0,26.6681214751985,30.2515072871958,12,4.59557043877878,24,0.781818181818182,32,0,154.880509575873,1.21550639342879,8,1.85833480225119,11.6058229038148,0.311557788944724,0.5,8,1,0,0,0,1
1,HHO,scene1_HHO_run015.mat,343.15426966949,1,0,12.7949941439312,18,11.0354258906026,1.07817485235578,24,0,32,0,155.666178525834,1.22167234442166,8,3.21859672692138,10.6083751954732,0.437185929648241,0.666666666666667,8,0,0,0,1,1
1,HHO,scene1_HHO_run016.mat,296.77766361536,1,0,16.8684544546952,18.5157049594356,10.6240172604056,2.51379805885117,24,0,32,0,155.560904269071,1.22084614923086,8,5.52431915566802,9.18966361140009,0.402010050251256,0.5,8,0,0,0,0,0
1,HHO,scene1_HHO_run017.mat,718.936965300337,0,2,15.1964215346106,29.2274253663601,11.8463017256846,5.17117397214866,24,0.122727272727273,32,0,151.989455662279,1.1928173247697,8,4.12007968693671,7.69319984547133,0.919597989949749,0.666666666666667,8,0,1,0,1,1
1,HHO,scene1_HHO_run018.mat,344.559573980524,1,0,19.2549407470276,26.260132125948,12,2.83884635061291,24,0.118181818181818,32,0,152.498130175101,1.19680941599023,8,2.28200450437745,5.83060955153371,0.884422110552764,1,8,0,1,0,1,1
1,HHO,scene1_HHO_run019.mat,310.965146357622,1,0,36.4758222081573,39.2383465867969,12,5.43850342876866,24,0.940909090909091,32,0.863636363636364,145.592309877023,1.14261235305978,8,11.0271922207479,31.0065730893758,0,0,8,1,0,0,0,1
1,HHO,scene1_HHO_run020.mat,396.30315097596,1,0,33.5756827224564,37.3494376654148,12,4.99108395301824,24,0.922727272727273,32,0.8,159.516828266628,1.25189234687133,8,6.89074923023512,18.4002755195155,0.0351758793969849,0.166666666666667,8,1,0,0,0,1
1,HHO,scene1_HHO_run021.mat,746.238705445119,0,2,27.1030011192392,29.6564602678699,12,2.9320043946885,24,0.895454545454546,32,0,157.519394467567,1.2362164328402,8,0.977089147456529,4.21335578171629,0.919597989949749,1,8,1,1,0,1,1
1,HHO,scene1_HHO_run022.mat,351.012844906678,1,0,15.6597544646273,18,12,0.80065119698697,24,0,32,0,154.59710952761,1.21328226224853,8,4.83298813212057,13.5697831046348,0.14572864321608,0.333333333333333,8,0,0,0,0,0
1,HHO,scene1_HHO_run023.mat,344.873141758855,1,0,14.4744320309173,18,12,1.47819722225958,24,0,32,0,154.837675193376,1.21517022804603,8,5.97666362932222,12.3582682565496,0.115577889447236,0.333333333333333,8,0,0,0,0,0
1,HHO,scene1_HHO_run024.mat,360.208106499737,1,0,20.5418547814783,22.0782670034238,12,1.69793917598872,24,0,32,0,158.363498555144,1.24284098436046,8,3.19769800820474,7.82893425724221,0.648241206030151,0.666666666666667,8,0,0,0,1,1
1,HHO,scene1_HHO_run025.mat,423.886160145567,1,0,19.472193720574,20.2091948098254,12,1.34360034916366,24,0,32,0,170.018825119189,1.3343122998597,8,0.529457575922953,3.53597565583489,0.894472361809045,1,8,0,1,0,1,1
1,HHO,scene1_HHO_run026.mat,346.620793739143,1,0,13.1615162685532,18,12,0.816063361050333,24,0,32,0,162.958330125992,1.27890134577319,8,4.0747006312356,7.65517097152674,0.688442211055276,0.833333333333333,8,0,1,0,1,1
1,HHO,scene1_HHO_run027.mat,319.346981368829,1,0,14.0516494785885,18.2473149864956,12,1.96513184011008,24,0,32,0,150.125954538639,1.17819251796767,8,3.75984306114755,8.22862604796837,0.623115577889447,0.666666666666667,8,0,0,0,1,1
1,HHO,scene1_HHO_run028.mat,742.119198912936,0,2,25.5683225804919,29.6458604737791,12,2.85243826881,24,0.872727272727273,32,0,153.229393658052,1.20254839141873,8,0.132728311644458,3.06057764254913,0.919597989949749,1,8,1,1,0,1,1
1,HHO,scene1_HHO_run029.mat,321.105031648553,1,0,14.0879937665904,18,11.3351559658419,1.31995737957776,24,0,32,0,157.813518451869,1.23852472575813,8,3.5563372742734,11.8527754562124,0.261306532663317,0.5,8,0,0,0,0,0
1,HHO,scene1_HHO_run030.mat,347.234025266232,1,0,11.5981976742733,18,9.57850504007766,1.39167674068039,24,0,32,0,154.516083351336,1.2126463666438,8,5.8627984725682,12.368775571345,0.241206030150754,0.5,8,0,0,0,0,0
1,DBO,scene1_DBO_run001.mat,314.745078246187,1,0,25.2690263385153,33.6679455239498,12,4.85832205316675,24,0.75,32,0.0954545454545455,147.848417378577,1.16031834524635,8,4.49667991679474,15.6069644240817,0.14070351758794,0.333333333333333,8,1,0,0,0,1
1,DBO,scene1_DBO_run002.mat,345.8651995538,1,4.44089209850063e-14,8.72899958004311,18,8,1.74679831972043,24,0,32,0,153.857963016195,1.20748142060121,8,0.0884313574903329,3.54704558994653,0.849246231155779,0.833333333333333,8,0,1,0,1,1
1,DBO,scene1_DBO_run003.mat,375.056443812021,1,1.84741111297626e-13,37.3964300712746,40,12,5.69035180863325,24,0.940909090909091,32,0.872727272727273,176.489459685396,1.38509401349367,8,0,1.59035473920262,0.924623115577889,1,8,1,1,0,1,1
1,DBO,scene1_DBO_run004.mat,411.125429778021,1,4.44089209850063e-14,8.72899958004311,18,8,1.74679831972043,24,0,32,0,163.380839407124,1.28221720994426,8,0,1.56251318687175,0.92964824120603,1,8,0,1,0,1,1
1,DBO,scene1_DBO_run005.mat,334.008755328818,1,3.5527136788005e-14,34.2526738660129,40,12,7.84086641635328,24,0.854545454545454,32,0.722727272727273,150.946784764957,1.18463441560051,8,4.53214349136762,23.0527371233897,0.050251256281407,0.166666666666667,8,1,0,0,0,1
1,DBO,scene1_DBO_run006.mat,354.593334404857,1,1.13686837721616e-13,34.2118057299029,40,11.3703693230963,9.06616406654298,24,0.831818181818182,32,0.740909090909091,168.88698448988,1.32542958424212,8,1.34885614959965,11.6337292669508,0.376884422110553,0.666666666666667,8,1,0,0,1,1
1,DBO,scene1_DBO_run007.mat,337.655683241508,1,0,17.9559101130037,28.9125270757935,12,3.8415252490226,24,0.122727272727273,32,0,163.789012053969,1.28542055982489,8,0,4.04857673522383,0.723618090452261,0.833333333333333,8,0,1,0,1,1
1,DBO,scene1_DBO_run008.mat,308.473365293057,1,3.81916720471054e-14,9.00303211338064,18,8,1.96789003909735,24,0,32,0,157.293954111029,1.23444717087523,8,0,3.541905553672,0.819095477386935,0.833333333333333,8,0,1,0,1,1
1,DBO,scene1_DBO_run009.mat,346.81332686783,1,1.06581410364015e-13,35.3036969458504,40,12,7.26527362831717,24,0.868181818181818,32,0.759090909090909,165.59600638159,1.29960189977611,8,0,2.6530734749267,0.874371859296482,0.833333333333333,8,1,1,0,1,1
1,DBO,scene1_DBO_run010.mat,338.123260610798,1,0,23.7295770363372,26.2838835500427,12,2.61891142613182,24,0.554545454545455,32,0,160.991373921959,1.26346462072532,8,0.804426405936283,9.08313820318338,0.49748743718593,0.666666666666667,8,1,0,0,1,1
1,DBO,scene1_DBO_run011.mat,334.310578810287,1,1.84741111297626e-13,37.3964300712746,40,12,5.69035180863325,24,0.940909090909091,32,0.872727272727273,163.655928199454,1.28437611416502,8,0,5.20318283922313,0.728643216080402,0.666666666666667,8,1,1,0,1,1
1,DBO,scene1_DBO_run012.mat,341.72017521668,1,0,21.4327335493551,32.0080793172565,12,6.28885219807148,24,0.436363636363636,32,0.00454545454545455,151.410759160022,1.18827569909792,8,1.29395588591146,11.3368133153386,0.562814070351759,0.833333333333333,8,0,0,0,1,1
1,DBO,scene1_DBO_run013.mat,336.69074644187,1,0,24.0632573210017,34.0603273764019,12,6.57712558231835,24,0.504545454545455,32,0.159090909090909,152.662505460013,1.19809943763517,8,1.37271106597161,10.6671945933084,0.522613065326633,0.666666666666667,8,1,0,0,1,1
1,DBO,scene1_DBO_run014.mat,331.479667782469,1,0,11.2058202005087,18,9.25305269006462,1.87605213967263,24,0,32,0,158.197841942591,1.24154090682182,8,1.38437264916304,10.0551049438838,0.35678391959799,0.5,8,0,0,0,0,0
1,DBO,scene1_DBO_run015.mat,344.06148113451,1,3.81916720471054e-14,8.80964623496649,18,8,1.79970461008274,24,0,32,0,166.507456068056,1.30675498136282,8,0,1.45715508280204,0.924623115577889,1,8,0,1,0,1,1
1,DBO,scene1_DBO_run016.mat,371.152099848598,1,3.81916720471054e-14,11.9136239214148,29.1395379369787,8,6.68809888776342,24,0.118181818181818,32,0,172.349180000071,1.35260098747073,8,0,3.81371643018672,0.763819095477387,1,8,0,1,0,1,1
1,DBO,scene1_DBO_run017.mat,368.222127382025,1,0,18.2005035371313,28.5245849571441,12,3.68254232760476,24,0.113636363636364,32,0,167.588618622328,1.3152399740882,8,2.73213030307917,10.6146442356318,0.4321608040201,0.5,8,0,0,0,0,0
1,DBO,scene1_DBO_run018.mat,348.388648993319,1,0,37.3567124553549,39.9999999968345,12,5.67244788362733,24,0.940909090909091,32,0.872727272727273,160.009777855212,1.25576102846467,8,0.76338114880916,14.0839822309855,0.316582914572864,0.333333333333333,8,1,0,0,0,1
1,DBO,scene1_DBO_run019.mat,400.505002847441,1,0,9.31292812097417,18,8.00000004653982,1.63824260132806,24,0,32,0,165.270855642087,1.29705010805114,8,1.08247051843248e-06,3.41924874398936,0.899497487437186,0.833333333333333,8,0,1,0,1,1
1,DBO,scene1_DBO_run020.mat,358.589827997254,1,1.06581410364015e-13,36.0407030724152,40,12,6.49110042125205,24,0.909090909090909,32,0.8,168.927790922585,1.32574983422052,8,0,2.73814652748238,0.869346733668342,0.833333333333333,8,1,1,0,1,1
1,DBO,scene1_DBO_run021.mat,333.121184671957,1,0,16.5039939023169,20.433488704677,12,2.26719291709911,24,0,32,0,159.430205785604,1.25121253131683,8,1.38457406829731,9.61300944979221,0.371859296482412,0.5,8,0,0,0,0,0
1,DBO,scene1_DBO_run022.mat,315.431802557021,1,4.44089209850063e-14,8.72899958004311,18,8,1.74679831972043,24,0,32,0,160.10624059627,1.25651807064386,8,0,5.61486354779874,0.658291457286432,0.666666666666667,8,0,1,0,1,1
1,DBO,scene1_DBO_run023.mat,339.162364746191,1,0,25.2747686866236,35.3197453871504,10.5259659484071,8.23482805549328,24,0.590909090909091,32,0.259090909090909,151.368096514145,1.18794088150876,8,1.28844361392014,15.7158671105098,0.231155778894472,0.333333333333333,8,1,0,0,0,1
1,DBO,scene1_DBO_run024.mat,341.0346380384,1,3.5527136788005e-14,35.3789048051138,40,12,6.74168977041866,24,0.895454545454546,32,0.768181818181818,155.707052988414,1.22199312830034,8,1.30777470456012,20.5508201566704,0.195979899497487,0.333333333333333,8,1,0,0,0,1
1,DBO,scene1_DBO_run025.mat,386.52955531959,1,1.06581410364015e-13,37.1278743288019,40,12,5.77062553830245,24,0.936363636363636,32,0.863636363636364,169.557876739309,1.33069476461063,8,1.76520828176763e-07,7.98411591115493,0.5678391959799,0.5,8,1,0,0,0,1
1,DBO,scene1_DBO_run026.mat,334.989176822993,1,1.84741111297626e-13,37.3964300712746,40,12,5.69035180863325,24,0.940909090909091,32,0.872727272727273,164.024734878475,1.28727051887429,8,3.26031823760786e-07,10.3056227378062,0.472361809045226,0.666666666666667,8,1,0,0,1,1
1,DBO,scene1_DBO_run027.mat,343.6312197708,1,2.8421709430404e-14,8.92519714950087,18,8,1.78128776275031,24,0,32,0,160.08570229782,1.25635688552673,8,4.73222485197766e-07,9.19328268146453,0.467336683417085,0.666666666666667,8,0,0,0,1,1
1,DBO,scene1_DBO_run028.mat,322.599693114599,1,0,33.481865480765,38.3445764054041,12,5.97416509625051,24,0.904545454545455,32,0.681818181818182,158.87663593062,1.2468681002468,8,0.788951076882114,12.6667311210181,0.306532663316583,0.333333333333333,8,1,0,0,0,1
1,DBO,scene1_DBO_run029.mat,353.005093607394,1,0,35.2948847410297,39.9999994118993,12,6.16192069394593,24,0.918181818181818,32,0.795454545454545,169.435514063631,1.32973445904984,8,0.534477872611248,9.01152639922535,0.447236180904523,0.666666666666667,8,1,0,0,1,1
1,DBO,scene1_DBO_run030.mat,348.305227687667,1,3.81916720471054e-14,11.9136239214148,29.1395379369787,8,6.68809888776342,24,0.118181818181818,32,0,169.390539766534,1.3293814995599,8,0,3.10865853718949,0.864321608040201,0.833333333333333,8,0,1,0,1,1
1,CPO,scene1_CPO_run001.mat,311.399081018645,1,0,35.6109632915085,38.6371051125601,12,5.5143886697691,24,0.931818181818182,32,0.836363636363636,143.006918123781,1.12232212923376,8,11.2951323295087,34.0598665602921,0,0,8,1,0,0,0,1
1,CPO,scene1_CPO_run002.mat,308.77997820955,1,0,36.7378591014857,39.7053954689685,12,5.58551986271356,24,0.936363636363636,32,0.863636363636364,144.63714638136,1.13511620432598,8,11.7162821352675,29.7175071299995,0,0,8,1,0,0,0,1
1,CPO,scene1_CPO_run003.mat,297.967427199873,1,0,23.2161572370617,26.9038760647512,12,2.83411729837239,24,0.4,32,0,138.999321611481,1.0908704043116,8,9.96070264607398,22.2751372572648,0,0,8,0,0,0,0,0
1,CPO,scene1_CPO_run004.mat,298.451798596018,1,0,27.3823072483878,30.3035738230841,12,3.74060277264985,24,0.831818181818182,32,0,149.128290184632,1.17036282135761,8,6.41036041204572,14.8367670247662,0.105527638190955,0.333333333333333,8,1,0,0,0,1
1,CPO,scene1_CPO_run005.mat,302.393697984643,1,0,23.105797744599,26.4077206915596,12,3.51408555297324,24,0.572727272727273,32,0,139.197039592952,1.09242210033347,8,7.95066464177345,21.4186867436055,0.0050251256281407,0,8,1,0,0,0,1
1,CPO,scene1_CPO_run006.mat,294.870060523621,1,0,28.5174734641481,30.324002797026,12,3.44677307792224,24,0.895454545454546,32,0,150.136945830655,1.17827877792223,8,6.82580548885068,15.805522925398,0.0402010050251256,0.166666666666667,8,1,0,0,0,1
1,CPO,scene1_CPO_run007.mat,302.422509357073,1,0,24.5811657863075,29.3415878801463,12,4.20165665547227,24,0.559090909090909,32,0,139.887480843476,1.09784070178691,8,7.43996887797496,23.4847350632997,0.0100502512562814,0.166666666666667,8,1,0,0,0,1
1,CPO,scene1_CPO_run008.mat,302.054605207353,1,0,27.6986310471153,29.6014785403501,12,3.48619531157221,24,0.872727272727273,32,0,140.687514886589,1.10411939041616,8,11.628384897015,25.8057689770642,0,0,8,1,0,0,0,1
1,CPO,scene1_CPO_run009.mat,305.04372361738,1,0,32.8675663540428,36.3936811933684,12,5.42140648573311,24,0.9,32,0.740909090909091,152.432348160165,1.19629315697258,8,5.08805906276419,17.9702117635269,0.0703517587939698,0.333333333333333,8,1,0,0,0,1
1,CPO,scene1_CPO_run010.mat,289.245703339362,1,0,14.6498837461642,18,12,0.816045461500073,24,0,32,0,152.456325594037,1.19648133251674,8,4.3122936127491,11.4805209186235,0.266331658291457,0.333333333333333,8,0,0,0,0,0
1,CPO,scene1_CPO_run011.mat,296.596675602241,1,0,27.9005547511678,30.9661429366493,12,3.42848336358248,24,0.886363636363636,32,0,149.563088927777,1.17377513355619,8,5.83551946424727,13.4810410382144,0.14572864321608,0.166666666666667,8,1,0,0,0,1
1,CPO,scene1_CPO_run012.mat,297.277591747001,1,0,28.1115840086275,30.5660406813085,12,3.40833863445311,24,0.886363636363636,32,0,150.837257268708,1.18377484087215,8,5.82279245789104,14.1150333238336,0.170854271356784,0.333333333333333,8,1,0,0,0,1
1,CPO,scene1_CPO_run013.mat,297.036552944247,1,0,28.3662873205456,30.5197915443749,12,3.50203753698407,24,0.890909090909091,32,0,149.41781243106,1.17263499971328,8,7.21764092919049,15.9511463700729,0.0251256281407035,0,8,1,0,0,0,1
1,CPO,scene1_CPO_run014.mat,300.379399092594,1,0,23.9405013953648,26.232761143342,12,2.77598083808035,24,0.595454545454545,32,0,138.949830057528,1.09048199326869,8,9.65961328227401,22.7000567027787,0,0,8,1,0,0,0,1
1,CPO,scene1_CPO_run015.mat,306.333716576613,1,0,24.042241689931,29.021564063498,11.9311513542689,5.55976810474596,24,0.631818181818182,32,0,140.323535107303,1.10126286734548,8,6.35225465295496,23.1064876069328,0.0653266331658292,0.166666666666667,8,1,0,0,0,1
1,CPO,scene1_CPO_run016.mat,296.670908454811,1,0,28.9252713506676,30.9889395778736,12,3.78631408004162,24,0.890909090909091,32,0,150.873589157648,1.18405997451106,8,5.92800095577024,14.7632002383278,0.0954773869346734,0.166666666666667,8,1,0,0,0,1
1,CPO,scene1_CPO_run017.mat,296.942495338755,1,0,27.1179013845793,30.4525276216089,12,3.41253812450174,24,0.859090909090909,32,0,147.881621473404,1.16057893187317,8,6.72963379664922,16.2094327504484,0.0402010050251256,0.166666666666667,8,1,0,0,0,1
1,CPO,scene1_CPO_run018.mat,300.340276847787,1,0,23.8781138838281,26.4187005246387,12,3.09937513125473,24,0.609090909090909,32,0,138.894450396026,1.0900473721998,8,10.3128348603973,26.2374259504147,0,0,8,1,0,0,0,1
1,CPO,scene1_CPO_run019.mat,300.954697948443,1,0,23.7530067306669,26.5020530042571,12,3.29643050982338,24,0.609090909090909,32,0,139.348578907632,1.09361138493974,8,8.59864041246684,25.3150687575655,0,0,8,1,0,0,0,1
1,CPO,scene1_CPO_run020.mat,290.995723585806,1,0,15.427668942769,18,12,1.14268872344305,24,0,32,0,153.208802653456,1.20238679266235,8,5.48825213321135,13.0562247302146,0.14572864321608,0.166666666666667,8,0,0,0,0,0
1,CPO,scene1_CPO_run021.mat,288.245967178119,1,0,17.017392529694,18,12,1.16786550274175,24,0,32,0,152.984659693291,1.20062771269891,8,5.49591394828826,11.0767921385298,0.180904522613065,0.333333333333333,8,0,0,0,0,0
1,CPO,scene1_CPO_run022.mat,298.557070951666,1,0,24.5604025396049,26.9147295691633,12,2.90276043669898,24,0.659090909090909,32,0,140.336016947831,1.10136082516474,8,12.7528245330565,24.7077510988126,0,0,8,1,0,0,0,1
1,CPO,scene1_CPO_run023.mat,295.818584019401,1,0,27.521179595959,30.240066109088,12,3.32182811999203,24,0.886363636363636,32,0,149.702561488148,1.17486971795098,8,6.07216940189605,15.0547450144751,0.085427135678392,0.166666666666667,8,1,0,0,0,1
1,CPO,scene1_CPO_run024.mat,297.381182535807,1,0,29.7044619961179,32.2360053207569,12,4.03193425442948,24,0.895454545454546,32,0.263636363636364,149.697762248116,1.17483205338648,8,7.3019736499111,17.5595842035771,0.0201005025125628,0,8,1,0,0,0,1
1,CPO,scene1_CPO_run025.mat,310.937367368949,1,0,35.933169052706,39.0621310643359,12,5.61767521352748,24,0.931818181818182,32,0.840909090909091,143.048500550597,1.12264846923475,8,10.6914628393571,32.2148288387111,0,0,8,1,0,0,0,1
1,CPO,scene1_CPO_run026.mat,289.055709178289,1,0,15.960621551895,18,12,0.973512749939518,24,0,32,0,152.203234501948,1.1944950668375,8,4.36150563788988,11.0055628084683,0.251256281407035,0.333333333333333,8,0,0,0,0,0
1,CPO,scene1_CPO_run027.mat,297.267616379381,1,0,28.8300574281088,30.7774379914889,12,3.58088681662615,24,0.9,32,0,150.418029893768,1.18048473318891,8,6.31229654834902,16.6761370410219,0.0653266331658292,0.166666666666667,8,1,0,0,0,1
1,CPO,scene1_CPO_run028.mat,305.037614955148,1,0,22.4479884734842,28.0601104050498,11.9659903512975,4.35328015040414,24,0.377272727272727,32,0,139.824679261173,1.09734783328451,8,5.89002659350161,20.5381217964756,0.0552763819095477,0.166666666666667,8,0,0,0,0,0
1,CPO,scene1_CPO_run029.mat,299.598594458047,1,0,30.690044266694,32.9977364068641,12,4.29681908451868,24,0.9,32,0.690909090909091,149.030573291875,1.16959593656225,8,8.9568958712512,19.0747086157779,0,0,8,1,0,0,0,1
1,CPO,scene1_CPO_run030.mat,302.393090027655,1,0,25.0749029419016,27.7979342708848,12,3.11611910828378,24,0.727272727272727,32,0,140.730956882263,1.10446032436343,8,10.092139108446,23.2457714740912,0,0,8,1,0,0,0,1
2,CVF-AE,scene2_CVF-AE_run001.mat,301.945195098544,1,0,15.9831840265033,18,12,1.05260729980072,24,0,31,0,149.982642237455,1.177067799184,8,3.12493570999672,18.8700310628011,0.195979899497487,0.333333333333333,8,0,0,0,0,0
2,CVF-AE,scene2_CVF-AE_run002.mat,306.305718166213,1,0,15.8907896903615,18.6084118941401,12,1.75015454587779,24,0,31,0,150.580008240911,1.18175594360195,8,3.11413597916662,12.5757765546232,0.221105527638191,0.333333333333333,8,0,0,0,0,0
2,CVF-AE,scene2_CVF-AE_run003.mat,301.333440103663,1,0,16.1752570715053,19.5384002480791,12,1.97026996014032,24,0,31,0,147.799567227565,1.15993496795093,8,4.62971770367164,19.8370497317814,0.0954773869346734,0.333333333333333,8,0,0,0,0,0
2,CVF-AE,scene2_CVF-AE_run004.mat,302.560658081058,1,0,16.4041044212861,18,12,1.06123733738205,24,0,31,0,145.790678278958,1.1441691535989,8,5.25932778752119,19.4452383271345,0.0904522613065327,0.166666666666667,8,0,0,0,0,0
2,CVF-AE,scene2_CVF-AE_run005.mat,303.964847272916,1,0,14.708008063783,18.0089013340699,11.8341582415496,1.42481975623269,24,0,31,0,150.81942995335,1.18363493162305,8,6.56019130916896,16.6317031572176,0.0351758793969849,0.166666666666667,8,0,0,0,0,0
2,CVF-AE,scene2_CVF-AE_run006.mat,309.938752468673,1,0,16.0632749876338,18,12,1.43806883640519,24,0,31,0,148.494616301074,1.16538973172275,8,6.05127476617808,15.1258689931659,0.115577889447236,0.333333333333333,8,0,0,0,0,0
2,CVF-AE,scene2_CVF-AE_run007.mat,316.603168699438,1,0,16.3157828140628,19.1818351143761,12,1.51550481603684,24,0,31,0,148.906496411273,1.16862217787524,8,4.5707164425199,18.4820049974688,0.130653266331658,0.166666666666667,8,0,0,0,0,0
2,CVF-AE,scene2_CVF-AE_run008.mat,303.831894603742,1,0,16.8610252873801,18.674660585882,12,1.53551364411262,24,0,31,0,149.287144680608,1.1716095157029,8,4.28144663506427,21.0926852046556,0.135678391959799,0.333333333333333,8,0,0,0,0,0
2,CVF-AE,scene2_CVF-AE_run009.mat,296.369554782864,1,0,16.4093316328907,18,12,0.910066319544816,24,0,31,0,146.043440728752,1.14615284008459,8,4.98245831753397,20.4498575325058,0.0753768844221105,0.333333333333333,8,0,0,0,0,0
2,CVF-AE,scene2_CVF-AE_run010.mat,294.252140203198,1,0,15.3433269572906,18,12,0.973996392247425,24,0,31,0,151.222067313662,1.1867948404265,8,5.21953645776132,13.5637028037413,0.185929648241206,0.333333333333333,8,0,0,0,0,0
2,CVF-AE,scene2_CVF-AE_run011.mat,307.530496956373,1,0,15.8506061452717,18,12,1.37822504025831,24,0,31,0,148.332280572472,1.16411571657044,8,7.60528544094036,15.3097055214088,0.0100502512562814,0,8,0,0,0,0,0
2,CVF-AE,scene2_CVF-AE_run012.mat,301.105347448816,1,0,16.275086526954,18.2471904228566,12,1.30456160507624,24,0,31,0,147.339663365539,1.15632563010599,8,5.90621842397476,19.9658885957546,0.0552763819095477,0.333333333333333,8,0,0,0,0,0
2,CVF-AE,scene2_CVF-AE_run013.mat,302.484836307687,1,0,15.9982273096911,18,12,1.09549509812445,24,0,31,0,146.061552353056,1.14629498059793,8,4.97905044107608,19.7931997106608,0.100502512562814,0.166666666666667,8,0,0,0,0,0
2,CVF-AE,scene2_CVF-AE_run014.mat,304.881787318742,1,0,17.3679335492793,20.2721078405354,12,1.81969293778255,24,0,31,0,146.115891685103,1.14672143713335,8,6.224533033436,20.2637499906284,0.125628140703518,0.333333333333333,8,0,0,0,0,0
2,CVF-AE,scene2_CVF-AE_run015.mat,302.675839932804,1,0,15.9861967075585,18,12,1.0522296125123,24,0,31,0,147.777474859887,1.15976158645681,8,5.32921446918304,19.310804608501,0.155778894472362,0.333333333333333,8,0,0,0,0,0
2,CVF-AE,scene2_CVF-AE_run016.mat,304.299777615089,1,0,16.8653709638276,18.9523707354743,12,1.48390860574576,24,0,31,0,147.90926506538,1.16079587952446,8,4.92721966100473,20.339433137056,0.130653266331658,0.333333333333333,8,0,0,0,0,0
2,CVF-AE,scene2_CVF-AE_run017.mat,305.099450165951,1,0,16.187447513517,18,12,1.73501503902283,24,0,31,0,148.981656154262,1.16921203355419,8,5.29394569598422,14.6496574072557,0.125628140703518,0.333333333333333,8,0,0,0,0,0
2,CVF-AE,scene2_CVF-AE_run018.mat,298.717188003448,1,0,16.6124784803066,18.5144760252751,12,1.42903129302905,24,0,31,0,145.666722076723,1.14319634199895,8,5.89075442085621,21.6459353224812,0.0653266331658292,0.166666666666667,8,0,0,0,0,0
2,CVF-AE,scene2_CVF-AE_run019.mat,299.866839048438,1,0,16.1156230819066,18,12,1.42724950312042,24,0,31,0,147.739263605002,1.15946170350356,8,4.84008992274592,21.1197984113187,0.105527638190955,0.166666666666667,8,0,0,0,0,0
2,CVF-AE,scene2_CVF-AE_run020.mat,303.01904757324,1,0,15.479254139747,18,11.8746426279569,1.53982789507854,24,0,31,0,146.346399402673,1.14853046788362,8,4.97671842657967,19.1716233630369,0.21608040201005,0.5,8,0,0,0,0,0
2,CVF-AE,scene2_CVF-AE_run021.mat,308.813629644725,1,0,15.3003183577099,18,12,1.27602588184819,24,0,31,0,149.933270690978,1.17668032996298,8,6.35584786429326,13.468966406044,0.276381909547739,0.5,8,0,0,0,0,0
2,CVF-AE,scene2_CVF-AE_run022.mat,298.447248352867,1,0,16.1734601987441,18,12,1.25408982262481,24,0,31,0,144.997761223994,1.13794631928355,8,7.12625299967966,21.4769908304565,0.0251256281407035,0.333333333333333,8,0,0,0,0,0
2,CVF-AE,scene2_CVF-AE_run023.mat,303.151480367557,1,0,16.1907868842453,18.3160754864948,12,1.42467393570139,24,0,31,0,146.09251491097,1.14653797558293,8,6.01188627184537,20.124421352877,0.120603015075377,0.333333333333333,8,0,0,0,0,0
2,CVF-AE,scene2_CVF-AE_run024.mat,310.099245927114,1,0,16.4285641960842,19.0314130898006,12,1.82853607992959,24,0,31,0,148.450090920436,1.16504029534123,8,5.50656307250789,19.6870263078892,0.221105527638191,0.333333333333333,8,0,0,0,0,0
2,CVF-AE,scene2_CVF-AE_run025.mat,302.276567596806,1,0,13.3609749101824,18,11.885364136986,1.26719656413231,24,0,31,0,149.670681109841,1.17461951988692,8,5.72278310181365,14.4139225490671,0.165829145728643,0.333333333333333,8,0,0,0,0,0
2,CVF-AE,scene2_CVF-AE_run026.mat,299.933432838458,1,0,15.3151464053872,18,12,0.993762125625454,24,0,31,0,146.170443766461,1.14714956333107,8,4.90534468804377,20.7904628739473,0.085427135678392,0.166666666666667,8,0,0,0,0,0
2,CVF-AE,scene2_CVF-AE_run027.mat,302.639688035215,1,0,16.5613250033442,18.5685468739915,12,1.27753618349714,24,0,31,0,146.870707653191,1.15264525309693,8,4.82511819663824,18.8887230985644,0.135678391959799,0.166666666666667,8,0,0,0,0,0
2,CVF-AE,scene2_CVF-AE_run028.mat,296.792578831116,1,0,16.1812593543264,18,12,1.19375640881247,24,0,31,0,146.661465086274,1.15100311181936,8,6.14587790354912,20.452068003878,0.0402010050251256,0.333333333333333,8,0,0,0,0,0
2,CVF-AE,scene2_CVF-AE_run029.mat,299.922351498417,1,0,15.2873012736542,18,11.9453333740511,1.2188156993106,24,0,31,0,151.59350860838,1.18970992167042,8,3.96432403318546,13.8210527251287,0.170854271356784,0.333333333333333,8,0,0,0,0,0
2,CVF-AE,scene2_CVF-AE_run030.mat,293.524346275178,1,0,15.8821589303585,18.2686396981914,12,1.45718217457608,24,0,31,0,144.717921513913,1.13575012973284,8,8.24203163181999,21.6777782768792,0,0,8,0,0,0,0,0
2,AE,scene2_AE_run001.mat,2091.40782077609,0,9,22.5282958798372,26.5174269818219,12,3.46841447793958,24,0.504545454545455,31,0,183.516423206233,1.44024181168569,8,13.2174262165245,27.1142018256456,0,0,8,1,0,0,0,1
2,AE,scene2_AE_run002.mat,1360.12575870831,0,6,19.3016300326152,21.8854409231943,12,2.20926484394223,24,0,31,0,155.069067123223,1.21698619811797,8,19.6834331107466,38.4495985374553,0,0,8,0,0,0,0,0
2,AE,scene2_AE_run003.mat,1375.02487323571,0,6,21.4678028629503,26.8262801258392,12,4.41540400971811,24,0.390909090909091,31,0,156.305942996953,1.22669323315106,8,10.8944949533284,27.5628153568108,0,0,8,0,0,0,0,0
2,AE,scene2_AE_run004.mat,1965.51313447781,0,9,21.4686566869892,24.8443097011822,12,2.35340256882262,24,0.181818181818182,31,0,170.202116161207,1.33575077287377,8,26.6594280552097,38.2016597970307,0,0,8,0,0,0,0,0
2,AE,scene2_AE_run005.mat,984.835925325847,0,4,21.2060132935093,24.409452146904,12,2.18679068896317,24,0.0727272727272727,31,0,154.430707721232,1.21197633640876,8,10.8176558204168,35.3350153825337,0,0,8,0,0,0,0,0
2,AE,scene2_AE_run006.mat,1895.69110018633,0,9,20.1346574410972,23.2950919962407,12,2.34691733932296,24,0,31,0,159.396361031064,1.2509469167754,8,27.638391392162,37.8796724547345,0,0,8,0,0,0,0,0
2,AE,scene2_AE_run007.mat,1839.01688656664,0,8,20.503367356568,23.0430883459998,12,2.1529538460576,24,0,31,0,175.279458587846,1.37559789242488,8,30.854565007953,37.3048385688109,0,0,8,0,0,0,0,0
2,AE,scene2_AE_run008.mat,1168.4245417644,0,5,18.5732531343487,21.3283088214872,12,1.67344011576499,24,0,31,0,151.528542117299,1.18920006290586,8,11.8734267928809,35.944219691032,0,0,8,0,0,0,0,0
2,AE,scene2_AE_run009.mat,1395.54820573087,0,6,19.1218579193249,19.9766520346089,12,1.16181585755983,24,0,31,0,161.693032600689,1.26897125685622,8,22.2223936781129,38.2700975464835,0,0,8,0,0,0,0,0
2,AE,scene2_AE_run010.mat,1896.02898124043,0,9,18.222256424725,20.2529980366409,12,1.44260816635967,24,0,31,0,164.122671583854,1.28803912876501,8,28.0526003558292,37.2239671245235,0,0,8,0,0,0,0,0
2,AE,scene2_AE_run011.mat,1452.75340289471,0,6,21.0972523892807,23.2995600778307,12,1.97983278728566,24,0,31,0,185.767259887549,1.45790643833365,8,12.200037683884,37.2371831455352,0,0,8,0,0,0,0,0
2,AE,scene2_AE_run012.mat,1649.35908273057,0,8,20.4947122803269,24.6232535725082,12,2.65329377996414,24,0.131818181818182,31,0,164.566733565398,1.291524139107,8,11.3974248622805,18.0120033798804,0,0,8,0,0,0,0,0
2,AE,scene2_AE_run013.mat,1932.52352495752,0,9,20.0844742429619,23.3045444213951,12,2.11631446184093,24,0,31,0,161.341217235865,1.26621020043652,8,29.0732577974647,37.4327480073657,0,0,8,0,0,0,0,0
2,AE,scene2_AE_run014.mat,2060.21735755192,0,10,21.0191789038055,24.3684617441942,12,2.4202786073946,24,0.118181818181818,31,0,153.15914076423,1.20199704482366,8,25.8409318985753,41.0761359196991,0,0,8,0,0,0,0,0
2,AE,scene2_AE_run015.mat,1805.88449748266,0,9,19.9441363541385,23.1957337962703,12,2.15635070144698,24,0,31,0,148.275424358688,1.16366950747964,8,21.1231622990452,32.449720881551,0,0,8,0,0,0,0,0
2,AE,scene2_AE_run016.mat,1780.53993684029,0,8,19.886480283019,22.3790060481835,12,2.04158440155738,24,0,31,0,159.54270313011,1.25209541349397,8,30.0057961066675,39.5050393457869,0,0,8,0,0,0,0,0
2,AE,scene2_AE_run017.mat,1857.99798804745,0,9,19.4031143738334,21.5819702638401,12,1.52929316934845,24,0,31,0,148.594612455969,1.16617450422851,8,21.6860177235746,39.6464066194718,0,0,8,0,0,0,0,0
2,AE,scene2_AE_run018.mat,1102.82407832753,0,3,22.7733507132757,28.7117570257964,12,3.86564893146576,24,0.377272727272727,31,0,221.351129221833,1.73716959931627,8,9.45720946326026,26.8232093093895,0,0.166666666666667,8,0,0,0,0,0
2,AE,scene2_AE_run019.mat,1923.89641496628,0,9,19.3689892042618,21.0450551926305,12,1.33195626805804,24,0,31,0,160.527771332762,1.25982625517034,8,29.041578744296,41.2598234343823,0,0,8,0,0,0,0,0
2,AE,scene2_AE_run020.mat,1854.32208810392,0,8,19.2002191934066,21.8807453244267,12,1.91552102247063,24,0,31,0,180.379417502609,1.41562250678142,8,29.3983599142633,37.2368037545157,0,0,8,0,0,0,0,0
2,AE,scene2_AE_run021.mat,2327.61028010971,0,12,19.2903835501299,21.8593942908455,12,1.66399174695081,24,0,31,0,158.782982023477,1.24613310187152,8,24.7483710344185,37.1433674299079,0,0,8,0,0,0,0,0
2,AE,scene2_AE_run022.mat,2272.67879711434,0,9,19.436627350711,21.4300530722086,12,1.96378669274069,24,0,31,0,185.777223998531,1.4579846369439,8,29.9102073432307,39.6853741805518,0,0,8,0,0,0,0,0
2,AE,scene2_AE_run023.mat,1098.55787366242,0,5,19.9926442795596,21.8005485324389,12,2.02362134328065,24,0,31,0,150.267926520121,1.17930671788639,8,14.9807775296709,36.0081445556285,0,0,8,0,0,0,0,0
2,AE,scene2_AE_run024.mat,1696.66928752481,0,8.13494439423783,20.1332627313636,21.7512080679609,12,1.66686555371982,24,0,31,0,157.088964219824,1.23283840471072,8,24.9434660550503,34.1654944218333,0,0,8,0,0,0,0,0
2,AE,scene2_AE_run025.mat,1407.85556184218,0,5,22.7904948342155,27.0786234257358,12,3.13605095006909,24,0.440909090909091,31,0,207.597501069477,1.62923075667035,8,9.36520913325917,13.9516413859862,0,0.166666666666667,8,0,0,0,0,0
2,AE,scene2_AE_run026.mat,1852.43856818251,0,9,17.9531950459729,20.9757212611531,12,2.03122419540351,24,0,31,0,149.654359174994,1.17449142490444,8,24.4805543674641,35.4276595458783,0,0,8,0,0,0,0,0
2,AE,scene2_AE_run027.mat,1802.96719443254,0,8,19.5099582516637,20.9351947159119,12,1.40973482766134,24,0,31,0,165.41974667196,1.29821860884721,8,30.0223100356246,38.542778564926,0,0,8,0,0,0,0,0
2,AE,scene2_AE_run028.mat,938.889560911234,0,4,18.5810832888384,19.8053480522594,12,1.30890594605918,24,0,31,0,145.389759061763,1.14102272882871,8,12.1995193181669,32.6333634478754,0,0,8,0,0,0,0,0
2,AE,scene2_AE_run029.mat,828.248705902654,0,3,18.4740356343702,21.5997138923181,12,1.90872922720965,24,0,31,0,156.758061949687,1.23024147481907,8,5.64060588708446,27.199136455508,0.0603015075376884,0.166666666666667,8,0,0,0,0,0
2,AE,scene2_AE_run030.mat,2159.41216136612,0,10,19.5844948405368,21.3392861503804,12,1.43061630795936,24,0,31,0,191.452612473449,1.50252523792298,8,24.6018150668072,36.3156716279493,0,0,8,0,0,0,0,0
2,PSO,scene2_PSO_run001.mat,671.242161967164,0,2,17.519823938663,19.545073894268,12,2.00078488924179,24,0,31,0,153.027647738012,1.20096508402693,8,1.06477891552049e-08,2.48479465180351,0.924623115577889,1,8,0,1,0,1,1
2,PSO,scene2_PSO_run002.mat,276.976651118124,1,0,29.9570452025702,31.8967786785401,12,3.89889235104967,24,0.904545454545455,31,0.718181818181818,140.800069086804,1.10500271879842,8,10.2849337568476,21.443225404024,0,0,8,1,0,0,0,1
2,PSO,scene2_PSO_run003.mat,324.587912047049,1,0,22.9641318198833,24.6728629000995,12,2.37566829126791,24,0.318181818181818,31,0,156.360276883887,1.22711964695309,8,5.05434718077527,28.1776437836782,0.050251256281407,0.333333333333333,8,0,0,0,0,0
2,PSO,scene2_PSO_run004.mat,314.072728272419,1,0,29.9663547597017,31.9999999998567,12,3.98349801014273,24,0.9,31,0.7,149.714325979642,1.17496204599578,8,5.62304756503762,28.1894649023347,0.0251256281407035,0.166666666666667,8,1,0,0,0,1
2,PSO,scene2_PSO_run005.mat,293.92215131758,1,0,26.9581614416492,31.9999999998345,12,5.61212947772357,24,0.677272727272727,31,0.427272727272727,146.014356796734,1.14592458860601,8,1.04254975121211,18.8747557919733,0.246231155778894,0.333333333333333,8,1,0,0,0,1
2,PSO,scene2_PSO_run006.mat,281.46720797402,1,0,29.0362881230051,31.9102254309532,12,4.66956969000677,24,0.85,31,0.6,143.313368793923,1.12472716231279,8,4.16122507600767,24.8475181723224,0.0603015075376884,0.166666666666667,8,1,0,0,0,1
2,PSO,scene2_PSO_run007.mat,1042.85468773599,0,4,22.0166444748686,23.3683826586247,12,2.17890660502134,24,0,31,0,165.420964484843,1.29822816627538,8,8.57719811033862,33.0178601330667,0,0,8,0,0,0,0,0
2,PSO,scene2_PSO_run008.mat,774.31053746748,0,3,20.903540978508,21.6327990613674,12,1.63489001219313,24,0,31,0,149.266357510702,1.17144637743591,8,3.44603367383012,21.932366723329,0.100502512562814,0.166666666666667,8,0,0,0,0,0
2,PSO,scene2_PSO_run009.mat,958.207962109167,0,2,25.8952751444356,31.8125388084078,12,6.6648603652744,24,0.663636363636364,31,0.4,232.726951655052,1.8264473588998,8,2.29125468716647,24.9961368812271,0.135678391959799,0.5,8,1,0,1,0,1
2,PSO,scene2_PSO_run010.mat,353.219216478804,1,3.5527136788005e-14,30.2295710926947,32,12,3.90789379901473,24,0.909090909090909,31,0.754545454545455,163.907351881677,1.28634929396691,8,0.0715095550906142,9.4310699927427,0.668341708542714,0.666666666666667,8,1,1,0,1,1
2,PSO,scene2_PSO_run011.mat,282.860249636185,1,0,27.2948740555651,29.9186220034652,12,3.25646672453024,24,0.881818181818182,31,0,141.73026699194,1.11230293690813,8,11.0511693559151,24.8946404375778,0,0,8,1,0,0,0,1
2,PSO,scene2_PSO_run012.mat,777.750775581225,0,3,26.4225620287214,29.63298533776,12,3.15683841012625,24,0.831818181818182,31,0,137.2104933596,1.07683163221005,8,7.39357373988724,27.3662660587879,0.0201005025125628,0,8,1,0,0,0,1
2,PSO,scene2_PSO_run013.mat,424.077286651537,1,0,9.5166535969936,18,8.12719314522339,1.56074912957299,24,0,31,0,190.326335829882,1.49368618861475,8,5.16994166604656,25.7928496863912,0.050251256281407,0.166666666666667,8,0,0,0,0,0
2,PSO,scene2_PSO_run014.mat,1006.80796449761,0,3,18.7177291977764,28.6515506051063,12,4.66309053869098,24,0.2,31,0,205.970647988867,1.61646317005751,8,10.1200782791526,25.9151955818219,0,0,8,0,0,0,0,0
2,PSO,scene2_PSO_run015.mat,2008.90666907556,0,10,30.1937566028949,31.9949059767453,12,3.89623139364017,24,0.909090909090909,31,0.754545454545455,164.479444788816,1.29083909444708,8,25.7939246499029,38.8394824760388,0,0,8,1,0,0,0,1
2,PSO,scene2_PSO_run016.mat,1075.53581814694,0,5,15.9471679930568,18.1538388661113,10.2909974734996,2.38961742628766,24,0,31,0,141.80387718162,1.11288063165115,8,6.04403818949193,17.6080225425799,0.0804020100502513,0.166666666666667,8,0,0,0,0,0
2,PSO,scene2_PSO_run017.mat,283.228553208535,1,0,27.6960740754448,30.8405544381272,12,3.89622545456271,24,0.854545454545454,31,0,143.423161564403,1.12558881892043,8,5.36378822577264,24.2319371381308,0.0301507537688442,0.166666666666667,8,1,0,0,0,1
2,PSO,scene2_PSO_run018.mat,851.66178887413,0,3,17.9661628323406,18.9662656457692,12,1.27083042506877,24,0,31,0,140.968573347359,1.10632514475496,8,3.15649563318011,31.7810880981452,0.115577889447236,0.166666666666667,8,0,0,0,0,0
2,PSO,scene2_PSO_run019.mat,786.932231441405,0,3,18.7681784170493,19.8265126874255,12,1.86197594142291,24,0,31,0,149.344778585539,1.17206182813468,8,8.28685254220355,22.3791812375647,0,0,8,0,0,0,0,0
2,PSO,scene2_PSO_run020.mat,280.565779988119,1,0,30.2141734712193,31.9995757066261,12,3.90349486254517,24,0.909090909090909,31,0.754545454545455,140.983415053589,1.10644162286354,8,11.28241601968,29.2798487210668,0,0,8,1,0,0,0,1
2,PSO,scene2_PSO_run021.mat,854.584280283212,0,3,11.2618865463438,18,9.53059179012812,1.2997012559902,24,0,31,0,160.171169263852,1.25702763256859,8,7.20828000807236,22.4149100074818,0.0201005025125628,0.333333333333333,8,0,0,0,0,0
2,PSO,scene2_PSO_run022.mat,890.358949422039,0,3,21.8027083884712,27.1953629936681,12,2.65072865765075,24,0.159090909090909,31,0,168.91335682053,1.32563655500043,8,8.08926496802418,26.6269860931505,0,0.166666666666667,8,0,0,0,0,0
2,PSO,scene2_PSO_run023.mat,1029.95609251386,0,3,24.0008776711977,28.8113680734407,12,4.48535312081824,24,0.586363636363636,31,0,206.888419804956,1.62366586788707,8,0.00110429373495435,7.81641845927425,0.587939698492462,0.833333333333333,8,1,0,0,1,1
2,PSO,scene2_PSO_run024.mat,641.769867919395,0,2,30.2294771454591,32,12,3.90791234754547,24,0.909090909090909,31,0.754545454545455,149.173485546568,1.17071751577034,8,0.00945083710460545,5.67990856813818,0.738693467336683,0.666666666666667,8,1,1,0,1,1
2,PSO,scene2_PSO_run025.mat,288.013235857244,1,0,30.0301983695485,32,12,4.00210983624961,24,0.904545454545455,31,0.722727272727273,142.923435825976,1.12166695792138,8,6.1604334496157,28.2252377027451,0.0150753768844221,0.166666666666667,8,1,0,0,0,1
2,PSO,scene2_PSO_run026.mat,770.193035294185,0,3,20.8205736625252,21.5848142643929,12,1.6006113092285,24,0,31,0,146.214514039672,1.14749542801731,8,9.47627695481533,23.8458303355745,0,0,8,0,0,0,0,0
2,PSO,scene2_PSO_run027.mat,414.071672023244,1,0,11.6966417696637,18,9.331903374233,2.31796863634817,24,0,31,0,187.120817512694,1.46852919488155,8,6.49012735442639,25.489712416273,0.155778894472362,0.333333333333333,8,0,0,0,0,0
2,PSO,scene2_PSO_run028.mat,655.742171766313,1,0,26.5436094606691,29.4178659142747,12,3.19317398611084,24,0.85,31,0,249.484464289341,1.95796076753152,8,0,6.14439864597366,0.758793969849246,1,8,1,1,1,1,1
2,PSO,scene2_PSO_run029.mat,303.556291295368,1,0,24.5910193280088,31.5738207834514,12,6.84688666689153,24,0.590909090909091,31,0.268181818181818,149.668182232117,1.17459990862751,8,7.30302883244603,19.4164218572669,0.0150753768844221,0,8,1,0,0,0,1
2,PSO,scene2_PSO_run030.mat,335.081036395909,1,0,28.2683894830003,31.6248654767682,12,4.79914011559939,24,0.827272727272727,31,0.509090909090909,149.887785636379,1.17632336203446,8,9.63634752497292,28.9483432323197,0,0,8,1,0,0,0,1
2,GWO,scene2_GWO_run001.mat,355.347858979765,1,0,13.1563448601161,18,12,1.37560862744308,24,0,31,0,174.26461855286,1.3676334006098,8,0.0807296965725264,2.90494120410837,0.939698492462312,1,8,0,1,0,1,1
2,GWO,scene2_GWO_run002.mat,426.125725638087,1,0,24.8587314190433,27.4761298353448,12,2.5483206142076,24,0.854545454545454,31,0,176.787822267155,1.38743557103813,8,0.00579214283334403,4.58078888624074,0.753768844221106,1,8,1,1,0,1,1
2,GWO,scene2_GWO_run003.mat,293.970158252197,1,0,16.0763701046693,18.9075185685489,12,1.42575654234044,24,0,31,0,150.539181955075,1.18143553781565,8,0.0262327806466917,4.31675271430325,0.78894472361809,0.666666666666667,8,0,1,0,1,1
2,GWO,scene2_GWO_run004.mat,302.241002981401,1,0,14.0193809731138,18,12,1.45486949409238,24,0,31,0,150.205642447387,1.17881791081296,8,0.073743198709474,5.04133014365344,0.773869346733668,0.666666666666667,8,0,1,0,1,1
2,GWO,scene2_GWO_run005.mat,301.151042104482,1,0,13.4117511002572,18,12,1.5821592977129,24,0,31,0,150.78478060783,1.18336300263003,8,0.00605462863766315,2.71136110120788,0.884422110552764,0.833333333333333,8,0,1,0,1,1
2,GWO,scene2_GWO_run006.mat,385.488207103595,1,0,14.9523042677039,18,12,1.82694353516833,24,0,31,0,169.688445948558,1.331719475267,8,1.0526759665776,6.32946425550329,0.678391959798995,0.833333333333333,8,0,1,0,1,1
2,GWO,scene2_GWO_run007.mat,298.054230854635,1,0,13.8622949756447,18.0070071725263,12,1.4897348925059,24,0,31,0,150.701434372049,1.18270889913606,8,0.163442429095061,2.95785421529191,0.889447236180904,0.833333333333333,8,0,1,0,1,1
2,GWO,scene2_GWO_run008.mat,301.264766693809,1,0,13.3779862892584,18,12,1.14429442903772,24,0,31,0,150.629947551137,1.1821478686481,8,0.115592316975127,3.86060046529189,0.85929648241206,0.833333333333333,8,0,1,0,1,1
2,GWO,scene2_GWO_run009.mat,292.489339704633,1,0,13.2025942777858,18,12,1.19347153593294,24,0,31,0,150.74603055701,1.18305889119182,8,0.32273392367109,5.33546308589947,0.718592964824121,0.833333333333333,8,0,1,0,1,1
2,GWO,scene2_GWO_run010.mat,396.492963045138,1,0,10.450736748476,18,9.85757216396092,1.36486255162453,24,0,31,0,161.918434030383,1.27074021332228,8,0.00133892792703677,3.15772153251539,0.909547738693467,1,8,0,1,0,1,1
2,GWO,scene2_GWO_run011.mat,307.824421635945,1,0,12.2234584527937,18,11.4946626314553,1.37981606158436,24,0,31,0,152.058932401316,1.1933625800812,8,0.00565733060109742,1.95694341436701,0.919597989949749,1,8,0,1,0,1,1
2,GWO,scene2_GWO_run012.mat,368.199367080571,1,0,18.0710365685431,18.5173733026512,12,1.00700407147375,24,0,31,0,161.940356951617,1.27091226499615,8,0.16972835616211,3.27589338461031,0.864321608040201,0.833333333333333,8,0,1,0,1,1
2,GWO,scene2_GWO_run013.mat,326.131030767758,1,0,12.4683357354575,18,11.7960200117232,1.0544413345272,24,0,31,0,155.70054306607,1.22194203825518,8,0.011083471716056,1.9348372660851,0.919597989949749,1,8,0,1,0,1,1
2,GWO,scene2_GWO_run014.mat,368.539489406259,1,0,15.1153778481949,18.4578304288393,12,2.62678239548426,24,0,31,0,168.74632713115,1.32432570151803,8,1.29951431696029,6.60018329249164,0.648241206030151,0.666666666666667,8,0,0,0,1,1
2,GWO,scene2_GWO_run015.mat,354.378645075524,1,0,13.5542984638288,18,12,1.17705639754307,24,0,31,0,174.734304983243,1.37131951231359,8,0.00962700388932428,1.7725617674396,0.959798994974874,1,8,0,1,0,1,1
2,GWO,scene2_GWO_run016.mat,289.663405841686,1,0,13.6247399538796,18,12,1.06038962588813,24,0,31,0,150.351476794133,1.17996242267786,8,0.553143089588443,4.09712561043838,0.899497487437186,1,8,0,1,0,1,1
2,GWO,scene2_GWO_run017.mat,370.78349395356,1,0,12.1966647411967,18,9.86735483168151,2.48848779449089,24,0,31,0,169.709043482985,1.33188112526966,8,0.142449534600682,5.07317211387922,0.693467336683417,0.833333333333333,8,0,1,0,1,1
2,GWO,scene2_GWO_run018.mat,388.38237912929,1,0,24.9378243348304,29.1105127942844,12,3.76262049379548,24,0.540909090909091,31,0,158.229301048829,1.24178779873139,8,0.699134041901676,10.7324315718738,0.542713567839196,0.833333333333333,8,1,0,0,1,1
2,GWO,scene2_GWO_run019.mat,307.556384582751,1,0,12.5954667381468,18,12,1.00945634539292,24,0,31,0,151.941387338157,1.19244008327268,8,0.195027542793421,3.82225839237542,0.904522613065327,0.833333333333333,8,0,1,0,1,1
2,GWO,scene2_GWO_run020.mat,378.958462749737,1,0,13.1266507957738,18,11.2611054571339,1.8099767256915,24,0,31,0,169.492934495778,1.33018509614148,8,0.290900993344014,5.44039675409774,0.628140703517588,0.833333333333333,8,0,0,0,1,1
2,GWO,scene2_GWO_run021.mat,298.553156354886,1,0,13.8720780775076,18,12,1.0031430886329,24,0,31,0,152.020123919372,1.19305801007396,8,0.0685585436250049,3.54495999209199,0.914572864321608,0.833333333333333,8,0,1,0,1,1
2,GWO,scene2_GWO_run022.mat,350.155013866227,1,0,12.8606663496781,18,12,1.06577415438964,24,0,31,0,173.456150626733,1.36128852264045,8,0.0954909253549208,2.97684616203877,0.934673366834171,1,8,0,1,0,1,1
2,GWO,scene2_GWO_run023.mat,327.798539150481,1,0,13.8748396506166,18,12,0.720437294974836,24,0,31,0,155.344917912333,1.2191510825099,8,0.0134199020616167,1.76324561237955,0.92964824120603,1,8,0,1,0,1,1
2,GWO,scene2_GWO_run024.mat,310.185252184544,1,0,15.5930136694187,18,12,0.949529774302515,24,0,31,0,152.781950869967,1.19903684841632,8,0.12865230094963,1.95214354573534,0.92964824120603,1,8,0,1,0,1,1
2,GWO,scene2_GWO_run025.mat,412.378334732987,1,0,28.3667487520469,30.1107061960192,12,3.47849925208074,24,0.890909090909091,31,0,174.206580791098,1.36717791869877,8,0.208157745815699,3.68415457176945,0.909547738693467,1,8,1,1,0,1,1
2,GWO,scene2_GWO_run026.mat,380.117155846951,1,0,14.7408207429691,18,12,1.17770590411692,24,0,31,0,168.357968945638,1.32127785606141,8,3.50518547050053,6.73615382245135,0.688442211055276,0.666666666666667,8,0,1,0,1,1
2,GWO,scene2_GWO_run027.mat,293.96255135696,1,0,12.0405996534309,18,11.0493525153128,1.20745021639378,24,0,31,0,150.611579917599,1.18200371896742,8,0.0107118427275978,3.32910490322643,0.884422110552764,0.833333333333333,8,0,1,0,1,1
2,GWO,scene2_GWO_run028.mat,415.14198177526,1,0,17.7823798152301,18.6714297700107,12,1.02885716298316,24,0,31,0,174.88837669891,1.37252867127073,8,0.0188154641329521,3.63267396991041,0.728643216080402,0.833333333333333,8,0,1,0,1,1
2,GWO,scene2_GWO_run029.mat,313.102312413718,1,0,11.9672908349012,18,11.3482501790115,1.15855039148473,24,0,31,0,152.912687363781,1.20006287192644,8,0.27500887566193,5.43377083140983,0.778894472361809,0.833333333333333,8,0,1,0,1,1
2,GWO,scene2_GWO_run030.mat,372.955270547578,1,0,17.1161844938913,18.6861393447839,12,1.31250568403238,24,0,31,0,167.791186805521,1.31682973462328,8,3.26125721719664,6.4649325674944,0.658291457286432,0.833333333333333,8,0,1,0,1,1
2,WOA,scene2_WOA_run001.mat,492.763721885398,1,0,9.85743916773573,18,8.79824393856889,1.49208329519361,24,0,31,0,176.342934667879,1.38394408122603,8,0.0599050102823074,3.25293290841756,0.884422110552764,1,8,0,1,0,1,1
2,WOA,scene2_WOA_run002.mat,692.968468753583,0,0.195897184493679,28.622977399182,31.9999993213071,12,4.06403465872718,24,0.863636363636364,31,0.363636363636364,251.762685610287,1.97584030956582,8,5.39846457761278,12.0275591994154,0.346733668341709,1,8,1,0,1,1,1
2,WOA,scene2_WOA_run003.mat,1263.27182838535,0,4.62495126739881,29.9521124720418,31.6902854879751,12,3.83931498973756,24,0.909090909090909,31,0.736363636363636,150.694717712852,1.18265618661453,8,1.21508541535448,4.80175002699559,0.909547738693467,1,8,1,1,0,1,1
2,WOA,scene2_WOA_run004.mat,1147.22888453743,0,3,22.4951348656895,28.0626658645933,12,4.0546959068593,24,0.440909090909091,31,0,251.401976914332,1.97300945804487,8,2.29565713601863,5.13111758801006,0.824120603015075,1,8,0,1,1,1,1
2,WOA,scene2_WOA_run005.mat,524.537710985171,1,0,29.1551190731062,30.880359030512,12,3.61649554691459,24,0.9,31,0,214.594780425808,1.68414559274313,8,0.115419702977757,7.41158387662466,0.608040201005025,1,8,1,0,0,1,1
2,WOA,scene2_WOA_run006.mat,694.21347289305,1,0,30.1780046603334,31.9492740298685,12,3.89576412038215,24,0.909090909090909,31,0.754545454545455,259.371811264365,2.03555693179455,8,9.58412745669818,28.5235660960336,0,0.5,8,1,0,1,0,1
2,WOA,scene2_WOA_run007.mat,521.196770400945,1,0,21.2066324880381,25.8697191909789,12,2.67624158683748,24,0.209090909090909,31,0,181.541563113376,1.42474305670634,8,7.7139076155644,11.4421948111866,0.0100502512562814,0,8,0,0,0,0,0
2,WOA,scene2_WOA_run008.mat,1145.683204842,0,4,29.868512923753,31.6670063014543,12,3.85088819999982,24,0.904545454545455,31,0.722727272727273,151.855863407778,1.1917688891731,8,1.07370552184595,3.57629242946979,0.919597989949749,1,8,1,1,0,1,1
2,WOA,scene2_WOA_run009.mat,1470.87412382372,0,5,27.7648488833917,31.673686617121,12,3.64599715257228,24,0.904545454545455,31,0.254545454545455,170.58599921324,1.33876349736282,8,0.707422729332862,2.73674842016804,0.919597989949749,1,8,1,1,0,1,1
2,WOA,scene2_WOA_run010.mat,397.277373188011,1,0,26.7814860706149,29.6304583330742,12,4.34725676509718,24,0.772727272727273,31,0,158.517680065798,1.2440510049916,8,6.88713380326161,9.65751456086767,0.0753768844221105,0,8,1,0,0,0,1
2,WOA,scene2_WOA_run011.mat,558.71684533978,1,0,27.5503491614966,29.0221748236713,12,3.24528113169265,24,0.881818181818182,31,0,230.970380580799,1.81266174199348,8,10.7353033338219,20.5930804142674,0,0.166666666666667,8,1,0,1,0,1
2,WOA,scene2_WOA_run012.mat,638.614319239564,1,0,30.2199993869732,31.9893140765481,12,3.90552731678406,24,0.909090909090909,31,0.754545454545455,240.846937144379,1.89017322281807,8,11.7718870693644,19.7604990591657,0,0,8,1,0,1,0,1
2,WOA,scene2_WOA_run013.mat,1201.64699983988,0,4,27.2644044950062,29.1967787596292,12,3.28612034927359,24,0.872727272727273,31,0,185.010054898079,1.45196387326619,8,7.18588001569154,12.0330327911849,0.0351758793969849,0,8,1,0,0,0,1
2,WOA,scene2_WOA_run014.mat,745.450668468038,1,0,23.7377664667923,29.9338296312397,12,4.36743014820882,24,0.409090909090909,31,0,303.431075651657,2.38133522048418,8,6.09382924189379,8.52521226829412,0.683417085427136,1,8,0,1,1,1,1
2,WOA,scene2_WOA_run015.mat,1497.36736955634,0,5.70203159073277,29.1978506965725,30.8483412885325,12,3.65313610975334,24,0.9,31,0,204.660852689756,1.60618386141814,8,3.598933473336,9.68747705282402,0.57286432160804,1,8,1,0,0,1,1
2,WOA,scene2_WOA_run016.mat,1502.41000858116,0,5,29.9132790569318,31.8662254312533,12,3.82295067393376,24,0.909090909090909,31,0.722727272727273,149.105978232857,1.17018771656162,8,7.25196890955405,10.2089809732183,0.0201005025125628,0,8,1,0,0,0,1
2,WOA,scene2_WOA_run017.mat,1187.03580440298,0,4,26.8665059976743,29.4972590525041,12,3.89542686268513,24,0.8,31,0,176.457873942587,1.3848461277369,8,6.7235965037282,13.4110634333286,0.050251256281407,0.5,8,1,0,0,0,1
2,WOA,scene2_WOA_run018.mat,393.44830756043,1,0,26.5536114789312,28.4241028777465,12,2.95436056995333,24,0.877272727272727,31,0,167.242919232604,1.31252691600514,8,5.3679456607419,13.014074933545,0.0301507537688442,0.166666666666667,8,1,0,0,0,1
2,WOA,scene2_WOA_run019.mat,528.902339956829,1,0,28.2894194566072,29.8487493940869,12,3.43007279913633,24,0.890909090909091,31,0,207.731248737631,1.63028041195746,8,11.4800722915435,19.9412400079236,0,0,8,1,0,0,0,1
2,WOA,scene2_WOA_run020.mat,866.70067496196,0,0.148767458104506,25.8451223632106,31.4747947134518,12,4.14035742127968,24,0.681818181818182,31,0.104545454545455,353.690166156638,2.77576991084005,8,1.86861217641149,20.0861108495368,0.236180904522613,1,8,1,0,1,1,1
2,WOA,scene2_WOA_run021.mat,1058.41687064783,0,4,26.2723111544815,27.5994427045307,12,2.92987933996912,24,0.863636363636364,31,0,146.542665282873,1.15007076777577,8,10.5072909072355,17.238766274294,0,0,8,1,0,0,0,1
2,WOA,scene2_WOA_run022.mat,986.001442470448,0,4,26.7652158840706,28.4676778162452,12,3.08621410920299,24,0.868181818181818,31,0,138.922832869769,1.09027011861502,8,10.5284899387504,16.9333633796359,0,0,8,1,0,0,0,1
2,WOA,scene2_WOA_run023.mat,1497.93895755592,0,5,22.2603493858385,30.3651439496851,12,5.2084625844737,24,0.409090909090909,31,0,180.858829302472,1.41938494344576,8,2.92337345987345,5.30649178119126,0.909547738693467,1,8,0,1,0,1,1
2,WOA,scene2_WOA_run024.mat,1159.85655853817,0,4,28.0120259921436,30.766518004728,12,3.3749338715306,24,0.886363636363636,31,0,164.730386528666,1.2928084919523,8,3.76944508746952,9.46578668928695,0.537688442211055,0.5,8,1,0,0,0,1
2,WOA,scene2_WOA_run025.mat,712.1353862935,1,0,27.6645735840328,29.1404713452304,12,3.27605321280057,24,0.886363636363636,31,0,250.265936054492,1.96409377890543,8,13.8561646835642,22.8890928469298,0,0,8,1,0,1,0,1
2,WOA,scene2_WOA_run026.mat,1021.8172256536,0,3.37089881737708,9.38529494006596,18,8.44716045958504,1.61476154727918,24,0,31,0,179.436566524529,1.40822298701586,8,1.15997464364634,5.20796025219859,0.768844221105528,0.833333333333333,8,0,1,0,1,1
2,WOA,scene2_WOA_run027.mat,1251.86410246484,0,4,27.0950693164495,28.9212150203702,12,3.16233314139689,24,0.877272727272727,31,0,195.371636536447,1.53328184388728,8,7.91129060321113,12.5501159976979,0.0050251256281407,0,8,1,0,0,0,1
2,WOA,scene2_WOA_run028.mat,1124.60766867053,0,4,29.5938224535515,31.4572144849164,12,3.72405816879106,24,0.909090909090909,31,0.613636363636364,156.057814871688,1.22474591696857,8,1.77757736393177,4.4849953653312,0.914572864321608,1,8,1,1,0,1,1
2,WOA,scene2_WOA_run029.mat,1237.88343415499,0,4,28.9885670296709,31.6006626291996,12,4.29082357374333,24,0.854545454545454,31,0.586363636363636,172.681508217439,1.35520910823449,8,1.27515149502065,4.48856318769586,0.919597989949749,1,8,1,1,0,1,1
2,WOA,scene2_WOA_run030.mat,1322.52670599277,0,4,29.5100505611214,31.9072879453884,12,3.64346091229547,24,0.909090909090909,31,0.386363636363636,228.828372701867,1.79585120670569,8,1.68171846759311,7.96799363972819,0.577889447236181,0.666666666666667,8,1,0,0,1,1
2,HHO,scene2_HHO_run001.mat,437.889069678928,1,0,11.1002188139281,18,10.173669791017,1.5540310875878,24,0,31,0,185.334024535418,1.45450639566969,8,4.8985075852063,10.9034102915864,0.507537688442211,0.833333333333333,8,0,0,0,1,1
2,HHO,scene2_HHO_run002.mat,1123.48678928705,0,4,26.9618262935718,28.8659161186169,12,2.89498938359698,24,0.890909090909091,31,0,187.52561342203,1.47170604403564,8,6.12592959808399,11.3896206211159,0.21105527638191,0.666666666666667,8,1,0,0,1,1
2,HHO,scene2_HHO_run003.mat,313.797095284012,1,0,19.178659234351,21.3439598007417,12,1.48104892979706,24,0,31,0,153.01601404937,1.20087378252642,8,4.27425626610385,9.9688956142415,0.482412060301508,0.666666666666667,8,0,0,0,1,1
2,HHO,scene2_HHO_run004.mat,304.435776545515,1,0,28.0535794843884,29.7987951293004,12,3.42691357619861,24,0.886363636363636,31,0,143.741520540251,1.12808730870206,8,7.03699006773855,22.2484902001667,0.0251256281407035,0,8,1,0,0,0,1
2,HHO,scene2_HHO_run005.mat,342.617211879995,1,0,20.9146062069141,22.0675065660533,12,1.55434193700069,24,0,31,0,160.270305521828,1.25780565658026,8,2.53382511123745,5.65829554907977,0.909547738693467,0.833333333333333,8,0,1,0,1,1
2,HHO,scene2_HHO_run006.mat,281.427604506467,1,0,27.7788800305773,30.2314959193309,12,3.68536304909059,24,0.868181818181818,31,0,141.319935488057,1.10908264425956,8,8.98376460870959,22.012215117979,0,0,8,1,0,0,0,1
2,HHO,scene2_HHO_run007.mat,433.149125280659,1,0,9.44569492785516,18,8.77735465632619,1.5903101785112,24,0,31,0,163.181523128247,1.28065297044148,8,0.00159411866440017,1.60188489798207,0.92964824120603,1,8,0,1,0,1,1
2,HHO,scene2_HHO_run008.mat,300.469548586099,1,0,27.18789981211,29.5356704140571,12,3.73313769332271,24,0.845454545454545,31,0,141.705594441482,1.11210930607036,8,6.30257909508422,22.9879054212416,0.0452261306532663,0.166666666666667,8,1,0,0,0,1
2,HHO,scene2_HHO_run009.mat,357.933759169582,1,0,19.8842184232609,27.4188483495159,12,5.39811784979838,24,0.327272727272727,31,0,153.212860488436,1.20241863866011,8,6.56915683829642,12.6910832425455,0.0703517587939698,0.166666666666667,8,0,0,0,0,0
2,HHO,scene2_HHO_run010.mat,292.036074262506,1,0,28.402993935057,30.0328736063757,12,3.43688056986577,24,0.890909090909091,31,0,141.781518396813,1.11270515930827,8,9.35604758700836,26.1977308199088,0,0,8,1,0,0,0,1
2,HHO,scene2_HHO_run011.mat,412.189330359534,1,0,9.61740965993812,18,8.97592979757011,1.55148138897618,24,0,31,0,162.645474040712,1.27644604282434,8,0.112504913790634,1.92880791299411,0.92964824120603,1,8,0,1,0,1,1
2,HHO,scene2_HHO_run012.mat,334.631160693788,1,0,27.8338573794565,30.9544641532314,12,3.78424494361647,24,0.872727272727273,31,0,146.390905830005,1.1488797555191,8,4.44614326786398,17.3150424048978,0.236180904522613,0.166666666666667,8,1,0,0,0,1
2,HHO,scene2_HHO_run013.mat,368.669068477831,1,0,28.6793712429071,31.3859784478449,12,3.53312011339242,24,0.895454545454546,31,0.15,162.597950117687,1.27607307380173,8,3.58517332521597,12.3337798937519,0.331658291457286,0.666666666666667,8,1,0,0,1,1
2,HHO,scene2_HHO_run014.mat,350.20569050929,1,0,12.2427868026768,18,11.2875922978425,1.23196785190458,24,0,31,0,166.467786710671,1.30644365518204,8,2.98586857175261,8.75561270995058,0.386934673366834,0.333333333333333,8,0,0,0,0,0
2,HHO,scene2_HHO_run015.mat,643.561269763896,0,1,12.4653894042649,18,11.4237508012538,1.58840013954778,24,0,31,0,172.24023357776,1.35174597302622,8,1.89393159006663,5.8083280130253,0.824120603015075,1,8,0,1,0,1,1
2,HHO,scene2_HHO_run016.mat,378.543635291984,1,0,12.894019998633,18,11.4563254424416,1.97010259417319,24,0,31,0,167.149488450655,1.31179366872236,8,6.15657197432449,9.64551040964633,0.180904522613065,0.5,8,0,0,0,0,0
2,HHO,scene2_HHO_run017.mat,364.634374209981,1,0,26.954106615548,30.1454088390456,12,3.10983221395593,24,0.886363636363636,31,0,158.591836480005,1.24463298651936,8,8.14355084142451,17.5140637849789,0,0,8,1,0,0,0,1
2,HHO,scene2_HHO_run018.mat,384.058669786465,1,0,25.8940496888777,28.2563825060742,12,2.78898792088397,24,0.868181818181818,31,0,168.555845009692,1.32283079271963,8,2.69343995272861,9.41033245581547,0.653266331658292,0.833333333333333,8,1,1,0,1,1
2,HHO,scene2_HHO_run019.mat,379.217686544338,1,0,23.1863054671353,25.3445434988235,12,3.05744999713771,24,0.681818181818182,31,0,167.563985796114,1.31504665500736,8,1.5755535870869,5.18105379241959,0.904522613065327,1,8,1,1,0,1,1
2,HHO,scene2_HHO_run020.mat,373.071388008689,1,0,23.9237220535142,26.3964654280985,12,2.82721834199454,24,0.677272727272727,31,0,159.560803035747,1.2522374620389,8,4.01830488186633,12.7208636292299,0.21608040201005,0.5,8,1,0,0,0,1
2,HHO,scene2_HHO_run021.mat,341.780704748886,1,0,26.5168032679973,27.9015912816317,12,3.0078477222194,24,0.863636363636364,31,0,157.964543119044,1.23970997139698,8,8.48631934972958,14.6583724127161,0,0.166666666666667,8,1,0,0,0,1
2,HHO,scene2_HHO_run022.mat,280.944267024114,1,0,14.8441490699937,18,12,0.889874952787528,24,0,31,0,147.929829789642,1.16095727203207,8,5.09230864083669,11.2940617688101,0.311557788944724,0.333333333333333,8,0,0,0,0,0
2,HHO,scene2_HHO_run023.mat,306.257883609102,1,0,24.0677239735461,26.3026865206058,12,2.63560699736602,24,0.727272727272727,31,0,153.09715061009,1.20151054443123,8,5.01972304133978,15.1172864921624,0.115577889447236,0.166666666666667,8,1,0,0,0,1
2,HHO,scene2_HHO_run024.mat,285.617296604287,1,0,14.018912213584,18,12,1.35033330334753,24,0,31,0,147.46850313718,1.15733676808963,8,5.52323248053955,11.2038421851959,0.281407035175879,0.333333333333333,8,0,0,0,0,0
2,HHO,scene2_HHO_run025.mat,370.236450485591,1,0,23.2301161794811,25.4888708188827,12,2.15738685712599,24,0.204545454545455,31,0,166.842572875354,1.30938498705516,8,0.724725589275844,3.51571839195778,0.924623115577889,1,8,0,1,0,1,1
2,HHO,scene2_HHO_run026.mat,288.406514115816,1,0,14.5260170046665,19.7383314450579,12,2.1157966788371,24,0,31,0,149.156057001729,1.17058073608296,8,3.17677297621387,7.44788158472805,0.673366834170854,0.666666666666667,8,0,1,0,1,1
2,HHO,scene2_HHO_run027.mat,423.778099091948,1,0,26.8155314499321,30.4885105525664,12,3.85997968942863,24,0.727272727272727,31,0,168.343972291302,1.32116800994276,8,7.90895842836497,14.1167327560136,0.0452261306532663,0.333333333333333,8,1,0,0,0,1
2,HHO,scene2_HHO_run028.mat,291.990080039119,1,0,15.6152118801758,18,12,1.53079975143018,24,0,31,0,149.734618764287,1.17512130431398,8,2.69507945439866,7.62002980856633,0.592964824120603,0.5,8,0,0,0,0,0
2,HHO,scene2_HHO_run029.mat,304.740056950966,1,0,12.785645339128,18,11.0809287676622,1.44900412434559,24,0,31,0,151.664104933586,1.19026396352421,8,3.67382463639445,6.82207146889692,0.889447236180904,0.666666666666667,8,0,1,0,1,1
2,HHO,scene2_HHO_run030.mat,350.493361233978,1,0,14.8145712955449,18,12,1.23711720148,24,0,31,0,158.007511535845,1.24004718868455,8,4.12926871226496,8.90101085940756,0.407035175879397,0.833333333333333,8,0,0,0,1,1
2,DBO,scene2_DBO_run001.mat,352.772075913811,1,0,11.343309899921,18,8.34527995317146,2.32211500988273,24,0,31,0,159.886536809501,1.2547938294323,8,0.988745722802278,10.8555902028201,0.462311557788945,0.666666666666667,8,0,0,0,1,1
2,DBO,scene2_DBO_run002.mat,342.904599489626,1,1.59872115546023e-14,9.65189487563075,18,8,2.34920395995998,24,0,31,0,169.389413393911,1.32937265975734,8,0,1.89962864005933,0.894472361809045,1,8,0,1,0,1,1
2,DBO,scene2_DBO_run003.mat,350.894999293334,1,1.06581410364015e-13,30.2295724484667,32,12,3.90789424454447,24,0.909090909090909,31,0.754545454545455,168.428783704557,1.32183361218883,8,0,3.59719928581965,0.894472361809045,0.833333333333333,8,1,1,0,1,1
2,DBO,scene2_DBO_run004.mat,359.353120873326,1,3.5527136788005e-14,27.8362076054401,32,12,4.49015645256585,24,0.763636363636364,31,0.427272727272727,175.650525021657,1.37851003175035,8,0,3.79061403728827,0.708542713567839,0.833333333333333,8,1,1,0,1,1
2,DBO,scene2_DBO_run005.mat,330.604945597216,1,0,15.0198304499995,24.5851265039794,10.4717070622928,3.5939492518788,24,0.0454545454545455,31,0,159.812288786528,1.25421112895649,8,1.10093863135358,7.97579077473,0.678391959798995,0.833333333333333,8,0,1,0,1,1
2,DBO,scene2_DBO_run006.mat,338.001826092113,1,0,27.7048053954435,32,12,6.01834099489133,24,0.759090909090909,31,0.536363636363636,154.160613482778,1.20985662958079,8,2.83051253796961,18.8091629809107,0.165829145728643,0.333333333333333,8,1,0,0,0,1
2,DBO,scene2_DBO_run007.mat,344.398800642337,1,1.06581410364015e-13,30.2295724484667,32,12,3.90789424454447,24,0.909090909090909,31,0.754545454545455,153.973910358338,1.20839137845234,8,0.308758396583002,9.64797263794703,0.613065326633166,0.833333333333333,8,1,0,0,1,1
2,DBO,scene2_DBO_run008.mat,342.078971685144,1,0,11.284410465437,18,10.3956373114002,1.11722338890241,24,0,31,0,171.736926299074,1.34779600400314,8,1.65158156862256,5.24621463426098,0.814070351758794,1,8,0,1,0,1,1
2,DBO,scene2_DBO_run009.mat,307.909094141327,1,7.105427357601e-14,27.9118366255869,32,12,4.62622251469535,24,0.75,31,0.440909090909091,149.892969732639,1.17636404696096,8,1.13187995204689,19.0229987719779,0.226130653266332,0.333333333333333,8,1,0,0,0,1
2,DBO,scene2_DBO_run010.mat,302.722286428532,1,1.06581410364015e-13,30.2295724484667,32,12,3.90789424454447,24,0.909090909090909,31,0.754545454545455,150.233763227549,1.17903860344994,8,1.44616927173641,22.9289698939138,0.180904522613065,0.333333333333333,8,1,0,0,0,1
2,DBO,scene2_DBO_run011.mat,312.908934118023,1,1.06581410364015e-13,30.2295724484667,32,12,3.90789424454447,24,0.909090909090909,31,0.754545454545455,152.258993750466,1.19493266691547,8,0,4.47887298479089,0.798994974874372,0.833333333333333,8,1,1,0,1,1
2,DBO,scene2_DBO_run012.mat,342.465532659891,1,4.44089209850063e-14,8.72899958004311,18,8,1.74679831972043,24,0,31,0,170.698166503171,1.3396437892628,8,0,1.09875600978994,0.92964824120603,1,8,0,1,0,1,1
2,DBO,scene2_DBO_run013.mat,364.188796766924,1,0,20.4280463127168,27.9469358592447,12,5.76302231062732,24,0.386363636363636,31,0,162.40582658119,1.27456528313408,8,0,8.20983856337079,0.623115577889447,0.666666666666667,8,0,0,0,1,1
2,DBO,scene2_DBO_run014.mat,365.20036068647,1,4.44089209850063e-14,8.72899958004311,18,8,1.74679831972043,24,0,31,0,173.062463308344,1.35819885400607,8,9.91367343772254e-07,5.89721875673088,0.653266331658292,0.833333333333333,8,0,1,0,1,1
2,DBO,scene2_DBO_run015.mat,344.13899354588,1,4.44089209850063e-14,8.72899958004311,18,8,1.74679831972043,24,0,31,0,158.651725392135,1.24510299630812,8,0,1.64784985348926,0.92964824120603,1,8,0,1,0,1,1
2,DBO,scene2_DBO_run016.mat,308.127427411979,1,3.5527136788005e-14,29.3628976403878,32,12,4.56944722637364,24,0.863636363636364,31,0.636363636363636,150.527059702151,1.18134040204955,8,1.53462483415204,18.3683216329696,0.190954773869347,0.333333333333333,8,1,0,0,0,1
2,DBO,scene2_DBO_run017.mat,341.155809949181,1,0,19.2065001318323,21.030696858875,12,2.22926895622745,24,0,31,0,168.755602695611,1.32439849639671,8,1.62341990517234e-07,4.14824382659186,0.879396984924623,0.833333333333333,8,0,1,0,1,1
2,DBO,scene2_DBO_run018.mat,356.231485987192,1,0,12.8719263919518,18,8.5721309172554,2.66611043779292,24,0,31,0,171.067933318062,1.34254572914412,8,1.02281627812683,7.6856092237395,0.422110552763819,0.5,8,0,0,0,0,0
2,DBO,scene2_DBO_run019.mat,362.529063143109,1,4.44089209850063e-14,8.72899958004311,18,8,1.74679831972043,24,0,31,0,158.573922974784,1.24449240084989,8,0,3.26549892519428,0.909547738693467,0.833333333333333,8,0,1,0,1,1
2,DBO,scene2_DBO_run020.mat,361.925236343372,1,0,12.7911824553214,18,10.0066102279378,2.2966742892828,24,0,31,0,175.119659080392,1.37434378160417,8,0.838508566224207,5.85674851917142,0.708542713567839,0.666666666666667,8,0,1,0,1,1
2,DBO,scene2_DBO_run021.mat,335.425138446008,1,0,15.8165887826616,18,12,1.31519017889352,24,0,31,0,168.747837607226,1.32433755577479,8,0,3.60654468759674,0.738693467336683,0.833333333333333,8,0,1,0,1,1
2,DBO,scene2_DBO_run022.mat,341.674625172476,1,0,19.4792860142549,31.9999996191731,8.00000038082693,9.77561555960786,24,0.418181818181818,31,0.209090909090909,165.694531781165,1.30037512975467,8,1.1268189955231,9.43811143824715,0.462311557788945,0.666666666666667,8,1,0,0,1,1
2,DBO,scene2_DBO_run023.mat,371.424667798788,1,1.06581410364015e-13,30.2295724484667,32,12,3.90789424454447,24,0.909090909090909,31,0.754545454545455,160.661602776531,1.26087656793073,8,8.79170727330347e-08,10.1055434651612,0.582914572864322,0.833333333333333,8,1,0,0,1,1
2,DBO,scene2_DBO_run024.mat,314.971366153085,1,1.06581410364015e-13,30.2295724484667,32,12,3.90789424454447,24,0.909090909090909,31,0.754545454545455,153.853008355857,1.20744253629399,8,0,8.30255699342667,0.628140703517588,0.666666666666667,8,1,0,0,1,1
2,DBO,scene2_DBO_run025.mat,328.896977848508,1,1.06581410364015e-13,30.2295724484667,32,12,3.90789424454447,24,0.909090909090909,31,0.754545454545455,153.305372955902,1.2031446789862,8,5.77632960130359e-07,14.3245001406336,0.407035175879397,0.5,8,1,0,0,0,1
2,DBO,scene2_DBO_run026.mat,304.724235715592,1,1.06581410364015e-13,30.2295724484667,32,12,3.90789424454447,24,0.909090909090909,31,0.754545454545455,152.089601675006,1.19360327336375,8,1.36191587166095,19.8326163737402,0.190954773869347,0.333333333333333,8,1,0,0,0,1
2,DBO,scene2_DBO_run027.mat,337.712497995515,1,2.8421709430404e-14,9.04481225153558,18,8,1.83797055085915,24,0,31,0,158.544629972949,1.24426250858578,8,0.236379223163764,5.20189858424652,0.768844221105528,1,8,0,1,0,1,1
2,DBO,scene2_DBO_run028.mat,293.160297508921,1,0,30.19171292263,31.9999999969826,12,3.8911191586384,24,0.909090909090909,31,0.754545454545455,146.696516330675,1.15127819492558,8,5.66470232521294,20.0818559165838,0.0703517587939698,0.333333333333333,8,1,0,0,0,1
2,DBO,scene2_DBO_run029.mat,288.295582562163,1,1.06581410364015e-13,30.2295724484667,32,12,3.90789424454447,24,0.909090909090909,31,0.754545454545455,146.031019316479,1.1460553565079,8,5.44399680356688,23.8547211915539,0.0351758793969849,0.166666666666667,8,1,0,0,0,1
2,DBO,scene2_DBO_run030.mat,371.794730800636,1,0,16.5549373519439,24.2087718762418,12,3.28930563847345,24,0.0272727272727273,31,0,162.37888002659,1.2743538058508,8,5.8468750052154,13.2374812856596,0.195979899497487,0.5,8,0,0,0,0,0
2,CPO,scene2_CPO_run001.mat,309.15088692666,1,0,27.8073083106682,30.575224801256,12,3.86505860245647,24,0.845454545454545,31,0,140.978428991671,1.10640249211587,8,6.90195575202509,20.7415912406014,0.0251256281407035,0.333333333333333,8,1,0,0,0,1
2,CPO,scene2_CPO_run002.mat,279.353571635361,1,0,28.015587802364,30.146715956313,12,3.50074183877303,24,0.881818181818182,31,0,140.344616119403,1.10142831169389,8,9.4387956466783,26.8006608519397,0,0,8,1,0,0,0,1
2,CPO,scene2_CPO_run003.mat,277.922611530697,1,0,29.6478082197951,31.5026327649848,12,3.77587952640813,24,0.904545454545455,31,0.695454545454545,141.555966286222,1.11093502029448,8,9.15381387773795,20.6392942917994,0,0,8,1,0,0,0,1
2,CPO,scene2_CPO_run004.mat,275.620914848773,1,0,28.5409534162153,30.5412475771013,12,3.5723562631179,24,0.895454545454546,31,0,140.201675869279,1.10030651277691,8,9.58855025442575,30.0879189098112,0,0,8,1,0,0,0,1
2,CPO,scene2_CPO_run005.mat,275.72167663252,1,0,27.8063314724225,29.4671234533931,12,3.21401901573447,24,0.890909090909091,31,0,141.649255388272,1.11166715566961,8,9.64183315297848,19.4436839863235,0,0,8,1,0,0,0,1
2,CPO,scene2_CPO_run006.mat,278.484743556548,1,0,27.6509292372263,30.1186262309376,12,3.52186114605555,24,0.868181818181818,31,0,140.62801048363,1.10365239826567,8,8.05042374523362,20.1280527372875,0,0,8,1,0,0,0,1
2,CPO,scene2_CPO_run007.mat,277.341886980312,1,0,28.9228357612216,31.335665384929,12,3.79760929323679,24,0.886363636363636,31,0.218181818181818,140.877516234298,1.10561052608928,8,10.0138278895671,29.5941277582165,0,0,8,1,0,0,0,1
2,CPO,scene2_CPO_run008.mat,277.085998724898,1,0,29.2630822913272,31.4319179776324,12,3.84737569696032,24,0.895454545454546,31,0.490909090909091,139.645924205238,1.09594495881088,8,9.34473521389997,32.0086905339043,0,0,8,1,0,0,0,1
2,CPO,scene2_CPO_run009.mat,278.78947472384,1,0,29.5339365220618,31.5715593308628,12,3.74688497781701,24,0.9,31,0.554545454545455,140.05935640253,1.0991895857845,8,10.7713440544105,26.9656223069255,0,0,8,1,0,0,0,1
2,CPO,scene2_CPO_run010.mat,278.504171159855,1,0,28.0697881392425,29.7507015305034,12,3.42011832165947,24,0.886363636363636,31,0,141.952070364955,1.11404365572887,8,9.4305567854844,21.2338125296082,0,0,8,1,0,0,0,1
2,CPO,scene2_CPO_run011.mat,277.739879591271,1,0,29.0456215082589,31.6201097765884,12,3.74089451854122,24,0.895454545454546,31,0.35,141.644448487816,1.11162943098591,8,9.73921687920954,26.8630255169298,0,0,8,1,0,0,0,1
2,CPO,scene2_CPO_run012.mat,277.716199169016,1,0,27.4440926061822,29.572924551715,12,3.30475137203086,24,0.877272727272727,31,0,139.818495698139,1.09729930451596,8,8.02826818491583,21.3159478750907,0,0,8,1,0,0,0,1
2,CPO,scene2_CPO_run013.mat,276.530746868045,1,0,27.6869887985661,29.3371749872326,12,3.30948251181961,24,0.881818181818182,31,0,140.46609547019,1.10238168489724,8,9.17595784943725,20.7565724724696,0,0,8,1,0,0,0,1
2,CPO,scene2_CPO_run014.mat,277.953331938473,1,0,28.1961968031572,29.9510986743024,12,3.39318338249112,24,0.886363636363636,31,0,142.226780635226,1.11619958929836,8,7.80568703359972,19.5868338429727,0.0050251256281407,0,8,1,0,0,0,1
2,CPO,scene2_CPO_run015.mat,280.683549548221,1,0,27.900400177878,30.2497834164171,12,3.91342040129237,24,0.863636363636364,31,0,141.265718935454,1.10865715130051,8,7.99253337461664,26.1294763461257,0.0050251256281407,0,8,1,0,0,0,1
2,CPO,scene2_CPO_run016.mat,275.286649203427,1,0,27.3931816803725,29.3942436981209,12,3.16016286632115,24,0.881818181818182,31,0,140.370750719228,1.10163341673431,8,9.11732158268741,18.7515146844162,0,0,8,1,0,0,0,1
2,CPO,scene2_CPO_run017.mat,275.738854198669,1,0,27.5996602485867,29.4919132210753,12,3.28964913665108,24,0.877272727272727,31,0,141.68481301856,1.11194621290586,8,8.32634875038231,19.4807656723513,0,0,8,1,0,0,0,1
2,CPO,scene2_CPO_run018.mat,277.271344496773,1,0,28.3440559980168,30.1746755237322,12,3.49645079645538,24,0.886363636363636,31,0,140.653951045921,1.10385598049433,8,9.05472673015899,24.4716950758836,0,0,8,1,0,0,0,1
2,CPO,scene2_CPO_run019.mat,276.796548277161,1,0,27.6748689805569,29.440816857808,12,3.32101679385332,24,0.881818181818182,31,0,140.235778565565,1.10057415165207,8,8.62812882619455,22.3746350786031,0,0,8,1,0,0,0,1
2,CPO,scene2_CPO_run020.mat,277.618602940497,1,0,29.1069337622393,30.9730393497949,12,3.51325860515703,24,0.904545454545455,31,0,141.414277889281,1.10982304595486,8,11.6755809957545,28.1206428512631,0,0,8,1,0,0,0,1
2,CPO,scene2_CPO_run021.mat,276.120546295201,1,0,28.5743964298567,30.201408529901,12,3.4824043450288,24,0.895454545454546,31,0,141.171860190901,1.10792054535573,8,10.1093411495658,21.0782750826043,0,0,8,1,0,0,0,1
2,CPO,scene2_CPO_run022.mat,277.353624173482,1,0,28.3883912303906,30.2353004523427,12,3.56798257727823,24,0.886363636363636,31,0,140.024433058288,1.09891550644216,8,9.34534998430706,22.5057306077408,0,0,8,1,0,0,0,1
2,CPO,scene2_CPO_run023.mat,276.890591460308,1,0,28.6258009226587,30.4836644637938,12,3.55406479345612,24,0.895454545454546,31,0,142.121038907597,1.11536972538368,8,9.92703451365378,21.2462540002697,0,0,8,1,0,0,0,1
2,CPO,scene2_CPO_run024.mat,283.407023578368,1,0,27.7722593470696,30.4768016598966,12,3.74764643267417,24,0.85,31,0,139.322144772025,1.09340392913446,8,8.58862823394807,25.8155383750776,0,0,8,1,0,0,0,1
2,CPO,scene2_CPO_run025.mat,277.611321573823,1,0,28.5912337202081,31.1132057595097,12,3.86405010380408,24,0.881818181818182,31,0.131818181818182,141.131763312639,1.10760586397963,8,9.55459265021468,26.0156717930094,0,0,8,1,0,0,0,1
2,CPO,scene2_CPO_run026.mat,279.029636830889,1,0,25.5959000296655,29.3394676797342,12,3.06808063853034,24,0.822727272727273,31,0,140.664118653775,1.10393577615349,8,6.38867439710175,14.5761367675869,0.0753768844221105,0.166666666666667,8,1,0,0,0,1
2,CPO,scene2_CPO_run027.mat,281.212203150724,1,0,28.6706268452289,31.0649004174023,12,3.80363607388033,24,0.881818181818182,31,0.140909090909091,140.522280763165,1.10282262858353,8,8.38384429536761,24.9039386369958,0,0,8,1,0,0,0,1
2,CPO,scene2_CPO_run028.mat,278.576684968176,1,0,28.4163189535543,30.9081570827702,12,3.54932929991746,24,0.890909090909091,31,0,141.151226920516,1.10775861489632,8,9.30125875588406,23.9423371479109,0,0,8,1,0,0,0,1
2,CPO,scene2_CPO_run029.mat,279.870345453866,1,0,27.9033240903037,29.9116843304643,12,3.41641352574343,24,0.881818181818182,31,0,141.757772234671,1.11251879879084,8,8.79216244854565,24.7409763750471,0,0,8,1,0,0,0,1
2,CPO,scene2_CPO_run030.mat,276.941097404479,1,0,28.4246964217914,30.7897112861573,12,3.97149648247734,24,0.872727272727273,31,0,140.466975057734,1.10238858792388,8,9.39056586691634,27.5482082934535,0,0,8,1,0,0,0,1
4,CVF-AE,scene4_CVF-AE_run001.mat,393.127589648017,1,0,19.9497991179449,22.3612471336483,12,1.9162813917444,24,0,25,0,179.069418850661,1.40534160222354,8,8.67238725277275e-08,1.90922004536925,0.974874371859296,1,8,0,1,0,1,1
4,CVF-AE,scene4_CVF-AE_run002.mat,350.46823439003,1,0,15.1445684070094,18.4857313253993,11.366801494729,2.41349134427313,24,0,25,0,153.714004685344,1.20635163175937,8,4.15187261329921,23.9232375140282,0.0904522613065327,0.166666666666667,8,0,0,0,0,0
4,CVF-AE,scene4_CVF-AE_run003.mat,343.022743056208,1,0,14.3323721292119,18,12,1.43433778131938,24,0,25,0,151.034624963769,1.18532378783688,8,4.14421086379818,23.3862562243092,0.085427135678392,0.333333333333333,8,0,0,0,0,0
4,CVF-AE,scene4_CVF-AE_run004.mat,331.304435491338,1,0,17.3983949857409,21.7038835322245,12,1.97162330475529,24,0,25,0,151.171752087939,1.18639996518546,8,4.9283816155327,28.4241097951259,0.0351758793969849,0.333333333333333,8,0,0,0,0,0
4,CVF-AE,scene4_CVF-AE_run005.mat,342.778692123449,1,0,13.4710705947149,18,10.117887387013,1.89131802507897,24,0,25,0,150.295730296031,1.1795249226655,8,5.07577301785248,21.3401250836767,0.155778894472362,0.333333333333333,8,0,0,0,0,0
4,CVF-AE,scene4_CVF-AE_run006.mat,343.340451397989,1,0,14.3961321463437,18.7907817013139,9.39556667853869,2.97357900370072,24,0,25,0,153.433634175349,1.20415127647671,8,4.31870176224474,24.5322579834712,0.0703517587939698,0.333333333333333,8,0,0,0,0,0
4,CVF-AE,scene4_CVF-AE_run007.mat,337.166596914278,1,0,16.8594250307,18.9547797221285,12,1.98393732691997,24,0,25,0,152.311157395019,1.19534204859708,8,4.56742047127689,24.3805385416442,0.085427135678392,0.333333333333333,8,0,0,0,0,0
4,CVF-AE,scene4_CVF-AE_run008.mat,360.940883235684,1,0,13.0972765286537,18.1154724986011,9.73160515602048,2.55164878016988,24,0,25,0,156.531458043648,1.22846308128639,8,5.81490551571508,23.6193168564338,0.120603015075377,0.5,8,0,0,0,0,0
4,CVF-AE,scene4_CVF-AE_run009.mat,380.838470273377,1,0,15.3594511337683,18.9406145761227,12,1.91403759327109,24,0,25,0,160.164803246044,1.25697767189008,8,7.09094616948071,20.3021088714011,0.165829145728643,0.166666666666667,8,0,0,0,0,0
4,CVF-AE,scene4_CVF-AE_run010.mat,361.865069860126,1,0,14.8975811428643,22.5207718451867,11.4142418084072,3.53042441708283,24,0,25,0,155.34611192766,1.21916045317421,8,2.21641315794736,22.3312186602599,0.170854271356784,0.333333333333333,8,0,0,0,0,0
4,CVF-AE,scene4_CVF-AE_run011.mat,324.517748768154,1,0,12.1441709008315,18,9.09776078598808,2.66360478982024,24,0,25,0,149.072411354004,1.16992428279604,8,5.24670433649784,23.6999383161334,0.0653266331658292,0.166666666666667,8,0,0,0,0,0
4,CVF-AE,scene4_CVF-AE_run012.mat,338.795244946844,1,0,16.1202530523235,18.3963030467996,12,1.50450091756599,24,0,25,0,150.64927086238,1.18229951851303,8,4.81420285081477,26.6570317297254,0.0703517587939698,0.333333333333333,8,0,0,0,0,0
4,CVF-AE,scene4_CVF-AE_run013.mat,341.622901575509,1,0,15.0539940112863,18,12,1.21434237560136,24,0,25,0,151.107828750484,1.18589829311852,8,5.4467610999598,21.5141764283813,0.135678391959799,0.333333333333333,8,0,0,0,0,0
4,CVF-AE,scene4_CVF-AE_run014.mat,343.599889433155,1,0,16.0935569940893,19.1974614248647,11.8455836363909,2.59858997102264,24,0,25,0,152.727369893228,1.19860849544687,8,4.08763549583437,20.9308762059551,0.206030150753769,0.5,8,0,0,0,0,0
4,CVF-AE,scene4_CVF-AE_run015.mat,333.919626956755,1,0,16.0576105144991,18,12,0.943772993049152,24,0,25,0,150.793783375309,1.18343365659068,8,6.67234887902245,24.3275535460145,0.0603015075376884,0.333333333333333,8,0,0,0,0,0
4,CVF-AE,scene4_CVF-AE_run016.mat,340.753030897473,1,0,14.952843687688,18.7933988856945,12,1.89750434045705,24,0,25,0,151.073607267975,1.18562972200589,8,5.4748287009774,21.3023643866425,0.190954773869347,0.333333333333333,8,0,0,0,0,0
4,CVF-AE,scene4_CVF-AE_run017.mat,345.977486562031,1,0,14.0571819963954,18,11.5882276290101,1.74384352976427,24,0,25,0,151.257331869108,1.18707159760353,8,2.79721942905655,22.5531498257246,0.150753768844221,0.5,8,0,0,0,0,0
4,CVF-AE,scene4_CVF-AE_run018.mat,381.35960221178,1,0,15.4274079426636,18,12,1.16258098033425,24,0,25,0,175.517138830738,1.37746321334627,8,1.18435066356045,3.48699062632888,0.949748743718593,1,8,0,1,0,1,1
4,CVF-AE,scene4_CVF-AE_run019.mat,381.620920063896,1,0,19.1419124600741,23.0840342490306,12,3.03137503520334,24,0,25,0,175.601541058971,1.37812560429732,8,1.3965323683687,4.3233691963898,0.939698492462312,0.833333333333333,8,0,1,0,1,1
4,CVF-AE,scene4_CVF-AE_run020.mat,334.435092998364,1,0,15.1220528729269,20.1006002115601,12,2.53413795222276,24,0,25,0,151.091120112232,1.18576716327736,8,6.07080738186427,24.9721759749157,0.0402010050251256,0.333333333333333,8,0,0,0,0,0
4,CVF-AE,scene4_CVF-AE_run021.mat,390.459549464274,1,0,18.5321573917191,21.7477724275265,12,3.35493810338558,24,0,25,0,177.765135997187,1.39510555540539,8,0.384034646813802,3.2126851338059,0.989949748743719,1,8,0,1,0,1,1
4,CVF-AE,scene4_CVF-AE_run022.mat,339.205932139998,1,0,14.0204987726139,19.0073893754757,11.9882107580808,2.23058887510212,24,0,25,0,150.697013874594,1.18267420695347,8,4.95933046634227,24.4192098259742,0.0954773869346734,0.166666666666667,8,0,0,0,0,0
4,CVF-AE,scene4_CVF-AE_run023.mat,373.589598127216,1,0,16.7364432932106,18.9287302040073,12,2.02310828982549,24,0,25,0,174.758077530646,1.37150607990326,8,1.53862530970826,3.73558384473894,0.934673366834171,1,8,0,1,0,1,1
4,CVF-AE,scene4_CVF-AE_run024.mat,380.390670025626,1,0,17.385551175956,20.5776317888765,12,2.05481027525185,24,0,25,0,177.138762805333,1.39018976179485,8,1.47852245580043,4.24737777951322,0.979899497487437,0.833333333333333,8,0,1,0,1,1
4,CVF-AE,scene4_CVF-AE_run025.mat,329.244803202579,1,0,11.4923326167203,18,8.93096650005972,2.70474382842549,24,0,25,0,149.775859534574,1.17544496298536,8,5.29955541825805,23.1859071514115,0.110552763819095,0.333333333333333,8,0,0,0,0,0
4,CVF-AE,scene4_CVF-AE_run026.mat,342.80770624204,1,0,15.3912818064933,18.6861527371675,12,1.49725752513939,24,0,25,0,151.509545215602,1.1890509747118,8,6.23467837682332,22.8613574522062,0.105527638190955,0.5,8,0,0,0,0,0
4,CVF-AE,scene4_CVF-AE_run027.mat,337.596503336067,1,0,13.4081257782009,18,11.2730879555163,1.76183221739305,24,0,25,0,152.598833569994,1.19759973893447,8,4.05629265090818,25.9703479548949,0.110552763819095,0.333333333333333,8,0,0,0,0,0
4,CVF-AE,scene4_CVF-AE_run028.mat,329.129363771042,1,0,14.0648063223842,18,12,1.26178527285336,24,0,25,0,150.272571689522,1.17934317330044,8,4.7978181616509,22.9188654848058,0.125628140703518,0.333333333333333,8,0,0,0,0,0
4,CVF-AE,scene4_CVF-AE_run029.mat,345.159102911128,1,0,15.0121803175162,20.4375931513993,9.68186188959746,3.19754609026337,24,0,25,0,154.687858301344,1.2139944610589,8,5.07796955226071,25.6867142614085,0.0653266331658292,0.333333333333333,8,0,0,0,0,0
4,CVF-AE,scene4_CVF-AE_run030.mat,398.017111089387,1,0,16.9450381513479,18.2149255344815,12,1.43737973578202,24,0,25,0,176.60092520895,1.3859687979123,8,2.05725701368147,4.27677686987,0.984924623115578,0.833333333333333,8,0,1,0,1,1
4,AE,scene4_AE_run001.mat,1583.66108240798,0,7,16.6610812737036,18.0306453168248,12,0.977819394481745,24,0,25,0,152.162830676544,1.194177976532,8,25.9674440944146,43.9549620471482,0,0,8,0,0,0,0,0
4,AE,scene4_AE_run002.mat,1764.23526668164,0,8,18.175010420275,20.9956791430959,12,1.79830368496054,24,0,25,0,150.851445763911,1.18388619256308,8,24.3370196536376,38.0742796402017,0,0,8,0,0,0,0,0
4,AE,scene4_AE_run003.mat,1862.83962085163,0,9,16.2638903849116,18,12,1.18288264497096,24,0,25,0,158.014898444201,1.24010516133946,8,23.3815346333867,42.7359085090543,0,0,8,0,0,0,0,0
4,AE,scene4_AE_run004.mat,1962.48328882876,0,10,16.5287871505136,18.7372059532681,12,1.25078088386052,24,0,25,0,149.84253144975,1.17596820596397,8,18.9436163384991,40.3929217511341,0,0,8,0,0,0,0,0
4,AE,scene4_AE_run005.mat,1537.09852891051,0,7,15.85388588727,18,12,1.0295811562881,24,0,25,0,159.938947097033,1.25520514677462,8,23.5836500018265,43.3232916368852,0,0,8,0,0,0,0,0
4,AE,scene4_AE_run006.mat,1546.91962320826,0,7,16.1872342216292,18,12,0.723148728279325,24,0,25,0,158.033291561676,1.24024951101876,8,25.7409346384578,43.5012335548329,0,0,8,0,0,0,0,0
4,AE,scene4_AE_run007.mat,1989.45480500777,0,10,16.8368546250765,18,12,0.968951360163377,24,0,25,0,153.539706995334,1.20498373881308,8,22.2483624796835,41.6044721140557,0,0,8,0,0,0,0,0
4,AE,scene4_AE_run008.mat,1543.12729183151,0,7,17.0128780922508,18.0482019561981,12,1.1069609383907,24,0,25,0,160.812462676654,1.26206052047333,8,30.5976855618708,41.9781104020397,0,0,8,0,0,0,0,0
4,AE,scene4_AE_run009.mat,1743.83053596743,0,8,17.6045937677639,19.3839980926102,12,1.52242080050686,24,0,25,0,145.591576692717,1.14260659900968,8,22.6038609813838,40.163272892486,0,0,8,0,0,0,0,0
4,AE,scene4_AE_run010.mat,1782.54893837256,0,8,17.1268080235355,18,12,1.23704575302034,24,0,25,0,145.412867554127,1.1412040848966,8,22.5044793958194,37.010309444922,0,0,8,0,0,0,0,0
4,AE,scene4_AE_run011.mat,1389.92957952481,0,6,16.1252994534434,18,12,1.14901895791849,24,0,25,0,157.438817153133,1.23558405991524,8,10.7324401916317,37.9885603795463,0,0,8,0,0,0,0,0
4,AE,scene4_AE_run012.mat,1696.6943991144,0,8,17.2914964970897,19.8400074614917,12,1.55746979321615,24,0,25,0,150.231524891338,1.17902103692732,8,23.9746747131983,43.2884242183147,0,0,8,0,0,0,0,0
4,AE,scene4_AE_run013.mat,1494.27543641492,0,7,17.0863855047049,18,12,1.13684367411484,24,0,25,0,153.034684786083,1.20102031096894,8,23.7779126268568,41.9849982370553,0,0,8,0,0,0,0,0
4,AE,scene4_AE_run014.mat,1664.13058083883,0,8,16.8520035435599,18,12,0.918839938619419,24,0,25,0,147.527547509548,1.15780014990768,8,24.0876292255811,42.9764134629446,0,0,8,0,0,0,0,0
4,AE,scene4_AE_run015.mat,2203.92972986584,0,11,16.6223639076932,18.4734786618393,12,1.16087390552089,24,0,25,0,157.847728050007,1.23879320360191,8,23.8468297169625,41.5390211313095,0,0,8,0,0,0,0,0
4,AE,scene4_AE_run016.mat,1734.22111569847,0,7,16.5949537442549,18.3751335644113,12,1.33510291476154,24,0,25,0,182.175661934846,1.42971948126533,8,30.074054783632,39.9986222935926,0,0,8,0,0,0,0,0
4,AE,scene4_AE_run017.mat,1735.41411923162,0,9,15.3174347457848,18,12,0.971747593534887,24,0,25,0,141.704767801951,1.11210281858115,8,20.7788386854627,43.9795087458512,0,0,8,0,0,0,0,0
4,AE,scene4_AE_run018.mat,1478.47204337692,0,7,16.7666443406241,19.1856171455709,12,1.49759653167132,24,0,25,0,149.433906848904,1.17276130913621,8,23.402915238174,36.202365015078,0,0,8,0,0,0,0,0
4,AE,scene4_AE_run019.mat,1394.72778924058,0,6,15.93595639415,18,12,1.0733955316583,24,0,25,0,152.964581451905,1.20047013812197,8,26.0621799482229,41.859370843132,0,0,8,0,0,0,0,0
4,AE,scene4_AE_run020.mat,1632.14858711051,0,8,17.1278054039409,19.4228106408432,12,1.08048857906371,24,0,25,0,142.905529934651,1.12152643200598,8,24.2406292564006,42.4325223406891,0,0,8,0,0,0,0,0
4,AE,scene4_AE_run021.mat,2188.55814898393,0,11,17.0252665000744,18.4100390433033,12,1.28604124124082,24,0,25,0,155.499461134926,1.22036394186604,8,25.8383659186254,40.7425554307874,0,0,8,0,0,0,0,0
4,AE,scene4_AE_run022.mat,1782.09964881364,0,8,17.5355024931924,18.2708540465934,12,1.04633805918531,24,0,25,0,156.04202533771,1.2246220002824,8,26.8254493475949,41.2768410426254,0,0,8,0,0,0,0,0
4,AE,scene4_AE_run023.mat,1736.92316722089,0,9,17.3022276476881,18,12,0.95684021143486,24,0,25,0,139.409779236318,1.0940916867608,8,22.1224923289448,39.4806055838708,0,0,8,0,0,0,0,0
4,AE,scene4_AE_run024.mat,1472.86427729257,0,7,16.9027231077768,18.0012161487157,12,1.17663134074136,24,0,25,0,146.661555162917,1.15100381874327,8,24.198716365166,37.6429804521972,0,0,8,0,0,0,0,0
4,AE,scene4_AE_run025.mat,1612.33325890205,0,7,17.596635014868,18.7452987973913,12,1.0404425569832,24,0,25,0,147.424833401353,1.15699404683153,8,23.5484189218224,42.6671031356163,0,0,8,0,0,0,0,0
4,AE,scene4_AE_run026.mat,1551.45937617308,0,7,15.6513527591546,18,12,1.02887456953337,24,0,25,0,152.483713703278,1.19669627513268,8,24.5532496386385,41.1330336315416,0,0,8,0,0,0,0,0
4,AE,scene4_AE_run027.mat,1660.42575548243,0,8,17.0650414257355,18.6966968628413,12,1.17355692868363,24,0,25,0,146.547230306965,1.15010659420729,8,22.1473637088698,41.0118033661679,0,0,8,0,0,0,0,0
4,AE,scene4_AE_run028.mat,1551.82647554239,0,7,17.4850346343026,19.4482948172469,12,1.39807299583957,24,0,25,0,158.471137187343,1.24368573523309,8,23.7845761045015,38.4636637817009,0,0,8,0,0,0,0,0
4,AE,scene4_AE_run029.mat,1669.10491595708,0,8,16.7722026702764,18.0266602211094,12,0.954112146949524,24,0,25,0,147.307103938195,1.15607010284687,8,24.3938456470529,42.1779730268791,0,0,8,0,0,0,0,0
4,AE,scene4_AE_run030.mat,1606.07739156939,0,7,16.7029778294113,18,12,1.31173166496689,24,0,25,0,169.10663216758,1.3271533851082,8,25.6149678154621,38.0651492341809,0,0,8,0,0,0,0,0
4,PSO,scene4_PSO_run001.mat,1321.47084328205,0,6,19.1283976248134,21.463864031476,12,1.50070400434854,24,0,25,0,153.804198863144,1.20705947808598,8,25.1795852834317,40.3875114774529,0,0,8,0,0,0,0,0
4,PSO,scene4_PSO_run002.mat,1718.950719081,0,8,9.00022178672375,18,8.04877053089646,1.67665317546111,24,0,25,0,172.154199868636,1.35107077816937,8,22.5869157291455,42.626753164954,0,0,8,0,0,0,0,0
4,PSO,scene4_PSO_run003.mat,1393.99109893486,0,7,17.3616342792099,18,12,1.04300892487614,24,0,25,0,139.726763666959,1.09657938907478,8,23.3509590392394,36.3760065908948,0,0,8,0,0,0,0,0
4,PSO,scene4_PSO_run004.mat,437.434026319242,1,0,17.953155323911,21.9893699663125,12,1.78768703352203,24,0,25,0,177.166231408214,1.39040533612703,8,1.55067105140155,12.7611720418362,0.582914572864322,0.833333333333333,8,0,0,0,1,1
4,PSO,scene4_PSO_run005.mat,1330.72391907697,0,6,17.7952210544538,22.5321615229447,12,2.02487366641381,24,0,25,0,151.558597425135,1.18943593776791,8,25.1582002583861,41.5701349332664,0,0,8,0,0,0,0,0
4,PSO,scene4_PSO_run006.mat,1400.52664049191,0,6,15.0767429423284,18,10.3065175553503,1.91663152708367,24,0,25,0,165.98083410105,1.30262203804046,8,27.5994990308998,40.1650558686868,0,0,8,0,0,0,0,0
4,PSO,scene4_PSO_run007.mat,1522.91327532169,0,7,11.3894488098165,18,8.45263925373952,1.52922563473228,24,0,25,0,157.995960717768,1.23995653755446,8,25.2459839815591,38.236108240237,0,0,8,0,0,0,0,0
4,PSO,scene4_PSO_run008.mat,1411.65940889027,0,6,11.7569445572313,18,8.4278089964478,1.83875128748397,24,0,25,0,177.245467157714,1.39102718041441,8,26.6976085418945,40.2989554317592,0,0.166666666666667,8,0,0,0,0,0
4,PSO,scene4_PSO_run009.mat,1139.20416664847,0,4,13.9214749949297,18,11.1698501329706,1.27233022296644,24,0,25,0,182.787139550672,1.43451837399567,8,27.9108096990769,41.2396348322549,0,0,8,0,0,0,0,0
4,PSO,scene4_PSO_run010.mat,1043.20499509417,0,4,13.7661987064478,18,9.95201135671868,1.84507745950034,24,0,25,0,169.80672872047,1.3326477616336,8,8.97797434661828,30.0121309266379,0,0.333333333333333,8,0,0,0,0,0
4,PSO,scene4_PSO_run011.mat,1976.2214167273,0,8,13.2281892559825,18.0201674828898,10.2636158382282,2.04877835584138,24,0,25,0,239.27021493756,1.87779906464738,8,5.87333663753387,29.5990367762039,0.0201005025125628,0.333333333333333,8,0,0,1,0,1
4,PSO,scene4_PSO_run012.mat,1249.90081020204,0,5,17.0543055338741,18,12,1.36951471037909,24,0,25,0,170.717782678877,1.3397977375359,8,25.1479216429118,41.9525135508429,0,0,8,0,0,0,0,0
4,PSO,scene4_PSO_run013.mat,748.810287692557,0,3,11.617786811485,18,10.3969464164616,1.52071837999342,24,0,25,0,141.359826509043,1.10939571006223,8,4.29176399729482,24.1842365625528,0.0552763819095477,0.166666666666667,8,0,0,0,0,0
4,PSO,scene4_PSO_run014.mat,1393.0064508599,0,6,18.1333112757979,22.4681610651893,10.5971685539055,3.19117830356219,24,0,25,0,165.36471362474,1.29778670801651,8,25.6930197420102,40.1446061410262,0,0,8,0,0,0,0,0
4,PSO,scene4_PSO_run015.mat,1090.7820493176,0,4,21.5898842469303,22.8713216947122,12,1.78221251719657,24,0,25,0,167.93771872099,1.31797972102622,8,27.8069852001553,42.6547822925721,0,0,8,0,0,0,0,0
4,PSO,scene4_PSO_run016.mat,2443.48970121946,0,10,9.92376328281316,18,8.1058279041805,2.37641816336236,24,0,25,0,256.691610924501,2.01452264763771,8,5.01679191089063,23.7430355048208,0.085427135678392,0.333333333333333,8,0,0,1,0,1
4,PSO,scene4_PSO_run017.mat,1327.12391405098,0,5,10.7674302813193,18,8.85279915961694,1.37744947247076,24,0,25,0,197.219170460032,1.54778133967499,8,31.3154364782711,41.1666499261685,0,0.166666666666667,8,0,0,0,0,0
4,PSO,scene4_PSO_run018.mat,1120.36619959703,0,4,18.2803068183563,18.7480140859995,12,1.1111049506435,24,0,25,0,178.109489632806,1.39780805197414,8,27.3403186266563,32.100952009451,0,0,8,0,0,0,0,0
4,PSO,scene4_PSO_run019.mat,455.86900030581,1,0,9.41435699190417,18,8.00000039290264,1.86481953034421,24,0,25,0,194.580703556562,1.52707458064637,8,0.816255666397325,19.6713090939515,0.311557788944724,0.5,8,0,0,0,0,0
4,PSO,scene4_PSO_run020.mat,1028.82990838345,0,3,8.8799288234336,18,8.01443483374048,1.74142307498177,24,0,25,0,193.666247602439,1.51989790579045,8,2.51890794316102,32.2307440598014,0.14070351758794,0.333333333333333,8,0,0,0,0,0
4,PSO,scene4_PSO_run021.mat,1472.00617575518,0,7,19.3830888223293,22.4051050580987,12,1.97627842263471,24,0,25,0,146.007838006477,1.14587342896523,8,26.2865909298161,43.0575435553729,0,0,8,0,0,0,0,0
4,PSO,scene4_PSO_run022.mat,1823.28515082734,0,7,23.0396090465131,25.9999999369157,12,2.60371024471788,24,0.404545454545455,25,0.313636363636364,208.129974751688,1.6334096244106,8,0.546132482523845,18.9600225747717,0.371859296482412,0.833333333333333,8,1,0,0,1,1
4,PSO,scene4_PSO_run023.mat,1320.05672428119,0,5,16.7303272739477,18.8422429376532,10.4226968434275,2.64446841884691,24,0,25,0,186.073018566829,1.46030604064985,8,29.0807801936728,40.9061116585453,0,0,8,0,0,0,0,0
4,PSO,scene4_PSO_run024.mat,1076.10363441757,0,5,9.06847926291733,18,8.00010951804422,2.03590009096734,24,0,25,0,142.47257446833,1.11812858589336,8,5.43122204947019,30.8318928995721,0.0301507537688442,0.166666666666667,8,0,0,0,0,0
4,PSO,scene4_PSO_run025.mat,1509.69217451741,0,6,12.402512288453,18,9.03424439673704,2.94630819612758,24,0,25,0,184.000538519125,1.44404116164644,8,23.4659142112523,37.0760938332987,0,0,8,0,0,0,0,0
4,PSO,scene4_PSO_run026.mat,1389.64794517949,0,5,17.0769408863149,23.0396100782957,10.7170290726085,3.97915408688321,24,0,25,0,191.898137834439,1.50602173290612,8,26.3288621102074,38.3613061517881,0,0,8,0,0,0,0,0
4,PSO,scene4_PSO_run027.mat,1200.16054423703,0,5,16.5332784510192,22.2149729606736,12,2.30348244492769,24,0,25,0,159.060434044485,1.24831055277434,8,25.1613031152776,42.8364815363436,0,0,8,0,0,0,0,0
4,PSO,scene4_PSO_run028.mat,1046.68575071419,0,3,10.5204088974432,21.1927170373112,8.00004932858394,4.2240849554667,24,0,25,0,191.861351021612,1.50573302901234,8,3.48136022726867,34.8844105708874,0.085427135678392,0.166666666666667,8,0,0,0,0,0
4,PSO,scene4_PSO_run029.mat,1386.51422155486,0,6,13.5421603270794,18,10.069885618666,1.50867868597647,24,0,25,0,176.322343094748,1.38378247800779,8,25.4899039114338,34.1742065555727,0,0,8,0,0,0,0,0
4,PSO,scene4_PSO_run030.mat,1529.77038999578,0,8,17.045146129771,18,12,0.927881186720119,24,0,25,0,137.032985114489,1.07543854274121,8,22.3029962442643,37.5563992443336,0,0,8,0,0,0,0,0
4,GWO,scene4_GWO_run001.mat,339.656913131032,1,0,14.1000503108648,18,12,1.24085928929584,24,0,25,0,172.976544816921,1.35752456338084,8,0.0403387294640611,2.64454444769242,0.949748743718593,0.833333333333333,8,0,1,0,1,1
4,GWO,scene4_GWO_run002.mat,410.42136030172,1,0,10.6018554850899,18,8.9501812644716,1.55348479708388,24,0,25,0,179.52900360693,1.40894843571793,8,0.000685293148967158,1.92527222079924,0.964824120603015,1,8,0,1,0,1,1
4,GWO,scene4_GWO_run003.mat,1508.62820738804,0,7,9.40544595582466,18,8.511166850283,1.70845475786983,24,0,25,0,149.674586944989,1.17465017298592,8,0.077066370790074,2.57382509946939,0.924623115577889,1,8,0,1,0,1,1
4,GWO,scene4_GWO_run004.mat,725.571256663704,0,2,9.90746219619259,18,8.44143203531613,2.21533073335913,24,0,25,0,168.069141102765,1.31901112740347,8,0.0110069916767291,1.4950001532295,0.92964824120603,1,8,0,1,0,1,1
4,GWO,scene4_GWO_run005.mat,962.177357048615,0,3,19.4477788773327,21.7407096303707,12,1.69706977767347,24,0,25,0,161.061642946511,1.26401609391479,8,0.213649298984854,2.68258800425776,0.92964824120603,1,8,0,1,0,1,1
4,GWO,scene4_GWO_run006.mat,978.436592257799,0,3,13.8001698962465,18,12,1.10032771939213,24,0,25,0,157.486146317588,1.23595550046737,8,0.018229805448377,2.00236228865671,0.92964824120603,1,8,0,1,0,1,1
4,GWO,scene4_GWO_run007.mat,916.869383644905,0,3,14.0971114219018,18,12,1.23115379314273,24,0,25,0,149.192673515007,1.17086810346131,8,0.000530065309105887,2.01842615272203,0.92964824120603,1,8,0,1,0,1,1
4,GWO,scene4_GWO_run008.mat,943.898529648906,0,3,9.22746333430244,18,8.08565902686349,1.68669167626277,24,0,25,0,158.279534931287,1.24218203558832,8,0.0453657866198169,2.27658206344069,0.92964824120603,1,8,0,1,0,1,1
4,GWO,scene4_GWO_run009.mat,347.275153276076,1,0,11.9552733805516,18,11.528396004299,1.06723079722413,24,0,25,0,173.915660578866,1.36489476906998,8,0.0641397555395655,2.44521689838646,0.964824120603015,0.833333333333333,8,0,1,0,1,1
4,GWO,scene4_GWO_run010.mat,979.373953187869,0,3,10.4814942277825,18,9.46021553414902,1.42482589112959,24,0,25,0,157.498328257167,1.23605110465593,8,0.00215736705562148,1.91388480586074,0.92964824120603,1,8,0,1,0,1,1
4,GWO,scene4_GWO_run011.mat,412.421109396036,1,0,10.8540109830918,18,10.0044755666357,1.42683003685329,24,0,25,0,177.635890693673,1.39409123479673,8,0.0188843464179135,2.30442692266911,0.979899497487437,0.833333333333333,8,0,1,0,1,1
4,GWO,scene4_GWO_run012.mat,344.037083410766,1,0,15.4589499468634,18,12,0.957002542066342,24,0,25,0,173.538640386049,1.36193590448414,8,0.160933663909071,2.1440534193024,0.964824120603015,1,8,0,1,0,1,1
4,GWO,scene4_GWO_run013.mat,915.521232004957,0,3,13.7954969118863,18,10.6915428483784,1.66624199548383,24,0,25,0,151.05521923419,1.18548541222354,8,0.00798723804817882,2.00547170170152,0.92964824120603,1,8,0,1,0,1,1
4,GWO,scene4_GWO_run014.mat,1013.39210274469,0,3,9.91992720522199,18,8.33443711658512,1.4980353114491,24,0,25,0,166.297781256467,1.30510944781748,8,0.00524893940133526,3.83152942499044,0.85427135678392,1,8,0,1,0,1,1
4,GWO,scene4_GWO_run015.mat,475.815648974545,1,0,18.3301007486622,19.4345367111604,12,1.23625137412795,24,0,25,0,192.257873649476,1.50884494923153,8,0.413330833555997,3.68908133737791,0.984924623115578,1,8,0,1,0,1,1
4,GWO,scene4_GWO_run016.mat,350.244132305545,1,0,11.3069320113756,18,10.4627156787281,1.16551907651396,24,0,25,0,174.543669520929,1.36982340009204,8,0.079481705602108,1.62368853827894,0.964824120603015,1,8,0,1,0,1,1
4,GWO,scene4_GWO_run017.mat,448.439094274867,1,0,12.0300966244677,18,9.99464988928957,2.14080184934149,24,0,25,0,182.741149565937,1.4341574433619,8,0.806885934584341,4.2057898840511,0.949748743718593,1,8,0,1,0,1,1
4,GWO,scene4_GWO_run018.mat,697.237978643108,0,2,12.7831213080427,18,12,0.93556848059876,24,0,25,0,164.56057573576,1.29147581229483,8,0.0558385963803287,1.7487313768475,0.92964824120603,1,8,0,1,0,1,1
4,GWO,scene4_GWO_run019.mat,344.954727939338,1,0,13.0297184298068,18,12,1.21547578380159,24,0,25,0,173.863707746733,1.3644870418499,8,0.0471458856628749,2.35547554709856,0.964824120603015,0.833333333333333,8,0,1,0,1,1
4,GWO,scene4_GWO_run020.mat,420.294626973045,1,0,12.1659431127255,18,9.41936248468065,2.37356215888119,24,0,25,0,182.938857556883,1.43570906097786,8,0.0196956535143181,1.62183261519769,0.974874371859296,1,8,0,1,0,1,1
4,GWO,scene4_GWO_run021.mat,1029.03206496185,0,3,13.2115996075584,18.7756536735857,10.4049888270885,2.94557901928463,24,0,25,0,167.297278983316,1.31295353278679,8,0.0435589530446085,1.93739680575778,0.92964824120603,1,8,0,1,0,1,1
4,GWO,scene4_GWO_run022.mat,354.312335353114,1,0,12.4912191790191,18,11.9027585758538,1.23905890531258,24,0,25,0,174.713264803492,1.37115438841856,8,0.00738173790183135,1.42396461252862,0.959798994974874,1,8,0,1,0,1,1
4,GWO,scene4_GWO_run023.mat,1397.41948638042,0,6,15.4532361039262,21.3163076912426,12,2.70264026517015,24,0,25,0,161.671281394498,1.26880055280661,8,0.0277283755444104,2.75703926352213,0.924623115577889,1,8,0,1,0,1,1
4,GWO,scene4_GWO_run024.mat,354.101172318652,1,0,11.4200709082531,18,10.705591153192,1.28664642953319,24,0,25,0,174.618791139133,1.37041295656665,8,0.0176701367641492,1.65741134368175,0.959798994974874,1,8,0,1,0,1,1
4,GWO,scene4_GWO_run025.mat,1439.21863858169,0,4,14.088253719664,19.1991241706009,9.38276825003138,3.2474850346503,24,0,25,0,231.962487928328,1.82044782706766,8,2.84638646352118,13.2195777529402,0.391959798994975,0.666666666666667,8,0,0,1,1,1
4,GWO,scene4_GWO_run026.mat,929.722491166119,0,3,16.8891785233487,18.4776038373372,12,1.69960276826145,24,0,25,0,158.709459217298,1.24555609291656,8,0.119742942288419,2.59362945801856,0.92964824120603,1,8,0,1,0,1,1
4,GWO,scene4_GWO_run027.mat,355.329323389879,1,0,14.36436300383,18,12,1.78693013000574,24,0,25,0,175.62371955678,1.37829966174301,8,0.469526350466535,2.85384020363345,0.959798994974874,1,8,0,1,0,1,1
4,GWO,scene4_GWO_run028.mat,710.443399404566,0,2,13.5742857585124,18,12,1.09365307207805,24,0,25,0,163.990178686383,1.28699932095186,8,0.26150262254888,2.46413246967049,0.92964824120603,1,8,0,1,0,1,1
4,GWO,scene4_GWO_run029.mat,435.697683090229,1,0,13.5000026037171,18,12,1.2914548957704,24,0,25,0,179.284501633578,1.40702957767292,8,9.15408323476897e-05,2.89641343159956,0.974874371859296,1,8,0,1,0,1,1
4,GWO,scene4_GWO_run030.mat,414.662913717644,1,0,15.0544356110453,18,12,1.26806737525146,24,0,25,0,176.134842651101,1.38231096949682,8,0.00236497828204642,2.13582067853531,0.969849246231156,1,8,0,1,0,1,1
4,WOA,scene4_WOA_run001.mat,1782.78461881136,0,7,23.7863896401081,25.9151778486476,12,2.35746111408283,24,0.536363636363636,25,0.318181818181818,193.35938353434,1.51748962835316,8,0.327258134226653,2.81394810178404,0.924623115577889,1,8,1,1,0,1,1
4,WOA,scene4_WOA_run002.mat,1797.1201388706,0,7,24.5047500561084,25.7469933929133,12,2.51913063957695,24,0.809090909090909,25,0.740909090909091,232.549326793423,1.8250533542214,8,1.29196680075482,6.5825428585964,0.78391959798995,1,8,1,1,1,1,1
4,WOA,scene4_WOA_run003.mat,1596.26994230698,0,6,12.8036502833627,18,11.7782757381644,1.31106825148375,24,0,25,0,192.54946725778,1.51113338369076,8,0,1.88105098923589,0.92964824120603,1,8,0,1,0,1,1
4,WOA,scene4_WOA_run004.mat,1151.37370435852,0,3,9.58611924901368,18,8.11855616134792,1.63317482117001,24,0,25,0,212.685778846592,1.66916369714531,8,0,3.91624977763144,0.85427135678392,1,8,0,1,0,1,1
4,WOA,scene4_WOA_run005.mat,1808.85451696235,0,9.45619933228726,8.8341667962957,18,8.11739283439137,1.72288196613761,24,0,25,0,138.917729861039,1.09023007006563,8,1.5158826619233,3.64232886821215,0.919597989949749,1,8,0,1,0,1,1
4,WOA,scene4_WOA_run006.mat,1396.76979040344,0,6.08300768761235,22.5325231962655,23.8604471769587,12,2.04166771268547,24,0,25,0,175.16038257993,1.37466338072085,8,6.76880959688,9.96204183649304,0.105527638190955,0,8,0,0,0,0,0
4,WOA,scene4_WOA_run007.mat,1138.78622425745,0,2,19.2365584556438,22.9623693175047,12,2.36972038417879,24,0,25,0,313.276540633907,2.45860269374453,8,0,1.42787190112203,0.92964824120603,1,8,0,1,1,1,1
4,WOA,scene4_WOA_run008.mat,1516.72970599671,0,6,9.62698986549597,18,8.00000010872429,2.52098553232003,24,0,25,0,162.407507132543,1.27457847214617,8,0,1.84776069400876,0.92964824120603,1,8,0,1,0,1,1
4,WOA,scene4_WOA_run009.mat,1529.74098943584,0,6,12.2595071115793,18,11.9401116178808,1.0161666191221,24,0,25,0,163.074223975975,1.27981088381642,8,0.254890880006485,2.47122260102689,0.924623115577889,1,8,0,1,0,1,1
4,WOA,scene4_WOA_run010.mat,2125.3269794386,0,10,9.32548684565937,18,8.35351464223098,1.63893539423659,24,0,25,0,150.002943803907,1.17722712642205,8,5.35707931756431e-08,2.22835973323839,0.92964824120603,1,8,0,1,0,1,1
4,WOA,scene4_WOA_run011.mat,464.121671511478,1,0,21.2790000186482,23.7716845567706,12,2.22481226153063,24,0,25,0,176.789526134265,1.38744894303292,8,2.91236081424924,8.57806388361682,0.135678391959799,0.166666666666667,8,0,0,0,0,0
4,WOA,scene4_WOA_run012.mat,1505.11060735816,0,6,10.1316058460729,18,8.18087590707174,2.08634533484759,24,0,25,0,160.609657770274,1.26046890212833,8,1.70067063189895,4.09778105068701,0.924623115577889,1,8,0,1,0,1,1
4,WOA,scene4_WOA_run013.mat,1479.96327077517,0,7,23.2026855167386,24.2362845612404,12,2.20510894515686,24,0.695454545454545,25,0,146.252604449172,1.14779436257274,8,6.53858252357497,10.2264282720195,0.673366834170854,0.833333333333333,8,1,1,0,1,1
4,WOA,scene4_WOA_run014.mat,1942.85975565625,0,7,19.5456459335009,23.2605133306346,12,2.25692310580375,24,0,25,0,293.312980997052,2.30192814224258,8,0,1.84912391347034,0.92964824120603,1,8,0,1,1,1,1
4,WOA,scene4_WOA_run015.mat,1415.2970702819,0,6,8.75581850715146,18,8.01371796913922,1.73884047566524,24,0,25,0,150.527427357861,1.18134328742143,8,1.30515391141715e-09,1.90647844023308,0.92964824120603,1,8,0,1,0,1,1
4,WOA,scene4_WOA_run016.mat,1478.84807952144,0,7,22.489908813957,23.6545500344717,12,2.19316067546707,24,0,25,0,133.065531819151,1.04430186286251,8,6.52898920372471,9.97663141391347,0.301507537688442,0.5,8,0,0,0,0,0
4,WOA,scene4_WOA_run017.mat,1500.6974943595,0,5,23.5309552118223,25.8278131380238,12,2.56539934614259,24,0.695454545454545,25,0.268181818181818,236.055359624222,1.85256879391795,8,1.04755546059401,7.94193276919266,0.49748743718593,0.833333333333333,8,1,0,1,1,1
4,WOA,scene4_WOA_run018.mat,1247.61715173484,0,5,22.7918787058654,23.9624467657438,12,2.12088617225236,24,0,25,0,142.453342448004,1.117977652482,8,4.13955295059374,7.63338171505292,0.889447236180904,0.833333333333333,8,0,1,0,1,1
4,WOA,scene4_WOA_run019.mat,1315.32014469416,0,4,19.6050823721959,22.6322810277438,12,2.28790176508783,24,0,25,0,249.708750349556,1.95972097054799,8,8.29768371343181,11.1433102595838,0,0.5,8,0,0,1,0,1
4,WOA,scene4_WOA_run020.mat,764.80276085746,1,0,22.3839688050819,24.872299524358,12,1.97938128651724,24,0.159090909090909,25,0,297.579376701471,2.33541093016611,8,0.329684208009412,3.12874852638201,0.869346733668342,1,8,0,1,1,1,1
4,WOA,scene4_WOA_run021.mat,1455.28713101269,0,6,12.3184833869218,18,11.9996083902919,1.00612973864545,24,0,25,0,152.13213544879,1.19393707956126,8,0.908136589335951,4.31375546243855,0.92964824120603,1,8,0,1,0,1,1
4,WOA,scene4_WOA_run022.mat,955.916628284813,0,2,11.2327940758519,18,8.13732144200885,2.57674405673665,24,0,25,0,186.671581071716,1.46500357524313,8,0.0867896776059671,1.71256004403849,0.92964824120603,1,8,0,1,0,1,1
4,WOA,scene4_WOA_run023.mat,2038.8881959421,0,9,12.0948684781594,18,11.5107159063945,1.09121892439579,24,0,25,0,163.669863375118,1.28448547779741,8,0.80861088791991,4.02021707377167,0.924623115577889,1,8,0,1,0,1,1
4,WOA,scene4_WOA_run024.mat,1269.03276365209,0,4,24.8407599284621,25.9847416498352,12,2.58849836397973,24,0.827272727272727,25,0.781818181818182,235.344181774572,1.84698745107835,8,0.0586877305994449,4.68968011035018,0.814070351758794,1,8,1,1,1,1,1
4,WOA,scene4_WOA_run025.mat,1771.20004660815,0,7,10.5872159696007,18,8.36339790268417,1.51342035824053,24,0,25,0,203.108143560272,1.59399815852246,8,0,1.84912391347034,0.92964824120603,1,8,0,1,0,1,1
4,WOA,scene4_WOA_run026.mat,2078.94775657683,0,10,24.3401033870556,25.4740232243467,12,2.47381641893667,24,0.804545454545455,25,0.731818181818182,150.070599059909,1.17775808668584,8,0,1.84912391347034,0.92964824120603,1,8,1,1,0,1,1
4,WOA,scene4_WOA_run027.mat,2084.93277592789,0,10,20.1256748051864,20.7953846654601,12,1.49730967813302,24,0,25,0,139.425448494821,1.09421465952183,8,3.02828271584854,4.76484496577796,0.914572864321608,1,8,0,1,0,1,1
4,WOA,scene4_WOA_run028.mat,2051.26254082982,0,10,8.73357910181446,18,8.00438819543546,1.74576792476589,24,0,25,0,134.212384251666,1.0533023915143,8,3.75356162185961,5.53609298256197,0.914572864321608,1,8,0,1,0,1,1
4,WOA,scene4_WOA_run029.mat,1678.16652591465,0,7,9.05854228452435,18,8.00000002626496,1.6523011701779,24,0,25,0,153.486005019446,1.2045622842659,8,0,1.85289216644902,0.92964824120603,1,8,0,1,0,1,1
4,WOA,scene4_WOA_run030.mat,1705.48010161254,0,8.21886563818567,24.8525509020972,25.9979033162232,12,2.59134247280406,24,0.827272727272727,25,0.781818181818182,163.929429459548,1.28652255939022,8,0.00806416837251334,2.31064880283303,0.924623115577889,1,8,1,1,0,1,1
4,HHO,scene4_HHO_run001.mat,472.911053116327,1,0,24.1572160538917,25.7235566140957,12,2.46413442910545,24,0.781818181818182,25,0.663636363636364,188.762376779898,1.48141219604123,8,2.87030049660517,5.43442550799812,0.934673366834171,1,8,1,1,0,1,1
4,HHO,scene4_HHO_run002.mat,528.888931273043,0,1,9.42734621074156,18,8.43889300705758,1.5278654091719,24,0,25,0,164.039008336117,1.28738253735271,8,1.43207980715287,3.65817533205733,0.924623115577889,1,8,0,1,0,1,1
4,HHO,scene4_HHO_run003.mat,1463.93128255232,0,7,8.88335603896465,18,8.0264363302304,1.75781306477852,24,0,25,0,142.441151303986,1.11788197605674,8,0.599093008303343,3.05574249492228,0.919597989949749,1,8,0,1,0,1,1
4,HHO,scene4_HHO_run004.mat,1487.369001114,0,7,8.73108801067318,18,8.00000000000001,1.74703580192881,24,0,25,0,144.206810914101,1.13173892003627,8,0.0878844853489137,2.12221008093288,0.924623115577889,1,8,0,1,0,1,1
4,HHO,scene4_HHO_run005.mat,1231.83877724321,0,5,9.09538466193247,18,8.12093709947786,1.62473311709081,24,0,25,0,156.509632626543,1.22829179482754,8,0.538962788132906,4.99332134134391,0.894472361809045,1,8,0,1,0,1,1
4,HHO,scene4_HHO_run006.mat,1487.28780043183,0,7,12.2568621464452,18,10.2525369372822,1.95281995606286,24,0,25,0,145.313544698054,1.14042459645807,8,2.37420036734721,5.9838067083932,0.924623115577889,1,8,0,1,0,1,1
4,HHO,scene4_HHO_run007.mat,1342.73424808403,0,6,9.32219261194925,18,8.10205829107705,1.6540304869808,24,0,25,0,148.551289670905,1.16583450584931,8,0.0200091698954326,3.00711988911582,0.919597989949749,1,8,0,1,0,1,1
4,HHO,scene4_HHO_run008.mat,426.6684746174,1,0,14.7603893483473,18.4076406727055,12,1.77552274693252,24,0,25,0,173.69116819765,1.36313294684076,8,3.70964232656729,6.43402976737248,0.949748743718593,0.833333333333333,8,0,1,0,1,1
4,HHO,scene4_HHO_run009.mat,1304.58143359211,0,6,9.59427139040548,18,8.30042237298033,2.19831901384172,24,0,25,0,144.590135346211,1.13474726046118,8,1.31384334514679,4.13397705952585,0.924623115577889,1,8,0,1,0,1,1
4,HHO,scene4_HHO_run010.mat,1049.76646081122,0,4,21.3289203268899,24.6734857685186,12,4.06497165625325,24,0.390909090909091,25,0,160.802777593424,1.26198451168036,8,1.27438592523286,5.89019987737487,0.92964824120603,1,8,0,1,0,1,1
4,HHO,scene4_HHO_run011.mat,1498.56135029229,0,7,9.31176359156117,18,8.25852789961774,1.64135599251827,24,0,25,0,144.294383117097,1.13242618903429,8,1.49159077723138,4.31915575779502,0.924623115577889,1,8,0,1,0,1,1
4,HHO,scene4_HHO_run012.mat,401.340648963764,1,0,20.1208826754202,22.3176466530549,12,2.25047122004316,24,0,25,0,183.28170993136,1.4383997756089,8,3.26822090099389,7.38529208699076,0.507537688442211,0.833333333333333,8,0,0,0,1,1
4,HHO,scene4_HHO_run013.mat,1471.79676567153,0,7,8.79810041250314,18,8.00000000054728,1.74335392786251,24,0,25,0,141.932549663532,1.11389045674051,8,0.946163698677646,3.89977040829455,0.924623115577889,1,8,0,1,0,1,1
4,HHO,scene4_HHO_run014.mat,1438.2826705897,0,6,10.1957996242483,18,8.64015996432054,1.91787563511544,24,0,25,0,165.877920908766,1.30181437254703,8,1.09996879357598,5.21465509319882,0.874371859296482,0.833333333333333,8,0,1,0,1,1
4,HHO,scene4_HHO_run015.mat,538.132176744319,0,1,8.94363760302755,18,8.0014595902627,1.70531645479431,24,0,25,0,165.078760223695,1.29554253805513,8,0.738572924825906,3.09930150981595,0.924623115577889,1,8,0,1,0,1,1
4,HHO,scene4_HHO_run016.mat,1496.52402469172,0,7,9.00120466227998,18,8.01195205010395,1.75179065217969,24,0,25,0,142.592591071859,1.119070479417,8,0.0663641814985553,2.24253341391953,0.924623115577889,1,8,0,1,0,1,1
4,HHO,scene4_HHO_run017.mat,387.384793631222,1,0,22.3210402248795,24.54387208424,12,2.40020488587564,24,0.140909090909091,25,0,180.410517830304,1.41586658298736,8,5.02147614759525,7.47649244044146,0.603015075376884,0.833333333333333,8,0,0,0,1,1
4,HHO,scene4_HHO_run018.mat,1359.78384102322,0,6,10.3898790097926,18,9.20828921545773,1.39678173640662,24,0,25,0,147.536616218744,1.1578713213807,8,0.400581411507998,3.35661889286574,0.924623115577889,1,8,0,1,0,1,1
4,HHO,scene4_HHO_run019.mat,462.384265959082,1,0,20.3911757945015,21.4632761429913,12,1.69884188354614,24,0,25,0,187.48261853761,1.47136861902948,8,2.10935572366106,5.8722143947223,0.934673366834171,1,8,0,1,0,1,1
4,HHO,scene4_HHO_run020.mat,735.864541544023,0,2,11.0058985625935,18,8.67451349422844,1.959388908975,24,0,25,0,166.977907282269,1.31044709511063,8,4.82724360910564e-08,2.61654812245231,0.904522613065327,0.833333333333333,8,0,1,0,1,1
4,HHO,scene4_HHO_run021.mat,366.955824397422,1,0,20.3655625324948,24.1915741671558,12,3.40510545012982,24,0.1,25,0,174.659473062054,1.37073222938892,8,5.07173675595413,7.90956542195464,0.50251256281407,0.666666666666667,8,0,0,0,1,1
4,HHO,scene4_HHO_run022.mat,1232.77323915255,0,5,9.92358896684167,18,8.41051991061615,1.48076311045225,24,0,25,0,155.021678801098,1.21661429329486,8,0.792890730730313,5.70465491416765,0.85427135678392,1,8,0,1,0,1,1
4,HHO,scene4_HHO_run023.mat,1530.14681010054,0,7,8.79953308970627,18,8.00000004894497,1.73208870568763,24,0,25,0,151.651127363845,1.19016211520879,8,0.784178329263352,3.05515098853308,0.924623115577889,1,8,0,1,0,1,1
4,HHO,scene4_HHO_run024.mat,1471.52090738897,0,7,8.80730719524113,18,8.0003333190657,1.7282589649842,24,0,25,0,143.783752496135,1.1284187462246,8,0.27169335162705,3.02217245582262,0.924623115577889,1,8,0,1,0,1,1
4,HHO,scene4_HHO_run025.mat,673.311731586025,0,2,11.7839668814489,18,9.56184419091235,1.45034919565064,24,0,25,0,148.87574737332,1.16838085860062,8,0.667861508930413,9.20279497407697,0.482412060301508,0.5,8,0,0,0,0,0
4,HHO,scene4_HHO_run026.mat,347.188761754111,1,0,11.3167047503221,18,10.3176948400908,1.27577095635847,24,0,25,0,172.307878643242,1.35227685331453,8,4.04178764990695,7.25377981914956,0.527638190954774,0.833333333333333,8,0,0,0,1,1
4,HHO,scene4_HHO_run027.mat,879.110428187261,0,3,9.30000010362154,18,8.08647544942258,1.83086772485304,24,0,25,0,154.50061268489,1.21252495243858,8,1.28688732708086,5.3864137789081,0.919597989949749,1,8,0,1,0,1,1
4,HHO,scene4_HHO_run028.mat,412.465147199305,1,0,10.164522899428,18,8.05117626008431,2.25432486469913,24,0,25,0,167.415046811428,1.31387777786063,8,0.634858014053196,3.04407559169654,0.924623115577889,1,8,0,1,0,1,1
4,HHO,scene4_HHO_run029.mat,485.923721663002,1,0,13.6781701716684,18,11.094684856108,2.11417082457367,24,0,25,0,177.740774031084,1.39491436204196,8,0.657545278115635,4.45771651348195,0.894472361809045,0.833333333333333,8,0,1,0,1,1
4,HHO,scene4_HHO_run030.mat,337.070154186255,1,0,14.0949063818428,18,12,0.874283694727806,24,0,25,0,173.453072981599,1.36126436919889,8,0.19177024876783,3.66982127019133,0.924623115577889,1,8,0,1,0,1,1
4,DBO,scene4_DBO_run001.mat,380.93862293133,1,0,10.3209285375744,18,8.1054960085394,2.21592480072563,24,0,25,0,179.706441802744,1.41034097543802,8,5.26202453326224e-10,1.07161791064914,0.984924623115578,1,8,0,1,0,1,1
4,DBO,scene4_DBO_run002.mat,368.548316933073,1,0,13.1035774175656,18,10.4424081261534,1.66542779289745,24,0,25,0,178.042966934648,1.3972859800547,8,0.59532316930985,5.81108835596321,0.673366834170854,0.5,8,0,1,0,0,1
4,DBO,scene4_DBO_run003.mat,395.785223052229,1,4.2632564145606e-14,22.166701959802,26,12,4.03858535613289,24,0.495454545454545,25,0.436363636363636,181.541449991863,1.42474216892567,8,0,1.5373897470916,0.944723618090452,1,8,1,1,0,1,1
4,DBO,scene4_DBO_run004.mat,405.915950583008,1,3.81916720471054e-14,8.78172371618681,18,8,1.78013154688675,24,0,25,0,180.384969592931,1.41566607973519,8,0.337947016976285,1.86417766667836,0.974874371859296,1,8,0,1,0,1,1
4,DBO,scene4_DBO_run005.mat,385.866408879089,1,0,20.3138585078111,25.9999997808838,10.988621313942,4.52961333398369,24,0.313636363636364,25,0.25,178.407858065378,1.40014965543595,8,0,1.86726470789635,0.924623115577889,1,8,1,1,0,1,1
4,DBO,scene4_DBO_run006.mat,365.072681780515,1,0,12.2511623598991,21.9552695032759,9.1310725191061,4.1706869003416,24,0,25,0,175.634208213822,1.3783819770048,8,1.33094664918085,6.48425406483994,0.64321608040201,0.833333333333333,8,0,0,0,1,1
4,DBO,scene4_DBO_run007.mat,376.865789363864,1,0,11.5314230981038,18.7348447867077,8.07966167698022,3.5912854475457,24,0,25,0,177.274722734712,1.39125677896739,8,0,1.6504164424732,0.949748743718593,1,8,0,1,0,1,1
4,DBO,scene4_DBO_run008.mat,385.020930432759,1,0,9.0241559927679,18,8.02689169515918,1.9132940204553,24,0,25,0,182.653622398665,1.43347052780545,8,0.266074730310276,2.95205702998992,1,1,8,0,1,0,1,1
4,DBO,scene4_DBO_run009.mat,362.383948254814,1,2.8421709430404e-14,9.17851606492566,18,8,1.92999237331912,24,0,25,0,174.378433621098,1.36852662431813,8,0.417415469080264,3.52348642063006,0.959798994974874,0.833333333333333,8,0,1,0,1,1
4,DBO,scene4_DBO_run010.mat,373.915126242651,1,0,12.1452825632819,18,9.48572050396362,2.02265558273139,24,0,25,0,175.81527318606,1.37980297976354,8,0.365343212597198,4.25713968159035,0.829145728643216,0.833333333333333,8,0,1,0,1,1
4,DBO,scene4_DBO_run011.mat,367.447849667522,1,3.81916720471054e-14,10.5203507720647,21.1927170373112,8,4.22411965444336,24,0,25,0,176.410237423603,1.38447227505818,8,1.21423353373545,4.78642284014367,0.92964824120603,1,8,0,1,0,1,1
4,DBO,scene4_DBO_run012.mat,359.900106901406,1,1.59872115546023e-14,11.3494642698151,19.4995895586705,8,4.17065859873838,24,0,25,0,168.720885252798,1.32412603297431,8,1.20303750446827,8.85721586421361,0.582914572864322,0.833333333333333,8,0,0,0,1,1
4,DBO,scene4_DBO_run013.mat,362.531262536575,1,1.13686837721616e-13,24.8544292313608,26,12,2.59179557195544,24,0.827272727272727,25,0.781818181818182,175.815570829024,1.3798053156735,8,0,0.870030845089929,0.964824120603015,1,8,1,1,0,1,1
4,DBO,scene4_DBO_run014.mat,387.786830308712,1,0,11.5849233432127,21.6977122393695,8.14398316654804,4.27410486088666,24,0,25,0,179.560693539165,1.40919713915612,8,0,1.34221780009522,0.959798994974874,1,8,0,1,0,1,1
4,DBO,scene4_DBO_run015.mat,392.030768169589,1,0,9.0384310002646,18,8.00000002466206,1.65556666389063,24,0,25,0,177.607575349687,1.39386901521765,8,0,3.58575981211216,0.824120603015075,1,8,0,1,0,1,1
4,DBO,scene4_DBO_run016.mat,365.895501592633,1,6.03961325396085e-14,23.0630780393392,26,11.0026447477921,4.74618477028405,24,0.672727272727273,25,0.618181818181818,177.476614744703,1.39284123287705,8,1.36000456567821,4.42129587532483,0.92964824120603,1,8,1,1,0,1,1
4,DBO,scene4_DBO_run017.mat,382.25769543662,1,0,20.1375339848283,23.3138886067711,12,1.88586000402465,24,0,25,0,180.358068270429,1.41545495743464,8,0.177254807321361,2.49151282137672,1,1,8,0,1,0,1,1
4,DBO,scene4_DBO_run018.mat,369.146800260142,1,0,10.1747213235314,18,8.19945562097443,1.53566978070291,24,0,25,0,177.120895208098,1.39004953641249,8,3.24757439631959e-08,1.25207828549617,0.974874371859296,1,8,0,1,0,1,1
4,DBO,scene4_DBO_run019.mat,377.22450819848,1,0,11.954566076786,18,8.36591798006126,2.2213487178876,24,0,25,0,176.021383670481,1.38142054037366,8,0.180639352619721,2.98559577099834,0.934673366834171,1,8,0,1,0,1,1
4,DBO,scene4_DBO_run020.mat,363.299494417179,1,1.59872115546023e-14,10.4323720420769,18,8,2.67194849140179,24,0,25,0,176.98748472548,1.38900252736651,8,0,1.16791885109625,0.964824120603015,1,8,0,1,0,1,1
4,DBO,scene4_DBO_run021.mat,431.310671439287,1,0,12.0008347046044,18,9.93241105451743,1.53346569220292,24,0,25,0,181.487635729693,1.42431983315272,8,0.735628704771047,5.1553309410798,0.969849246231156,0.666666666666667,8,0,1,0,1,1
4,DBO,scene4_DBO_run022.mat,363.781026652474,1,0,18.0851788628316,21.0730173129331,12,1.82621301196383,24,0,25,0,166.516858665183,1.30682877319728,8,0.589660611562365,8.5831450437348,0.5678391959799,0.666666666666667,8,0,0,0,1,1
4,DBO,scene4_DBO_run023.mat,395.175310796827,1,0,12.8171182412519,18.7354505870668,9.80953490126202,2.77474552096048,24,0,25,0,176.080199538941,1.38188212888692,8,2.39776210180836,4.36816711118028,0.944723618090452,1,8,0,1,0,1,1
4,DBO,scene4_DBO_run024.mat,363.502945439093,1,0,8.73995040694882,18,8.0000000008728,1.74232507988976,24,0,25,0,177.806893351214,1.39543326823983,8,0.450791156022717,3.49294796795154,0.974874371859296,1,8,0,1,0,1,1
4,DBO,scene4_DBO_run025.mat,373.771322824686,1,0,12.9213180944121,20.4981515329088,8.24254166781122,4.25033069702604,24,0,25,0,176.832867957308,1.38778909082269,8,0,1.60732948856238,0.939698492462312,1,8,0,1,0,1,1
4,DBO,scene4_DBO_run026.mat,401.570947982584,1,0,21.5950151528963,25.9999998985591,12,3.48184420266287,24,0.354545454545455,25,0.277272727272727,177.119810818953,1.39004102609739,8,1.79533600430659e-07,2.90525265395703,0.919597989949749,1,8,1,1,0,1,1
4,DBO,scene4_DBO_run027.mat,376.770801211613,1,0,16.2011229748351,21.1040419449283,9.25549286260209,3.74798819628652,24,0,25,0,177.437552959742,1.39253467494094,8,0.700178392808709,3.82250087111749,0.889447236180904,0.833333333333333,8,0,1,0,1,1
4,DBO,scene4_DBO_run028.mat,359.769250643811,1,4.44089209850063e-14,8.72899958004311,18,8,1.74679831972043,24,0,25,0,177.821806967019,1.39555031069669,8,0,2.42205650580328,0.919597989949749,1,8,0,1,0,1,1
4,DBO,scene4_DBO_run029.mat,360.026898641222,1,4.44089209850063e-14,8.72899958004311,18,8,1.74679831972043,24,0,25,0,178.830637523029,1.40346763995958,8,1.05052893523812,5.16816015079578,0.889447236180904,0.833333333333333,8,0,1,0,1,1
4,DBO,scene4_DBO_run030.mat,386.279612455613,1,0,10.0828499845948,18,8.00000052783481,2.33583112309639,24,0,25,0,179.147760507296,1.40595642964613,8,0.492307078885521,4.686631890747,0.964824120603015,0.833333333333333,8,0,1,0,1,1
4,CPO,scene4_CPO_run001.mat,336.530072854343,1,0,20.4680306163374,22.2274175660958,12,1.38387312835528,24,0,25,0,173.807569844634,1.36404647008847,8,1.01077805105747,4.0715120195031,0.959798994974874,1,8,0,1,0,1,1
4,CPO,scene4_CPO_run002.mat,338.631964745084,1,0,22.6467286606848,23.8789787578682,12,2.08755868659201,24,0,25,0,173.973628559906,1.36534970334003,8,0.37546822659543,3.26403046744277,0.959798994974874,0.833333333333333,8,0,1,0,1,1
4,CPO,scene4_CPO_run003.mat,758.90768032504,0,2,14.174054887557,24.5981640905153,9.36137023439311,5.22907586738528,24,0.0727272727272727,25,0,161.78712311819,1.2697096817613,8,5.40830650342122,13.6077025880879,0.160804020100503,0.5,8,0,0,0,0,0
4,CPO,scene4_CPO_run004.mat,337.099082972244,1,0,24.4280895981562,25.7349747706844,12,2.59781756235675,24,0.795454545454545,25,0.731818181818182,174.513256579771,1.36958471851409,8,0.26995630947313,3.39999712810284,0.949748743718593,1,8,1,1,0,1,1
4,CPO,scene4_CPO_run005.mat,337.060343832367,1,0,22.353907102926,24.0604127295323,12,1.85887104441497,24,0.0318181818181818,25,0,174.13767295271,1.36663712813483,8,0.311893973430259,3.4894623122729,0.954773869346734,1,8,0,1,0,1,1
4,CPO,scene4_CPO_run006.mat,337.339980979302,1,0,20.9803633112396,23.1258914721358,12,1.50558153326305,24,0,25,0,174.261267183914,1.36760709897642,8,0.511125819870898,3.84952660977221,0.944723618090452,1,8,0,1,0,1,1
4,CPO,scene4_CPO_run007.mat,856.932302894123,0,3,24.6489785829283,25.8779386641113,12,2.53686592607658,24,0.822727272727273,25,0.768181818181818,167.598760327284,1.31531956646072,8,2.20623169372382,5.17755962821459,0.798994974874372,1,8,1,1,0,1,1
4,CPO,scene4_CPO_run008.mat,368.875473287114,1,0,17.7243169116787,19.1670269775136,12,1.25429697841527,24,0,25,0,176.570931500775,1.38573340648604,8,0.50601314006301,4.31533471777636,0.959798994974874,1,8,0,1,0,1,1
4,CPO,scene4_CPO_run009.mat,342.828337918891,1,0,20.5921942334907,21.8537589668305,12,1.78919040449279,24,0,25,0,174.091168486707,1.36627215983827,8,0.684714928572077,3.64818751035727,0.949748743718593,1,8,0,1,0,1,1
4,CPO,scene4_CPO_run010.mat,335.456692233963,1,0,24.4597578156514,25.9372944257825,12,2.61072776983651,24,0.777272727272727,25,0.704545454545455,174.672046394684,1.37083090524066,8,2.11072773950204,5.82909368582438,0.798994974874372,0.833333333333333,8,1,1,0,1,1
4,CPO,scene4_CPO_run011.mat,336.913254018042,1,0,24.1165926451233,25.2629279701725,12,2.36766766111937,24,0.809090909090909,25,0.609090909090909,173.959512033237,1.36523891646009,8,0.796328505234627,3.76148816630578,0.944723618090452,1,8,1,1,0,1,1
4,CPO,scene4_CPO_run012.mat,342.735486637172,1,0,24.0581122987688,25.4902913216795,12,2.51929822341455,24,0.768181818181818,25,0.640909090909091,173.433869557812,1.36111366021392,8,1.03381090462611,4.34403284748605,0.92964824120603,0.833333333333333,8,1,1,0,1,1
4,CPO,scene4_CPO_run013.mat,400.103636173547,1,0,21.5751030734302,25.8948265325264,11.1433956177656,5.26756013475505,24,0.527272727272727,25,0.459090909090909,176.977002168426,1.38892025997758,8,4.55968442543463,7.62834063405657,0.618090452261307,0.666666666666667,8,1,0,0,1,1
4,CPO,scene4_CPO_run014.mat,338.321864273649,1,0,24.4374924371484,25.8901559336602,12,2.47882074940875,24,0.809090909090909,25,0.745454545454545,174.562230321076,1.36996906574944,8,0.447811159573092,4.23232385110508,0.924623115577889,1,8,1,1,0,1,1
4,CPO,scene4_CPO_run015.mat,1034.23076191449,0,4,24.4276753161441,25.8834705317279,12,2.6097761528079,24,0.795454545454545,25,0.668181818181818,145.236574016837,1.13982052848733,8,1.94324266796718,6.9932405619306,0.864321608040201,0.833333333333333,8,1,1,0,1,1
4,CPO,scene4_CPO_run016.mat,846.558518510012,0,3,23.5086242396135,25.8333530631468,12,3.63157279078239,24,0.690909090909091,25,0.618181818181818,167.943958843301,1.3180286936735,8,1.93798405167776,5.7805631177034,0.778894472361809,1,8,1,1,0,1,1
4,CPO,scene4_CPO_run017.mat,335.178193092621,1,0,14.3806370009989,18,12,0.977674117452212,24,0,25,0,173.259799766198,1.35974755582035,8,0.293013868102761,3.60213369194603,0.954773869346734,1,8,0,1,0,1,1
4,CPO,scene4_CPO_run018.mat,338.871229797833,1,0,21.4320352035802,22.8173704584612,12,2.09497529553409,24,0,25,0,173.598489016151,1.36240559813847,8,1.13987721389191,4.09019923600669,0.934673366834171,1,8,0,1,0,1,1
4,CPO,scene4_CPO_run019.mat,335.46789706852,1,0,24.0885847906503,25.329943415055,12,2.42684062584532,24,0.786363636363636,25,0.663636363636364,174.473018388072,1.36926892810634,8,1.86705042669952,4.85346404580715,0.919597989949749,0.833333333333333,8,1,1,0,1,1
4,CPO,scene4_CPO_run020.mat,336.71602796998,1,0,21.005086399122,22.2892629754571,12,1.82065672179811,24,0,25,0,173.628114153886,1.36263809701403,8,0.331679593066909,3.42364925394481,0.954773869346734,1,8,0,1,0,1,1
4,CPO,scene4_CPO_run021.mat,340.402852145011,1,0,20.0834963875457,21.2685845332197,12,1.57535411873809,24,0,25,0,173.567119774547,1.36215941148896,8,0.141123755827053,2.86131170085488,0.944723618090452,1,8,0,1,0,1,1
4,CPO,scene4_CPO_run022.mat,338.881629971033,1,0,14.4275265635319,18,12,0.841535524769011,24,0,25,0,173.75172322086,1.36360818428715,8,1.81406265478999,5.46344990624636,0.904522613065327,0.833333333333333,8,0,1,0,1,1
4,CPO,scene4_CPO_run023.mat,334.748544505303,1,0,19.7090552365916,20.7898261958325,12,1.50603491066882,24,0,25,0,173.479844954104,1.3614744763572,8,1.54915274818541,4.89788432524006,0.909547738693467,1,8,0,1,0,1,1
4,CPO,scene4_CPO_run024.mat,338.186431880294,1,0,21.8651916784117,23.5049205588116,12,1.7018104750267,24,0,25,0,174.420433003551,1.36885623659815,8,0.371848882617414,3.87483408265589,0.954773869346734,0.833333333333333,8,0,1,0,1,1
4,CPO,scene4_CPO_run025.mat,338.601372041974,1,0,19.1975569387875,22.0567814544099,12,1.41598943410622,24,0,25,0,174.285836783177,1.36779992185045,8,0.490581649796908,3.7647628011453,0.949748743718593,1,8,0,1,0,1,1
4,CPO,scene4_CPO_run026.mat,1495.93152311838,0,6,19.6614409544872,21.4984519408551,12,1.73183702891683,24,0,25,0,261.48764419594,2.05216204539341,8,0.638962346456722,5.15867725466321,0.814070351758794,1,8,0,1,1,1,1
4,CPO,scene4_CPO_run027.mat,401.463511103064,1,0,22.9106777415633,25.7559183128025,12,2.94054149846712,24,0.359090909090909,25,0.213636363636364,176.501062323117,1.38518507130572,8,5.5184415001732,8.41107701629684,0.487437185929648,0.666666666666667,8,1,0,0,1,1
4,CPO,scene4_CPO_run028.mat,335.658820757331,1,0,19.419046838488,20.264390494317,12,1.58220148704843,24,0,25,0,173.284093351195,1.35993821252703,8,0.29026851338223,3.46252716093779,0.944723618090452,1,8,0,1,0,1,1
4,CPO,scene4_CPO_run029.mat,335.068326811411,1,0,18.1696185009022,19.1620285859254,12,1.03421811578504,24,0,25,0,172.792298109915,1.3560785902823,8,0.356956907507694,3.77900350371509,0.944723618090452,0.833333333333333,8,0,1,0,1,1
4,CPO,scene4_CPO_run030.mat,1028.6262681984,0,4,23.0738107731754,25.06640253714,12,2.74585872711732,24,0.622727272727273,25,0.0727272727272727,144.757424204449,1.13606014790773,8,1.28209548226822,6.73920893960276,0.723618090452261,0.833333333333333,8,1,1,0,1,1
